sensor_index,name,latitude,longitude,pm2.5
262253,Outrider Rd - Rolling Hills CA,33.753582,-118.33334,6.2
262261,B L Zen,34.042206,-118.51095,8.9
262257,Woodbury Preschool Village,34.19129,-118.16494,16.0
262259,PurpleAir91107,34.13899,-118.08087,15.2
262265,Highlands Ranch,37.997772,-121.86233,0.5
262327,Apache Dr.,32.63882,-116.99204,5.3
262331,DHS Bella,33.956993,-116.480484,3.4
262343,SOUTH RIVIERA,34.0346,-118.513794,8.8
275,Pleasanton,37.659355,-121.861336,0.5
262437,Crestwood Hills Preschool,34.076538,-118.48832,12.2
262449,Rivas Canyon/Oracle Pl,34.056217,-118.51816,9.7
262467,29th/Judah Outer Sunset SF,37.761604,-122.48814,3.8
262549,CDPH Richmond,37.920773,-122.343445,4.8
262547,CDPH Richmond,37.92037,-122.34405,3.7
473,Sunnyside 93727,36.724483,-119.701645,1.5
767,Kari's PurpleAir,37.70912,-121.92197,
263027,676 Palisades Drive 90272,34.065613,-118.43338,6.3
1178,CARB_SMOKE_MCAPCD_Don-Pedro-Elem,37.67254,-120.35794,1.7
263365,Public Works,33.956364,-116.83886,2.6
1304,CARB_SMOKE_MARIPOSA_MDO,37.5006,-119.84042,1.5
263461,Golden Hills Education Center,38.274067,-122.00366,0.4
263507,Lexington,34.17588,-118.12388,13.8
263823,Aster Outdoors 8,33.769035,-118.18958,7.1
263819,High Point Academy,34.174774,-118.09221,17.5
1680,BikeSGV - Baldwin Park,34.09655,-117.97032,0.5
263835,Winding Way,34.02893,-118.78334,7.3
263845,Dawes St,37.82373,-122.212204,1.6
263867,N Lake,34.202393,-118.13291,20.0
263883,Wimbledon Ct,38.066692,-122.55556,0.2
263933,East Eaton Wash,34.15054,-118.086,17.6
1808,RUSD_5 (STEM Academy),33.968838,-117.31256,1.6
1848,AQMD_NASA_25,34.141758,-118.060745,0.0
1852,AQMD_NASA_2,34.021534,-117.90991,9.8
264013,Red Willow Farm,38.351143,-122.97861,0.4
1874,Glen Cove Ridge,38.066784,-122.220024,0.2
1914,SCSB_13,33.773087,-118.081055,6.1
1970,AQMD_NASA_14,33.99827,-118.437546,3319.2
264145,All Things Bayview Gilman and Arelious Walker,37.718254,-122.38756,2.0
2006,CARB_SMOKE_SLOAPCD_SANTA_MARG,35.39063,-120.60231,1.5
2010,SLOAPCD_RedHills,35.639256,-120.24316,0.0
2018,SCSB_03,33.762363,-118.09173,10.7
2020,SCSB_07,33.762314,-118.08269,0.0
2063,Kings Mountain SW,37.39356,-122.347206,0.2
264311,107 Sandringham,37.816277,-122.217834,1.6
2169,SCSB_31,33.770245,-118.090096,5.5
264363,Beautiful Roosedena,34.17604,-118.102554,17.7
2303,SCSB_26,33.761993,-118.08767,4.2
2307,SCSB_17,33.76539,-118.0782,9.5
264458,Rubio Canyon,34.20029,-118.123215,21.3
2323,SCSB_14,33.769012,-118.078865,0.1
2336,SCSB_25,33.769814,-118.08469,4.3
264487,AYUNTAMIENTO DE MEXICALI - ESTACION INDEPENDENCIA,32.631924,-115.431946,6.7
264497,AYUNTAMIENTO DE MEXICALI - ESTACION DE BOMBEROS PROGRESO,32.581135,-115.58345,13.6
264505,AYUNTAMIENTO DE MEXICALI - ESTACION DE BOMBEROS SANTA ISABEL,32.62179,-115.57248,57.7
264507,AYUNTAMIENTO DE MEXICALI - ESTACION DE BOMBEROS NO. 24,32.66298,-115.38017,6.1
264517,AYUNTAMIENTO DE MEXICALI - 16 DE SEPTIEMBRE CAMPUS VILLANOVA,32.622307,-115.49484,7.3
264519,AYUNTAMIENTO DE MEXICALI - EMMCA COMANDANCIA ANAHUAC,32.609615,-115.478355,6.2
2372,SCSB_22,33.777668,-118.091995,4.4
264527,AYUNTAMIENTO DE MEXICALI - SECUNDARIA 66,32.571373,-115.350235,0.0
264521,AYUNTAMIENTO DE MEXICALI - DELEGACIÓN LOS ALGODONES,32.716743,-114.72923,5.5
264533,AYUNTAMIENTO DE MEXICALI - 16 DE SEPTIEMBRE CAMPUS MAESTROS FEDERALES,32.61665,-115.44013,33.6
264531,AYUNTAMIENTO DE MEXICALI - ESTACION INDUSTRIAL,32.65674,-115.46162,9.7
264541,AYUNTAMIENTO DE MEXICALI - CENTRO DE ESPECIALIDADES,32.661964,-115.47402,5.7
264539,AYUNTAMIENTO DE MEXICALI-CECYTE EJIDO PUEBLA,32.560017,-115.354164,0.0
264548,AYUNTAMIENTO DE MEXICALI - 16 DE SEPTIEMBRE CAMPUS GONZALEZ ORTEGA,32.602833,-115.393875,10.3
264551,AYUNTAMIENTO DE MEXICALI - ESTACION QUINTAS DEL REY,32.589382,-115.4712,10.9
264557,AYUNTAMIENTO DE MEXICALI - CENTRO HISTORICO,32.663193,-115.48902,17.3
264552,AYUNTAMIENTO DE MEXICALI - PRIMARIA “DR. MANUEL G. GONZALEZ”,32.64974,-115.5072,22.5
2430,AQMD_NASA_19,33.7792,-118.0441,5.8
2440,AQMD_NASA_36,34.390163,-118.60078,9.0
264593,oLoco,36.22511,-121.7638,7.3
2496,SCEM_07,34.085007,-118.07169,7.4
2504,SCEM_03,34.064915,-118.03349,3.7
2574,"Berkeley Park and Coventry, Kensington, CA, USA",37.900738,-122.28613,2.0
2608,Rosales,32.652515,-115.47937,0.0
2649,Porter Ranch,34.294777,-118.57907,13.2
2713,scem_06,34.071632,-118.03126,0.2
2717,Atascadero,35.494843,-120.665825,1.6
2804,KCACALIF4,35.11522,-117.938385,
2835,San Juan Capistrano CA - Peppertree Bend,33.494915,-117.68442,5.9
2856,Hawthorne Hills West,37.99,-122.58062,0.0
2858,Varian Park,37.324482,-122.062096,0.3
2883,Union City,37.59633,-122.06967,1.4
2916,Waverly Park,37.362175,-122.06556,0.2
2946,Venice,33.99251,-118.47207,0.0
3015,Leona,37.37447,-122.0833,6.4
265161,WinterCampWay,39.321606,-120.22843,0.9
3082,El Cerrito - Rust - Ohlone Greenway,37.90647,-122.30159,1.7
265253,Atwater,34.11493,-118.26095,10.9
3127,NW Modesto,37.697,-121.049,2.4
3167,Rohnerville,40.56671,-124.12816,1.5
3182,Forks of Salmon,41.259663,-123.33122,0.0
3277,Shop,37.11794,-120.7445,0.0
265417,Upper Riv,34.061935,-118.50202,8.3
3307,Arroyo Grande Village Glen,35.13255,-120.57762,0.0
3318,Village East Drive,38.247944,-122.60063,0.1
3327,Stanford South,37.418682,-122.15756,0.0
3329,Front Office,37.11881,-120.74453,0.2
3336,Willow Glen West,37.304996,-121.91792,0.2
3374,Starlite Acres,39.252087,-121.07881,0.0
265547,Lincoln and Wash,34.025623,-118.49851,7.5
265627,Mendonesia,39.30535,-123.80284,1.9
265652,CBE20,37.776516,-122.20355,2.1
265657,CBE60,37.783722,-122.21578,0.0
265689,CBE24,37.731792,-122.19073,2.5
265701,CBE44,37.76387,-122.17975,1.8
265703,CBE26,37.76109,-122.16341,2.9
265727,CBE02,37.79466,-122.24251,2.1
3586,Bico de Pato,33.93592,-118.143265,0.2
265735,Charnock Rd,34.022358,-118.41111,7.9
265737,CC5,36.767498,-121.75279,3.4
265765,Wakefield Rd,34.453064,-118.622665,11.6
3631,Meadow Ct,38.407654,-122.83102,3393.1
265781,CCA3,36.784927,-121.732285,3.0
265801,Javiland,36.926186,-121.7738,2.9
265813,Burbank Sensor,34.18132,-118.3306,14.1
3666,Isis St,37.77044,-122.41462,0.6
3674,"Benbow, CA",40.07279,-123.783264,0.1
265823,Canyon Crest,34.203197,-118.161995,16.8
265880,Pasadena Public Health Department,34.177624,-118.15102,17.0
3779,North Torrance 405&amp;91,33.872246,-118.341064,0.1
265949,"SM, California",34.031227,-118.497246,8.6
3846,Orland,39.744804,-122.18415,2.4
3848,MARINCC,38.259796,-122.63819,0.1
3945,Jersey Street Vallejo,38.095932,-122.24911,0.4
4054,Semillas,34.085045,-118.18156,10.8
4091,Tasca di Stelle,38.76618,-122.893906,0.0
4103,Almaden Valley,37.236416,-121.88754,0.7
4109,North_Glendale,34.20454,-118.22038,0.0
266249,Florecita Farm (West Gate),34.201027,-118.16146,19.6
266279,Patrae Street,33.984486,-118.42341,8.4
266281,Solimar Beach,34.313084,-119.360794,11.2
4187,"331 Conejo Road, Santa Barbara,CA",34.445038,-119.67821,8.2
266401,Deer Springs,34.134583,-118.70982,14.7
4299,Saratoga Scotland near Glasgow Rd,37.2747,-122.0229,0.6
4311,Ashby,38.758102,-121.20274,0.3
4333,Saratoga_Hills,37.26342,-122.04283,0.8
266475,2xx Grand,37.481922,-122.24039,0.0
4339,Orinda,37.90827,-122.193504,0.2
4355,Laurel/California,36.968987,-122.03479,2.3
4391,Nik’s House of Ill Repute,38.300407,-122.0245,0.7
266557,PurpleAir1,34.1408,-118.69908,14.5
4417,Point Fermin,33.70755,-118.291084,4.6
4421,Fireplace smoke pollution observation station 1.,37.88545,-122.25066,1.8
4431,SchnauzerLogic Studios,37.248825,-121.950264,0.6
4445,Still Creek Pl,37.827534,-121.94319,1.0
4478,Pacific Union College,38.57168,-122.43616,0.0
4520,"San Luis Obispo, Meadow Street",35.26587,-120.65855,3.0
4571,Marineland Outdoor,33.865505,-118.396164,6.4
4575,Alum Rock (Pala Ave),37.366795,-121.83837,0.2
4588,"Pavion Park, Mission Viejo, CA",33.61385,-117.63171,4.9
4606,Stevens Canyon,37.28064,-122.11939,0.0
4615,Alexander_Ave,37.457714,-122.22478,0.0
266795,CBE64,37.784306,-122.209045,4.8
4658,Concord,37.969025,-122.015884,0.4
266811,CBE38,37.72728,-122.18157,2.5
266875,CBE48,37.74743,-122.1641,2.4
4746,scap_26,34.08586,-118.12516,
4793,Buckeye Circle,37.998215,-122.63344,0.0
4797,Glengarry,37.031498,-122.069084,0.0
267019,CbadisRad!,33.166344,-117.34213,5.5
4974,Coastal Peak,33.601303,-117.8082,4.5
4980,Cameron Airpark,38.67877,-120.98974,0.9
5016,AQMD_NR_04,33.85964,-118.200714,13.4
267289,CBE36,37.768585,-122.19023,2.4
5151,Alamo-Erselia Trail,37.86313,-122.02302,0.0
267299,CBE40,37.796745,-122.22692,2.6
267305,CBE04,37.755924,-122.18679,1.8
267313,Back yard,34.175793,-118.12465,19.5
267331,Scott-Fox Puppy,34.18289,-118.16325,17.0
5218,SCAP_50,34.074867,-118.14354,3.2
267457,Campina,37.544514,-121.92642,1.6
5340,IEAS_SCANS_001_outdoor,38.552937,-121.78546,1.8
267533,"2 miles S of Mt. Laguna, CA",32.842,-116.417,3.0
5448,Sunnyside Eagles Outside,37.730488,-122.449265,2.7
267621,Pali Circle No 1,34.074394,-118.56352,13.1
267631,Pali circle #2,34.074413,-118.564255,10.6
5488,Spruce @ 16th,36.618027,-121.919815,2.1
5504,Adamsboro,34.365402,-118.55242,8.6
267653,XRDS Elementary School,34.02273,-118.47823,8.6
267669,17220 Palisades Cir.,34.07476,-118.56347,11.1
267701,CBE32,37.76771,-122.19572,2.1
267703,1333 Jones St.,37.79405,-122.4148,5.3
267697,CBE14,37.780407,-122.21168,2.1
267699,CBE10,37.742733,-122.17396,3.0
5574,CCA 31st and Chestnut,33.813465,-118.195885,6.0
5650,Midtown Santa Cruz,36.981,-122.012,2.4
5744,Alto,34.413723,-119.28503,7.8
5776,Jersey Noe Air Station Alpha,37.750687,-122.435,0.0
5800,Hope Ranch,34.41936,-119.76352,4.9
5804,Oxford Triangle,33.987106,-118.45132,0.0
5810,Hunting Palisades,34.03836,-118.51824,6.5
5820,Tehachapi Alta Estates ,35.116005,-118.45592,1.0
5868,Alpine Hills,37.385323,-122.19962,2.1
268079,S.T.A.R. Labs Satellite,33.64783,-117.93263,5.7
268118,Picadilly,34.454952,-118.628174,13.8
268133,CBE42,37.773357,-122.173805,1.4
268139,Williams Ranch North,34.46501,-118.629524,13.9
6086,Ruscello Ln,36.98005,-119.65871,0.0
6162,CCA 179th and Amie,33.8681,-118.34815,6.5
6170,CCA Hillcrest and Obama,34.021492,-118.34324,6.4
6178,CCA Carson and Elm,33.83253,-118.18794,6.3
6186,CCA Michelangelo and Vitruvius,37.988792,-121.6871,0.6
6198,CCA Cam Verde and Via Sereno,33.88648,-117.80529,7.6
6214,CCA Locust and Southgate,33.861294,-117.95829,7.9
6220,CCA 27th and Brighton,34.030903,-118.301506,10.8
268443,Bonview Elementary,34.034428,-117.6365,10.1
6384,Sausalito 2,37.865772,-122.50299,1.1
6408,Amberwood,37.09569,-121.63899,1.7
6456,AQMD_NASA_37,34.45086,-118.51963,0.0
6458,AQMD_NASA_33,34.17129,-118.17784,13.3
6472,AQMD_NASA_34,34.111187,-118.21065,8.8
268632,López Family,36.956783,-121.76231,2.5
268708,PCE,34.077957,-118.56903,4.8
6572,Heritage Oaks Park,37.35448,-122.08019,33.0
6648,FRAQMD office,39.149254,-121.62204,1.9
268830,Robinson Park,34.16486,-118.15167,16.6
6736,Duarte Hills,34.15206,-117.93399,17.0
268888,Lamanda Park Library,34.14347,-118.09831,15.6
6764,SCNP_14_Shandon,35.6564,-120.376366,1.4
268916,Linda Vista Library,34.170067,-118.17776,21.0
6780,AirMonitor,37.18384,-119.67495,2.1
268966,Washington Park,34.168476,-118.135895,18.7
6836,SCSG_15,33.935528,-118.16851,4.9
6852,AQMD_NASA_291,34.199387,-118.17296,22.1
6898,AQMD_NASA_49,33.980698,-117.9537,10.0
6962,Brentwood Fiano Ln,37.898823,-121.722824,0.1
7004,Taawim Bwiapo,37.492897,-120.17398,1.0
269172,Victory Park,34.160194,-118.09697,13.7
7026,SAW,37.220757,-119.6835,1.8
269192,MonteCedro,34.18394,-118.134056,17.4
269238,Roble ADU,37.446747,-122.18413,0.2
269275,D.H. White Elementary,38.165348,-121.6947,0.0
269283,St Catherines,38.057438,-122.15945,0.2
269293,East K St.,38.049034,-122.14696,0.2
269303,Loma Vista,34.160664,-118.12065,15.5
269299,Stonegate,38.36172,-121.93792,2.2
269311,Phoenix,38.139305,-122.24527,0.2
269319,JB Benicia,38.08046,-122.169044,0.2
269372,Tom,37.30175,-121.89128,0.0
7272,Rancho Palos Verdes (Silver Spur),33.786015,-118.37841,5.8
7278,Natomas-Clayton Way,38.659187,-121.49993,0.9
7282,Linda Mar Valley,37.58816,-122.49687,0.9
7284,ShippAQWx,36.86452,-119.745804,2.3
7290,Hacienda,34.180466,-118.41769,8.9
7316,Ecole Bilingue de Berkeley,37.85483,-122.289375,5.5
7428,Browns Valley,38.312454,-122.34084,0.0
269582,HABEMATOLEL 4 BLUE LAKES,39.1653,-122.99854,0.0
269590,MLS-Kletsel-3,39.02085,-122.2825,0.0
269614,Sherwood wearhouse,39.39981,-123.35986,0.2
269616,MLS-Middletown- Air1,38.730324,-122.62424,0.0
269638,MLS-Cahto-3,39.669216,-123.49625,0.4
269634,MLS-TRIAD- 1Redwood Valley Rancheria,39.285748,-123.18375,0.1
269644,MLS-Big Valley - 48,39.015247,-122.88952,0.1
269646,Potter Valley Tribal Office,39.11945,-123.20152,0.4
269652,MLS-HABEMATOLEL-1,39.163227,-122.91161,0.5
269666,MLS-Cahto-2,39.669643,-123.49569,0.0
269676,Old Sherwood rez,39.540634,-123.489,0.0
269672,HABEMATOLEL 5 EDUCATION CENTER,39.176537,-122.91455,0.1
7562,2264 University,38.56814,-121.404884,0.6
269902,Nelavida,34.119698,-118.233154,21.6
7794,Bretz Mill,37.08594,-119.31424,3.4
7806,Davis (Ivy Town 2),38.55365,-121.73785,0.9
269978,JEN AIR,37.86832,-120.42208,0.0
7846,Hillside Ave,36.603,-121.9294,1.7
7964,Upper Lake Middle School,39.163486,-122.90181,0.0
7968,CARB_SMOKE_LCAQMD_KV_HIGH,38.97451,-122.83057,0.0
8024,Willows South,39.518223,-122.18941,2.7
8056,CARB_SMOKE_AAD_JACKSON,38.352535,-120.7672,1.1
8064,CARB_SMOKE_LCAQMD_LUCERNE_ELE,39.083836,-122.78951,0.0
8076,CARB_SMOKE_TCAPCD_CORNINGHIGHSCHOOL,39.934937,-122.173294,0.8
8078,CARB_SMOKE_LCAQMD_CLEARLAKE_COMMUNITY_SCHOOL,38.93274,-122.62466,0.0
8080,CARB_SMOKE_EDCAQMD_Pollock Pines,38.766277,-120.589935,0.0
8092,CARB_SMOKE_EDCAQMD_Georgetown,38.911945,-120.82939,22.9
8116,CARB_SMOKE_SHASTAAQMD_ENTERPRISEHSQUAD,40.55816,-122.35098,1.7
8130,CARB_SMOKE_LCAQMD_LLOYD_HANCE,38.99503,-122.88405,0.0
8136,CARB_SMOKE_SHASTAAQMD_IGOONOSCHOOL,40.503418,-122.54062,0.6
8140,CARB_SMOKE_BCAQMD_BIGGS,39.414948,-121.70369,2.9
8192,CARB_SMOKE_BCAQMD_NORD,39.780655,-121.955666,1.9
8218,CARB SMOKE EDCAQMD Fresh Pond,38.760143,-120.53089,1.0
8242,Covelo PA,39.73806,-123.17335,0.1
8268,MDAQMD-HLND-CSDPARK,34.76599,-117.32601,3.3
8274,MDAQMD-JBWD,34.13791,-116.31579,5.2
8288,MDAQMD-SVUSD-SVHS,34.89701,-116.88852,5.9
8292,MDAQMD-SVUSD-FI-FIMS,35.25874,-116.69843,2.0
8294,MDAQMD-SVUSD-NSES,34.86597,-116.6617,1.3
8296,MDAQMD-IRON-MOUNTAIN,34.14682,-115.12097,0.6
8300,MDAQMD-AV-LCER,34.53341,-117.27901,2.4
8304,MDAQMD-NDLS-HS,34.84089,-114.61659,0.5
8310,MDAQMD-HES2,34.41647,-117.28566,5.1
8320,MDAQMD-SVUSD-FI-LE,35.264942,-116.69812,0.7
8322,MDAQMD-MWD-GC2,34.29076,-114.17467,6.8
8326,MDAQMD-SJUSD-PH,34.45072,-117.64349,6.7
8334,MDAQMD-SJUSD-WRI,34.36143,-117.63628,0.3
8340,MDAQMD-VVUHSD-HAWKS,34.5045,-117.37447,4.0
8368,Upper Vista Tesoro,35.033035,-120.542496,4.6
270534,Playhouse Village Park,34.147762,-118.136375,17.1
270542,La Pintoresca,34.169212,-118.149796,17.8
8444,Chino Hills (Alterra),33.953423,-117.696915,9.7
270654,Highlands,34.073345,-118.563644,9.6
8628,Rosamond csd,34.866337,-118.19447,1.4
8684,Altura Ave (outside),34.235302,-118.26527,11.6
8702,Ridgecrest Indian Wells Valley water district,35.64626,-117.723724,1.3
270944,Community Center,38.366383,-122.33767,1.0
270972,"Last Chance Ditch, Belford Rd.",39.498898,-119.83063,1.0
8862,CCA Helena and Medio,34.051643,-118.4802,
271012,676 Palisades Drive 90272,34.065613,-118.43338,6.4
271008,Alameda Lookout,37.79157,-122.28249,1.4
8956,CCA 4th and Los Altos,33.77166,-118.12528,4.3
8982,CCA Anza and Carson,33.830296,-118.36127,8.1
8988,"321 Wellington Ave, Clyde, CA",38.02858,-122.0301,0.1
9140,CCA Big Blue and Gracie,39.242733,-121.00093,3.1
271303,Tomarian,34.083347,-118.27821,9.9
9158,CCA Carnes and Seeley,33.724167,-116.29173,2.1
9162,CCA Semilon and Viognier,36.98806,-121.58136,3.2
9168,CCA Bates and Sunset,34.09818,-118.28198,4.9
9172,Temescal,33.766624,-117.45601,12.2
9180,SCTV_30,33.761765,-117.49799,10.7
9190,CCA Tierra Grande and Via Paloma,36.537224,-121.79822,0.4
9196,SCTV_12,33.799114,-117.527626,8.6
9206,SCTV_27,33.747086,-117.46061,11.0
9214,SCPR_25,35.6209,-120.6745,1.6
9244,SCPLB_04,33.96143,-117.6786,10.1
271395,Edgewood Tahoe Resort,38.965675,-119.947685,44.1
9274,CCA Crownridge and Royal Woods,34.133804,-118.47423,10.7
9282,CCA Alezane and Rugosa,38.679604,-121.15751,0.2
9294,CCA 121 and Waters,38.39922,-122.20406,0.9
271455,Alta Vista Way,37.390408,-121.815636,0.2
9314,SCTV_31,33.75001,-117.4686,13.1
9336,SCTV_42,33.76369,-117.4976,6.4
9340,SCTV_35,33.718006,-117.42663,11.0
9356,Oz Terramor,33.763885,-117.45995,10.3
9364,SCTV_39,33.77723,-117.50397,10.7
9386,SCTV_22,33.799255,-117.529816,10.3
9390,SCTV_09,33.719944,-117.42265,5.9
9392,SCTV_45,33.76107,-117.481445,13.4
9398,Sctv_03,33.746395,-117.46041,10.1
9408,SCTV_36 (Sky View),33.73609,-117.44975,13.2
271819,NASA_AERONET_Turlock_CA_USA,37.52387,-120.85586,2.2
271856,Cerezes,36.925613,-121.739914,2.6
271858,AllisonSt,36.90233,-121.73668,5.4
271866,Corralitos1,37.01897,-121.79427,2.5
271886,KCAPALMD242-PurpleAir,33.7044,-116.39562,1.9
9750,Las Cumbres,37.208908,-122.06513,0.1
271896,Pepper,34.18094,-118.10583,16.4
271908,Pajaro 4,36.897957,-121.74808,2.9
10544,R1180_UMCW,33.782234,-118.26753,7.4
272771,Pajaro2,36.90617,-121.74605,2.1
272777,"Glemar Street, Watsonville",36.92387,-121.75256,3.4
272833,Oak Tree Outdoors,38.269337,-122.41343,0.7
272891,Sotoyone Outside,39.242027,-120.04678,1.1
272935,Velaslavasay Panorama,34.034176,-118.28468,10.9
10862,AP1,34.094643,-118.348145,11.9
10872,R1180_SLKE,33.819134,-118.21148,6.0
10890,CLARS,34.221073,-118.05719,14.7
11006,Home-garage,33.974392,-118.3839,6.4
11024,DAAC Budlong and Milton,33.8437,-118.295074,7.0
11032,Hollister_snnyslp_ln,36.83655,-121.37074,1.8
11036,DAAC Berendo and Torrance,33.84206,-118.29277,6.8
11116,River House,36.454044,-118.89061,1.8
273327,APS,34.437,-119.70061,10.9
273367,Pali Purple,34.037914,-118.51946,7.1
273369,Cat city,33.79556,-116.45281,2.7
273383,Everett Ranch,38.611473,-122.891785,0.0
11344,CARB_SMOKE_SCAPCD_MONTAGUE_ELEMENTARY,41.728317,-122.52183,0.6
273491,Outside,34.183456,-118.116356,18.1
11354,CARB_SMOKE_LAKE_SHASTINA_CSD,41.528286,-122.364204,1.4
11406,West Sacramento YS,38.59525,-121.51833,0.9
11416,Winters YS,38.52555,-121.96753,32.6
11424,East Woodland YS,38.660984,-121.73263,1.3
273591,Victoria Falls,33.791794,-116.41321,2.2
273781,CARB_SMOKE_MCAPCD_PUBLICWORKS,37.461884,-119.9476,2.4
273783,CARB_SMOKE_MCAPCD_WOODLAND SCHOOL,37.450172,-119.848015,1.6
273785,CARB_SMOKE_MCAPCD_El Portal School_2,37.672935,-119.809006,1.3
273787,CARB_SMOKE_MPCAPCD_MCHS,37.488155,-119.9641,1.6
273795,"1425 Hidden Valley Road, Soquel",37.033356,-121.97321,3.2
11726,North Oakland IAQ house,37.84631,-122.26612,2.0
273885,West Page Street (SF),37.770172,-122.45305,3.9
11764,AYUNTAMIENTO DE MEXICALI - ESTACION PIMSA I,32.667515,-115.40884,0.0
11848,CARB_SMOKE_SCAPCD_McCLOUD_CSD,41.251923,-122.13784,5.2
11856,CARB_SMOKE_SLOAPCD_CALPOLY,35.300823,-120.659546,4.6
11876,CARB_SMOKE_SCAPCD_TULELAKE_ELEMENTARY,41.95589,-121.47909,0.1
11878,CARB_SCAPCD_TENNANT,41.5838,-121.9133,0.1
11884,CARB_SMOKE_SCAPCD_GRENADA_ELEMENTARY,41.645554,-122.52496,1.0
11886,CARB_SMOKE_SISKIYOU_APCD_CECILVILLE,41.141113,-123.14084,0.1
11904,CARB_SMOKE_SHASTAAQMD_FRENCHGULCH,40.70865,-122.63577,0.6
11916,CARB_SMOKE_SCAPCD_SRRC_SAWYERSBAR,41.301006,-123.13801,0.0
11936,CARB_River_Pines_Tower,38.545288,-120.74328,2.3
11948,CARB_SMOKE_MCAPCD_SFSC_CV,37.423794,-120.10115,1.4
11966,CARB_SMOKE_MCAPCD_Old_Elportal,37.67581,-119.77936,0.9
11980,AV-VIPERS,34.56548,-118.18113,2.8
12002,Hoopa HS,41.047115,-123.67523,1.3
274197,Archie Williams HS,37.983505,-122.573944,0.0
12084,CARB_S_GBUAPCD_RoundValley,37.43214,-118.593956,0.2
12094,AV-BOBCATS,34.61516,-118.29103,4.5
274235,Outside,37.519672,-122.28115,0.7
274245,Tamalpais HS,37.891815,-122.53001,0.9
12100,CARB_S_GBUAPCD_Bridgeport,38.254616,-119.22863,0.2
12106,CARB_S_GBUAPCD_BENTON,37.817146,-118.476814,0.4
12110,CARB_S_GBUAPCD_ColevilleElementary,38.567116,-119.50817,0.4
12112,MV_Aire Baja California-00008 https://www.facebook.com/Airebajacalifornia/,32.60977,-115.48622,4.8
12120,CARB_S_GBUAPCD_Markleeville,38.69398,-119.77933,0.5
12132,AV-EAGLES,34.61725,-118.19558,5.9
12136,AV-JETS,34.65164,-118.23021,6.0
12142,CARB_S_GBUAPCD_JuneLake,37.7831,-119.07319,0.9
12216,SCSB_32,33.770374,-118.08684,5.0
12272,Huntington,34.082874,-118.189514,12.6
274436,1418926,34.030994,-118.52077,8.8
12302,CARB_SMOKE_LCAPCD_RICHMOND,40.371674,-120.63871,1.5
12545,Tahoma,39.06234,-120.13282,1.2
12669,Eleda Drive,33.7959,-118.34845,6.2
12681,CARB_SMOKE_SLOAPCD_CRESTON,35.518394,-120.52318,2.2
274870,San Luis Rey pl,32.761425,-117.25147,6.1
12735,CARB_CCAPCD_WPOINT,38.39834,-120.526245,0.5
274900,Dana Hills,37.927982,-121.932755,0.9
12811,"6Sixty, Mountain View, CA 94043",37.40637,-122.06243,0.3
12825,Blue Ridge,36.28073,-118.77715,2.1
12865,Upland-North-McCarthy,34.136147,-117.65941,3.2
275036,Lili,34.17885,-118.122444,16.6
12945,Sunrise,38.802376,-119.793846,0.1
12971,"Olivenhain, CA",33.073772,-117.2061,6.1
12975,MountainView,38.80277,-121.23686,0.6
13015,"Kipling Drive, Carmichael",38.584885,-121.34694,0.9
13021,K6TD,37.32555,-122.05785,0.5
13039,Bridge Bay at Shasta Lake,40.754944,-122.32341,0.3
13077,Crone Corner Woodview Lane,37.406635,-119.8943,0.8
13143,120 pine ave,38.006317,-122.630646,0.0
13165,Incline Village Eastern Slope,39.265778,-119.94444,0.7
13173,Windemere,37.762238,-121.89888,1.2
13183,Rubicon Bay,39.008034,-120.117645,0.5
13185,Gardner Mtn - Shady,38.914734,-120.01757,0.6
275334,Redwood HS,37.937046,-122.52441,0.0
13189,"Shingletown, CA",40.500526,-121.84215,0.0
13191,FC-Mariposa,37.50727,-119.98792,1.3
13197,"1701 Cliffbranch Drive, Diamond Bar",33.993523,-117.84028,10.5
13201,Shurtz residence,37.883785,-122.10053,0.9
13203,Heidi Outside,33.894543,-118.3998,7.3
13207,"Shingle Springs, MCC Yard",38.65181,-120.95341,1.4
275372,Beryl,34.473545,-118.633484,10.7
275394,Senior Center,39.502842,-118.61347,1.1
275402,Fox Peak Cinema,39.477116,-118.77109,0.6
275414,Emergency Management,39.504124,-118.61423,0.9
13287,Mammoth Lakes,37.6254,-118.98138,0.5
275460,Environmental Lot,39.484894,-118.75865,0.3
275462,CLC,39.504166,-118.61361,1.0
275472,21stAtClement,37.78166,-122.480125,5.4
13395,AYUNTAMIENTO DE MEXICALI - COBACH MIGUEL HIDALGO,32.609226,-115.45039,4.9
13455,AYUNTAMIENTO DE MEXICALI - DELEGACIÓN CIUDAD MORELOS,32.631702,-114.8649,0.0
275622,DFJ Center,39.725216,-121.82025,3.4
275616,Nature Center,39.74531,-121.80821,3.9
13479,Salton City UFJ #3,33.27364,-115.98359,10.6
275626,Community Center,39.734142,-121.832985,4.2
275634,Highlands,34.07115,-118.55153,11.1
13495,AYUNTAMIENTO DE MEXICALI - AVENIDA COSALA,32.63675,-115.492905,3.1
275652,UCM-bc61,37.939796,-121.23945,0.9
275650,UCM-c0db,37.970676,-121.36542,1.0
275660,UCM-bf43,38.02607,-121.33113,0.7
13517,Hiller,37.853737,-122.2266,2.3
13521,AYUNTAMIENTO DE MEXICALI - ESTACION BARCELONA,32.604267,-115.49398,4.7
275664,UCM-bc41,37.95529,-121.3176,1.5
275872,Community Park,39.72689,-121.813194,3.5
275880,UCM-bfa4,37.931023,-121.289604,1.2
275882,Lakeside Pavilion,39.749817,-121.792145,3.2
13907,Harper House,37.85105,-122.27175,0.0
276088,Linnie Canal Venice,33.984573,-118.46658,7.7
13967,Vedanta Courtyard,34.10655,-118.32698,12.4
13989,West Valley High School,40.396896,-122.405785,0.1
13997,Hilltop,37.83431,-122.22653,1.7
276186,PV Center,39.757023,-121.83819,3.2
14047,Esparto High YS,38.69196,-122.01637,0.3
14059,Guinda YS,38.830544,-122.19327,2.4
14063,Sutter Park (w/VOC),38.572556,-121.43894,1.2
14071,Jackson Pardee Res,38.299187,-120.82975,0.9
14073,Briggs Creek Ridge 1600ft alt,37.186745,-122.021164,0.5
14085,Lake Shasta Caverns Gift Store,40.804226,-122.30325,0.0
14127,Grant School,40.541878,-122.47262,0.7
14141,Reign outdoor,37.9554,-121.94019,1.1
14177,Tsasdi Resort,40.865314,-122.395805,0.1
14193,NatureBridge NESC,37.64744,-119.704,1.2
14243,NC#104_Coffee Creek,41.085648,-122.71191,0.1
14269,"Poway, CA",33.026127,-117.04432,34.1
14295,NC#109_Hyampom,40.613995,-123.45241,0.7
14333,"Twain Harte, Ca",38.03781,-120.23829,0.9
14335,Sugarloaf Ridge State Park,38.43662,-122.50873,0.3
14337,LONGFELLOW TERRACE,39.751595,-121.822365,0.0
14339,Out,37.90879,-122.27498,1.7
14361,"Burton Valley, CA",37.864353,-122.09053,1.3
276566,Hiram Lewis Park,38.559193,-122.80549,0.0
14475,Sac5183,38.520958,-121.380066,5.2
14479,"Brooks, CA",38.7535,-122.17298,4.9
14489,Hollywood_Riviera,33.810497,-118.380844,7.7
14601,Hwy58 &amp;Hwy99,35.349518,-119.03718,4.4
14617,Merced_Science,37.328754,-120.46203,0.7
14633, Hazelwood canary ,37.275562,-121.964134,0.3
14693,"Gilroy, California, Cedar Court",37.00943,-121.59573,0.6
14729,CARB_SMOKE_AAD_MACEMEADOW,38.45695,-120.53333,1.4
14859,CAZIER-SM-016,34.042713,-118.47522,8.0
14885,Martha Rd.,37.87395,-122.16776,0.9
14973,CAZIER-SM-008,34.000767,-118.48549,3.6
277124,ROOSEVELT - SMMUSD,34.02863,-118.501144,7.2
277140,OBAMA - SMMUSD,34.00719,-118.47812,10.4
277138,MES - SMMUSD,34.012665,-118.80233,8.5
15003,Upper Johnson Lane,39.031994,-119.712425,1.1
277156,Rogers ES - SMUUSD,34.012695,-118.4711,5.9
277158,GRANT - SMMUSD,34.018936,-118.46176,8.1
277164,SMMUSD - FiP,34.001026,-118.479225,10.0
15037,HARM,37.87834,-122.096375,1.5
277198,M&amp;O - SMMUSD,34.022377,-118.4789,7.4
15051,H&amp;M Gopher Control,41.971737,-121.37176,0.0
15123,Modoc High School,41.492126,-120.54073,1.0
15133,Lake Almanor Peninsula,40.22465,-121.13783,1.1
15135,Bethel Church of Redding,40.610058,-122.358444,0.4
15149,lake mead view,35.999344,-114.81705,1.3
15189,Bonadelle,36.816406,-119.63992,1.6
15235,Boyer Circle,37.884678,-122.12302,0.4
15242,Auburn Valley Country Club - Air,39.01354,-121.14006,1.1
15245,Sunrise Almaden,37.22836,-121.86348,1.3
15247,Mountain House,37.774742,-121.55331,0.2
15251,Woodacre upper Redwood,37.999096,-122.635376,0.0
15463,Shasta Dam,40.7138,-122.4176,3332.2
15553,Canon Village,38.000656,-122.60186,0.0
277751,SMC_MOBILE_5,37.634083,-118.25572,0.0
277747,Sunnyslope II,38.2194,-122.6405,0.3
15627,wl7coo QTH,37.442085,-120.00111,1.0
15645,"Redwood Heights, Oakland",37.80103,-122.18855,1.0
15649,EDCAQMD Sierra Ridge,38.7472,-120.5789,1.4
277797,SMC_MOBILE_8,37.84113,-122.112404,1.0
15651,EDCAQMD Omo Ranch,38.581036,-120.577515,2.2
15655,EDCAQMD Garden Valley,38.85018,-120.85799,1.6
15659,EDCAQMD Cool,38.87314,-121.02177,8.4
15693,EDCAQMD Office Outdoor,38.726944,-120.82691,1.3
15697,EDCAQMD Latrobe,38.55985,-120.98215,1.1
15699,EDCAQMD Christmas Valley,38.802895,-120.01493,0.7
15703,North Auburn,38.936813,-121.08784,0.9
15707,EDCAQMD Washoe Meadows,38.872715,-120.03346,1.6
15715,EDCAQMD Mt. Aukum,38.605602,-120.71307,0.7
15717,EDCAQMD Georgetown Airport,38.919807,-120.863785,2.1
15723,EDCAQMD OUTINGDALE RD.,38.619144,-120.72095,0.2
15733,EDCAQMD_Luneman Rd,38.7692,-120.9263,0.0
15795,D&amp;DsMonkeyHouse,38.00248,-122.56478,0.2
15807,Hudson Street,37.47806,-122.237076,0.1
15853,EDCAQMD Leoni Meadows,38.61065,-120.504524,0.6
15855,OSD,37.995895,-122.583565,0.1
278021,Dwight and Lexington,37.58549,-122.34101,1.0
15885,Wheatland Elementary,39.010685,-121.42955,0.8
15895,EDCAQMD Sly Park,38.713776,-120.59142,1.2
15901,Colfax Meadows,34.14978,-118.383026,6.9
15907,Bea Court,35.03876,-120.551834,3.5
15911,Millville Elementary School,40.55191,-122.16919,0.7
15929,Redding STEM Academy,40.628887,-122.39887,0.3
15957,Mt. Shasta Uplands,41.29955,-122.29319,0.2
15975,Nuview Union School District  - District Office,33.820885,-117.13215,9.6
278157,Hilltop Richmond Rose Monitor,37.98331,-122.34447,0.2
278161,Pittsburg High Rose Monitor,38.022194,-121.884964,0.2
16059,Junction Elementary School,40.55263,-122.23718,1.0
16073,Lincoln and Channing ,37.44796,-122.14682,0.0
278233,505 E Mendocino St,34.188454,-118.138596,17.9
16137,Professorville - Ramona and Addison,37.441467,-122.1553,0.5
16149,Melville and Fulton,37.445305,-122.14617,0.1
278461,TBD,37.98644,-121.839424,0.9
278465,Gentrytown 1,37.990986,-121.829025,0.8
278477,CNTRJOY,39.11967,-119.76141,0.6
278501,Almond Ridge 1,38.00306,-121.767845,9.9
16405,City of Shasta Lake,40.682262,-122.365746,1.3
16507,NoSoCoAir_SummerHomePark_CARB,38.497692,-122.93829,1.0
16519,Old cazadero road comparison,38.498573,-123.01508,0.1
278671,EK H,32.696777,-117.18013,5.3
16559,Vacaville YS,38.351273,-121.994484,1.9
16561,Madison High YS,38.679337,-121.97124,1.0
16563,Cache Creek High School YS,38.73144,-121.80827,1.4
16565,Brooks YS,38.739212,-122.14301,5.9
16575,Plainfield YS,38.642326,-121.822426,2.2
16617,CARB_SMOKE_BCAQMD_PALERMO,39.435463,-121.53991,0.0
16625,CARB_SMOKE_BCAQMD_PARADISE_REC_CENTER,39.760464,-121.62237,1.5
278771,Casablanca 1,37.999367,-121.818245,1.1
278783,Wildflower Outdor,37.99106,-121.78245,0.4
16649,MDAQMD-SVUSD-AEC,34.86053,-116.88999,1.4
16659,MDAQMD-HUSD-MESQUITE_ES,34.39858,-117.36201,2.7
278817,Rivertown 2,38.012802,-121.80902,0.9
16737,Mojave Library-EKAPCD-sn-11,35.047775,-118.16671,0.7
16749,Cal city library-EKAPCD sn-10,35.126305,-117.95915,0.3
16751,CARB_PCAPCD_SMOKE_AUBURN,38.897285,-121.07643,0.2
16753,Foresthill Divide,39.01004,-120.8434,0.9
278897,6th Ave Backyard,37.778225,-122.46354,1.8
16763,Piute Mountain School-EKAPCD-sn-12,35.3459,-118.378494,2.4
16771,Tehachapi Fire Station-EKAPCD-sn13,35.123604,-118.449715,2.1
16807,EKAPCD-sn-7-Kernville Elementary,35.7569,-118.41682,1.2
16903,Newcomb at Phelps,37.73706,-122.392204,1.8
16927,Manchester Street- Bernal,37.746048,-122.414154,1.5
16947,Anderson at Eugenia Streets,37.740334,-122.41516,2.0
17031,Kent,35.38852,-118.94917,1.6
279195,Maiden Ln Altadena,34.182693,-118.12856,18.5
17079,Kenwood village,38.413513,-122.55213,0.0
17101,Mountain View Sladky,37.373795,-122.08826,0.2
279253,UCM-6d2,37.984116,-121.274254,0.0
279251,UCM-1222,37.96374,-121.295845,0.0
17273,TimTownOut,33.794514,-116.291306,2.4
17309,N. Old Stage &amp; Rainbow,41.32628,-122.3446,0.8
17313,Cottonwood Union School District - DO,40.38606,-122.291145,0.3
279486,Virginia Lakes,38.05714,-119.253845,0.1
279504,Palisades Outside,34.058384,-118.549805,6.6
17455,Crowell ES-CSUS,37.50909,-120.847534,0.2
279602,Presidio Blvd House,37.79704,-122.45186,1.8
17497,Julien ES-CSUS,37.499302,-120.827156,0.5
17513,CSUSTAN-CDC,37.52647,-120.85829,0.5
17569,Lincoln &amp; Lac Jac,36.64346,-119.48486,0.6
279724,NDEP-199,39.146,-119.7668,4.4
17591,Camptonville Outside,39.452984,-121.04829,2.0
279742,NDEP-210,39.1452,-119.7668,4.7
279808,Catka Dr,40.672592,-122.29282,0.8
17705,Beale AFB (Housing),39.10213,-121.33471,10.1
279908,The Hawk,33.531487,-117.64169,5.4
17793,Hollywood (KD8DRX-PAII-1),34.10424,-118.3317,9.0
17809,SRJC STEM SR SITE,38.45606,-122.72131,0.0
17821,CKhome,38.256775,-122.61117,0.2
17829,Blackhawk Falls 5,37.8051,-121.88258,1.6
279980,Enclave SLO,35.25594,-120.631454,4.7
17835,Mendocino County Office of Education ,39.128967,-123.165436,0.1
17837,Eagle Peak Middle School,39.26741,-123.21932,0.0
17839,Austin Lane,37.852924,-122.022514,0.6
17857,Topanga Saddle Peak,34.08064,-118.63482,11.5
17867,Baywood,37.555992,-122.33226,0.0
17873,Laytonville Unified School District ,39.685993,-123.482956,1.6
17879,Sterling Downs,37.527515,-122.28136,0.0
280024,Innes at Donahue ✨,37.728836,-122.37018,2.2
17895,Glenmoor,37.538063,-122.01384,0.5
17909,Willits Unified School District,39.398743,-123.35823,0.0
17927,West Oakland,37.81764,-122.27246,1.7
17931,Quarry Heights,38.225246,-122.61497,0.2
17975,Deerwood,38.50483,-122.75608,0.1
18287,Jaynes Street Outdoor,37.877968,-122.27921,0.7
18299,Fruitvalle,37.251064,-122.0113,0.7
18329,Central La Canada Flintridge,34.200146,-118.197235,0.0
18331,Brisbane - Santa Clara,37.6837,-122.399155,0.0
18359,Truckee,39.340946,-120.18151,2.0
18395,Baird House,37.28167,-121.98334,1.1
18401,Burlingame Terrace,37.5843,-122.3596,0.9
18405,Almaden Greystone,37.21571,-121.83767,0.5
18431,Jackson Oaks,37.138313,-121.58963,0.1
18435,Babel ,37.96231,-122.00711,0.0
18443,"Pescadero, Ranch Road, Outside",37.235676,-122.34573,0.0
18447,doleboz,38.22234,-122.643524,0.1
18449,Healdsburg,38.625275,-122.8613,0.1
18453,La Maison du Chat,37.90381,-122.09429,0.4
18471,Air Patrol,37.38584,-122.09025,0.2
18473,Stonebridge Rd,37.65421,-121.781334,1.0
18493,Ridgeline Place,37.70781,-121.97493,1.2
18505,Sunnyarts,37.355453,-122.02135,0.6
18517,Ridgeview,38.661194,-121.16262,0.9
18527,Alamo,37.849895,-122.01644,0.0
18529,Walnut canyon,34.01786,-118.79651,6.5
18531,Cupertino,37.33028,-122.06036,0.0
18539,Knowland Park / Elvessa,37.752743,-122.13086,0.0
18551,Tilton Road,38.3781,-122.881134,0.0
18553,"Newark, CA",37.522003,-122.03948,0.4
18555,"9150 Feet, South Lake Tahoe",38.935158,-119.91031,0.9
18557,"Kirkwood, CA, 7800'",38.68463,-120.06484,1.4
18561,Del Rey Oaks,36.591408,-121.83396,0.6
18569,Hollister House,37.496,-120.8374,0.9
18625,908 Villa 1,36.81895,-119.71606,0.1
18673,MS Salvador Way,38.01989,-122.54754,0.3
18677,Santa_Rosa_Proctor_Heights,38.456482,-122.6875,0.0
18689,CARB Smoke EDCAQMD Promontory,38.6915,-121.10378,0.3
18691,CARB Smoke EDCAQMD Forni Rd.,38.709064,-120.830086,0.9
280852,D Ave,32.676918,-117.10268,5.6
18709,CARB Smoke EDCAQMD Logtown,38.618633,-120.86373,1.0
18719,CARB_SMOKE_EDCAQMD_MOSQUITO,38.80078,-120.69541,30.9
18735,Thousand Oaks,37.891724,-122.283615,1.4
18781,Crane Canyon,38.37138,-122.65258,0.2
18787,Sheri Lane,37.812756,-122.000244,1.0
18793,Ojai Loop,37.576885,-122.06559,0.4
18861,Moonbase Unicorn,37.751915,-122.41531,2.1
18877,"Los Gatos, CA",37.143368,-122.01382,0.0
18885,Cardinal Newman High School (outside),38.493774,-122.74054,0.0
281054,Columbia Elementary School,40.582348,-122.309135,1.4
18913,Primrose,38.787216,-121.388336,0.4
281068,ALAMO,38.352413,-122.001945,4.5
281072,COOPER,38.357212,-121.94455,1.6
281074,CALLISON,38.34345,-121.94366,1.0
281080,KIMMIE WRAP,38.34773,-121.98783,2.4
281092,HEMLOCK ELEMENTARY,38.364872,-122.00194,1.2
281100,FAIRMONT,38.34617,-121.96742,1.0
281096,Padan Elementary,38.34015,-121.98583,2.0
281098,JEPSON,38.363247,-122.00791,2.4
18973,RETSEOK,38.842762,-121.21992,1.4
18975,Shiloh@Old_Red,38.525402,-122.7795,0.0
18985,Cotati - ORH,38.31984,-122.70097,0.1
18987,Fremont: Cabrillo,37.5625,-122.0281,0.7
18991,ECPC,37.913994,-122.30215,2.0
18995,PVRanch - Coalmine ,37.365494,-122.20921,21.2
19001,Sonoma Academy,38.418705,-122.688225,2.3
19007,National Weather Service Elko,40.85992,-115.74253,0.7
19017,The Creamery,38.587387,-121.49034,1.0
19023,Hillbrook School,37.22707,-121.953415,0.9
19025,Castro Valley - Haley Dr.,37.709976,-122.0668,1.1
19048,Los Lagos,38.77826,-121.14009,0.9
19051,Winchester,38.987225,-121.041756,1.4
19063,Kennedy north,37.227673,-121.96063,0.6
19137,Bouquet,37.94634,-122.32627,1.7
19151,Shad Park,37.56081,-122.25183,0.0
19153,Alamosquare,37.77331,-122.43026,2.3
19155,cedar_and_san_pablo,37.87416,-122.294586,0.8
19173,Bayview_Wedge,37.72165,-122.39986,2.3
281326,VACA PENA,38.3496,-121.95172,1.7
281332,BROWNS VALLEY ELM,38.38313,-121.98232,2.1
19185,Wildwood and Ivy(O),37.449074,-122.12741,0.1
281340,Hewitt,34.20407,-118.38328,12.6
281336,KAIROS,38.352394,-121.990685,2.2
281338,SIERRA VISTA,38.338234,-121.95607,1.1
281358,Landing Lane,39.235313,-119.81399,1.8
19211,SempleAve ,36.967335,-121.88514,2.5
281378,Tahome,39.318905,-120.17228,1.7
19239,Whale Gulch School,39.984016,-123.97575,0.0
19249,Horicon Elementary School,38.717724,-123.36733,0.0
19251,Leggett,39.864872,-123.7168,0.0
19265,"Tar Water Ridge, Alpine Road",37.28867,-122.2255,0.3
19269,Sycamore Creek Neighborhood ,39.771427,-121.82482,1.9
19273,Sims Drive,37.821156,-122.20937,1.0
19275,"Piedmont, CA",37.823654,-122.230865,0.0
19281,Gehricke Rd,38.33677,-122.42865,0.1
19283,EVNET_AQI,38.64536,-121.07697,3.1
19293,Waverley and Hawthorne,37.44948,-122.16416,0.0
19303,Portola Rd at Hayfields Rd,37.389088,-122.23942,4.4
19311,Starlight Grove,38.59599,-122.90741,0.0
19317,Jackson Park,37.397396,-122.07755,0.0
19333,Dorrington,38.291637,-120.27657,1.8
19335,23rd &amp; Lake,37.785606,-122.4829,0.0
19339,Northstar Park,38.57245,-121.750046,0.8
281494,WC_Whittier_CA,33.976784,-118.02984,13.7
19349,H1 Castlewood,37.635647,-121.89352,0.9
281498,Borderland,38.109802,-120.914566,1.4
19369,Oak Knoll,37.431652,-122.19491,0.0
19373,Pixel &amp; Mochi's house,37.47319,-121.91591,0.4
19375,Montgomery St.,37.509094,-122.256424,0.1
19379,Positastan,38.500465,-122.03456,3.8
19391,Menlo Atherton,37.460953,-122.17907,0.6
19413,Crescent City,41.793743,-124.17786,0.7
19425,Sanborn Park,37.22823,-122.05479,0.5
19431,Boyes Hot Springs,38.313244,-122.47819,0.4
19433,Duboce Triangle,37.767307,-122.43557,1.4
19435,Helm's Deep,38.478535,-122.65292,0.1
19447,Gravatt Outdoor,37.8604,-122.23691,1.5
19451,Lee Lane,39.22325,-120.98359,1.3
19455,Sun City Summerlin,36.20581,-115.329956,0.7
19457,Soquel Elementary,36.985897,-121.95652,0.0
19463,downtown on River Street,36.97847,-122.02638,1.1
19471,Sherman Station,37.7755,-122.26367,0.0
19481,Emilie Avenue,37.45276,-122.19569,0.0
19487,Mountain View By Mission Lakes MVBML,33.98573,-116.53927,3.6
19491,Patterson (Orange Ave),37.47109,-121.10921,9.1
19493,Albion Ridge G,39.22986,-123.73652,0.0
19495,Olivet Road,38.45242,-122.81605,0.2
19497,Scarsdale Place,37.19602,-121.84057,0.7
19507,Glen Crest - Almaden,37.202896,-121.850975,1.1
19509,Eastmont Hills,37.7707,-122.1643,2.6
19511,Home,37.334423,-121.93794,0.7
19515,Poplar,37.95955,-122.53649,0.1
19525,Adolfo Glenn,34.22092,-119.01086,11.3
19533,Park Pacifica,37.59145,-122.46303,3.1
281684,Hasley Canyon end of road,34.476696,-118.67876,12.5
19547,Meadowview,38.164715,-120.41254,1.1
19571,North Alamo,37.868946,-122.04391,1.3
19577,Palo Vista,37.318516,-122.06606,0.5
19581,WC Walker and Homestead,37.899223,-122.05177,1.1
19583,Villas,37.319687,-121.944084,0.7
19585,City of Gilroy,37.00723,-121.55959,4.4
19603,Lake San Marcos,33.122845,-117.19734,6.6
19613,"Hayward Hills, sagehouse",37.65457,-122.028694,0.9
19619,Rocklin Sunset Heights,38.808662,-121.25177,1.2
281770,1322 Via Poco,33.811058,-116.4528,2.9
19633,Los Altos Ave.,37.40195,-122.11873,0.1
19635,Windmill Canyon - Oakhurst - Clayton,37.952087,-121.919106,0.6
19657,Western SoMa (Outside),37.77401,-122.41548,1.1
19663,Inverness Volunteer Fire Department,38.096943,-122.85445,0.0
19664,Side yard,37.794235,-122.23632,1.5
19669,Country Estates,37.050777,-122.15775,0.1
19677,Rheem Valley,37.8638,-122.134384,0.7
19683,Glenmoor Gardens,37.542088,-122.00043,0.6
19693,59 Arden,37.869305,-122.248085,1.0
19697,LO House,39.27055,-121.65424,0.0
19709,South Downtown Elk,39.12864,-123.71566,0.0
19727,Sea Cliff Avenue,37.788548,-122.48873,0.0
19733,Grooming bays,36.924152,-121.81189,1.6
19743,Graton Outdoors,38.43144,-122.868095,0.0
281946,East Manhattan Beach,33.880608,-118.38883,8.3
282028,Lambeau Lodge AQI,34.2481,-117.325745,11.7
19979,Copper Hill Ct,37.970318,-121.76145,0.0
282122,Sohome,38.316353,-122.46508,0.2
19983,Home Outside,37.581474,-122.03945,0.6
19993,Merritt Dr,37.33029,-122.0262,0.5
20003,San Carlos - Wellington Drive,37.508816,-122.28312,0.4
282166,Duncan Castro Open Space,37.745964,-122.43333,2.0
282174,Luftschmutz,37.46367,-122.27177,0.1
20083,Central Davis,38.553883,-121.756516,1.6
20085,South Davis Oakshade,38.537617,-121.722084,1.5
282238,Carson Valley Swim Center Outdoors,38.955063,-119.780304,1.2
20103,A Street,38.54803,-121.748,1.1
20109,Lake McClure,37.59145,-120.29133,1.1
20115,Los Robles,37.41182,-122.13171,0.3
20133,Alta Mesa,39.0288,-123.67885,0.1
20141,Palo Alto - Barron Park,37.412426,-122.141785,0.1
282290,Elk Ridge Outside,40.138447,-123.9048,0.7
20155,Stanley Outside,37.36501,-122.08704,0.0
20157,Weird Hill,37.272476,-121.815865,0.6
282306,Fiddletown Heights East,38.49475,-120.68969,1.2
20167,"Carnelian Bay, California",39.233128,-120.071785,1.1
20171,0,37.310436,-121.99782,0.7
20183,Major Air,38.46342,-122.723366,0.0
20187,El Pats,38.055035,-122.157684,0.2
20189,Central&amp;Orchard,37.395786,-122.07174,0.2
20199,Germone Road,38.38755,-122.838875,
20209,BurlingameHills,37.57804,-122.38727,2.0
20217,RATs house,37.358116,-121.992065,0.6
20255,CARB SMOKE FRAQMD YESCharter,39.36359,-121.24538,2.1
20383,Firhaven Ln,37.10173,-121.90174,1.0
20469,Campbell 85,37.26549,-121.98085,0.3
20473,Willows Triangle,37.471367,-122.16119,0.3
20491,El Cerrito,37.925106,-122.304016,3.1
20513,Cotswald Ct. (outdoors),37.346752,-122.00068,0.2
20527,Bohlman,37.24206,-122.04796,0.7
20543,20 S Grant,37.571262,-122.319954,0.0
20563,Almendia,39.732838,-121.8732,2.6
20565,topchem,37.536236,-121.9931,1.0
20573,Madrone Place AQI,37.246506,-122.126465,2.7
20589,Ridgewood Road,37.856308,-122.0381,0.6
20593,Country JAM,37.867283,-122.07469,1.3
20601,Mountain View–Monta Loma (Snorlax nest),37.40694,-122.094315,0.0
20607,Spencer Ct,36.982265,-121.98709,2.3
20609,Saratoga Country Club,37.283337,-122.053635,0.7
20627,Bend Dr,37.351215,-122.0401,0.4
282776,Westview Ln,40.4714,-121.994286,0.0
20659,End of Timmus Ln.,37.133007,-121.95076,0.0
282808,Bishop_Creek,37.314083,-118.51225,0.5
20700,Gallery Lane,34.157288,-118.38509,12.1
20704,Mt. Washington School,34.105556,-118.21524,7.8
20707,olfie,37.381924,-122.10676,0.3
20709,24th and Diamond,37.751396,-122.43694,2.1
20721,Bernal Breathe,37.746025,-122.41578,1.9
20725,Rio Vista Ter Monte Rio,38.4648,-123.01236,0.0
20727,"8833 Lund Hill Lane, Cotati CA 94931",38.318787,-122.70587,0.2
20737,AZ South San Francisco,37.664036,-122.39622,2.7
20743,Victor Avenue,37.79674,-122.19159,0.0
20747,1000ft Montclair,37.838978,-122.20549,1.7
20757,Charmes 2 Outside,37.31086,-121.7654,0.2
282908,"Altamont, Mountain House",37.78021,-121.55425,0.9
20779,Sacramento State: Amador Hall,38.559242,-121.42462,0.9
20801,"San Carlos, CA",37.493813,-122.25286,0.0
20805,Alpine View,39.25807,-119.937065,1.6
20829,Hagen Oaks Alamo,37.84752,-122.00369,0.6
282976,OP,38.54333,-121.46934,1.7
282998,SamTrans - Central,37.506634,-122.26213,0.4
20871,Eagle Feather,39.27733,-120.1255,0.8
20873,Knights Bridge,37.40772,-121.8607,0.4
20889,River Park: Shepard &amp; Sandburg,38.57104,-121.42493,0.8
20901,Count of Montecillo,38.013786,-122.564095,0.0
20919,Pinewood,38.310608,-122.32667,0.7
20955,Olympic Donner Lake,39.33004,-120.24888,1.2
283126,SamTrans - South Base - Bldg. 100 - Roof,37.51656,-122.2518,0.0
20997,Buena Vista,38.28965,-122.4322,0.3
21055,nr Almond School (garage),37.3817,-122.099,0.1
283210,Saratoga Neighborhood,38.66112,-121.80155,2.8
283234,Middle Oak Ridge,37.20112,-122.05525,0.2
21097,Lucky Tree Cabin,39.33988,-120.2174,1.9
21107,Alacornia Outside,38.365913,-122.94661,0.0
283310,Evening Bay,38.55165,-121.79016,1.4
283346,Longspur Loop Lincoln Hills,38.85073,-121.25754,1.7
21251,Orinda Oaks Berkeley,37.890575,-122.20529,13.5
21285,Melville,37.821434,-122.18901,1.6
21293,MM Arroyo Blvd,34.134205,-118.1651,13.4
21313,Los Alamos,37.66869,-121.78787,0.7
283492,Calabas1,36.941273,-121.788956,1.1
283535,E Fifth,36.91951,-121.75037,2.7
283528,YellowBigHouse,36.187046,-119.82282,0.4
283540,Javier Gonzalez-Rocha,36.867767,-121.73432,2.3
283542,Hanford1,36.339188,-119.65721,1.6
283538,Hanford2,36.333527,-119.67219,1.2
21399,Calistoga High School,38.582993,-122.58027,0.1
21423,Swiss Creek,37.298008,-122.09865,0.0
21427,Grundy Park,37.622585,-122.42097,1.0
21431,Palo Alto Leland Manor,37.440514,-122.135735,0.0
21439,Keys Middle School,37.416588,-122.127785,0.2
21449,"Saratoga, CA",37.268364,-122.029854,0.2
283608,Olympus,37.912518,-122.51054,0.0
21583,"CASTEA MÉDICA II, AYUNTAMIENTO TIJUANA",32.5372,-117.027466,8.0
21585,CARB - Ayuntamiento de Mexicali - Villa Verde,32.601387,-115.37785,1.0
21645,Hilgard &amp; Le Roy,37.87902,-122.25789,1.5
283792,Wallers Way,40.639214,-122.32917,1.0
283812,Swindon Ct,38.379784,-121.98433,2.8
21707,Norrbom Rd,38.31652,-122.44967,0.0
21713,SouthEast Taylor Mountain,38.373604,-122.6397,0.3
21723,Everson Street,37.738503,-122.43038,1.3
21733,Miravalle Ave,37.357883,-122.07361,0.4
21783,Woodmont,37.90066,-122.26313,0.0
21789,Kenneth Drive South,37.43215,-122.1098,0.5
21791,ESTACIÓN DE BOMBEROS #17- ALTABRISA| AYUNTAMIENTO TIJUANA,32.530197,-116.97896,13.0
21804,CENTRAL DE BOMBEROS,32.539272,-117.03546,6.9
21823,"CASETA MÉDICA l, AYUNTAMIENTO TIJUANA",32.534225,-117.02919,5.2
21851,Outside Library,37.5599,-122.35636,0.5
284000,Backyard,34.070507,-118.37995,9.8
284002,Elysian Heights,34.092693,-118.24888,10.1
21887,Fish,36.967377,-122.043,0.0
284042,SC,34.048904,-118.311356,10.6
284134,Pico &amp; Centinella,34.028515,-118.45275,0.5
21997,End of County Road,39.401127,-123.32632,0.0
284138,Caversham,38.653816,-121.1083,1.7
22033,CBJ4lyfe,38.53836,-121.42701,0.1
22037,"Mirada,Stanford,CA,USA",37.415478,-122.16677,0.2
22049,Davis East Pioneer,38.548996,-121.68585,1.0
22051,Joost-by-the-Congo,37.732327,-122.443275,0.2
22053,MH Outside,37.342693,-122.068665,0.1
22063,Moraga Way near McDonnell Nursery,37.864548,-122.17311,0.7
284212,Emerald Hills,37.46273,-122.274086,0.2
22067,Lakeshore and Park Lane- Outside,37.816116,-122.232666,0.0
22071,Arthur st,38.32797,-122.70473,0.2
22086,Chalk Bluff,39.22128,-120.87727,1.6
284234,Outdoor Diamond &amp; 21st,37.755615,-122.4372,1.9
22099,Home,37.910385,-122.50587,6.6
284252,Mariposa,37.23751,-121.98217,0.8
284316,Heatheridge,39.4995,-119.85526,2.7
22351,Ajax,37.888657,-122.2497,0.0
22353,Rancho del Sol,38.71605,-120.64357,0.8
22369,Rio Alto Water District,40.358196,-122.21882,0.3
22371,Boole Rd.,38.98678,-120.98477,1.0
22399,West Dry Creek Valley,38.64414,-122.922295,0.0
22407,Downtown Millbrae,37.600376,-122.39196,2.1
22423,Clarendon 2,37.813843,-122.223694,2.0
22427,BigSurMiddleRoad,36.254562,-121.81609,1.1
22445,Dell Rio Hills,38.49889,-122.90847,0.3
22451,"Benicia, Skillman Park",38.079624,-122.15521,0.0
22453,Cory/Valley Fair Neighborhood,37.33104,-121.94193,0.3
284612,Caldwell Recreation,40.59428,-122.39668,0.4
22471,Zapotec,37.490955,-121.91113,0.2
22473,Gerber Creek,38.485588,-121.35073,0.0
22477,SeeOda-ArroyoGrande,35.121548,-120.57294,4.3
284644,Whispering Forest,34.267906,-116.86545,0.6
284652,Sun Oaks Tennis and Fitness,40.557327,-122.30655,0.0
22509,Forest Dr,38.013165,-122.68609,0.2
22513,Cheltenham Way,37.228786,-121.76118,0.9
284684,"Ave L and 6th (approx), California, USA",34.661,-118.119,5.5
284682,Beverly Drive,36.93342,-121.74224,2.4
22567,TF home outside,33.963295,-118.45176,7.4
22667,Halls Valley,37.336033,-121.73574,0.1
22675,Turning Point School,34.026974,-118.387085,5.1
284856,Sundance Court,37.90827,-122.014984,1.1
284868,White Oak Way,36.50027,-121.75055,0.2
22721,SCAP_73,34.102016,-118.125916,14.0
22727,SCAP_83,34.04496,-118.15918,9.7
22735,SCAP_78,34.070625,-118.14937,10.7
22751,#ValleyClimate,36.807377,-119.79611,0.0
284902,Cornel!,38.53648,-122.793945,0.0
22761,Cascade SL,39.3125,-120.38276,1.5
284925,Crane Ct,39.04441,-119.94091,0.3
284952,Coyote's Lair,39.599903,-119.26044,0.7
22873,By Balboa Park Pool,37.72714,-122.44277,1.3
22963,Menlo Oaks,37.46546,-122.164696,0.0
285172,Canebrake FS-EKAPCD sn-15,35.72771,-118.13775,1.8
23065,Hyland Dr,38.462852,-122.70924,2.6
23083,NeuJohnstein2,37.72723,-122.440346,1.9
23089,Hillside School outdoors,34.18797,-118.17923,12.6
23095,Luigi Aprea outside,37.026367,-121.60415,2.5
285244,Victory,37.412094,-122.10071,0.0
285300,WBES-EKAPCD-SN#14,35.003674,-117.693504,1.6
23181,"Brookhill St, Crescenta Highlands",34.240025,-118.24872,8.6
23189,near Stouffer Park outside,37.7424,-121.11471,0.8
23191,"46576 Eastwood Dr North, Oakhurst, CA",37.348705,-119.69832,1.3
23193,SCAP_72,34.072273,-118.11613,12.7
23195,MPMS Outside,37.92843,-122.53216,0.2
23227,SCAP-63,34.066406,-118.10945,14.5
23241,Scap_91,34.080685,-118.128105,9.5
23253,Scap_58,34.07026,-118.13131,10.9
23283,the mesa,33.789906,-116.54694,46.3
23287,SCAP_100,34.084404,-118.127785,12.2
23291,SCAP_57,34.058655,-118.13519,1.2
23295,SCAP_112,34.068943,-118.15808,9.0
23347,SCAP_109,34.07223,-118.10899,9.8
23417,SCAP_99,34.078384,-118.11693,9.5
23429,SCAP_52,34.07705,-118.15674,4.6
285588,KRV LIBRARY EKAPCD SN 15,35.637657,-118.46692,1.4
285626,Rosamond Library/EKAPCD SN-13,34.86439,-118.19537,0.8
285670,Burrow,34.183907,-118.13892,19.5
23611,Laguna Altura,33.64464,-117.75719,6.3
23635,Westchester,33.96655,-118.391396,9.9
285878,Pinnacle trail,38.312218,-123.013626,2.1
285884,HR59,34.480526,-120.340515,6.6
285930,Jefferson Dr Mt Shasta,41.314396,-122.29806,0.3
23793,San Diego &amp; Ashlan,36.79301,-120.43946,1.5
23915,"Norris Canyon, Castro Valley",37.7374,-122.02718,25.0
23927,Precita Park,37.74737,-122.413216,0.3
286076,Iron Horse Vineyards,38.45568,-122.898766,0.1
23933,DAL16,38.07198,-122.15233,0.0
23965,2509 Prince St ,37.85431,-122.256004,1.2
286114,Canyon1,34.26808,-116.93742,1.2
24011,Ferndale Way,37.472015,-122.27647,0.3
24037,Raphael Ave.,35.41881,-118.851456,0.1
24039,Mid-Town Ventura,34.26145,-119.25417,5.0
286272,Newport Beach,33.5872,-117.89271,11.0
24227,Everett road,38.30307,-122.73172,0.4
24279,Kristen Court Encinitas,33.050472,-117.28024,5.3
286506,405 L Street,37.57263,-121.97636,0.9
286634,Palm Drive Arcadia CA,34.11095,-118.04974,14.6
286700,OUTKIT,38.367466,-122.28094,0.8
286716,SYR,34.44214,-119.63249,12.0
286798,DAOU 2,35.64137,-120.78428,2.1
286902,Carrisa Plains Elementary,35.35474,-120.040184,0.4
287249,Linden ave,33.830757,-118.186455,9.5
25155,Lindberg Park,34.004128,-118.3981,7.4
25301,Nisley Home,37.48668,-122.28668,0.3
25303,TM Lodge External,40.710495,-120.269394,0.9
287460,Saddle Ridge,39.43558,-119.71488,0.8
25407,Gravenstein School,38.360832,-122.78487,0.1
25413,Columbia,34.683052,-118.08017,12.7
25485,BROH_GENERATOR,37.84175,-122.10746,0.0
25487,Hagginwood,38.63253,-121.41821,0.0
25489,Terra Linda,38.01297,-122.55044,0.0
25507,Da Vinci high school,38.552277,-121.73316,1.1
287752,Admin,34.994328,-119.18537,1.4
25739,Pinecrest Air,38.192753,-119.98777,57.2
25745,bushrod-ext,37.8403,-122.26781,1.4
25755,Olive Orchard Dr,38.90559,-121.05723,1.6
287898,"Hills near Skyline, Napa (not a winery)",38.279385,-122.23101,0.4
25759,Foothill Horizons Outdoor School,38.01975,-120.32037,0.5
287910,Termino and E Theresa,33.77444,-118.14591,6.8
25775,6375 Thornhill Dr,37.842022,-122.2069,1.9
287976,TOWER,38.217335,-122.26449,0.4
25837,South Torrance,33.802116,-118.3525,5.8
25849,Cazadero Volunteer Fire Department #1,38.53181,-123.08557,0.0
287994,Negoesco Stadium,37.77654,-122.45407,2.0
288021,1551 Denkinger Ct.,37.96702,-121.99283,0.8
288092,Sutter Health Park,38.580025,-121.51441,2.3
288118,Los Vaqueros North,37.849876,-121.696304,1.2
288112,ssh,41.44643,-122.90018,0.0
288148,"Westhaven Drive N, Trinidad",41.059963,-124.12915,0.0
26023,Bodfish California,35.57527,-118.467514,2.0
288168,DAOU 1,35.637096,-120.77548,2.4
26033,Capacete Residence,33.713737,-117.86316,3.9
288176,Alamitos Beach,33.763893,-118.16993,7.2
288188,SBCAPCD-CAPCOA-4,34.98559,-120.44757,2.5
26057,Nevada Athletics,39.548992,-119.81291,0.3
288218,SBCAPCD-CAPCOA-6,34.940575,-120.43061,2.2
288236,SBCAPCD-CAPCOA-12,34.69203,-120.04272,3.9
288242,SBCAPCD-CAPCOA-13,34.63823,-120.469215,3.4
288248,Roof,34.081184,-118.29977,9.1
26127,"Temescal Valley, CA",33.733707,-117.42936,8.0
288288,Outpost Wines,38.59863,-122.463524,0.0
26157,AQMD_NASA_275,34.233612,-118.24376,17.6
26159,Ghausi Roof,38.536297,-121.7533,0.2
288314,🌴Mayor👨‍⚖️Fletch🌴,34.044544,-117.19132,8.2
288336,AV Sahale,34.502083,-117.25166,3.2
26231,Brookside,37.8478,-122.2403,1.5
288380,School,39.350994,-119.781075,0.5
288410,Descanso #1,32.85651,-116.57907,7.6
288436,SBCAPCD-CAPCOA-8,34.398438,-119.515854,6.7
288432,SBCAPCD-CAPCOA-2,34.739708,-120.27894,4.0
288440,SBCAPCD-CAPCOA-3,34.95738,-120.509,3.8
288470,Araby-Cholla-Outside,33.79103,-116.51429,4.8
26323,Sheridan Way Elementary School,34.28899,-119.30631,41.9
288490,LawDGH,33.94918,-116.46688,3.6
26353,Ettrick/Bemis,37.74718,-122.1269,1.7
26363,Geek Orchard,38.34834,-122.78992,0.2
26379,78 Feet High in Petaluma,38.224678,-122.63116,0.1
26405,ECOC - ROOF,38.542458,-121.33304,0.2
26431,Anacapa Middle School,34.2713,-119.24626,2.9
26479,"Valley Vista Blvd and Stone Canyon Ave, Sherman Oaks",34.14562,-118.46077,11.7
288636,Bayberry,34.172825,-118.753426,13.5
26501,Madroña,38.7446,-120.71881,2.0
288690,Gray Horse Ranch,37.81684,-121.80086,1.2
288700,Banshee Winery,38.682095,-122.83517,0.1
26553,Apple Tree Lane,33.994057,-116.962105,11.2
26561,Terrace Avenue - Arcata CA (outdoor),40.881527,-124.0769,1.6
288718,CCK,38.545204,-120.70359,1.6
26589,Newton Drive,37.36244,-122.0728,0.1
288784,Ocean Terrace Drive,33.758114,-118.37841,5.8
288792,Jaxine Drive Deck,34.207,-118.14533,20.9
26655,LCUMCC Outdoors,34.1886,-118.17959,14.1
288846,CENTRE Court,37.74661,-122.23795,1.5
288892,NDEP NSL SJC,38.349182,-119.44001,0.7
288890,NDEP NSL FMT DV,36.6375,-116.7826,1.3
289036,Tenaya Elementary,37.835114,-120.22065,1.7
289100,MDAQMD-BAR2,34.893993,-117.02467,1.7
289109,MDAQMD-ADL-EventCenter,34.555122,-117.40226,6.2
289220,Williams Ranch Elementary School,39.256092,-121.198654,17.8
289228,COS Building 11,41.412468,-122.3908,0.4
289224,Ready Springs School,39.196392,-121.18236,9.6
27109,AQMD_NASA_248,34.16477,-118.59115,11.4
27111,SAN JOAQUIN RIVER,36.851105,-119.89152,0.0
27135,Glenview Oakland,37.80239,-122.227036,0.8
289282,Home,37.952484,-121.92451,1.0
27145,AQMD_NASA_254,33.6132,-117.8535,5.1
289300,McLaren - West Bishop,37.367912,-118.442314,0.1
289332,Rose Bowl,34.16492,-118.17982,16.3
27231,Cole Valley,37.760918,-122.452156,0.6
289402,Felton,37.08565,-122.03816,0.0
27357,Meadowview Oakhurst,37.314518,-119.63796,1.5
27359,Oceanview Neighborhood Assn,37.87204,-122.30109,2.4
289532,City Centre,37.667805,-122.08599,2.1
27403,N. Olive St,34.298264,-119.29871,9.1
289580,PaloAltoWeather.com (alternate),37.431553,-122.110985,0.5
289586,DAAC 204th and Budlong,33.84558,-118.29511,9.8
289592,PaloAltoWeather.com,37.431545,-122.110985,0.5
289600,Tree of Life Montessori Charter School,39.16729,-123.20676,0.2
289602,Rancho Golancho,34.42499,-119.82291,9.3
27501,AQMD_NASA_204,33.508152,-117.64435,5.0
289774,West Leland Pittsburg Rose Monitor,38.017147,-121.93312,0.1
289776,Pittsburg Oldtown Rose Monitor,38.029316,-121.8836,0.4
289792,Lassen View Elementary School,40.54846,-122.35889,1.7
289794,JuneDownCanyon,37.767296,-119.11511,1.0
27723,CHA6,37.92925,-121.940254,0.4
289878,1005,37.4995,-121.94461,1.0
289882,Boulder Creek Elementary School,40.60056,-122.34383,0.4
27787,Baggett,38.43631,-122.76156,0.5
289958,AQEye of Sauron,33.951153,-117.97751,12.4
290174,SBCAPCD-CAPCOA-22,34.939503,-120.44598,2.4
290176,SBCAPCD-CAPCOA-26,34.926273,-120.45497,2.5
290178,SBCAPCD-CAPCOA-21,34.928253,-120.45684,3.9
290186,SBCAPCD-CAPCOA-19,34.966904,-120.4522,3.3
290196,SBCAPCD-CAPCOA-17,34.94286,-120.42091,2.6
290194,SBCAPCD-CAPCOA-20,34.95982,-120.439445,2.9
290200,SBCAPCD-CAPCOA-24,34.93999,-120.42052,3.1
290212,SBCAPCD-CAPCOA-27,34.6421,-120.458916,5.3
290214,SBCAPCD-CAPCOA-18,34.681377,-120.46039,3.1
290222,SBCAPCD-CAPCOA-23,34.954433,-120.43867,3.5
290216,SBCAPCD-CAPCOA-15,34.442043,-119.72861,10.9
290230,SBCAPCD-IRA-3,34.84762,-119.48084,3.2
290226,SBCAPCD-IRA-4,34.943897,-119.69174,2.9
290290,La Vina,34.20721,-118.16113,11.9
290318,Mountain Mill House,38.666763,-122.58686,0.0
290312,Valley Ford,38.31818,-122.923195,0.2
290328,Barn,38.673077,-122.57425,0.0
290354,Cheyenne Place,33.905468,-117.857956,13.4
290368,Mistletoe Elementary School,40.577984,-122.34893,2.0
290388,2 miles east of Oakhurst,37.32009,-119.6234,1.3
28281,BLR Water Barn,40.883266,-124.00042,5.8
28311,AQMD_NASA_214,33.971275,-117.72423,9.3
28377,SBCAPCD_Info,34.934452,-119.60947,0.4
28389,SBCAPCD_22,34.41034,-119.51703,9.9
28417,SBCAPCD_Info_20,34.431267,-119.794754,8.4
28421,SBCAPCD_Info_17,34.429707,-119.896576,6.9
28435,SBCAPCD_Info_21,34.390854,-119.50694,5.4
28437,SBCAPCD_Info,34.957584,-120.57827,1.5
28487,503 Acapulco ct. Suisun City,38.245975,-121.98715,0.0
28503,Hillsiade,33.788963,-118.33263,5.7
28515,AQMD_NASA_221,34.13388,-118.0182,10.0
28529,R1180_LEEW,33.777233,-118.243095,6.9
28593,Sierra Home,33.723564,-117.8626,7.7
290752,Huasna,35.109062,-120.37961,10.9
28667,Hammer,37.255356,-121.8867,0.3
28701,SDSU Athletics,32.772827,-117.07811,6.2
290852,Bear River Site A-16,38.55013,-120.25462,1.2
28705,Hail to The Chief,37.52851,-122.34213,0.0
28713,Swall Meadows,37.49993,-118.62346,0.2
28935,AQMD_NASA_271,33.639362,-117.87932,3.2
28965,Lucas Valley,38.05305,-122.658745,0.1
28983,CARB_SMOKE_BCAQMD_CHAPMAN,39.7263,-121.8154,14.8
29189,CCA Candlewood and Idlewood,38.623863,-121.04973,1.0
291340,TCSD,37.87626,-122.52705,0.8
29193,AQMD_NASA_265,33.63648,-117.828476,3.9
29199,CCA Centralia and Conquista,33.8395,-118.10883,7.5
29225,Rea Residence,33.73333,-117.85938,6.5
29229,Piedmond Mesa Claremont,34.114777,-117.74776,8.9
29265,Chatsworth Lake Manor,34.240105,-118.64297,10.0
29295,CCA Columbus and Riverdale,34.13873,-118.260796,12.0
29349,Front Porch Aromas,36.905457,-121.65945,1.9
291566,460 29th street,37.74367,-122.43036,1.9
291604,Russian River Brewing Company,38.44172,-122.71169,0.3
291684,NDEP NSL WAK,38.504845,-119.43802,0.2
291686,NDEP NSL HEL,36.7246,-116.975,1.1
291682,NDEP NSL TMO DV,36.8048,-117.4035,0.6
291692,NDEP NSL PAH,39.710613,-119.3854,0.9
291694,NDEP NSL REDF,39.389996,-119.7647,0.9
291688,NDEP NSL MCA,36.6466,-117.2805,0.3
291702,NDEP NSL BFC,38.893944,-119.6091,0.3
291708,East Beach,34.418236,-119.66585,7.3
29627,Cold Springs,38.161613,-120.05701,2.1
29641,Campos Residence,33.732838,-117.87969,5.7
291792,Backyard,33.829006,-118.382385,7.4
29697,CSUN Live Oak,34.23818,-118.528336,0.0
291936,Valley Park,34.179432,-118.35803,13.3
292015,Alpine &amp; 14th,37.76747,-122.4371,3.1
30051,Dacha,38.231873,-120.37277,0.8
292287,Outdoor Cypress HS,33.819546,-118.02958,9.8
30151,Skinners,38.699776,-120.998886,1.4
292329,Arbuckle sensor,37.890476,-122.270424,2.3
292331,Outdoor South JHS,33.83217,-117.88319,10.8
30221,EHC 25,32.709908,-117.14248,6.2
292391,Bergeron Roof,37.451176,-122.195114,0.2
292395,Redwood Dr,34.13668,-118.18246,15.9
292409,Main Bld Roof,37.44887,-122.19677,0.2
292411,Field House Outside Press Box,37.449398,-122.19463,0.1
292417,PSK/Kinder Playground,37.45072,-122.19444,0.2
30347,CCA Lake Terrace and Lakeland,38.41357,-121.46032,1.4
30409,Marcus,37.349274,-121.96589,0.3
292553,Harman Auditorium,37.447617,-122.19666,0.1
292629,XRDS - Middle &amp; Upper School,34.024597,-118.47303,9.0
30483,"Del Mar, CA",32.95053,-117.26437,6.1
292633,Plateau Circle,38.683655,-121.00284,0.0
292635,picfair village ogden,34.046833,-118.36541,0.0
292727,Avalon,33.97198,-118.42548,7.2
30609,"Las Trampas Regional Wilderness, San Ramon, CA",37.81217,-122.033775,1.7
292763,Backyard,37.271122,-121.8718,0.8
292775,Milford Airway II,34.106506,-118.178345,13.7
292783,YulupaCoHousingSensor,38.440956,-122.672264,0.4
30643,oram-01,33.941048,-118.1091,7.9
292795,Grey Ridge Lane,40.50845,-122.07392,0.1
292861,Diamond Valley School,38.766464,-119.80895,0.5
292873,SunRidge School,38.393177,-122.82243,0.1
30737,Adams Square,34.135517,-118.244156,13.2
292919,California Northern Pacific Railroad,38.441563,-122.68507,0.7
292915,Arcadia santa anita wash,34.119526,-118.01402,5.6
292925,"22023 Bryant St, West Hills, CA 91304",34.226997,-118.60692,15.8
292931,Carignan Way,37.289684,-121.76288,0.9
292985,Chatham Road,37.584496,-122.34681,0.8
293029,Alpine Early Learning Center,38.809967,-119.780655,0.8
293031,Bear Valley School,38.468506,-120.03872,1.0
293027,West Sac 5th &amp; B st,38.59031,-121.51301,143.3
293033,North Escalon,37.80039,-120.98403,1.1
293035,Spider Lake,39.01504,-120.26936,1.1
30929,PIONEER POINT AIR QUALITY ,35.789764,-117.362816,0.0
293133,Hollbrook Heights,37.9909,-122.02997,1.1
293129,Ravi Auditorium,37.4514,-122.19662,0.0
293151,Murphy Lobby,37.451088,-122.19619,0.0
31151,Laszlo’s Purple Air,37.751175,-122.12777,1.0
31155,Upper Cavedale,38.363735,-122.471695,1.1
31287,SPLA_002,33.703182,-117.781624,5.9
31399,COI5467,34.085285,-117.9609,5.6
293631,Entrance to Lower Unit,37.84097,-122.22201,1.7
293647,GBUAPCD_LonePineDowntown,36.60523,-118.06233,1.6
293651,PurpleAir 83:BC,34.116005,-118.21946,12.0
293659,GBUAPCD_HomeStreetMiddleSchool,37.36277,-118.40374,0.9
31533,WindhamAQ,33.772484,-118.19539,6.0
31539,Doral Ct.,37.982,-121.81094,0.6
293709,front deer hill,37.897118,-122.10668,0.9
293721,Birdland,38.436035,-122.72736,0.4
293759,Montego Key,38.089058,-122.51788,0.2
293837,GBUAPCD_ChalfantBigTrees,37.52478,-118.36083,1.1
293833,GBUAPCD_KBPT,37.36833,-118.42029,0.7
293915,Gold Ridge,38.383945,-122.86085,0.1
294053,El Medio,34.050697,-118.53205,7.9
294143,SBCAPCD-CAPCOA-25,34.93367,-120.42864,3.2
294139,SBCAPCD-CAPCOA-32,34.416924,-119.86864,6.4
294145,SBCAPCD-IRA-10,34.589172,-120.102005,4.2
294147,SBCAPCD-CAPCOA-30,34.92875,-120.423706,3.7
294180,SBCAPCD-CAPCOA-31,34.61505,-120.204765,3.6
294177,SBCAPCD-CAPCOA-28,34.641697,-120.458885,3.6
294189,SBCAPCD-CAPCOA-29,34.64526,-120.45877,3.9
294207,Morgan Hill,37.104218,-121.65701,1.8
32067,NDEP NSL Curnow,39.721,-119.62288,0.7
32123,Woodcrest Drive,37.9737,-121.98428,0.2
294313,MIRAMAR,33.813305,-118.38838,8.6
294423,1900 highway 1 space8,36.83389,-121.7728,3.8
294439,Airpace Integrated,36.905975,-121.84182,3.6
294463,Creekside,38.46119,-122.65042,0.0
294477,Jackpine-Exterior,39.253242,-119.97828,0.9
32339,Ackerman,34.116642,-118.22908,8.8
294487,Hopkins Court 2,37.646564,-121.873146,1.6
294509,Surrey St. 00-99 Block,37.73527,-122.432915,2.9
294573,"Big Creek, Pine Mountain Lake",37.844162,-120.189,1.3
32547,Sonoma State University,38.341072,-122.679054,0.5
294767,PoisonPatrol,33.863174,-118.04241,7.8
294763,EK Country Club,32.690212,-117.18906,6.5
294773,EK Fourth,32.693207,-117.171165,4.9
295103,Midtown Terrace BeerBQ,37.753513,-122.45181,1.3
32969,Nichols Canyon Road,34.122124,-118.36022,12.2
33021,Maya,38.583176,-122.82774,0.0
33029,Orchid House,32.816517,-117.24981,3.0
295181,Seven Arrows Elementary,34.016506,-118.45543,8.6
33045,1477 California St,37.790466,-122.41851,1.5
33063,Club at Harbor Point,37.885136,-122.50145,3.5
33081,Sierra Oaks 1,38.567654,-121.38987,0.7
33155,back,37.454563,-122.144165,0.1
33157,East Side Bucolic Splendor in the Grass,37.342415,-121.84453,0.0
33181,Little Holmby,34.073853,-118.43859,10.2
33235,CCA Maury and Tehachapi 2,33.835808,-118.17562,5.7
33247,Aldrich Hall,33.648296,-117.840996,5.6
33289,Peacemaker Ranch,40.39707,-122.38555,0.1
33299,UCI EH&amp;S,33.639633,-117.84985,5.1
33359,Kimaw-out,41.041924,-123.664734,1.1
33621,Outdoor Ynez,34.067856,-118.129295,0.9
33629,Nicasio Volunteer Fire Department,38.06226,-122.698006,0.3
33643,Three Sequoias,38.627045,-121.26367,0.9
33647,Cynthia Dr. Outdoor,37.955585,-122.06198,0.0
33673,Fairhaven,36.5681,-121.96127,0.0
33725,CSC Roof,38.551952,-121.428345,2.2
33743,Springfield,38.905178,-119.75459,0.7
33855,Alhambra,34.067482,-118.1384,12.0
33945,FAFE Manor,36.305305,-119.151,15.7
33997,Alcatraz Dock,37.82654,-122.4213,1.1
34003,Tuolumne Fire District,37.96197,-120.23878,1.1
34005,Summerville Elementary School,37.95608,-120.23528,1.4
34031,Tuolumne County Superintendent of Schools,37.978878,-120.3912,1.0
296187,LOBWX,35.323494,-120.829605,5.4
296201,LQ COVE,33.67207,-116.31938,3.7
296257,DRAGON_BREATH,38.010357,-122.58932,0.0
34125,PG-Lighthouse,36.617977,-121.90805,1.5
296279,Terok Nor (Exterior),40.545746,-122.49941,0.6
296297,House Eve,38.062878,-122.150375,0.5
34241,River Isle Outside,38.49075,-121.54793,0.4
296511,"41 Sugarloaf Terrace, Alamo, CA 94507",37.86591,-122.035225,1.2
34401,Palo Alto Ave between Fulton St and Everett Ave,37.454056,-122.1589,0.7
34421,Eastview South,33.74697,-118.31464,6.3
34437,SCC Hughes Stadium,38.540787,-121.48722,1.0
34445,Lassen St &amp; Springs Rd Vallejo,38.106747,-122.22689,0.5
34461,CCA Frank D Parent Elem,33.981903,-118.37517,8.0
296612,Farmer nr Cooper,37.0559,-122.07653,0.0
34481,Playa Vista,33.971844,-118.42094,6.1
296633,San Carlos Beverly Terrace West,37.48523,-122.28814,0.4
296653,La Familia - Maple,38.519703,-121.47206,1.3
296651,CRP 41st,38.516113,-121.464066,0.4
296661,Volti,38.623234,-121.5048,1.8
296663,West DPH-GA monitor,38.627907,-121.450584,1.5
34517,Westland School,34.129498,-118.486015,11.3
296659,Dphga sheed,38.644573,-121.44877,1.5
296669,Shop Class: Stockton blvd,38.54015,-121.45012,1.7
34523,Belmont - Island Park - California Cottages,37.53249,-122.26841,0.8
296667,find out farms,38.535057,-121.451004,1.7
296679,ClassicPlus,37.892628,-122.278435,3.0
296675,Strawberry Manors DPHGA sensor,38.62708,-121.4675,1.1
296693,Del Paso Manor,38.608692,-121.37834,1.4
296701,1712 Notre Dame Ave,37.52335,-122.29206,0.8
34563,Sierra Springs/Red Robin,38.69787,-120.618645,1.0
296711,Cresta Blanca,37.885128,-122.19376,1.3
296707,Palo Alto,37.437584,-122.11359,0.0
296723,Green Tech Training House,38.53586,-121.46552,6.1
34637,Piedmont Ln,37.843246,-122.000404,0.8
296839,BWPC,36.74136,-119.79464,0.8
296847,Leucadia,33.07081,-117.30331,7.4
296843,Bottom of moon canyon,34.10688,-118.21276,10.8
34711,Murple,37.79896,-122.20467,1.7
34729,Stanford Place,37.3657,-121.98905,0.3
296877,Presidio,37.789536,-122.47475,3.3
34733,San Juan Way,37.646206,-121.87638,0.7
34735,Santa Clara - San Tomas Woods,37.33113,-121.971664,1.0
296887,"Leonards Hill / Meyers Hill, Sonora",37.98925,-120.37874,1.6
296905,Barberry Lane,38.01342,-122.56184,0.0
297015,MC1,37.869053,-122.50801,2.7
34871,Downtown Campbell,37.287865,-121.94602,0.6
297039,MC-8,37.87387,-122.51382,1.4
297045,MC12,37.87462,-122.51395,1.2
297047,MC-13,37.87044,-122.5143,1.2
297049,MC15,37.8692,-122.50881,1.2
34923,Camden Outdoor,37.783512,-122.195206,0.0
34945,Sunnyside,39.130962,-120.154655,1.4
34947,Deck,37.865936,-122.28265,1.8
34975,Hayward West,37.645454,-122.11885,0.6
34987,Ramblewood,37.295242,-121.81271,0.5
34993,Ho Ko E Koo,37.92241,-122.56601,0.2
35005,Upper Hastings Ranch - N Tropical Ave,34.16927,-118.06915,11.8
35021,Amanita,38.333755,-122.67353,3.1
35027,Comstock-Dunkirk,34.055313,-118.4213,10.5
35123,Bear Valley,38.471397,-120.050186,2.7
35193,COH_CITYHALL,33.747166,-116.96762,4.4
297367,Woodbury,33.694557,-117.75592,7.1
35231,Fairview Dr,38.34057,-121.94581,1.8
297411,Bayview,37.979843,-122.48327,0.0
35307,SP @ SCV,32.798985,-117.117676,5.8
35337,Lower Springs,40.5759,-122.45702,0.7
35401,Front Yard,37.484795,-122.27963,0.0
35467,FRC Soccer Outdoor,39.950115,-120.97001,20.7
297877,Rockridge,37.845226,-122.25245,2.2
35749,Los Gatos Vista,37.225002,-121.964355,0.8
35809,valencia outside,37.761135,-122.4217,0.0
298013,1921 Bonavista Way,38.47946,-121.49391,0.0
298011,Beth Sensor,38.478798,-121.488174,1.4
35883,Orange &amp; Sheridan,37.3719,-122.11654,0.6
298189,Fairview Heights,33.980843,-118.340225,8.2
36111,Coliseum,37.758076,-122.1931,0.9
36115,Princeton,34.036472,-118.47561,9.4
36143,Brentwood School East Campus,34.067047,-118.46885,10.6
36153,Canyon Elementary School,37.82562,-122.16123,1.1
36199,37216 Spruce St,37.525017,-122.043976,0.1
36217,240 Lorton,37.578545,-122.34531,4.3
36239,Jackson Ave,37.081284,-122.09461,0.1
298391,Berkeley RSF,37.868965,-122.26318,2.7
36267,El Granada Highlands (Del Monte Rd.),37.509094,-122.468895,0.0
298433,Tahoe Tavern,39.160706,-120.143105,1.1
36309,Kings Mountain North,37.46249,-122.34684,0.7
36313,Castle Peak,39.406025,-119.644646,0.0
36343,Dawn Dr.,37.36041,-122.03321,2.6
298493,Los Altos Neighborhood,33.79658,-118.12778,7.3
298491,Colby,37.728737,-122.41364,1.7
36355,Manchester,37.84663,-122.24041,2.2
36359,Brentwood School West Campus,34.06109,-118.47584,8.9
298499,Monterey Bees,36.5894,-121.91816,2.4
36367,390-Outdoor,38.291576,-122.04105,0.2
36377,360-Outdoor,38.29053,-122.117386,0.3
298589,Scrub Jay,38.54967,-121.77978,2.1
298609,Orinda Downs,37.91008,-122.16357,0.0
298647,Old Firestone,37.40441,-122.1124,0.2
36521,Doerr Park,37.2725,-121.9176,0.0
36527,Cynthia Court,38.00055,-122.5933,0.0
298667,Oak Creek Farm,36.97701,-119.53327,3.0
36529,Western Addition,37.78008,-122.439896,1.5
36537,Untitled No. 1,34.028328,-118.46067,5.2
36559,SJGR Salinas,36.75225,-121.62232,1.6
298711,NDEP_BMCivic,40.63891,-116.93982,0.3
36587,Jolley &amp; Groton,34.200916,-118.3237,7.3
36591,GBUAPCD_NCORE_JO,37.360603,-118.32766,0.3
298765,The Clown Car,37.283268,-122.0369,0.9
36619,Empire/Pine Flat,37.0837,-122.13436,0.0
36661,Tunnel Lane,37.919846,-122.526825,0.1
36667,Lynton Ave,37.496937,-122.28706,0.6
298861,South Natomas,38.61445,-121.50051,0.0
36717,Village Green,34.020527,-118.36168,7.8
36751,THE RED BARN,39.664707,-121.86478,0.0
36997,Backyard,37.371136,-122.07571,0.1
37011,N Lemon Ave,37.43797,-122.19936,0.1
37021,White Oaks,37.491173,-122.255356,0.3
37025,B59-Mech,37.87592,-122.25308,2.0
37043,Jasmine2,34.0123,-118.39391,6.0
37061,Caputo Acres,37.31003,-121.942444,0.8
37079,Tharp Drive,37.81234,-122.11975,1.4
37095,"EL Cerrito, Gladys Ave",37.922356,-122.306755,1.3
37109,Downtown Castro Valley,37.695457,-122.080605,1.7
37111,DB Maple,36.881397,-119.74869,0.7
299279,270 Kellogg,37.438354,-122.15049,0.3
37193,Chestnut Ave - Outside,33.824867,-118.197,5.1
37217,"Forrester drive, Los Angeles, Ca 90064",34.040783,-118.402084,1.0
37223,Home,37.875195,-122.01528,0.5
37227,"Roble Alto Ct., LAH",37.37937,-122.16724,0.9
37289,Marianist Sensor,37.316486,-122.0704,0.3
299439,Vinton Ave,34.022186,-118.40363,10.5
299435,Piedmont Knoll,37.817177,-122.24115,2.4
37309,The Seven Hills School,37.922443,-122.04884,1.9
37311,Alameda Gold Coast,37.767345,-122.26726,1.4
37337,Hobart St,37.439686,-122.19027,0.5
37343,Mount Carmel Myrtle,37.478294,-122.24523,0.2
37345,PA-II,37.883907,-122.28597,2.7
37347,Worchester Ct.,37.87671,-122.02225,0.8
37365,Chestnut Park,38.555035,-121.73035,1.6
37377,SCPLB_01,33.878815,-117.90942,6.8
37393,St. Helena Primary School,38.49377,-122.46713,0.1
37455,Los Altos@Country Club,37.351147,-122.09926,0.0
37491,Bowie's House,37.820988,-122.240906,2.4
299659,808 La Jennifer Way,37.41207,-122.13535,0.1
299667,Canterbury,37.30224,-122.02019,0.8
37551,Granada Hills,34.280663,-118.471855,10.9
37597,"De Anza Dr, Vallejo",38.126163,-122.24367,0.3
299807,Bryant Street,37.44122,-122.15476,0.0
37671,"Hiddenbrooke, Vallejo Flood and Wastewater - KCAVALLE34",38.14572,-122.17824,0.5
37673,Dublin Onyx,37.711723,-121.841644,0.7
37683,LW ALTA out,33.61276,-117.74406,5.0
37703,Foster City - Niantic Dr.,37.563614,-122.26319,0.3
37711,Chickasaw Way - Raymus Village,37.829834,-121.20992,1.0
37715,Pine,37.788662,-122.4298,1.6
37733,Tripoli Outside,37.366352,-122.156,0.0
37771,Old Palo Alto,37.43703,-122.138214,0.2
37849,Waverley Street - 800 Block,37.44448,-122.15565,0.0
37885,Veteran,34.026787,-118.421555,6.9
37923,CVCHS,37.9489,-121.96903,0.5
300065,MC-14,37.86724,-122.50984,1.7
37953,Emerson and Loma Verde,37.42295,-122.1303,0.3
300103,"Daly City, CA USA - St. Francis Heights",37.684708,-122.476654,2.2
300111,5370,32.810894,-117.266884,8.4
37971,"1128 Key Route Blvd, Albany CA",37.883812,-122.29082,1.0
300197,94580,37.666893,-122.13549,0.9
38085,Campbell Ln outside,37.420635,-122.192276,0.0
38193,ARNO,37.789555,-122.18971,2.0
38295,Monteverde Dr,37.22835,-121.89521,0.8
38309,SL-S,37.879036,-122.267525,1.3
38371,670 Vernon St.,37.8201,-122.24815,2.5
38383,Across 7 Minute Hill,34.112103,-118.66069,9.6
38399,Lindenhurst and Crescent Heights,34.066563,-118.365456,4.5
38401,Loyola,37.35577,-122.08124,0.3
38413,Forebay Bridge,38.793915,-120.62736,0.9
38429,Humane Society of the North Bay,38.094574,-122.252205,0.5
38443,Grant St. Vallejo,38.08507,-122.239426,0.1
38459,Horseshoe Hill,37.930397,-122.69982,0.0
300601,MLS-Cahto-1,39.669487,-123.49608,0.1
38467,"Powell Bros. Feed &amp; Pet Supply, Inc.",38.13591,-122.25269,0.5
38481,Vista-Grande,37.63714,-122.04591,2.7
300633,800 BLK W SPAIN,38.29527,-122.473305,0.7
38503,Marina Village Way,38.045654,-122.16034,1.1
300669,3rd Ave,34.04941,-118.31949,10.1
38547,Toll Gate,37.256374,-122.04934,0.6
38589,Sign Hill,37.665333,-122.41648,2.1
38613,Hoolyrood,37.82027,-122.190475,1.6
38619,Orange Ave,38.10866,-122.561424,3.3
38641,451 Portola Rd,37.375214,-122.21993,0.3
38649,875 Terrace 49,34.114075,-118.21108,20.6
38661,Lower Favre,37.190155,-122.05823,0.2
300811,"Village Hills, Orcutt, CA",34.872868,-120.41668,2.8
38683,Lina Ave,37.78396,-122.286705,2.0
38689,Expressions - outside - alpine,37.383434,-122.04173,0.5
38723,Amaral St Union City 94587,37.604538,-122.05878,1.0
38747,Bodega Harbour - Pelican Loop,38.30899,-123.01888,4.0
38817,PVA Unit I - Outside,38.29499,-122.460655,0.1
38831,13th &amp; t,38.568413,-121.493385,1.5
38837,Outer Sunset 40th &amp; Irving,37.76217,-122.49947,3.0
38847,Reed / Ethel,37.894638,-122.537346,0.9
38851,Rose Ave,37.905495,-122.56035,0.0
38889,Branham Jarvis,37.26046,-121.89164,0.9
301095,Patio,33.696735,-117.791885,6.2
301153,Fields house.,33.71413,-117.096054,4.0
301175,NVDEP NSL DIX,39.80228,-118.083015,0.1
301182,NDEP NSL OPAL MTN,35.701763,-114.890366,1.3
39049,Woodward Lake - Outside,36.890965,-119.76891,1.4
39051,Golden Gate District,37.844685,-122.280266,1.4
301215,NDEP NSL ION4,38.88513,-117.738,0.1
301221,NDEP NSL BRS2,38.526325,-117.6305,0.4
301223,NDEP NSL WAR3,38.60947,-117.83451,0.1
39089,Alderaan,37.577778,-122.08125,0.4
39157,J.M. Amador Elementary School,37.719334,-121.842865,1.0
39171,Dublin High School,37.719486,-121.92522,2.3
39227,Danville / Diablo 94526,37.83834,-121.97487,0.6
301383,"Alamo, CA",37.85635,-121.97018,0.6
39243,FRC MPB Outdoor,39.95074,-120.96937,0.4
301385,SMDice,37.729187,-122.42698,3.0
301461,NDEP NSL BRH5,39.054436,-118.035706,0.4
301473,1244 Laurent St,36.977543,-122.042465,3.9
301489,Carmel Valley,32.961258,-117.228065,10.9
301491,Lower Hot Springs,34.42381,-119.65026,11.3
301497,NVDEP NSL GMN,37.300335,-117.260704,0.4
301505,Tabbytown,37.9564,-122.06339,0.6
301507,Tucana,33.10956,-117.18353,6.6
301589,NDEP NSL OUT1,38.326965,-117.51582,0.7
301587,NDEP NSL BLACK MTN,35.947395,-115.0504,1.4
301595,NVDEP NSL PIO,37.94737,-114.49217,1.4
39489,IRR-IRW,37.25159,-122.12254,0.0
301755,Yountville,38.40669,-122.360886,0.6
39625,-------{---(@,37.509888,-122.31773,0.5
39639,MV-Aire Baja California-00002 https://www.facebook.com/Airebajacalifornia/,32.594177,-115.4233,3.2
39645,Joe Henderson Elementary,38.082035,-122.17048,0.0
39663,Uplands,37.853695,-122.23917,1.6
39665,Mary Farmar Elementary,38.06298,-122.17026,0.1
301867,BM Road &amp; Bridge,40.645782,-116.941666,0.6
39743,Robert Semple Elementary,38.059086,-122.14695,0.5
39997,Brooks Ave/7th Ave,33.99725,-118.465614,8.3
40025,E&amp;S_Out,32.68046,-115.51657,1.4
40059,Longfellowia,37.834064,-122.2694,2.2
40101,Cameo Way,37.745293,-122.443855,2.5
302252,Dell Hollow,38.51156,-122.928825,0.3
40123,Hayfields Rd,37.38528,-122.24256,0.0
40127,Three Oaks Farm,38.38483,-122.592995,0.1
302278,Sky Valley Road,34.127068,-118.508385,14.5
40141,Corona Creek,38.250175,-122.63608,0.1
40169,Meadow,38.26402,-122.63904,0.2
40209,Rabbit House Bocce,34.169468,-118.97821,7.4
302380,Shadow Lakes,37.929394,-121.74368,0.2
40239,Garage eaves,37.428757,-122.14743,1.2
302426,18 Fairway,35.40185,-118.83761,1.0
40309,USD Athletics,32.775116,-117.183846,4.7
40399,Wagnon Rd,38.37374,-122.89728,0.3
302576,Red Hawk,37.69185,-122.40845,1.5
40449,Backyard,34.036194,-118.459694,3.8
302646,Alhambra Valley,37.967545,-122.13875,0.9
40569,Black Canyon,37.99052,-122.50996,1.0
302722,El Capitan,36.669655,-121.78208,1.8
40639,West Fullerton,33.86117,-117.96228,7.1
40709,CA Alps Cycling,38.690445,-119.795555,0.4
40721,TorrAir 5,33.86297,-118.3418,4.9
40723,Temple Isaiah,37.88941,-122.13687,1.4
40725,SE Torrance,33.802864,-118.31005,8.0
40739,Torr air - 16,33.82449,-118.348,1.2
302888,146 N. Meyler Street,33.737934,-118.2892,6.2
40757,St Simon Parish School,37.34747,-122.07906,0.1
40771,19th st,33.88979,-118.41334,4.7
40787,TorrAir M,33.83912,-118.32956,6.9
40821,187 House,33.861107,-118.33463,5.9
40827,Seaside,33.818462,-118.356094,1.4
40835,AVIS AVE,33.843872,-118.345566,0.6
40885,FPK-8,32.69179,-115.47143,8.1
40931,Carmel Valley / Del Mar Mesa,32.940727,-117.211365,6.2
303102,Little Point,32.833664,-117.28167,12.3
303126,8th and Kirkham,37.76012,-122.464775,3.8
40989,Terra Bella Elementary School,35.959682,-119.039505,1.5
303146,Eldora Drive,37.3863,-122.0727,0.2
303412,Inner Richmond,37.784966,-122.46848,2.0
303428,Jack London Square,37.79628,-122.275665,1.4
303424,Starfield - Smith Flat,38.73512,-120.75582,2.3
41393,Braddock,37.29474,-121.92653,1.1
41399,Stonehurst,37.7404,-122.17176,0.0
41447,Redwood City,37.48475,-122.21982,0.0
41461,Eucalyptus Ave (outside),37.494595,-122.261475,0.1
41553,Simmons Ln,38.123096,-122.584305,0.0
303862,Loma Verde / Cowper,37.427746,-122.12355,0.1
304000,NDEP_AustinCourthouse,39.492607,-117.07106,0.6
304002,NDEP_BMAirPort,40.60834,-116.87312,0.3
304008,SantaMonicAir,34.024815,-118.493095,8.4
304020,MC18,37.867603,-122.509735,1.3
304028,EDCAQMD Audubon Hills,38.7567,-120.704025,0.2
41915,Livermore Mars,37.65855,-121.78409,0.8
304070,MacArthur Park Outside,34.05634,-118.27962,9.9
304086,LC Meter,34.216015,-118.24005,16.3
304092,Tesoro Highlands - Santa Clarita,34.48335,-118.57005,10.9
304094,Vierra Meadows PL,36.798122,-121.65601,2.2
42003,1000 Rolling Hill Way,37.9886,-122.10574,0.9
304188,MC27,37.867596,-122.5086,1.3
42041,Hacienda Adobe,33.23373,-117.118904,0.0
304192,MC10,37.86965,-122.514565,1.2
304194,MC5,37.87199,-122.51014,4.0
42129,Pine Lake,38.231995,-120.37378,1.5
42255,NW Modesto,37.678726,-121.03959,2.1
42319,SW Turlock,37.491573,-120.859764,0.0
42327,Madison Out,36.74932,-119.70302,2.0
304546,Office Outside,37.766106,-122.28738,2.1
42453,Sanchez Way,37.46867,-122.23379,0.2
304600,Parkside,37.907337,-122.071846,2.2
42467,West Modesto,37.620506,-121.02932,8.9
42469,Weston Ranch,37.91156,-121.30275,0.0
304788,Nebraska Vallejo,38.113842,-122.23569,10.6
304794,Peter and Nancy Noble,33.86545,-117.95312,17.2
304806,"Overland alley, Vallejo",38.1079,-122.26233,0.2
304800,Beacon Vallejo,38.120686,-122.27061,0.3
304808,"Muller st, Vallejo",38.096966,-122.23151,0.1
304822,Seaview vallejo,38.13127,-122.24986,0.3
304816,Tennessee Vallejo,38.109627,-122.23328,0.2
304862,Meriwether,33.715466,-117.82537,10.3
304902,Old Ranch Road Air,34.0693,-118.504265,12.3
304954,Penny 2 Vallejo,38.13245,-122.20112,0.3
304960,Carter2 Vallejo,38.11581,-122.26137,0.2
42861,Casa Loma McKean,37.151684,-121.754295,0.8
42909,13474 Robleda Rd Los Altos Hills Ca,37.37626,-122.12563,0.0
42967,Bonny Doon,37.048027,-122.16178,0.9
305112,Sandy Neck Vallejo,38.0796,-122.21382,0.4
43019,The Willows Community School,34.023296,-118.380745,13.1
305160,Broadway and Elm 4th floor balcony,33.769726,-118.18803,7.5
43239,Front Porch,38.950886,-122.71402,0.1
305436,back ranch meadows campground,38.006256,-122.49456,0.1
43291,Chubs,37.989513,-122.10793,1.6
305564,Mueller Dr and Dant Blvd,39.48802,-119.82739,0.9
43615,980 Honfleur Ct,37.340137,-122.05407,0.6
305876,GBUAPCD_Aspendell,37.2387,-118.59442,0.9
305874,GBUAPCD_Olancha,36.2807,-118.01184,1.0
305984,Olive Tree Ct,38.750774,-121.20158,2.0
43871,Sherlock Road,37.356762,-122.15983,2.2
43881,208,37.43091,-122.140625,2.0
43887,allison,37.52222,-122.32753,0.8
43953,SJ,33.9984,-118.39771,7.6
306126,berryair,33.91561,-117.344955,15.5
306178,Villa Grande,38.475437,-123.0242,0.2
44047,Hidden Valley Estates,38.48139,-122.70219,0.0
44055,15th and Castro St.,37.766277,-122.435684,1.4
44089,27 Scott,37.769417,-122.43532,0.9
44091,Pleasanton Hills,37.6521,-121.87299,1.0
306368,Cara Ct,37.905476,-122.05202,2.3
306382,MARIETTABURG,37.73971,-122.44539,2.8
44243,Casitas Springs Community Center,34.365948,-119.30819,0.0
44289,BVW,37.882465,-122.25867,0.0
306510,HOLLYWOOD CHURCH OF GOD,34.0248,-118.34612,8.4
44563,003 FK Parking Lot,34.10921,-117.63466,8.7
44577,005- FK Shelby Forest,34.109474,-117.63598,21.1
44597,Ms.Roosevelt,36.21809,-119.09664,3.5
44633,Visalia CCAC Colocated,36.3082,-119.31298,3.8
44689,Hughson,37.599087,-120.869835,1.3
44691,North Ceres,37.60488,-120.961754,27.5
44695,Riverbank,37.73726,-120.943985,6.3
306874,Bancroft and Howard,37.584553,-122.33523,0.9
307494,Stone Boat Yard,37.76944,-122.23507,1.2
307964,NWSR,38.47654,-122.76931,0.1
45895,Chichenitza,32.63749,-115.378204,0.0
45905,Windsurfer Vallejo,38.068447,-122.20007,0.1
308070,University Outdoor,37.444706,-122.17681,0.2
308218,Spain Street House,38.2936,-122.451744,0.0
308252,Sierra Waldorf School,37.966255,-120.45172,1.1
308250,7' AGL,37.87027,-122.27886,1.8
46127,Maybelle-Masterson-Outdoor,37.789856,-122.194016,1.5
308358,Home,33.848392,-118.12667,8.8
46219,Hayward-Southgate,37.643505,-122.09951,1.3
46331,Best Ave Outside,37.777786,-122.19869,0.0
46333,Monta Loma,37.413128,-122.10088,0.1
308496,231 Arletta St,39.523674,-119.828636,1.2
46465,Lompico Park,37.104336,-122.050674,0.0
46571,Purp-kie,36.737278,-119.70873,1.1
46639,Barron Avenue,37.41208,-122.137314,1.1
308800,Brook Knoll,37.018013,-122.03122,3.6
46937,Canyon weather,34.12422,-117.74908,13.1
46941,La Canada- Fairview Drive,34.208473,-118.20167,12.5
46943,Calle Cabrillo,33.812927,-118.376564,7.7
309094,ParkviewCourt,37.332764,-122.01702,2.0
47159,Violet01,37.44228,-122.1352,0.0
309406,Talega,33.482586,-117.585045,5.1
309400,Outside,37.283672,-121.96666,0.9
309533,MineCourt,37.33226,-122.01644,2.3
47411,SCNP_16 (LOS OSOS II),35.30286,-120.849335,4.0
309654,35th &amp; School,37.79104,-122.20543,2.4
309796,NVDEP NSL TENABO,40.1637,-116.5833,0.1
309798,NVDEP NSL SWALES,40.9362,-116.0522,0.6
309800,NVDEP NSL PROSPECT,39.4497,-115.9988,0.7
309802,NVDEP NSL KNOLL,41.6315,-114.628,1.4
47673,Loyalton-1,39.67489,-120.24149,1.0
309826,NVDEP NSL TVHILL,38.4575,-118.7658,0.1
309962,Diamond J,39.432396,-119.79474,1.2
48045,STEM Club Columbia College,38.034405,-120.38633,1.8
48151,Creative Play Center,37.946674,-122.08264,0.0
48397,Tujunga Village,34.146645,-118.37487,8.2
310625,573 Santa Rosa,37.898144,-122.28208,1.9
310639,Koreatown,34.05603,-118.292564,11.9
48593,Espresso Ridge,37.220184,-121.9918,0.5
310765,Walker Ave,38.39784,-122.82143,0.0
310775,Lakeside II,37.549667,-119.97961,1.4
310937,NVDEP NSL FOX,41.0256,-119.5582,0.4
310939,NVDEP NSL FORTSAGE,40.0299,-119.9788,0.9
310951,NVDEP NSL YUCCAMTN,36.8178,-116.4674,0.8
310965,NVDEP NSL CAVEMTN,39.1612,-114.6149,0.3
311123,Griffin Ave Air,34.0821,-118.21171,11.1
48985,Holmes Ranch Rd,39.133156,-123.50448,0.0
311339,Mathilda,37.41391,-122.02497,0.0
49239,PingoAir,34.13042,-118.08408,12.1
49249,Esri-Chief-Sci-Batcave,34.02253,-117.13088,6.7
49327,MVT Outside,34.104347,-118.271454,8.8
311559,San Rafael - Dominican,37.97537,-122.51754,0.0
311577,CarmelWood,33.584583,-117.177536,4.7
311591,Larkspur Lane,38.079704,-122.55503,0.1
311821,Central Ave,36.672413,-119.92508,0.9
311923,XANABU,34.089645,-118.96809,12.4
312035,Viamonte SL-3,37.928997,-122.018425,2.0
312043,Viamonte SL-4,37.927967,-122.01912,2.0
49919,"Wood Ranch Elementary School, Simi Valley, CA",34.231415,-118.81111,12.0
49925,Ventura County Office of Education,34.21448,-118.999374,13.2
312065,195 The Alameda,37.993828,-122.57599,6.1
49943,OHS_Gym,34.2171,-119.21421,7.7
49947,Blackstock Jr High,34.16252,-119.17127,9.5
312101,Viamonte SL-2,37.92869,-122.01949,1.8
49971,Little Red School House,34.37639,-118.99994,16.3
49983,HHS_Gym,34.15984,-119.18229,
49985,Sunkist Elementary School,34.170048,-119.193504,5.9
50093,Juanamaria Elementary School,34.280293,-119.189415,8.3
312251,Viamonte SL-1,37.928406,-122.019806,1.7
312351,East Side,34.183167,-118.12475,19.9
312355,Gold Arrow Camp,37.234188,-119.16188,5.3
50233,Westlake High School,34.1611,-118.8161,13.4
50365,Laguna Vista Elementary School,34.160797,-119.0935,8.9
50367,Career Educaiton Center,34.207706,-119.075134,11.7
50371,Berryessa / North San Jose,37.371372,-121.87846,1.1
312519,Quakes,34.102966,-117.548546,10.1
50377,43rd Outside,37.83268,-122.270935,1.7
312549,Mill Valley,37.888603,-122.54245,0.9
50431,Morelos Ave,38.01452,-122.691345,0.1
50437,Crooked Palm Transportation Department,34.32526,-119.293335,10.3
50439,Campus Canyon College Preparatory Academy,34.30069,-118.84436,13.0
50457,Unocal Place,38.480507,-122.722534,0.0
312827,Tiburon Bel Aire,37.906406,-122.49794,1.8
50745,Meder St,36.97475,-122.06478,1.3
50791,"Emmanuel Temple, 6th St. Vallejo",38.085487,-122.23593,0.2
50825,Oscar St. Vallejo,38.09771,-122.2754,0.1
313025,Ohio Ave,37.452312,-122.23245,0.1
50905,Sutter Street Vallejo,38.10383,-122.25314,0.4
50917,Nebraska st. Vallejo,38.112885,-122.234085,0.3
50919,Benicia Road Vallejo,38.096992,-122.23946,10.0
50933,BuchananSt,37.887733,-122.304955,1.6
50941,BellaVista Vallejo,38.114445,-122.241264,0.5
51095,CARB_SMOKE_FRAQMD_(Main Street Wheatland),39.00816,-121.42451,1.6
51111,Lang Ranch Elementary,34.21933,-118.83298,12.8
313261,The Avenue Hollywood,34.10068,-118.34547,13.0
51129,Colina Middle School,34.182343,-118.851074,11.6
51133,Westlake Elementary,34.143333,-118.85076,10.2
51135,Banyan Elementary School,34.157986,-118.953415,9.5
51169,Terra Buena,39.144405,-121.67848,2.3
51187,Fillmore High School Stadium,34.40298,-118.918686,14.5
51189,CARB_SMOKE_FRAQMD_Norcal_Adventure_Area_Golden_Empire_Council_BSA,39.386185,-121.1633,1.8
51191,Piru Elementary School,34.41588,-118.799576,13.3
51193,YOSE @ Wawona,37.53998,-119.65821,2.9
51195,Wildwood Elementary School,34.216152,-118.8937,12.0
51211,Newbury Park High School,34.18459,-118.952065,8.4
51217,Earths Elementary,34.18276,-118.93242,8.8
51219,Fillmore High School Farm,34.386616,-118.91963,18.9
51233,Fillmore Unified School District,34.400547,-118.91723,11.4
51299,3318 Folsom St.,37.744755,-122.4136,1.8
51301,Hickory Air,37.774918,-122.42718,1.1
51323,Venice Beach,33.994316,-118.47991,12.3
51503,CARB_Dr.Fuhs,35.135105,-120.61649,3.9
51509,Cedarville-1,41.527374,-120.17192,1.3
51511,"Davis Creek, Modoc County Road Department, MCAPCD",41.730934,-120.37429,0.6
51515,Tierra Linda Elementary School,34.23201,-118.99979,6.8
51541,White Oak Elementary School,34.274742,-118.66935,14.1
51547,CARB_MPSA_BASIN_AC,37.464363,-119.72829,1.6
51551,"Royal High School, Simi Valley, CA",34.264187,-118.77393,8.6
51555,CARB_SMOKE_CCAPCD_BRETHARTE2,38.07915,-120.55189,1.5
51559,SLOAPCD_CDF,35.046833,-120.587685,0.0
51565,"Hillside Middle School, Simi Valley, CA",34.256332,-118.754616,12.3
51569,CARB_SMOKE_CCAPCD_MTWAIN,38.07551,-120.55214,1.5
51571,Rancho Rosal Elementary School,34.212307,-119.02193,10.5
51575,"Arroyo Elementary School, Simi Valley, CA",34.27373,-118.79522,11.6
51587,Briarglen,37.264412,-121.87846,0.6
51589,CARB_SMOKE_FRAQMD_PLUMAS_LAKE,39.01229,-121.55528,1.4
51597,Coffee Adventures HWY 299 MCAPCD,41.444267,-120.86978,0.7
51637,"Happy Camp, CA. Calfire Engine 2266. MCAPCD",41.451263,-121.14552,0.4
51679,Santa Rosa Technology Magnet School,34.24371,-118.879715,11.9
51687,"Adin, CA",41.19039,-120.94275,1.0
51693,Mountain Vista Elementary School,34.40815,-118.92564,11.1
51883,"Lookout, CA. Modoc County Road Department. MCAPCD",41.210682,-121.15729,0.8
51887,Surprise valley road,41.695976,-120.21504,1.0
51893,CARB_S_GBUAPCD_CosoJunction,36.051437,-117.94538,4.6
51911,Newell,41.8864,-121.3721,0.3
51957,ATLAS Elementary School,34.28453,-119.159515,12.5
314105,Church Right-of-Way,37.755646,-122.42733,0.8
51977,"Sinaloa Middle School, Simi Valley, CA",34.265472,-118.786736,11.5
51979,Sunset Elementary School,34.390686,-119.304924,7.7
51981,NC#137_Gasquet_VFD,41.846577,-123.97638,0.2
51983,CARB_SMOKE_CCAPCD_MOCRA,38.189144,-120.69137,1.4
51989,"Santa Susana Elementary School, Simi Valley, CA",34.27992,-118.71339,15.8
51995,CARB_CALFire_ParkHill,35.40748,-120.54577,0.0
51999,Park Hill Cambria,35.566257,-121.10648,6.1
52029,Montalvo Elementary School,34.255333,-119.207,9.6
52039,CARB_Hillltop,35.623245,-120.695984,1.9
52045,CARB_SMOKE_CCAPCD_VALLECITO,38.088135,-120.47451,0.0
52053,CARB_Jaycee,35.296585,-120.68457,3.8
52057,CARB_SMOKE_CCAPCD_MICHELSON,38.133774,-120.45514,1.3
52073,Tiffany,35.191444,-120.56778,4.1
52081,Yucaipa - Panorama Dr.,34.041958,-117.01609,0.2
52091,Jardín de niños María Cristina Ramos,32.65047,-115.53844,29.8
52101,Primaria Innovación Educación,32.583725,-115.36094,11.2
52125,CARB_Riverside_HQ1,33.973644,-117.340195,13.6
52179,CARB_SMOKE_CCAPCD_MOKE_HILL,38.298786,-120.70312,2.9
52205,AAD_Ione_Elementary,38.352,-120.9443,2.2
52225,CARB_SMOKE_CCAPCD_COPPER,37.981293,-120.64132,1.1
52269,CARB_PINE_GROVE_VET1,38.41296,-120.657104,1.7
52279,Willows Air District,39.531734,-122.19217,5.3
52283,CARB_SMOKE_CCAPCD_CCOE,38.080944,-120.55527,1.0
52309,NC#135_Douglas City_DCESD,40.65299,-122.943665,6.9
52335,Esparto YS,38.69641,-122.019295,0.6
52357,Dixon Migrant Center YS,38.386078,-121.774635,2.6
52377,CARB_SMOKE_CCAPCD_OAKENDELL,38.232155,-120.65547,1.3
52379,NC#125_Hayfork_WRTC,40.551342,-123.18961,2.5
52387,Winters Middle School YS,38.527603,-121.979645,44.0
52391,Markham YS,38.37019,-121.97838,2.5
52395,CARB_AAD_FORTRESS,38.431507,-120.59859,1.7
52417,CARB_SMOKE_BCAQMD_SOUTHCHICO,39.704754,-121.79231,5.1
52457,NC#126_Petrolia_Mattole VCC,40.322475,-124.28624,0.0
52463,NC#142_Crescent City_Elk Valley Rancheria,41.762142,-124.15915,0.0
52479,CARB_SMOKE_BCAQMD_PLUMAS_ELEMENTARY,39.520264,-121.575294,3.1
52489,NC#129_Blue Lake_City Hall,40.882565,-123.99205,3.6
52497,NC#131_Burnt Ranch,40.809116,-123.479645,5.5
52507,NC#139_Junction City_JCESD,40.73358,-123.05959,0.0
52515,CARB_SMOKE_BCAQMD_RICHVALE_ELEMENTARY,39.49546,-121.74946,2.5
52533,NC#143_Crescent City_Rock Creek Ranch,41.72989,-123.975746,0.0
52601,CARB_San Miguel,35.758907,-120.692764,1.7
52625,BUENA VISTA LANDFILL,38.30687,-120.91001,1.3
52629,Camanche Village,38.27004,-120.991104,0.9
52695,North Park,32.734962,-117.12317,3.5
52703,Larkey Park Neighborhood,37.91724,-122.072235,1.5
52705,CCA Fran Lou and Kitching,33.9581,-117.21782,6.8
52707,CARB_RighettiRd,35.23645,-120.59356,3.7
52723,Cement Hill,39.284817,-121.05682,1.4
52735,Cedar Gables,37.26128,-121.87854,0.7
52741,CARB_SMOKE_BCAQMD_NEALDOW,39.74957,-121.830986,3.1
52743,CARB_S_GBUAPCD_MWTCPickelMeadows,38.358833,-119.51207,0.2
52765,CARB_SMOKE_TCAPCD_EVERGREENSCHOOLDISTRICT,40.35818,-122.33304,0.5
52841,Gillespie And Mission in Santa Barbara,34.421104,-119.72398,17.0
52899,Home,37.858494,-122.26348,1.1
52913,Gossamer Hollow,37.54453,-122.23568,0.3
52917,Bracken,37.94431,-122.091156,2.1
52925,Home,37.800957,-122.447586,3.9
52927,Lower Grandview,37.39484,-122.250854,0.0
52931,Almaden Hills Estates,37.234093,-121.86431,0.8
52961,The Lab,34.039486,-117.22263,7.3
52981,Stone Creek West,38.575157,-121.28614,0.5
53021,menloair,37.44573,-122.17947,0.2
53073,CARB_Smoke_EDCAQMD Silva Valley PKWY,38.679222,-121.069824,0.3
53107,Gold Trail School,38.77196,-120.890945,1.2
53115,CARB smoke EDCAQMD Crestview,38.688923,-120.80774,1.1
53121,CARB Smoke EDCAQMD Park Dr.,38.65924,-121.0788,1.4
53135,bolognese,37.845776,-122.221695,1.9
53163,CARB_SMOKE_FRAQMD_FORBESTOWN,39.515297,-121.269135,2.5
53189,CARB_bc:dd:c2:71:24:19,32.678955,-115.482864,17.5
53201,CARB Smoke EDCAQMD EDC Federated Church,38.72865,-120.79479,2.1
53217,Edgewood Park,37.482693,-122.25265,0.1
53219,WA6TYQ Tower,37.789845,-122.148384,2.2
53227,CARB_S_GBUAPCD_NW_BigPine,37.182392,-118.30609,0.0
53229,Alta Heights,38.305733,-122.26393,2.2
53245,CARB Smoke EDCAQMD Placerville Library Outdoor,38.728947,-120.82781,1.3
53299,Cory Neighborhood,37.334896,-121.943756,1.2
53315,Skyhawk,38.46902,-122.635796,0.0
53349,Nevada City,39.27063,-120.98484,2.1
53401,South Los Altos,37.350384,-122.06914,0.8
53447,Terra Linda,38.003185,-122.55959,0.0
53455,South Willow Glen (tl),37.28256,-121.88561,0.3
53459,Upper Montevina,37.20564,-122.01327,0.9
53463,"61st St. Oakland, 300 block @ Colby",37.847775,-122.25594,2.8
53503,Elk Run,36.58021,-121.86322,0.8
53509,"Mt. Whitney Drive, Lucas Valley",38.032486,-122.57978,0.2
53517,AlmondShuey,37.89947,-122.06673,1.7
53533,Meadow Swim and Tennis,37.8698,-122.165016,0.3
53551,Charlotte,38.716656,-121.26407,2.1
53563,Daryl,37.874737,-122.161,0.9
53665,Katherine Court,37.33702,-121.93181,0.6
53705,Glen Ellen,38.36618,-122.52253,0.2
53727,"River Park, State &amp; Sandburg",38.580494,-121.43024,1.1
53801,Cinnamon Canyon LD,36.37755,-118.85108,1.2
53825,Caltech Hall,34.136917,-118.12625,14.8
53877,PA-2 Colleen,36.990856,-121.93677,1.7
53893,CCA Steerhead and Warngler,34.06079,-117.39481,66.5
53915,Yolansdale,37.976894,-122.57559,0.0
53917,Castle,37.817,-122.1979,2.0
53957,Science Village,34.14253,-118.11621,12.2
53973,10th Ave/Palm,37.558025,-122.318924,0.3
54105,Glenwood Street,37.507034,-122.26746,0.6
54119,"Hack Avenue, Campbell",37.264923,-121.97022,0.2
54129,Presidio above El Polin Spring,37.793736,-122.45456,2.0
54137,hillhouse,37.752815,-122.3938,0.8
54165,Hedgerow,37.383705,-122.06209,0.0
54169,Summit Rd,37.13286,-121.955925,1.6
54189,Brooktree Way,37.209034,-121.83564,1.1
54203,CCA Sunny Ridge and Tiffany,33.89353,-117.97033,8.1
54221,Alvin and Middlefield - Outdoor,37.414783,-122.101135,0.1
54319,Legacy Ridge,37.86563,-122.0098,0.6
54335,Somerset/ Waterstone,38.095055,-122.19071,0.0
54399,Esperanza Kel,37.38094,-122.14101,0.2
54411,San Juan Blvd,37.513393,-122.307655,0.6
54417,Quarry,37.351143,-122.12051,0.6
54447,Upper Ladera,37.395557,-122.203445,
54459,Hillvale,37.233856,-121.99346,61.5
54471,"San Jose Ave and Ocean Ave, 94112",37.723625,-122.443474,2.2
54529,Smoky the House,39.31014,-120.38561,1.9
54551,Cars may not stop,37.658905,-121.87436,0.6
54555,Mockingbird Hill Lane,37.195705,-121.83563,1.3
54595,London Ranch Road,38.362247,-122.52717,0.8
54597,Glenside,37.879013,-122.097466,1.6
54605,Quail Drive,38.047783,-120.255615,0.1
54647,CCA Anaconda and Cole,33.945774,-118.00542,11.8
54689,CCA Gibson and San Marcus,33.89789,-118.1891,4.4
54719,MorningStar,35.401463,-118.91418,0.8
54745,Granite Ridge,37.060158,-121.99086,3.4
54751,Willow,37.459682,-122.16207,0.1
54793,CCA 19th and Molino,33.791676,-118.16113,0.8
54809,ShatoRelaxo,34.198692,-118.20378,13.2
54821,Sherman Park,37.321915,-121.007095,1.1
54825,Willow Glen - Minnesota &amp; Curtiss,37.30527,-121.89363,0.6
54831,Carneros Barn House,38.241005,-122.41315,0.3
54833,Stockbridge,37.44152,-122.225044,0.2
54857,VEL AIR,37.485207,-122.2897,0.9
54885,Rawhide,39.15828,-120.151184,1.3
54887,Sun Valley,37.58546,-122.48108,0.0
54897,fritz,37.90489,-122.68822,1.0
54917,CCA 67th and Myrtle,33.876392,-118.18173,0.0
54949,CCA Boston and Charleston,33.68655,-117.90702,5.9
54959,CCA Avenida del Vista and Lark,33.86606,-117.60392,7.3
54965,CCA Donati and Villa Ridge,33.73526,-117.74145,6.4
54975,CCA 61st and Walnut,33.86557,-118.17351,8.2
54981,CCA Clematis and Shadeway,33.8436,-118.099106,8.0
55081,Aarzoo,37.83643,-122.27465,0.0
55155,Bernal Hearts,37.73814,-122.42395,0.0
55171,Timber Ridge,37.07026,-121.98965,0.0
55185,Durst Organic Growers Farm,38.752674,-122.02434,0.1
55197,Northern Viz Valley,37.715015,-122.404655,2.0
55219,BFF,37.86368,-121.99909,3306.6
55243,Harrison Gulch,40.363457,-122.96562,0.1
55253,Ridge Rd,38.093746,-122.58462,0.4
55279,Cowper St Sensor,37.867348,-122.29068,1.2
55323,Country Club Lane,38.316475,-122.49364,0.4
55325,Serrano Golf Course Area,38.692364,-121.05962,1.6
55333,359 Fernwood Dr,37.84316,-122.12095,1.0
55351,CCA Hanscom and Illinois,34.10075,-118.17341,12.0
55367,Brokedown Palace,33.75059,-116.70985,3.5
55413,On the Plaza,38.00914,-122.11271,0.7
55419,South Livermore - Hansen,37.646114,-121.76232,0.7
55433,Live Oak Elementary School,37.75365,-121.89553,1.4
55447,"Lyon Canyon - Castro Valley, CA",37.690872,-122.04122,1.4
55449,Newhall Neighborhood,37.34667,-121.9289,0.5
55457,Myrtle Vista,38.48661,-121.51117,0.8
55461,Murray Park,37.94596,-122.549126,0.0
55463,Wish we were in Fiji!,38.44529,-122.682976,0.3
55469,San Marco,38.018677,-121.97348,0.6
55473,CCA Via Casitas and Via Flora,33.92776,-117.66165,12.3
55481,Aeolus,37.734234,-122.43602,2.1
55483,Sentinel,38.68677,-120.071175,1.1
55503,CCA Borden and Carl,34.274612,-118.406845,12.0
55527,Westview,37.579018,-122.0194,4.9
55537,Park Beloit,34.04084,-118.44235,28.8
55543,CCA 209th and Royal,33.84057,-118.29482,6.6
55617,Chelton Farms OS,37.846672,-122.15043,0.7
55619,Deck,37.908585,-122.30099,1.0
55625,MVA - Alta Way,37.885876,-122.539154,1.5
55699,Viewpoint,36.98682,-121.91102,3.5
55777,ENCHANTED OZ,37.53107,-122.344124,0.0
55791,Nob Hill,37.792873,-122.41622,1.6
55807,Mendell &amp; La Salle Ave,37.736557,-122.38831,2.5
55811,Locksley,37.839294,-122.2569,1.8
55825,"Linfield Oaks, Menlo Park",37.452477,-122.16931,0.0
55829,Gerlinger Steel and Supply (Woodland),38.69481,-121.75117,4.4
55831,Rancho Santa Teresa,37.228844,-121.797195,1.2
55833,little apple in the sky,37.84068,-122.19566,1.7
55841,Glorietta and Rheem,37.86887,-122.16234,1.2
55915,Sequoyah Rd.,37.764126,-122.13902,0.0
55923,CCA Carl and Ralston,34.26589,-118.41869,10.2
55929,Wright St.,37.747192,-122.40557,0.8
55937,Gowan Creek,39.077053,-123.46229,0.0
55939,Woodside @ Olive Hill,37.439278,-122.26361,0.2
55941,Boynton Ave,37.90048,-122.273094,2.1
55949,Belveron West,37.898373,-122.488976,1.7
55951,Daly City,37.687515,-122.46275,1.9
55965,Lake Mont Pines,38.240902,-120.3744,1.5
55969,Rancho Laguna Seca,37.168655,-121.71998,2.6
55979,Shannon,37.712685,-121.942245,1.8
55983,Plateau-Skymont,37.51515,-122.31684,0.4
55991,Glenview La Cresta,37.806286,-122.2181,0.0
55993,626 Zion St Nevada City @ El 2595 Ft,39.256428,-121.024666,2.0
56005,Hillside Monitor,37.954304,-122.55595,0.0
56007,Creekside Park,37.322117,-121.850365,0.6
56009,Beresford,37.53426,-122.312645,0.4
56011,Ross Lane,38.45113,-122.88486,0.2
56021,LVE,37.864,-122.102,1.6
56027,"Browns Valley, Vacaville",38.38464,-121.976585,2.5
56029,Upper Shrader Cole Valley,37.76101,-122.4511,0.8
56031,Mario Way,37.888588,-122.15252,1.1
56033,Monterey,36.577515,-121.85851,1.3
56047,CCA Ivy Terrace and Valle,33.838673,-118.29809,7.9
56055,College Canyon Outside,34.60934,-120.13475,2.7
56069,Adele,38.324413,-122.51514,0.3
56075,Cherry,37.97287,-119.91453,1.7
56085,Chardonnay,37.66424,-121.8493,3.5
56087,CCA Montague and Telfair,34.24868,-118.4098,12.1
56089,Chenery St,37.735435,-122.43085,9.1
56109,Hill Dr.,34.143806,-118.21793,11.2
56123,CCA Andalusian and Mantova,38.459015,-121.310585,0.5
56127,Solana Beach,32.999557,-117.26265,3.3
56175,"Strathmoor Drive, Claremont Hills",37.862576,-122.225685,1.3
56177,Homestead Out,37.893044,-122.534294,0.9
56207,CCA Haddon and Weidner,34.265656,-118.43358,17.1
56239,West Mar Vista,34.008266,-118.43928,5.2
56241,San Rafael,37.978535,-122.53435,0.7
56275,Fremont (Northgate),37.585102,-122.04132,1.1
56281,Xanadu,37.8135,-122.282974,1.4
56291,CARB_50:2:91:df:80:5e,32.678932,-115.48293,3.2
56319,Murphys,38.136063,-120.48393,0.2
56347,Manzanita Ct,37.588036,-122.40134,1.1
56493,Big Tree Farm,39.127857,-123.46417,0.0
56545,WardAir,38.237217,-122.64288,0.1
56645,Miramar,37.49228,-122.45585,0.1
56701,Piney Creek Rd,39.35721,-119.83087,0.5
56727,Rio Wigwam,36.03479,-115.159355,0.0
56733,San Mateo Oaks CSM,37.529423,-122.33956,0.0
56771,NW Santee,32.87173,-117.001,4.0
56773,Whispering Springs,37.03747,-119.48666,2.9
56777,San Jose West,37.296753,-122.01293,1.0
56779,Greene Family,38.6466,-121.73964,1.8
56849,Waterfowl,38.961723,-123.12051,0.0
56909,"Johnson Lane, NV",39.02841,-119.71619,0.0
56929,Archstone Oral and Facial Surgery rooftop,37.707447,-122.45598,2.6
57001,CCA Kenwood and Torrance,33.841988,-118.297066,7.0
57107,San Mateo,37.56619,-122.32874,0.5
57153,R. O. U. S.,37.34867,-122.0978,0.2
57179,Creekside,37.30652,-121.78308,1.6
57183,Sierra City CA,39.568478,-120.63359,1.1
57249,brookvale-hsa,37.567738,-122.022385,0.0
57273,St Jerome's,37.902485,-122.290474,1.2
57467,Macistan,34.09441,-116.53227,15.7
57493,Gerlinger Steel and Supply,40.580624,-122.39186,0.9
57513,Guenser Park Air Monitoring Station,33.870506,-118.31335,4.8
57515,R1180_WILH,33.78625,-118.286026,0.0
57843,Highlands Lexington,37.51805,-122.34598,0.6
57865,Modesto_CCAC_Colocated,37.642223,-120.99437,12.6
57931,Brandywine Outdoors,37.526855,-122.349525,0.0
57937,Maine Coon Manor,37.38208,-122.027725,0.7
57951,BDF Mobile1,34.23586,-117.19023,8.4
58101,AMTS_SCANS_012,38.5257,-121.57471,1.3
58695,Marin Tennis Club,37.98095,-122.51975,0.5
58727,Fox Hill Rd.,39.277817,-121.04585,2.2
58735,Skyview,41.35421,-122.369804,0.4
58743,Lyon Hoag - Burlingame,37.58231,-122.3379,1.7
58787,Maestro Road,38.094032,-122.605316,0.4
58803,Urbandale Saugus,34.450726,-118.50952,13.0
58829,Stefani Ranch,38.70558,-122.94649,0.0
58963,West Hills Circle,38.397343,-122.84097,0.3
58991,Lake &amp; 21st Ave,37.7859,-122.48147,1.8
58995,Kings Mountain North #2,37.44611,-122.32972,0.7
59021,Madison and NH,32.76077,-117.15728,5.4
59389,Redwood Shores,37.53006,-122.2523,0.3
59455,Broadway between Hyde and Larkin,37.796574,-122.419235,0.8
59465,Sequoyah,37.759697,-122.13214,1.7
59575,Cabrillo outside,38.565834,-121.74967,2.2
59639,Belmont Canyon Rd.,37.512836,-122.31401,0.8
59641,Capital and Starlite,37.412178,-121.91108,1.0
59693,SMeast,37.084263,-121.588264,1.7
59703,261 larch,37.90165,-122.70582,0.0
59709,Redwood Oaks,37.468315,-122.217896,0.3
59735,Hell's Air Meter,37.58338,-122.49255,2.9
59737,"King Estates, Oakland CA",37.767677,-122.15605,1.2
59859,Cajun Country,39.217133,-121.06847,1.6
59861,0,37.438175,-122.18264,0.2
59873,S. Peardale Dr.,37.897408,-122.14682,0.3
59885,Mustang Mesa,37.414375,-118.5438,0.7
59887,Borrego Springs Bending Elbow,33.226418,-116.38896,2.0
59919,Del Ganado,38.01955,-122.5718,0.1
59931,"Mayfield Ave, Stanford",37.41614,-122.16014,9.1
59935,La Finisterra,37.474937,-122.425255,2.8
60009,TreaclesParadise,38.65459,-121.09073,1.1
60015,12thAve,37.76213,-122.46967,4.3
60021,Ruby Hill,37.631573,-121.80362,1.5
60025,Tech Daddy,37.68251,-121.78402,0.7
60065,Waverly Rd,37.968822,-122.56782,0.1
60067,end-of-bohlman,37.22043,-122.03443,1.3
60093,Mount Pisgah,38.42964,-122.90269,0.0
60099,Miraloma Park / El Sereno,37.73868,-122.44532,3.0
60103,"St Mary’s Garden - Moraga, CA",37.842125,-122.11588,2.2
60105,Upland Road,37.4761,-122.25474,0.0
60113,E Block,37.985245,-122.09262,1.0
60115,Belle Monti Ave,37.52149,-122.29771,1.1
60129,Cumberland,37.36458,-122.04818,0.2
60143,Highland,37.911278,-122.27718,1.7
60165,K&amp;S Lockwood,35.923088,-121.07588,3.0
60167,Bay Farm Island,37.730858,-122.236206,0.8
60171,South San Francisco Westborough Park,37.64361,-122.45865,2.6
60191,Woodcrest Outdoor,36.59356,-121.901726,2.0
60223,LLD,37.3497,-122.13199,0.2
60249,KS Outside,37.88725,-122.25717,3.9
60263,White Oak Dr,37.88873,-122.16334,1.0
60265,Lakeville landing,38.19783,-122.54742,0.7
60275,YREKA College of the Siskiyous,41.707962,-122.64873,0.8
60283,Front Porch,36.88689,-121.58291,2.2
60299,Derby &amp; Matthews (outside),37.857887,-122.2865,0.9
60313,Timber Ridge Lane,37.06883,-121.98734,1.1
60319,Sunnyvale Heron,37.335686,-122.019424,0.5
60333,Burbank,37.76955,-122.27187,2.7
60337,Stadium,37.528255,-120.85082,0.0
60413,Nove Vineyards,38.804276,-122.524055,0.2
60427,John Scott Trail (East),39.179535,-120.22475,1.8
60429,Alpine/Galloway Valley,32.831882,-116.81355,6.8
60437,Holiday Court,37.159603,-121.61313,0.6
60455,Sea Crest Vallejo,38.077187,-122.23872,2.2
60457,Rose Garden outside,37.33011,-121.93167,0.4
60479,Laurel Street,34.106876,-118.152435,8.8
60511,Kenbe la,37.744587,-122.42286,2.6
60537,TwinCreeks,37.766605,-121.97794,0.9
60549,alta,36.954903,-122.0388,0.0
60561,Carmel Mountain Ranch,32.975937,-117.07874,16.0
60563,Hammond Autowerks,38.456936,-122.671555,0.6
60577,McKinley Ave,37.867886,-122.27407,1.7
60581,Glenbrook House Rd,39.08834,-119.931595,0.0
60625,Pooky's Purple Air,37.92791,-122.07786,0.4
60645,Boys &amp; Girls Clubs of Sonoma Valley,38.30129,-122.47922,1.0
60653,Bay Farm Tonga,37.73038,-122.24074,9.1
60663,"Glenwood Ave, Willow Glen",37.297935,-121.900635,1.1
60673,"Dorrington, CA",38.29151,-120.270744,0.0
60699,Alturas Way,37.88893,-122.53541,0.0
60747,MtnLinksWayDeck,39.20184,-120.21296,1.5
60801,Panorama,37.90703,-122.14145,0.3
60815,Brentwood-MallerPark,37.942127,-121.6862,0.5
60829,QUIEN SABE,37.04412,-122.02001,0.0
60867,Rancho Suburbia,33.026768,-117.083145,19.9
60903,Skyline,38.118855,-122.22601,0.4
60947,Ione Elementary,38.349674,-120.93062,0.5
61133,Mintwood Dr.,37.96615,-121.97214,1.0
61135,Aire Air,34.023666,-118.48442,6.7
61145,Hossmoor,37.951344,-122.191696,1.7
61151,Edgewood,37.901745,-122.566124,0.3
61161,Creekside,37.941036,-122.53705,0.2
61173,Chez Smuseby,37.89725,-122.27353,1.9
61183,pine valley dr,38.44436,-122.60496,0.6
61185,"Cow Hollow, San Francisco",37.796654,-122.44107,1.1
61195,Scotia Avenue,37.754612,-122.12449,0.7
61205,Homestead Blvd,37.8926,-122.53412,1.7
61211,Mount Davidson Manor,37.729607,-122.46471,1.7
61217,Fangorn Forest,37.422993,-122.219215,0.3
61229,Poplar &amp; Elm,37.571526,-122.33356,0.4
61233,Montana St,37.922974,-122.383064,1.4
61235,EQ outside,37.909683,-122.311615,1.8
61241,"Noe, between Jersey &amp; 25th",37.75023,-122.4316,1.5
61243,Arroyo Ct,37.562885,-122.32765,1.1
61321,Full Moon Drive,37.97534,-122.27403,1.6
61345,Hurricane Gulch,37.84869,-122.48504,6.4
61389,Vista Tassajara,37.792183,-121.9088,1.5
61405,Davis - Madrone,38.56058,-121.72853,0.0
61411,tyner way outside,39.254597,-119.982895,1.3
61415,PineAireRdWashington,39.358456,-120.80171,2.5
61417,Sonoma Mountain,38.364323,-122.588554,0.4
61431,Contempo Marin,38.015995,-122.530045,0.1
61433,Chardonnay Ct,37.90204,-121.72337,0.7
61567,Briarwood,37.355392,-121.98878,1.5
61575,Kenwood - outdoors,38.409885,-122.5438,1.0
61577,Ascot Road,37.5577,-122.34552,0.4
61593,Cornell,37.55699,-122.33444,0.7
61597,Montauk Outdoors,37.2637,-122.01734,0.6
61619,Meadow View Road,37.879395,-122.157,2.3
61621,Euclid Ave,37.732586,-122.15793,2.2
61625,mousedeck,37.349792,-122.10695,0.3
61655,Las Colinas,37.12947,-121.642944,1.1
61837,Sylvan,37.53592,-122.30903,2.2
62137,Unitarian Universalist Church,36.84532,-119.73624,3.4
62183,Laurel Glen,37.529484,-121.92778,0.5
62185,Woodlands Flats,37.947636,-122.55098,0.2
62187,Selby Lane,37.451214,-122.21538,0.4
62201,Blithedale Canyon,37.913185,-122.54836,0.8
62203,Cordelia Silver,38.196434,-122.14515,0.5
62205,Club Los Meganos,37.899063,-121.7298,0.4
62207,15th Avenue,36.96255,-121.99147,4.1
62209,Kenwood Vista (elev. 725 ft),38.406635,-122.556786,0.4
62213,6XX Chapman,37.921227,-122.525055,0.3
62225,Redwood Grove,37.37327,-122.119774,0.0
62229,Chesbro Lake,37.115887,-121.70531,11.2
62233,19th &amp; Noe,37.75946,-122.43266,2.5
62249,Whisman Station,37.390087,-122.06183,0.3
62265,PVRanch - Bay Laurel,37.36117,-122.20999,0.8
62279,Francis Oaks Exterior,37.234383,-121.93943,0.0
62289,Donner Crest,39.334095,-120.21642,2.2
62299,Sutton Manor,37.905033,-122.52162,0.0
62303,Briggs Ave Outside,37.75556,-122.23005,3.7
62305,GLEN DRIVE,37.855026,-122.48827,1.4
62307,Olympia Drive,38.43444,-122.667625,0.6
62311,Rancho Seco,38.34208,-121.09964,0.7
62377,Rolando - Outside,37.701153,-122.10203,1.6
62425,Morley Way,38.56715,-121.40329,1.3
62447,Arlington L,37.93233,-122.30946,2.0
62457,Snail_OUT,37.511925,-122.30487,20.3
62473,Purple Air,38.210003,-122.62899,0.2
62481,scott st,37.816383,-122.241425,1.9
62489,Hamlin Outside,37.882404,-122.11454,1.0
62753,Chestnut Street,37.485203,-122.21965,0.6
62755,LHW,35.653374,-119.89227,8.6
62765,Crestview @ Hilldale,37.85684,-122.16931,2.7
62989,CARB_SMOKE_MCAPCD_HHSA2-CH,37.497807,-119.98206,7.7
63109,Tammberlin Vineyards,38.370735,-122.61712,0.2
63111,Marley,37.001842,-122.01962,5.5
63113,FBW,36.835922,-120.317635,3.0
63115,Camino Real,36.558426,-121.927345,1.5
63119,POM - Del Rey,36.659725,-119.59107,12.1
63125,WPCA - Delano,35.78389,-119.21365,13.5
63127,The Lakes,36.140026,-115.31036,1.3
63131,Sun Valley,37.981644,-122.54435,0.0
63133,Nancy’s Air,40.60081,-122.36651,1.9
63151,Fiori,38.391235,-122.92077,0.1
63159,Highland Park,38.018642,-122.12913,0.0
63163,Boyer Outside,37.22668,-121.97852,0.8
63205,Coyote,38.57919,-122.78807,0.0
63213,Canon Del Sol - La Selva Beach,36.92184,-121.85166,0.2
63215,301 Allen Road,37.38588,-122.28984,0.5
63217,Sacramento State Aquatic Center,38.63451,-121.21837,1.0
63221,Menlo Oaks,37.466183,-122.16898,0.0
63229,Tamalpais Ave _ Middle Ridge,37.90997,-122.55666,0.9
63231,Mississippi Bar,38.664883,-121.19527,2.6
63247,Crossgates neighborhood,37.22564,-121.87434,0.6
63249,Alviso Court,37.58768,-122.4888,1.8
63255,Tarry Rd,38.013477,-122.593765,0.8
63257,Westside,37.776756,-122.27323,2.4
63263,Foothill-K,37.664227,-121.91218,1.5
63269,German Air,37.885826,-122.039345,1.5
63273,Palomar Park,37.4797,-122.27165,0.1
63279,Backyard,37.31023,-121.98673,1.7
63281,"Kensington, CA",37.912224,-122.27648,1.5
63297,GFV,38.52278,-122.496925,0.0
63299,Chenery St 500 block,37.735027,-122.431274,1.3
63301,SouthGate,34.76447,-117.92706,2.4
63387,Abella,34.237225,-118.264435,13.6
63421,Ladera Rec,37.403973,-122.19848,0.2
63429,"Eagle Ridge, Gilroy, California",37.005367,-121.621315,2.9
63437,Craig Ave,37.277836,-121.96574,0.1
63439,Hidden Acres,38.61544,-122.851456,4.5
63465,Pacheco Street,37.745968,-122.46151,2.2
63471,HillTopVaca,38.372326,-121.98327,2.3
63479,Fairview and King,37.850513,-122.274796,1.2
63505,Tasman,37.412285,-121.94141,0.8
63507,Granite Creek Rd,37.036686,-121.99748,2.2
63509,Burton Drive,37.8272,-122.18782,2.1
63527,Bernal-Out,37.74443,-122.41126,1.4
63531,Belmont Coronet,37.513756,-122.30099,0.8
63547,8 Mariposa Ct.,37.90676,-122.49234,0.0
63577,Diamante_10,38.1604,-121.7038,1.3
63581,East Palo Alto Charter School,37.469395,-122.12782,0.0
63589,Westside EPA,37.45617,-122.13595,0.4
63593,Lower Loma Alta Ave.,37.22119,-121.970856,0.8
63599,Kavanaugh Clarence,37.475277,-122.14486,1.0
63605,fluffy,37.824673,-122.2868,1.3
63615,Court Skinner 310 Donohoe,37.46311,-122.14813,5.4
63623,East Palo Alto - Jasmine,37.455162,-122.1229,0.5
63629,Tesla Lane,38.55119,-121.78034,1.8
63635,Lincoln Street,37.465935,-122.145775,0.0
63839,Liberty Valley,38.28076,-122.7159,0.4
63847,MV/LA,37.385483,-122.09461,0.5
63849,Mountain Ave,37.82407,-122.22308,0.0
63851,Albany: Madison St,37.89342,-122.301476,0.0
63853,TERC Upper,39.258934,-119.967026,1.6
63873,Capitola Mall/Live Oak,36.970737,-121.9691,2.7
63881,Woodside Rick,37.430634,-122.26619,0.2
63883,Bull Run/Kernville/Riverkern,35.780907,-118.44433,0.8
63889,Fresno,37.88753,-122.27735,1.8
63905,Sequoia Valley Road,37.8982,-122.5591,1.1
63907,Ardilla,37.889378,-122.19815,1.0
63909,Maury Missions,37.95219,-121.93999,0.5
63925,70 grenard,37.80125,-122.42379,3.6
63933,Colton out,36.591637,-121.90228,0.6
63941,Via Recodo,37.869663,-122.53259,0.7
63949,Verdi Sierra Pines,39.52796,-120.007324,2.7
63953,Moo Ping on Hillsdale,37.530495,-122.31214,0.6
63981,Marina drive,37.767075,-122.228424,1.8
64001,Via Harriet (outside),37.669563,-122.14843,1.1
64011,834 N Claremont St,37.579227,-122.33423,0.6
64021,Top Forty Ranch,37.78368,-121.810005,1.1
64025,Braxton Park,37.924328,-122.32234,1.7
64033,Calistoga Community Pool,38.58167,-122.58657,0.1
64039,Paradise Valley Estates,38.307014,-122.029274,1.8
64049,Burnham Court,37.48884,-122.2656,0.0
64071,Lower Black Mountain,37.544655,-122.34909,0.1
64099,Castanea Ridge Road,37.293446,-122.16601,0.0
64225,Forge road,37.526337,-122.35216,0.1
64315,Darwin's House,37.141586,-121.97135,2.8
64317,BRC - Tower at BRS @ Hualapai Flat,40.882515,-119.32794,9.4
64325,Elderwood Ct,37.309387,-122.040825,1.5
64343,Special Projects,37.875397,-122.53376,1.7
64347,sjames-out,38.131184,-122.19674,0.4
64349,Ovejas West Outdoor,38.01457,-122.56725,0.0
64357,37th Ave,37.530533,-122.30481,0.2
64371,Ignacio Valley,38.069706,-122.54652,0.1
64373,Farm Road,37.391094,-122.23449,0.0
64375,Aliso Viejo Outside PAII,33.576546,-117.73126,6.2
64379,OConnell Rd,38.419224,-122.88261,0.2
64381,Naglee Park - Outdoors,37.34168,-121.87625,16.9
64383,Airjawn,37.754307,-122.44013,1.0
64389,Cleveland Heights Outdoor,37.805454,-122.243454,1.4
64391,"Adobe Ct, Danville",37.829624,-121.99819,1.9
64393,Foothill,34.459255,-119.256165,10.2
64399,Plympton,37.226246,-121.763794,1.0
64401,Omega,39.211575,-121.00338,4.1
64403,East vineland,37.243298,-121.97303,0.0
64409,Vista del Mar,37.21985,-121.96618,1.3
64419,Top of the World,33.546986,-117.75585,7.9
64421,Upper Vallemar,37.609848,-122.47224,4.0
64423,Sobrante Rd,37.8436,-122.20026,2.4
64425,EichlerCourt-Outside,37.38176,-122.08793,0.2
64429,Sequoyah,37.759933,-122.13759,2.2
64433,Bishop Estates,37.972645,-121.97494,0.4
64447,Hawthorne and Drake,36.611008,-121.9008,2.7
64451,Thea,37.407887,-122.09438,0.4
64461,Villa del Monte (West),37.123894,-121.958466,1.8
64467,Napa Dry Creek / Redwood Rd,38.31858,-122.33177,0.6
64475,Newhall Drive,37.98205,-122.51776,2.6
64477,220 Rose Ave,37.905144,-122.56322,0.0
64489,Redwood Hills,37.795773,-122.177155,2.3
64597,Galleria patio,37.4023,-121.92399,0.0
64683,Tulana Ranch,34.418007,-119.57266,7.3
64693,Outside,37.98628,-122.56603,0.1
64695,Ward Ave,39.13469,-120.159615,1.7
64703,Decanter Healdsburg,38.6568,-122.909355,0.8
64707,Hyrule,37.999165,-122.54844,0.0
64711,Stance Ave,36.993504,-121.94746,1.4
64717,Sunset Terr,37.535015,-122.32126,0.3
64723,CuriOdyssey at Coyote Point,37.59078,-122.31973,0.0
64733,Fairlands,37.677902,-122.06045,1.0
64751,McKendry,37.45836,-122.1614,0.0
64765,Riverwood ranch,34.275894,-118.318,16.7
64777,Dogpatch,37.763836,-122.3879,2.6
64779,Hill and Tamalpais,38.0991,-122.58294,0.4
64783,Galen,37.229588,-121.82575,1.5
64785,PeakView,38.899765,-119.962135,0.0
64797,1 5th Avenue Marina Bldg 28 @ El 9 Ft,37.788486,-122.26311,1.7
64819,Parrot Park,37.558784,-122.32591,1.2
64823,Santa Clara Ave at Barton St,37.450012,-122.22379,0.0
64835,MB,37.657585,-121.85825,1.1
64851,Edson-Smith Greenstone Country,38.73508,-120.91901,2.2
64857,Montego Hills,37.219116,-121.8935,1.1
64875,"John Ebbetts, Bear Valley, CA",38.46686,-120.04677,1.7
64901,Toussin,37.960167,-122.55101,0.4
64929,Gloria Ferrer Caves &amp; Vineyards,38.223984,-122.47223,1.7
64941,31st Ave Mendou Gocki,37.535995,-122.30686,0.0
64953,Near Wildwood School,37.819668,-122.23564,3.3
65107,Sunnyslope,37.514336,-122.272,3.8
65137,Strawberry River House,38.198807,-120.0048,2.3
65141,Lakeview Way &amp; Summit,37.47028,-122.26551,1.4
65161,1864 Van Buren Circle,37.369938,-122.089874,0.7
65163,Pinehill Rd.,37.557774,-122.36531,2.7
65167,"Fremont Street, San Jose",37.333233,-121.91873,1.3
65173,Palo ALto (W of University),37.451115,-122.1644,0.4
65181,Griffins Lair,38.16946,-122.51076,0.0
65195,Colusa Street,38.839954,-120.01911,5.4
65201,"Albany, CA (Evelyn)",37.885338,-122.29321,2.7
65209,Osage Circle,38.856712,-119.9966,1.9
65211,Jeanne Circle,37.976818,-122.0929,0.7
65217,Glen Cove Hills,38.082848,-122.203735,0.2
65225,Courage,37.77786,-122.17516,1.0
65229,LondonEye,37.490887,-122.27279,0.6
65233,Doe Hill,37.059986,-119.16983,3.5
65237,The Wolf's Den (Outside),37.268948,-121.80973,1.1
65243,Summit Ave,37.91602,-122.56062,2.1
65253,Magdalena,37.35873,-122.09728,0.5
65261,Santa Inez Ave,37.574253,-122.3267,4.9
65269,Vale &amp; Parr,37.26421,-121.96677,0.5
65273,1260 6th Ave,37.764896,-122.46303,2.7
65283,Midtown Solons,38.56621,-121.484406,2.5
65287,Loma Verde Outside,37.430813,-122.11976,0.0
65301,Kentucky Ave at Holmes Path,37.90254,-122.27228,3.0
65373,Wendy Lane,37.655907,-122.4905,0.0
65375,Saint Charles,37.770184,-122.26563,1.7
65413,Kittyweyr,37.925434,-122.38814,1.2
65415,Rutherford Cross Rd,38.46104,-122.41915,0.0
65421,Brackney,37.067093,-122.0805,0.2
65429,Lower Fairlawn,37.88648,-122.253296,2.1
65435,Cuttings Wharf Rd,38.245235,-122.31729,0.4
65447,PaseoAtDriscoll,37.544,-121.951,0.9
65451,North Shoreview Bayside,37.58051,-122.31568,1.3
65455,Bear Gulch Meadows,37.402428,-122.27724,0.2
65467,Chalet,38.93454,-119.94929,0.8
65475,Delta,38.004326,-121.624985,0.0
65479,Garden of the Gods,38.602974,-121.35925,1.7
65483,2800 Block Humphrey Ave,37.94821,-122.3398,1.3
65491,113 W 40th Ave,37.53025,-122.29483,0.1
65493,Tiburon Middle Ridge Open Space,37.892982,-122.470436,1.5
65499,Harms Vineyard,38.337303,-122.356224,1.0
65503,San Antonio Valley,38.183674,-122.64736,0.9
65505,Prides Crossing,37.28992,-122.017395,0.9
65507,Home,37.89469,-122.509026,
65519,Oak Terrace,37.96411,-122.0361,0.5
65547,Dollar,37.53786,-121.940704,1.6
65619,Bayhill Rd,37.43938,-122.43303,0.0
65639,Biscuit,39.151207,-123.52881,0.0
65641,1110 Bruckner,37.359615,-122.069,0.1
65643,Bernellsworth,37.7367,-122.41505,2.5
65655,Everglades Dr,37.592644,-122.468025,2.9
65657,Pleasure Point,36.958485,-121.97253,2.2
65673,Burlingame Easton North,37.58434,-122.37982,5.0
65683,Monta Loma and Central Expressway,37.404026,-122.09847,0.5
65685,Exterior,37.857655,-122.16291,2.1
65693,Spindrift,36.954983,-121.87541,6.3
65695,Western Court,36.96797,-122.05804,2.9
65697,El Prado,37.44713,-122.22715,0.2
65699,Lemon Street,37.43441,-122.19213,0.2
65711,Commodore Dr,37.63386,-122.42311,2.0
65713,15th and Noe,37.766155,-122.43277,2.8
65715,N Sage,37.358944,-122.03971,1.3
65717,Silver&amp;Black,37.275345,-121.9388,1.5
65721,Lincoln Glen,37.281696,-121.89232,1.6
65727,Bees Knees,37.27943,-121.97542,0.6
65747,Del Rey neighborhood,37.84469,-122.15404,0.0
65749,pit of despair,37.768314,-122.26963,2.2
65755,Western Air Temple,37.55692,-122.315,0.0
65757,Pratt Ave.,38.511005,-122.47669,0.2
65761,Arlington Neighborhood,38.011147,-122.1397,1.6
65763,544 63rd St,37.849075,-122.262955,2.4
65765,Alexis Dr,37.3717,-122.17311,0.2
65769,Don Timoteo Court,38.324852,-122.50414,0.5
65787,Purple Haze,37.798225,-122.17927,2.5
65807,Gualala Ridge,38.795303,-123.53005,0.0
65841,Panoramic,37.899246,-122.56445,0.0
65845,Horseshoe Bend - Lake McClure,37.70205,-120.24447,1.1
65853,Northview,37.79617,-121.93064,2.1
65867,Hays Ct - Outdoor,37.739624,-122.25726,0.0
65895,McM,37.758236,-122.41997,2.9
65899,El Cerrito - Burns Ct. - Backyard,37.919083,-122.293304,2.0
65901,6481 Farallon Way,37.84513,-122.21355,2.4
65909,Tahoe,38.944298,-119.93774,0.6
65911,180 Toyon,37.98097,-122.6003,0.0
65913,Blue Oaks,37.354107,-122.20379,0.8
65914,WaverlyAir,37.95928,-122.097244,0.6
65927,Oswego Ct,37.88072,-122.10665,2.2
65933,Hillcrest,37.97745,-122.52348,0.2
65935,Jason &amp; Rena,37.539795,-122.31272,0.0
65937,Stockholm Way,39.363045,-120.248024,1.5
65945,La Loma Drive LAH,37.351154,-122.132805,0.0
65947,Sunny Cove,36.961082,-121.98862,11.4
65965,"24151 Young court, Los Altos, CA 94024",37.35759,-122.10359,0.6
65979,Precita Valley,37.745094,-122.412506,1.8
65985,Saint Germain Avenue,37.757298,-122.45022,0.3
65989,St. John the Evangelist School,38.643414,-121.33089,3.5
65991,Fairway Circle,37.576393,-122.357765,0.9
66001,Via Ventana,37.371513,-122.16631,0.3
66003,larry,38.622356,-121.25083,1.7
66013,Skyline Resort,37.390903,-122.27697,0.2
66019,Branham and Kingspark,37.2665,-121.84102,1.2
66045,Outside House,37.507465,-122.26838,0.7
66153,South Land Park,38.532223,-121.506355,1.0
66163,Lewiston Ct,37.34909,-122.04445,0.6
66167,Philo,39.054836,-123.44503,0.0
66169,End of Echo Drive,37.142715,-121.97199,1.8
66181,ARROYO CROSSINGS,37.670395,-121.76678,0.0
66185,SanMiguelCyn / TwinLakes Dr,36.87375,-121.689995,2.6
66191,Flint Court,38.265903,-122.50024,0.6
66199,Alicante Lane,37.384464,-122.13167,0.1
66219,Vicksburg,37.317886,-122.01586,0.9
66239,10th and Fulton Deck,37.773903,-122.46757,4.1
66255,Glenmoor-Fremont,37.552814,-121.99762,0.8
66281,7027 Buckingham,37.859978,-122.22318,2.1
66299,Loma Vista,38.32664,-122.50294,0.5
66337,"Mountain View Place, San Mateo, CA",37.523067,-122.33837,1.2
66345,Murray Way,37.432182,-122.116905,0.5
66347,San Marin East,38.117123,-122.57453,0.2
66353,ReyerWalk Ranch,37.404613,-122.24589,0.0
66355,Carmel Valley Ranch,36.5185,-121.79684,0.0
66365,Stepping Stones,37.370613,-122.1054,0.3
66379,Lausanne Way,39.34576,-120.20713,6.5
66387,"Sunrise Ridge, Martinez, CA, USA",37.99652,-122.08318,0.8
66395,Sutter - Annex,37.908802,-122.309685,1.8
66397,Meadow Lane,38.105034,-122.64286,0.6
66409,1335 sunrise ct,37.35901,-122.08061,0.4
66413,HOLBROOK PALMER PARK,37.462883,-122.19119,0.6
66419,Christensen Ranch Airport,36.871403,-121.337685,1.3
66421,purrington,38.209984,-122.615295,0.0
66427,Graystone outdoor,37.21696,-121.8346,0.0
66441,WC 2 - OUTDOOR,37.916615,-122.0591,4.1
66445,Tripp Home,37.42531,-122.26891,0.0
66451,Foothill Drive,37.91426,-121.73787,0.3
66455,Rancho Penasquitos,32.958603,-117.116776,14.2
66457,BarronParkChimalusOutside,37.415623,-122.13835,0.5
66461,GLMS Lafayette,37.871204,-122.0974,1.6
66473,Anderson1,40.490303,-122.40028,1.7
66483,Parkside Drive,37.85464,-122.2427,2.1
67081,Turtle Rock,33.634087,-117.800224,0.0
67089,Forbes Ave,37.980347,-122.55187,0.0
67091,Montclair-Pinehaven,37.847454,-122.21077,2.5
67099,Hawes Right Field,37.47196,-122.23194,0.4
67115,Plant Path Research Fields,38.522293,-121.75734,4.2
67153,Sweet Drive,37.876846,-122.10596,1.0
67189,Tahoma,39.063984,-120.129486,1.6
67191,North Livermore - Pasatiempo ST,37.723,-121.726974,0.8
67193,Crest Lane Outdoors,36.91816,-121.83805,3.1
67195,4254 Lake Drive,39.300694,-120.38268,1.4
67203,Hill Top,37.93235,-122.53087,0.0
67205,outdoor yard,38.106724,-122.260925,0.0
67207,Grand View Dr (outside),37.85704,-122.23174,2.2
67213,Fernhill exterior,37.96551,-122.56764,0.5
67217,Surrey,37.772522,-122.13516,2.7
67227,Purple.LosAltos.A,37.34961,-122.07404,0.5
67241,Elysian Pk NE,34.090786,-118.24284,12.3
67255,Ezrati Outdoors,37.45812,-122.25388,0.0
67259,Luna Park,37.360275,-121.88366,0.9
67261,Barrio 29,37.791573,-122.21819,2.4
67263,Danger Stairs,37.662823,-122.45957,3.5
67265,Moraga CC,37.83611,-122.13721,2.3
67269,Upper Arastradero,37.369972,-122.190445,0.1
67271,"40 BUCKEYE, PORTOLA VALLEY, CA",37.367054,-122.20925,0.2
67279,Vasquez Trail,36.465576,-121.78044,0.9
67293,Cole Valley (Clayton and Carl Streets),37.7658,-122.447815,3.5
67301,Back yard,37.36122,-122.06952,0.6
67305,Tunitas Air,37.402145,-122.36018,1.3
67307,Kennedy,37.227036,-121.966896,0.7
67311,EWING ROAD - OUTSIDE,37.720356,-122.08364,3.4
67313,Celaya Circle MZA,37.76631,-121.97994,2.1
67323,LV outside,36.996357,-121.874214,3.0
67327,Indian Valley,38.092266,-122.576904,0.0
67343,Woodhill,37.295624,-122.043915,1.0
67349,Fontenay Villa,37.08076,-121.97402,2.7
67353,Columbia,37.725075,-122.05856,1.8
67357,10 Alhambra Ct. Portola Valley,37.38472,-122.20407,0.1
67367,BlubesAir,39.316765,-120.184456,2.1
67379,Roof,36.973373,-121.90826,2.4
67381,North Beach,37.802116,-122.4103,2.9
67393,Draeger Drive,37.846447,-122.1174,1.2
67395,WE-DavisStreet,38.44216,-122.72209,0.0
67397,Alberta Glen,37.574783,-122.398476,0.8
67399,Incline Village -Tracy Ct,39.26279,-119.96658,1.3
67409,Hazelwood at Mangels,37.732723,-122.45521,3.7
67413,Roland,37.482494,-122.267166,0.4
67415,San Carlos Hills,37.49061,-122.289856,1.0
67417,238 41st Ave,37.528053,-122.29789,0.0
67425,Phil,37.621338,-122.48103,3.5
67435,Lower Oak,38.295372,-122.66372,0.1
67441,Near Round Hill Pines,38.992867,-119.95326,7.4
67463,LaPrenda Vineyards,38.251633,-122.45026,0.8
67465,Agrinemsors - outside,36.46259,-121.729294,0.8
67477,MH outside,36.968086,-122.03695,3.7
67479,Donald Drive,37.405697,-122.131256,0.2
67483,Bridgegate,38.037453,-122.584,0.8
67511,Andiron,39.2513,-123.779594,0.4
67521,Mountainside,39.270454,-120.12842,1.7
67527,Summerhill,37.36423,-122.11379,0.9
67531,East of Tomales,38.250553,-122.88236,1.1
67533,6th Ave Btwn Lake &amp; Calif - Backyard,37.785778,-122.46506,0.0
67537,MC^2,39.286774,-120.169785,1.5
67539,The Airtight Garage &lt;=&gt; Hawthorne Court,37.994953,-122.59602,0.0
67603,University Portals,36.82034,-119.76121,2.7
67613,Purdue Hillcrest,37.9112,-122.27386,1.8
67719,908 Middle Av,37.44603,-122.18129,0.1
67749,Tim+Nomi,37.887913,-122.268074,2.7
67783,DHHWCF,38.013798,-121.84268,2.2
67787,Leona Heights,37.783703,-122.17307,2.4
67799,Hidden Lakes,37.982765,-122.08554,0.5
67801,Sunnyhills and Hillcroft Circle,37.809265,-122.23206,2.7
67805,Noel PL,37.58817,-121.99736,2.7
67811,Solvang Chalet,39.365906,-120.238304,1.6
67817,CBS_SV,36.55621,-121.91748,2.0
67819,Black Point - Grandview,38.104965,-122.50077,0.1
67827,Jetson,37.920113,-122.09037,0.5
67831,Mt Gate,39.40752,-119.7693,1.2
67837,Hillside Pool Outside,37.877342,-122.084526,2.0
67849,McAllister,37.95098,-122.5422,0.0
67889,Elk Meadow Cabins,41.32415,-124.03715,
67911,Whispering Oaks,37.194065,-121.818016,3.3
67921,South Orland,39.725834,-122.17916,15.0
67945,Yorkshire Place,37.80447,-121.91383,2.0
67959,PINE LANE,37.392467,-122.12716,0.0
67969,Bellamy,37.92763,-122.06906,2.3
67973,Corinth,38.133324,-121.293884,0.8
67975,"Terrace Ave, Kentfield",37.95597,-122.54421,0.2
67977,Club Drive,37.498543,-122.291245,0.7
67981,Oakraider,37.863846,-122.01218,1.0
67985,Forest Hill,37.74576,-122.46576,3.4
67997,Eagle Rock,37.904293,-122.51085,1.0
68025,17000 E. HWY 120 Ripon CA. 95366,37.795162,-121.100784,1.1
68057,SCT Outside,36.43751,-121.79037,0.1
68097,Ruth Court,37.46938,-122.13189,1.0
68117,Lynwood Place (Outside),36.94366,-121.797195,2.1
68157,Benziger Winery Terrace,38.360844,-122.54281,0.0
68167,Mission Blvd,38.467434,-122.67717,0.0
68179,35th St. &amp; Cerrito Ave.,37.94094,-122.33466,1.5
68291,Crestwood,37.27533,-121.888275,0.8
68321,Camp Lagunitas,38.017174,-122.69758,0.2
68333,Begen,37.375214,-122.08486,1.5
68339,Bautista Ct,37.434647,-122.11732,0.0
68347,Ceridwen,37.527138,-121.92761,0.0
68349,Potting Shed,37.900112,-122.26726,2.1
68353,Coronado Ave,37.498417,-122.458015,0.0
68357,Stockton ST,38.503876,-122.47669,7.5
68377,SERRA PARK,37.342243,-122.043686,0.9
68389,East Mulligan Hill,37.992462,-121.90095,1.3
68391,Cambridge,37.44782,-122.17427,1.1
68393,Dover Elementary,37.959187,-122.35028,2.3
68397,Ramona @ Matadero Creek,37.425735,-122.13241,0.0
68427,BRC Tower in Gerlach NV,40.65682,-119.35986,1.0
68433,5819 Zileman Drive,37.2453,-121.820816,1.0
68441,Sousa Drive,37.9116,-122.077835,1.2
68443,San Pablo Terrace,37.63505,-122.48531,2.1
68463,SKC,38.704964,-122.95406,0.0
68473,purpleopolis,38.42745,-122.65245,0.7
68497,Mingoia Street,37.657265,-121.8262,1.8
68509,South Side Yard,38.027725,-122.56037,0.2
68515,Lower Beatty,37.204376,-122.077896,0.1
68533,N.H. Hatton Road,36.54794,-121.9143,2.2
68553,Fox Hollow,37.42519,-122.26376,0.0
68573,Fifth Avenue,37.787792,-122.46373,0.1
68585,Graystone Deer Out,37.22714,-121.85765,1.6
68601,Figlandia2,37.856575,-122.27728,0.0
68603,Kenwood,38.416855,-122.55802,0.1
68605,Robson Harrington,37.973755,-122.56796,0.1
68617,Fremont Foothill Area,37.557526,-121.94553,2.5
68625,Oakdale S.Maag,37.76413,-120.82788,4.7
68629,Saint Francis Way,37.4865,-122.257065,0.3
68631,McConnell Lane,37.890648,-122.03529,1.8
68645,Kirkham outside,37.760082,-122.46552,2.3
68651,Riverwood,38.78521,-120.87171,1.5
68655,Skyline and Portola Heights Rd,37.293793,-122.15922,0.4
68657,"Gold Coast, Morton St.",37.769444,-122.26249,2.6
68661,Sarkesian Dr and Putman Way,38.249386,-122.609604,1.2
68667,Sunnyvale Courtyard (Outside),37.372013,-122.0079,0.9
68669,Cherry Street,38.243786,-122.651924,1.0
68695,yard,37.738823,-122.472466,0.0
68699,1250 Fremont Ave - Outside,37.352005,-122.07945,0.0
68707,Franklin St,37.541706,-122.503204,5.1
68711,Backyard,37.826874,-122.245255,3332.3
68713,Austin,37.652588,-122.08556,1.9
68719,Hills Of El Dorado,38.678123,-121.011955,1.2
68801,Fairway Dr.,38.245377,-120.36464,2.5
68881,Bohlman Rd and Bay Spring,37.226486,-122.040886,0.0
68907,Space Scinces Lab - UCB,37.880585,-122.24368,2.3
68939,Harbor Pegasus Racing,36.96654,-122.00283,4.3
68947,The Presentation School,38.26647,-122.46057,1.3
68951,Redwood,37.87294,-122.289795,0.2
68967,Cedar Hill,38.02555,-122.55063,6.6
68985,MID Exchequer Powerhouse,37.584507,-120.2731,2.0
69029,Pine Knoll Out,37.876053,-122.082344,1.2
69031,Rio Vista Elementary School,34.393654,-118.90688,11.0
69033,Washington Ridge,39.325836,-120.88086,2.5
69041,Thunderbird,38.05766,-122.57345,0.0
69045,Kewanee,38.64725,-121.2406,2.6
69049,"Horse Hill, Walnut Creek",37.891056,-122.03774,1.4
69055,BLS Drive and Meadow Drive,38.258194,-120.32942,2.1
69059,Edmonton Drive,39.38454,-119.777626,4.9
69061,Frenchmans Creek,37.486,-122.4458,3.1
69071,harmless science experiment,37.122826,-121.990005,0.7
69081,Tahoe,39.008076,-120.112495,1.2
69099,Petit Trianon,37.334473,-121.94605,1.5
69109,Platinum St.,37.5862,-122.00911,2.0
69117,Monterey Trailhead,37.528393,-122.31544,0.4
69123,Diamond A Point Paco,38.30272,-122.547714,0.3
69129,Pine Acres,38.373123,-120.63167,0.0
69131,Sausal Street,37.798626,-122.220345,3.4
69133,"Los Gatos , Suview dr",37.225327,-121.93972,1.0
69135,Millside Lane,37.90397,-122.55458,1.3
69143,Adeline Dr,37.58277,-122.38098,1.3
69155,Lily’s Place,38.293785,-122.484215,0.3
69173,Rolling Hills Club Tennis Swim and Fitness,38.124992,-122.60417,0.2
69185,Mid Los Altos,37.369972,-122.099785,0.2
69189,Rosecrest Terrace,37.330585,-121.92276,1.1
69191,Lexington,37.5254,-122.35356,0.0
69193,Woodside Glens (Raven),37.438015,-122.25643,0.4
69197,Arlington Way,37.463257,-122.168274,0.4
69201,North Glendora,34.142437,-117.84944,16.0
69207,Sunset Dr - San Carlos,37.491245,-122.26894,0.4
69219,Black Dog Ranch,38.726883,-122.90104,0.1
69221,Crystal Heights,38.754105,-120.78927,2.0
69227,smoke,37.819614,-121.98154,1.4
69235,"Boyd Avenue, Oakland",37.83963,-122.25525,1.5
69237,Stratford Way,37.54529,-122.31547,0.8
69243,Diamond Heights Blvd,37.74496,-122.43846,2.1
69249,manzanita at villanova,37.841022,-122.19643,1.8
69259,Summit West - Mountain Charlie,37.133663,-121.99027,2.0
69267,Calera Wine Company,36.738834,-121.37092,10.5
69269,Dick Rothkopf,37.889374,-122.45695,1.3
69283,Cherry Ridge Road,38.41454,-122.88196,1.3
69287,Gardenview,38.479656,-122.71558,0.0
69301,Amber Trail Gulch,38.751568,-120.57744,2.1
69315,Apollo Ct,38.108173,-122.60364,0.1
69329,"Gazania, Novato",38.117172,-122.57156,0.6
69331,719 Keokuk,38.241196,-122.64864,0.5
69333,Emery Cove,37.837288,-122.30952,1.9
69339,Backyard Balcony,37.524307,-122.3308,0.7
69341,Pine Knoll,39.209606,-120.961655,0.0
69353,Hillsdale and Cherry,37.272488,-121.88925,0.8
69355,GrizzlyPeakAndSummit,37.882324,-122.248436,3.1
69361,Mount Carmel,37.485394,-122.24138,1.1
69373,Moon Lane,37.381622,-122.163795,0.0
69375,Roaring Water Way,37.160606,-121.97068,1.0
69387,College-Dartmouth outside,37.41917,-122.152916,0.1
69389,333 outdoor,37.56173,-122.33853,0.8
69401,Caribbean - Outside,37.54686,-122.325294,0.6
69403,"Sunshine Gardens, SSF",37.6696,-122.43797,1.8
69415,Pacheco,37.98746,-122.075935,1.2
69417,Kings Mountain Stable,37.433132,-122.283775,0.0
69419,Diamond / Conrad,37.738354,-122.43612,3.5
69435,Black Oak Farm,38.377174,-122.42236,0.5
69439,De Anza,37.486046,-122.26066,0.5
69443,Indian Cliffs Dr,39.830868,-121.83336,3.0
69451,Jasper Ridge,38.298992,-122.45143,0.0
69459,Fairway Dr.,38.062897,-122.56314,0.0
69461,Last House,37.71373,-122.46912,1.1
69469,Agate Bay,39.235676,-120.074684,1.2
69471,Central Belmont,37.522278,-122.29751,2.4
69479,Vinvista Farm,38.316044,-122.502426,1.7
69487,Camp Quail,38.62775,-122.964165,0.0
69489,Valley Oak St,37.362514,-122.20673,0.5
69491,Leavesley at Crews,37.037693,-121.520004,4.1
69505,"590 Via de la Vista, Inverness, CA 94937",38.110325,-122.88129,4.1
69511,Ralston Ave,37.575157,-122.34957,1.1
69515,Chicken Ranch Beach 94937,38.111233,-122.86595,2.9
69517,Sanborn Park Proper,37.235,-122.06009,0.0
69519,Falstaff Road,38.373947,-122.888565,0.0
69525,Parkview,37.26804,-121.847694,0.9
69529,Glidden View,32.776573,-117.17514,6.6
69539,Henwood Ranch,39.20931,-121.356834,3.9
69541,Shelter Creek,38.32756,-122.29209,0.8
69547,Golden Rain e12,37.87871,-122.081665,1.8
69557,Ashley and Balir,37.053818,-122.076485,0.0
69565,929 Olympus Court,37.336525,-122.051765,0.7
69579,Amapola Ave.,37.613968,-122.4725,1.4
69581,Stockholm #2,39.364285,-120.246864,3.2
69583,Saddle Wood,38.118942,-122.55037,0.0
69587,Sea view,37.81957,-122.222786,2.5
69599,Aspen Ct,37.7165,-121.72919,1.2
69639,Cali oughtta be here,37.158863,-121.98413,5.6
69655,Air Wolf,37.884144,-122.25723,2.2
69671,Cambria_Leimert_Outside,35.573963,-121.10373,4.7
69673,BT,37.355865,-122.05784,0.6
69679,Merced Heights,37.72048,-122.46517,2.2
69681,Front Porch,36.876312,-121.62787,2.2
69683,Upper Valona,38.051,-122.22604,0.4
69689,The Lakes,37.92104,-121.61663,1.8
69693,HawkHaven,37.392914,-122.19657,0.2
69699,4XX S 16th St,37.3367,-121.8699,0.7
69709,McManus Cabin,37.085735,-119.29821,10.2
69715,Orange Blossom,38.011585,-122.547935,0.2
69773,SCAP_14,34.079445,-118.11298,9.9
69791,The House of the Big Blue Fish,37.37178,-122.01952,0.6
69851,3272 Thompson Ave.,37.75891,-122.226944,0.9
69859,Domaine Carneros Winery,38.25556,-122.35112,1.1
69875,Petite Sirah,37.664124,-121.90175,1.6
69881,Sun Valley - Shannon Ln,37.98734,-122.55337,0.4
69885,The Ranch Outside,37.904057,-122.49334,0.8
69889,Chapel Drive,37.8877,-122.164856,0.6
69899,The Dunes Marina,36.66424,-121.80471,1.9
69905,Churchill Ave,37.44306,-122.232414,0.3
69907,Maggie’s Farm,38.307518,-122.50066,0.8
69909,CTC 1770 Scott,37.785942,-122.43812,3.0
69913,DCK,37.40298,-122.286255,0.2
69927,Frandoras Circle,37.991257,-121.75335,0.6
69929,Vistara1,38.483406,-122.6912,0.0
69931,Blackney Ranch,38.38426,-122.837006,0.0
69941,Garland,37.439137,-122.131676,0.1
69949,Sammy's House,37.286858,-121.99189,1.0
69961,Lovall Valley,38.29377,-122.435455,2.2
69965,Golestan School,37.903416,-122.289536,2.7
69985,House,38.008663,-122.615005,0.1
69987,Bent Creek - Bridge Creek Drive,37.738503,-121.91423,1.7
69991,Page Mill Rd,37.360428,-122.17372,0.2
69993,Partridge Knolls,38.125664,-122.5761,0.4
69995,Burgandy Way,38.400013,-122.88309,0.5
69997,30 Maoli,38.02787,-122.583115,0.2
69999,Los Cedros,38.104267,-122.6115,0.2
70003,Alliance Redwoods Conference Grounds,38.43461,-122.97548,0.1
70005,Moon Mountain Road,38.339092,-122.48039,0.0
70007,Madera Gardens,37.92791,-122.52102,0.1
70011,Teahouse,37.04903,-122.02667,0.0
70013,Windsor T-S,37.44356,-122.18547,0.0
70025,8566 outside,38.55301,-122.72192,0.0
70027,Peachland Road,39.073917,-123.41452,0.1
70031,Chipper Hill,37.2521,-122.05436,1.1
70035,S 20th Brookwood,37.340477,-121.86697,0.7
70043,Elena Avenue,37.451565,-122.20408,0.5
70069,Leeward Road,38.730167,-123.48278,1.0
70075,Juniper Drive,37.470898,-122.18211,0.8
70077,Midpeninsula Regional Open Space District - SFO,37.313175,-122.18563,0.5
70079,HORN AVE,38.362617,-122.523636,0.4
70083,NCEFT,37.44717,-122.27764,0.0
70091,Orinda Country Club,37.89199,-122.18866,0.0
70097,Christmas Tree Hill,37.924404,-122.53541,0.0
70109,Krusi,37.75363,-122.24029,1.6
70125,Northstar,39.2845,-120.126656,1.4
70129,Anamor,37.45989,-122.23346,0.3
70143,South Los Altos,37.351665,-122.06778,0.2
70147,SMPH - Monroe &amp; Harrison,37.351574,-121.94915,0.4
70153,OST RidgeRunner,37.343563,-122.20047,0.4
70159,Palo Alto Ave,37.39136,-122.08944,0.2
70161,South Dish,37.40044,-122.166855,0.0
70163,Glenbrook,39.09431,-119.94153,0.5
70167,Mine,37.677536,-121.76499,1.9
70169,MASUK-ANGIN,37.932514,-122.34189,2.5
70173,Charmian,38.466255,-122.65878,3.7
70195,Sea Gate Road,38.696445,-123.43428,2.0
70197,"Brookdale Neighborhood, Carmel",36.537342,-121.8693,1.5
70215,Steve,39.763123,-120.52581,2.0
70217,TAHOE ISLAND DR,38.922325,-120.006035,0.0
70235,Pennyroyal Street,38.2922,-122.26522,0.8
70239,Garden,38.71275,-122.95569,0.0
70247,159164,37.36971,-122.34407,1.5
70249,Highlander Ranch,35.69014,-120.734795,1.6
70299,Anita Court,37.89078,-122.09925,1.0
70307,"Los Cerros, Folsom, CA",38.665226,-121.14617,2.5
70317,Middle Road,39.875286,-123.50734,0.1
70323,West Cliff,36.960854,-122.02581,4.0
70327,Hellfinger Farms,38.12412,-122.597626,4.1
70329,McBrown,38.2678,-122.71294,0.5
70353,SRJC Shone Farm,38.503876,-122.8718,1.4
70359,San Lorenzo,37.676544,-122.12063,0.0
70363,JacksonSt_AlbanyCA,37.894848,-122.30305,1.2
70375,Sharks,37.555183,-122.03878,0.0
70379,Stevens Creek Blvd &amp; N Wolfe Rd,37.324493,-122.01217,0.0
70403,100 Canada Vista,37.320427,-122.27031,0.3
70449,Corte Balboa,37.952034,-122.53239,1.3
70475,Aviator Ct,37.0524,-122.03299,0.1
70477,Buena Vista,38.866302,-121.07375,1.2
70495,Creekview Vinyards/FEVS,37.08609,-121.56962,0.0
70499,Cypress Cottage,37.63375,-122.49079,6.3
70503,Edgewood,37.45,-122.126945,0.4
70509,Twin Creeks2-Grebob,37.246185,-121.99613,0.2
70515,The Madison Outside,38.000645,-122.527374,0.1
70523,14 Arastradero,37.38335,-122.19151,0.0
70525,Medlock Ames,38.606976,-122.76003,0.0
70539,Rocky Creek Road,37.33263,-122.20542,0.6
70545,"Outside Keane Drive, Carmichael",38.591763,-121.344025,2.6
70549,M-C outside,37.877098,-122.022736,0.2
70553,West Heights,37.235275,-122.007484,3.5
70557,MARIN VALLEY MOBILE COUNTRY CLUB,38.043716,-122.52299,0.0
70569,Rollingwood / Palmhaus,37.62681,-122.44654,2.4
70571,Hobby Ranch,39.196877,-123.03556,0.1
70577,Penryn,38.855164,-121.15531,2.6
70609,Spirit Rock Meditation Center,38.018604,-122.64403,1.3
70615,Elliot St.,37.363018,-121.97121,0.4
70623,"Rosy Ln, Carmichael",38.624893,-121.32177,1.4
70631,Belmont Shores,37.533646,-122.26709,0.0
70635,MVXC - Byrne,37.320393,-122.0585,0.6
70651,LeBrun Estates,37.73332,-122.13488,0.4
70657,MTV,37.41572,-122.09658,0.0
70675,Casa Rudolph,38.088142,-122.569565,0.6
70677,JZ Outside,37.257515,-122.017265,70.7
70679,Home,37.64743,-122.468575,3.0
70685,Vinedo,37.361534,-122.141106,0.2
70689,McKinnon at Phelps Backyard 10 Ft Above Grade,37.73781,-122.392265,2.3
70691,Near Sonoma Mountain Elementary School,38.267597,-122.63163,0.2
70695,John Scott Trail (West),39.17363,-120.23333,10.5
70699,EdisonPA,37.763096,-122.23486,2.4
70701,Zhanger Household,37.680096,-122.40311,2.0
70703,West Dry Creek Rd - Koch,38.666553,-122.95513,0.0
70707,BEDlaM,37.246357,-121.915955,1.4
70719,Red Rock Rd,37.361305,-122.16213,0.2
70725,OAK SHADE LN,38.11827,-122.55762,0.0
70729,Bluebonnet,37.050243,-122.02595,0.0
70739,Pullman Ave,37.514706,-122.298454,2.7
70757,"Woodstock Circle, Vacaville",38.361134,-121.95014,5.2
70759,Natomas Park - Heron,38.667503,-121.5085,2.8
70761,Spyglass,37.91198,-121.740295,0.5
70773,Eden Bower,37.45009,-122.25441,0.0
70777,Eccleston &amp; Sun Valley,37.930737,-122.069466,0.5
70781,Joker,38.87327,-120.03987,1.7
70785,EstatesOutside,37.294132,-121.76025,1.7
70793,Culver Clarkdale,34.009174,-118.40904,8.0
70859,443 Shepherd Ave,37.312866,-121.89442,1.3
70861,Lowell Outside,37.435867,-122.14706,0.1
70871,Bear Creek Rec,37.141594,-122.08988,0.0
70877,WelcomeWay-Outside,39.41623,-119.797,3.7
70883,YOSE @ El Portal,37.67148,-119.80822,1.8
70891,Hayward Park on El Camino,37.5545,-122.3172,0.7
70893,Lunardi Electric,38.41115,-122.79491,0.0
71001,uxoman,37.703487,-121.404526,0.2
71325,"Fort Miley, SF, CA",37.7805,-122.5052,1.4
71441,Upper Coach Drive,37.968754,-122.25815,1.1
71443,MoonRiver,37.561237,-121.99151,29.1
71451,Yellow Hill,34.077316,-118.94425,8.0
71461,City Hall [COSL],37.728603,-122.159325,1.0
71471,Chestnut ST,37.511475,-122.26958,0.5
71481,KensingtonWaySJM,37.74224,-122.46113,0.5
71485,Aufmugo Sensor,37.430134,-122.149925,0.8
71491,Monte Cristo,37.97213,-122.61253,0.0
71497,Roberta &amp; Turkey Farm,37.417004,-122.26114,0.5
71503,Rear deck,37.806805,-122.22055,1.8
71525,Lower Alcatraz Place,37.908234,-122.549126,1.2
71539,M&amp;M Cerro Chico Los Gatos,37.224884,-121.963264,3.9
71541,Felton Heights,37.042908,-122.089485,0.0
71549,Coombsville,38.31389,-122.237625,1.5
71561,Blaburtings,37.84279,-122.25046,2.5
71565,Dixon St,34.446327,-119.74282,13.5
71569,Alexander Ave,37.97676,-122.54792,0.0
71577,Hartford Avenue,37.316326,-121.899376,0.9
71585,6820 Thornhill,37.840385,-122.20417,3.7
71593,Chateau,37.67128,-121.758095,1.4
71595,Washington Park Sunnyvale,37.37511,-122.0423,0.0
71603,Tipperary Court,37.743557,-122.25785,4.0
71605,Portola Hts - 5 Points,37.27389,-122.18016,0.5
71609,"Harbour Towne, Glen Cove",38.07087,-122.21457,0.3
71611,Clover rd,37.668587,-122.03626,1.7
71621,197 EL TOYONAL,37.883125,-122.20065,1.5
71639,Town and Country Drive,37.813686,-122.00026,1.9
71641,dj,37.880245,-122.03035,1.5
71733,White Hill School,38.002796,-122.60615,0.8
71753,House Wooster,38.62941,-122.86285,0.0
71755,Between Lexington and Rollins,37.586163,-122.33843,1.3
71763,476 McCall Drive Benicia Ca 94510,38.080914,-122.154526,0.2
71769,"1232 Kains Ave. Berkeley, CA 94706",37.88125,-122.29547,13.3
71771,TnTFarms,38.4064,-122.9221,0.8
71781,Cedar Street Outside,37.876698,-122.28159,2.0
71787,PAPA JOE,38.895393,-121.32332,1.1
71791,Schiller2,36.970497,-122.05811,2.2
71793,Quail Hollow Bowl,37.08128,-122.07145,0.1
71797,Oakland Near Highland OUTDOOR,37.82623,-122.233185,3.0
71799,Bayliss Pl,37.219982,-121.761406,1.0
71813,Sunland,34.273727,-118.305725,22.5
71829,Vacaville High School,38.360287,-121.99623,2.6
71841,"Pine Mountain Lake, Groveland, CA",37.851276,-120.18167,0.0
71845,Valley Street,37.86408,-122.28426,0.8
71847,N. Inyo St. Ridgecrest,35.641666,-117.69208,0.0
71921,Pilgrim Outside,37.38931,-122.09552,0.0
72079,The Little School,37.785213,-122.44454,7.8
72081,California State University Maritime Academy - PEAC,38.075485,-122.23302,0.7
72101,Cowper Air,37.44531,-122.154236,0.6
72251,Clio | Mohawk Meadows,39.721348,-120.56694,2.8
72253,Buena Vista Outside,37.1509,-122.1251,0.3
72263,580 Old la Honda outdoors,37.38333,-122.25378,0.0
72269,Dawn Drive,37.36091,-122.03377,2.1
72299,Bryant Place,38.563095,-121.71395,1.1
72309,FLWOD,39.25924,-119.979744,1.6
72325,Peach,37.75722,-122.46616,3.2
72333,Spring Street Outside,36.982567,-122.04551,0.0
72337,Aliso Woods Canyon,33.541534,-117.72325,5.6
72343,VBCPhD2,37.51936,-122.339325,0.8
72459,San Gabriel Village,34.089813,-118.102165,15.0
72469,Thoreau Circle,37.900463,-122.5185,1.6
72475,Madrona Springs,39.234596,-120.9885,2.4
72477,Blewett-Willow1,37.308563,-121.89927,0.0
72479,Texafornia,37.466072,-122.2543,0.5
72485,Dirt Alpine,37.321625,-122.18916,0.2
72497,Belmont,37.517548,-122.274185,0.8
72499,TC Marna,38.33017,-121.96168,1.0
72501,Passionfruit Studio,37.98094,-122.29035,1.0
72503,Ridgetop Ranch,37.23949,-122.33049,0.3
72527,Ross@Chabot,37.84919,-122.24657,1.8
72549,Leways,37.886875,-122.26428,2.1
72553,Funston &amp; Traval,37.743374,-122.469154,3.0
72567,Pasture,37.70825,-122.10634,0.4
72573,Sensor3,36.82974,-121.64596,1.6
72577,Tahoe - Outside,39.281662,-120.150795,1.4
72581,MOUNTAIN VIEW,37.387848,-122.0798,0.3
72597,San Bernabe,36.589924,-121.90349,0.0
72599,MSC - Outside,38.027554,-122.570885,0.0
72603,S 18th St.,37.3394,-121.868706,20.0
72609,6948Ridgewood dr,37.83784,-122.19775,2.8
72613,Pinehurst Cabana Club,37.27263,-121.86842,0.8
72615,Carlmont Outdoor Sensor,37.50635,-122.29076,1.3
72795,Windsong Ridge,37.919083,-122.10432,0.2
72809,"Cedar Street, San Carlos",37.50806,-122.26951,0.4
72813,Vista Park,37.26401,-121.85738,1.6
72827,Valencia 20th,37.75838,-122.422386,0.0
72893,Fremont Ave / Oakhurst Ave,37.352345,-122.08342,0.1
72899,Westside Road,38.577606,-122.87724,0.1
72903,Bearman,39.10681,-123.49967,0.0
72905,Oakville Crossroad,38.445232,-122.385284,5.8
72917,Dunaweal Lane,38.56561,-122.557465,0.0
72927,Spur Trail,37.594467,-122.3995,0.0
72951,641Vistamont,37.90144,-122.2629,2.5
73087,Bridgeway Lakes,38.53357,-121.57614,1.1
73101,Merrill@Circle,37.825848,-122.10734,3.0
73109,310 Carolina St,37.764538,-122.40089,1.4
73111,Burgundy Hill,39.24751,-119.93351,2.1
73117,Funston Ave,37.785404,-122.47195,1.6
73135,Troon Avenue,34.040134,-118.41064,8.8
73137,Kentfield,37.955566,-122.54541,0.0
73139,Ghirard Rd - end,39.350906,-120.17084,2.6
73145,Las Brisas Park,39.54146,-119.87232,0.9
73149,Limerick,37.7412,-122.2509,1.4
73195,Hihn/Azalea,37.074978,-122.07756,0.0
73215,Pacific Elementary School,37.011806,-122.19473,0.0
73219,CV Village,36.481075,-121.733665,1.7
73223,McLaughlin Reserve - mgr res,38.866436,-122.40198,0.0
73229,Green Verdugo Hill,34.254223,-118.34204,11.7
73231,Air Test 1,37.73921,-122.24903,1.9
73237,Silver,37.728706,-122.41765,2.1
73239,Jack's House,37.97246,-122.50989,0.0
73247,Mendocino Front Porch,39.31007,-123.75244,0.5
73263,Pacheco Valle (Novato),38.04919,-122.55154,0.0
73265,Ridgecrest,37.940605,-122.55565,0.0
73267,DHC,38.596745,-122.53148,0.0
73269,Eden Valley,39.050926,-120.99209,2.2
73273,Alturas Drive,37.574825,-122.39338,0.0
73491,Green Valley Estates,38.24776,-122.16866,0.8
73495,Enchanted Knolls Shelley,37.9007,-122.524796,0.7
73497,Florence Court,37.12816,-121.6647,1.9
73501,Aurora,37.66189,-120.99674,0.0
73507,Lowrey Rd,37.748894,-122.118324,1.2
73515,Bannock Circle,37.274788,-121.984795,2.1
73527,Partrick Road,38.31281,-122.370674,0.0
73533,Trump sucks - Vote him out!,37.91392,-121.590744,2.1
73559,Ojibwa St,38.858486,-119.99915,1.6
73571,Lola and Papa,37.932735,-122.52515,0.0
73589,HolbrookHouse,37.05646,-122.02592,0.0
73601,Cannery Outdoors,38.565853,-121.74078,2.0
73669,geosynch air,37.386703,-122.09437,0.2
73673,KAC_PhD,34.25892,-117.20848,10.2
73683,Harper Court,36.97484,-121.989395,1.9
73685,"Midpine way Sebastopol, CA",38.36575,-122.8189,0.1
73687,Mill Valley Tennis Club,37.907124,-122.53849,2.6
73707,Pomponio,37.368534,-122.2084,0.3
73715,Carquinez Ave -- El Cerrito,37.931435,-122.3122,2.2
73733,Pratt Barn,38.51779,-122.47275,11.9
73737,BV.SM Upper,37.52873,-122.29782,0.0
73785,Ozdachs,37.75326,-122.4335,1.9
73823,Big Trees - Sierra Parkway,38.303337,-120.26728,1.1
73863,Zen cabin,38.98548,-120.88208,2.0
73899,SGA Sensor,37.97025,-122.54552,0.7
73919,736 Le Mans Way,37.485394,-122.44131,3.0
74029,Smokey McSmokeface,37.738834,-122.25608,3.7
74041,Eagle Chase,39.54255,-119.93722,1.1
74093,Bartlett,37.749584,-122.41888,1.9
74095,2320 Blake Street,37.863605,-122.2619,14.2
74151,PC2,37.91137,-122.475,1.4
74157,Parker Street,37.86248,-122.26398,1.8
74183,Shear Creek,37.202442,-122.06677,0.0
74205,AlpineCircleMammothLakes,37.650867,-118.97999,0.2
74253,Lindsay Wildlife Experience,37.92349,-122.075874,1.1
74363,Petaluma Library - Outside,38.242466,-122.63143,0.2
74367,Sonoma Valley Library - Outside,38.292885,-122.472595,0.6
74397,Larkspur,37.932144,-122.53499,0.1
74413,Big Concrete Wall,37.738945,-122.40912,2.0
74415,Patio,37.288113,-122.00644,1.0
74417,Skyblue Mesa,34.4342,-118.482796,14.1
74461,Lower Mines,37.636433,-121.71171,0.1
74467,Back Yard,38.283348,-122.256294,1.0
74481,Applegate,37.741848,-122.253716,1.7
74483,Bond Court,37.222633,-121.96055,0.8
74501,Bellevue,37.567226,-122.34356,0.0
74519,Villas at Rancharrah,39.468613,-119.79857,0.8
74527,Cypress Way,38.435413,-122.67901,0.0
74529,Edgefield Drive,36.56183,-121.90849,2.5
74717,Healdsburg Library - Outside,38.614544,-122.87037,0.3
74719,Rescue Redbud,38.727676,-120.96469,1.0
74721,Rohnert Park Library - Outside,38.34892,-122.7035,0.3
74725,Windsor Library - Outside,38.549294,-122.81399,0.2
74733,The Silos,37.87522,-122.30107,2.3
74737,"Old Soda Springs Rd., Elev: 900 ft.",38.37611,-122.266914,2.1
74745,Villa San Benito,37.680435,-122.40478,2.3
74747,Central Library - Outside,38.44139,-122.710655,1.0
74749,Ocean Hills Golf Course Hole 10,33.159927,-117.26419,6.2
74825,Nobel Gulch Park,36.97698,-121.95003,2.7
74829,Hill Crest Acres,38.65318,-121.27501,2.2
74841,Walt Disney School Park,37.739937,-121.93608,2.8
74865,Heritage Pointe,37.58805,-122.03514,1.3
74967,County Station 5,38.46552,-122.66599,0.0
74979,60L,38.07123,-122.82835,0.0
75015,Jessie Ln,38.252335,-122.65354,0.0
75019,The Cosmic Center,36.816586,-121.73004,1.9
75027,Greenwich and Laguna,37.79952,-122.430435,3.5
75121,rex manor outside,37.402657,-122.087944,0.4
75133,Brentwood Park,34.055813,-118.48607,5.6
75139,Hudson-Shafter,37.841827,-122.254364,2.2
75153,Spyglass #16,36.586884,-121.94758,1.9
75155,Blue Dot,38.050907,-122.69058,0.2
75175,Backyard,38.111942,-122.57342,0.0
75187,Walsh Lane,37.98403,-122.594124,0.0
75199,Rancho Santa Margarita,38.036503,-122.64921,0.6
75213,Residential Outside Home,38.0805,-122.148895,0.0
75223,Zinn Drive,37.82756,-122.20563,23.5
75245,near De Anza HS,37.967976,-122.28546,1.9
75273,"Hamilton Road, Clarksburg CA",38.38079,-121.5916,1.4
75275,The Airborne Institute #1,32.69682,-117.18461,5.9
75287,Back Yard,38.123577,-122.2097,0.4
75323,OFS,37.890446,-122.11845,1.2
75331,Vacaville Unified School District,38.36473,-121.95396,2.6
75343,House Family,37.27588,-122.049255,0.8
75349,Chateau,38.318317,-122.60752,0.6
75493,Roblar Valley N,38.325253,-122.790504,7.4
75515,Johnson Blvd,38.94152,-119.96742,2.2
75529,Wedgewood,38.49086,-122.70185,0.0
75631,HOL,34.08801,-118.38403,10.3
75695,McCarty,37.38479,-122.07004,0.2
75717,St. Francis Wood North,37.739807,-122.46125,3.5
75721,South End of Jean Dr,38.385128,-122.82512,0.0
75729,Old Spanish at Lake,37.346348,-122.202446,0.6
75753,"Corallitos, CA",36.978012,-121.82062,4.0
75759,Debra Ct - Outdoor,37.86749,-122.16845,0.8
75761,"40997 Road 612, Raymond, CA",37.2722,-119.80097,0.0
75763,Glenwood,37.964283,-122.569016,0.0
75765,Granelli Ave.,37.45922,-122.438095,0.0
75773,Shelden and Redwood,37.313877,-122.27432,0.0
75775,Castle Hill Drive,37.134506,-121.686935,2.7
75825,Bauer Drive,37.49389,-122.27011,0.6
75833,650ish Creston,37.90086,-122.26498,1.6
75837,Del Prado,37.665527,-121.89792,1.1
75839,San Vicente / Cynthia (outside),34.08669,-118.38481,11.1
75887,Ben Lomond- Outside,37.086357,-122.08739,0.5
75983,17xx Hamilton Ave,37.44976,-122.13292,0.5
75987,Park/Fernando,37.42236,-122.131996,0.6
76005,6 Indian Rock Ct,37.901478,-122.48937,1.3
76041,Pug House,37.713947,-120.460976,1.6
76051,Baba House - Golden Hinde BLVD,37.99761,-122.54727,0.0
76071,Skyline/Hansom,37.778927,-122.13869,2.3
76097,Old Creek,37.05382,-121.66002,4.0
76125,TRIS Oakland Campus,37.80341,-122.21595,1.3
76135,dagetthome,38.9655,-119.927086,0.6
76137,3040 Outside,37.42612,-122.12958,0.8
76175,pool,37.478813,-122.26344,0.2
76269,slhess.com,35.13473,-119.47755,4.9
76347,Autumn Winds - Elk Grove Greens,38.40404,-121.43732,1.0
76355,Sunset Drive,38.619263,-122.8479,0.0
76369,Bennett Valley 5400s,38.41267,-122.64163,0.3
76373,OnTheCliff,36.962433,-122.05608,2.3
76377,Outside on Shed,37.516045,-122.29235,0.0
76381,Fewtrell,37.28812,-121.93039,0.7
76383,Whitehawk,39.716995,-120.55627,2.0
76387,Odessa Sunset,37.482838,-122.18921,0.4
76389,Ridgewood2,37.85643,-122.038185,1.2
76393,Silver Fox Ranch,37.609947,-120.2021,0.0
76397,Parkside,37.415222,-122.11098,0.1
76401,Lewis Lights,37.3816,-122.0528,0.4
76403,Steele Lane Community Center,38.46066,-122.722115,0.3
76407,Elm,37.93185,-122.528595,3332.8
76417,Red Hill Circle,37.88042,-122.46268,1.1
76427,Finley Pool,38.444427,-122.750374,0.2
76447,Husted-Fairdell,37.277367,-121.90279,0.5
76451,Seven Hills Riviera,37.59344,-122.00118,0.9
76463,Inverness,37.99428,-121.88619,0.5
76481,Wilbur,38.45768,-122.70941,0.0
76483,Sierra Pelona Ridge AQ Station,34.51352,-118.15334,7.2
76499,Harper,36.568073,-121.70494,0.2
76511,Highridge Park,33.76684,-118.3816,6.1
76521,PA-II,38.515057,-121.53451,13.6
76563,DLC-Los Olivos,34.66495,-120.11821,2.5
76571,Lakeview near Margaret,37.717407,-122.45227,0.3
76575,CValleVista,34.188347,-118.95974,9.8
76583,Saratoga Heights,37.244698,-122.041664,1.3
76597,Camden Near Butcher Park,37.2575,-121.915924,0.3
76601,Pinole elevation 200 ft.,38.002472,-122.30195,0.0
76611,Grapeland,38.82898,-122.99734,0.1
76625,Hiller St,37.52998,-122.28475,0.2
76627,Bancroft Ave,34.09721,-118.25768,0.0
76719,Jennifer Dr,38.3803,-122.970604,0.1
76729,MSP,37.882484,-122.2796,1.9
76735,Josephine,37.87885,-122.2754,1.9
76749,Menlo Park VA Medical Center,37.46914,-122.16209,0.4
76751,Greendell,37.414284,-122.10801,0.1
76759,"Pagoda Place, Montecito Heights",34.08747,-118.202,5.9
76793,3357Brittan,37.480293,-122.28496,0.0
76823,"Ventura, Clearpoint",34.293034,-119.20321,10.6
76829,Belmont,37.515648,-122.31179,0.0
76839,Park dr.,38.66037,-121.08135,1.7
76871,Out1,37.29442,-122.03409,0.8
76943,Jeri Dawn's Sensor,37.70765,-121.95132,0.0
76999,SSLLV,36.106316,-114.9235,0.8
77023,Perazul Circle,38.68054,-121.52577,7.3
77045,Star Ridge Farm,38.298325,-122.55293,0.2
77049,WAPST,34.11671,-117.71153,6.6
77051,Navigator Drive,37.05044,-122.03397,0.1
77075,Fernwood backyard,37.847954,-122.12289,0.0
77077,"Topanga,ca",34.08819,-118.59606,6.8
77149,Holman Road,37.80638,-122.22937,1.5
77155,FET,37.908756,-122.27525,2.2
77167,28 Narcissa,33.744545,-118.3754,4.2
77221,Highland and Caperton,37.821304,-122.22936,0.0
77223,Iron Mountain Dr.,39.092922,-121.17492,0.0
77243,Fox Apiary,37.084843,-121.61383,0.0
77359,So Salinas 776,36.669666,-121.67687,1.3
77375,Fig Tree Farm Sonoma,38.24403,-122.418236,0.4
77389,Los Esteros,37.42544,-121.93265,0.3
77391,N of Anchor Bay on Hwy 1,38.83182,-123.622086,0.0
77451,Big Foot Hill,37.038143,-122.07705,0.4
77481,4362 24th St_outside,37.751144,-122.43986,2.1
77543,N Orange Grove Blvd,34.151833,-118.16135,13.8
77581,PepperTop,38.323967,-122.620476,0.1
77583,Yolo Land &amp; Cattle Company,38.64441,-122.065636,2.8
77585,South Skylonda,37.36669,-122.2635,4.6
77621,2300 Davis St,37.71618,-122.18827,3.8
77623,Foresta - Creekside,37.698338,-119.75518,0.8
77625,Outside Bryant Street,37.44824,-122.16478,0.0
77639,12550 henno,38.378925,-122.53011,0.0
77657,Miracle Mile,34.058422,-118.357635,8.1
77675,Cal St outside,37.784027,-122.486755,3.7
77681,Backyard,37.748165,-122.43448,1.2
77691,Woodpecker Hill Farms,37.878094,-122.033646,0.0
77701,Lakeside,32.839558,-116.93756,7.4
77703,Haverhill,37.824337,-122.19426,2.5
77709,Avalanche Rd,38.466927,-120.050644,2.2
77711,Rancho San Miguel / Los Felicas,37.91439,-122.02962,1.8
77719,Yosemite Mountain Sugar Pine Railroad,37.452576,-119.64462,2.0
77721,Via Farallon La Cuesta,37.89019,-122.18526,0.4
77723,Springpark,37.270535,-121.84599,1.2
77725,South Mission,37.49189,-121.91367,0.8
77797,4055,37.90594,-122.15594,0.3
77801,Seaview Drive,37.974365,-122.50688,0.0
77807,phortknox-garage,37.757942,-122.44479,1.6
77813,Old Ranch Estate,37.74159,-121.91991,0.8
77827,Garden Alameda,37.335884,-121.91243,0.9
77841,MVRR,36.97136,-121.86338,2.7
77857,Blackhaus Outside,37.290585,-121.97342,1.4
77887,Moraga Avenue,37.83032,-122.240036,2.7
78015,Savanna,33.094555,-117.02712,9.0
78021,Point Mugu Naval Air Station,34.1192,-119.12077,12.1
78023,StBernard,37.807865,-121.9784,2.1
78039,Redwood Shores,37.532745,-122.24234,0.4
78085,Arnold home,38.250244,-120.32122,1.6
78091,Bel Air Hills,34.112766,-118.46301,10.6
78121,"Crossgates, Mojave Drive (Outside)",37.224262,-121.875404,1.2
78129,Fairview Ave 1100 Block,34.113083,-118.15508,14.9
78133,Sierra Ventura-Los Altos,37.33725,-122.08018,0.2
78149,Newhall Park,37.956696,-121.978905,1.2
78217,Joseph Dr.,39.112988,-121.06111,2.0
78235,Red Oak Way,37.45957,-122.25436,0.1
78245,Conn Valley,38.510307,-122.41114,0.0
78247,Puppy Palace and Bear Den,37.539543,-122.5081,2.8
78251,Rancho Penasquitos,32.951633,-117.11579,14.8
78273,Annex Air,37.90327,-122.30998,2.1
78287,Big Redwood Park,37.114243,-121.98243,0.1
78291,Nuthouse,37.24678,-121.89287,2.3
78317,N Ontare,34.455994,-119.73354,10.0
78339,Front Yard,37.877872,-122.5343,1.3
78345,Park Avenue,37.952023,-122.31378,0.9
78347,Bates-Warford,37.883358,-122.1757,2.2
78349,Olympia - Outside,38.435417,-122.66763,1.4
78353,Outside 154,37.44903,-122.23025,0.0
78365,Calle de Amor Backyard,37.228783,-121.905785,0.9
78373,Briar Summit,34.124516,-118.371796,10.6
78379,Sunpark,37.267166,-121.84683,1.1
78387,South City Lights,37.64556,-122.45438,4.2
78397,Hanna,37.463425,-122.16708,0.4
78413,Soares Ranch Terrace,37.590767,-122.03662,2.0
78427,Redding Road Campbell,37.265156,-121.94877,1.3
78433,Pippin,37.04834,-121.96994,2.0
78437,Ellicott Way,39.480965,-119.85431,0.8
78453,Occidental CA,38.417263,-122.98219,0.0
78457,Looking Glass Farm,38.776978,-122.9732,0.1
78461,Vallejo,38.117435,-122.223145,0.2
78469,Laurelwood Cabana Club,37.344982,-121.99783,0.6
78471,CasaBlanca,39.76277,-120.69421,1.4
78475,Centre ct,37.745712,-122.236984,0.7
78493,Barbara Drive,37.242138,-121.92831,0.7
78511,Emerald Pointe,35.15991,-120.67534,6.5
78523,Byron Hot Springs Road,37.813103,-121.62283,1.0
78535,Elk Grove - East of CA-99,38.415127,-121.380196,1.8
78537,Bennett Lane Winery,38.599747,-122.6153,0.3
78543,The Towers,37.568504,-122.36855,0.9
78569,Point Blue Palomarin Field Station,37.92992,-122.73548,1.0
78587,South Pasadena,34.103516,-118.14624,13.2
78589,Buchanan and Broadway,37.79434,-122.43129,1.9
78591,GraniteCreek near Southwood,37.05643,-121.997284,2.9
78593,Lower Orr Ranch,38.35859,-122.63307,4.6
78607,Mills Orchard,39.736813,-122.05399,6.4
78623,Los Altos,37.360703,-122.10697,0.2
78627,Hacienda,38.908264,-122.74223,0.6
78629,Flagship &amp; Nereus,38.08845,-122.26866,0.7
78635,Baltimore St,34.118977,-118.21224,7.5
78637,AFC,33.903923,-118.05344,5.8
78743,Low Gap KBAD,39.16635,-123.25359,0.0
78749,Manzanita,39.48315,-119.818016,0.8
78773,Snowshoe Cabin,39.141495,-120.16872,1.8
78781,Oliven,38.590557,-122.59597,0.0
78785,Emshee Lane,38.00488,-122.07773,0.4
78819,Dolores Ave,37.332996,-121.955086,0.8
78827,Berta road,40.704678,-124.18793,0.0
78829,Shotwell Design Lab,37.762966,-122.41577,1.3
78839,5 Descanso Drive,37.85372,-122.1466,1.7
78919,19yoZemite,36.617065,-121.828094,0.3
78937,817,37.893917,-122.27123,0.0
78939,exterior,37.377686,-122.049644,0.0
78955,Green and Baker,37.79501,-122.44486,7.7
78961,"Ohlone College, Fremont, Building 19",37.527893,-121.916374,2.2
78977,RanchoPQ1959,32.958805,-117.12828,13.8
79045,5Roses,38.538563,-120.97259,0.9
79053,Nadine Court,39.26849,-119.972435,0.6
79057,11950,37.352234,-122.13615,0.9
79083,Alizia Canyon,34.167717,-118.69459,4.5
79085,Ashwood,34.00323,-118.44888,8.3
79105,Rainier,37.9914,-121.88386,0.6
79163,El Cajon Way,37.44293,-122.12802,0.7
79169,eadhar ur,38.448433,-122.67508,0.3
79171,Palomino Valley Weather,39.829502,-119.642525,0.8
79173,Inverness ridge,38.073948,-122.84625,1.0
79177,Emerson,37.258984,-121.95168,0.4
79213,Lake View Oaks,38.66437,-121.102745,0.3
79225,"Ohlone College, Fremont, East",37.53146,-121.91137,1.0
79313,2272 26th Street,34.021713,-118.46144,8.4
79321,BryCyn Station,38.83341,-121.25767,1.9
79325,San Vicente,37.197693,-121.79909,1.2
79335,Mount Wilson Observatory,34.224792,-118.05709,18.2
79337,Phillips Ave.,38.22026,-122.62708,0.2
79339,Kelly Elementary / Old Carlsbad,33.147648,-117.31056,4.3
79347,Apple Road,38.454865,-121.179276,0.0
79355,Worker,38.321896,-122.69257,0.4
79357,Burlingame Fitness,37.575214,-122.34332,1.4
79361,Hiddenlake Drive,37.39883,-122.007515,0.5
79363,Richmond-n&amp;e,37.93596,-122.33512,1.4
79377,Running Quail,37.20925,-119.68089,0.6
79463,Fortuna Foothills,32.631077,-114.40793,0.0
79485,La Espiral,37.896217,-122.1807,0.3
79543,Carlsbad Highlands,33.15502,-117.32041,5.6
79545,Pine Mountain Lake at Long Gulch,37.841183,-120.17028,0.9
79565,Inverness Ridge,38.07818,-122.84837,0.5
79615,Wizard2,39.02182,-120.82307,1.6
79623,SanRamonPortilloValley,37.73916,-121.9168,2.7
79637,RTBradley,39.35191,-120.24886,1.6
79659,Wilbur Hot Springs,39.037834,-122.42528,0.0
79661,Verona Terrace,38.55683,-121.70567,3.0
79689,3929 Waynesboro Ct,38.00469,-121.36857,1.2
79691,Merritt,39.25666,-121.055176,1.8
79705,Meadow Drive,38.00633,-122.52005,0.0
79709,Healing Arts Associates,39.167213,-119.77188,0.9
79715,Hodgson Circle Topanga,34.115955,-118.630936,11.5
79717,French Camp,38.629974,-121.24596,1.0
79747,WoodBridge Ranch,38.71121,-121.231125,2.3
79761,Almaden Village,37.20308,-121.83955,1.4
79781,CH-OD-01-PA (Front vestibule),37.446342,-122.153694,1.3
79789,999 Pine St. Colfax,39.094543,-120.9589,1.8
79809,Belvedere Avenue,37.868954,-122.46731,0.0
79813,Burbury Way,33.09379,-117.2134,5.9
79821,Cottage,38.206337,-122.643005,0.9
79919,tuftfarm,38.26004,-122.67027,0.5
79945,Brown/Klingler,37.322533,-118.54633,0.2
79953,Madison and Fillmore,34.132217,-118.13837,12.6
79961,Oak Tree Village,38.708603,-121.0823,1.3
79963,Saratoga Swim Club,37.254223,-122.023224,0.6
79977,Dartmouth Ave,37.508682,-122.281,0.0
80045,D&amp;M Nipomo,35.034954,-120.51471,3.3
80061,Brewster Estates,37.92624,-122.296776,2.0
80063,Temple and Tulip,38.56146,-121.71817,4.2
80075,Mandville 2a,39.80869,-121.89447,2.4
80099,Silver Trail,38.344406,-122.26599,2.5
80115,Eloise,37.34415,-122.103065,0.1
80125,ShippAQWx 2,36.86454,-119.74581,1.1
80219,585 California Ave,40.879593,-124.067024,0.0
80223,GreenBee,37.904808,-122.04386,0.0
80307,Kokatat,40.903606,-124.06511,0.0
80339,Marin Country Club,38.06486,-122.56534,0.1
80345,Melvine,37.969486,-122.5699,0.0
80357,Varsity Park Villas,34.296574,-118.84804,10.5
80377,Michi-watchdog,37.32799,-121.95509,0.8
80387,Lassen College,40.432518,-120.63261,1.4
80391,britanny hills/mpe,38.001366,-122.10217,0.1
80399,Sequoyah Highlands,37.760345,-122.13339,1.8
80401,Wondernut Farm,37.79357,-120.24361,1.7
80409,Live Oak Santa Cruz,36.97257,-121.990425,0.0
80425,McClay Road,38.10502,-122.59077,0.0
80433,EDH BLKSTN,38.63129,-121.05119,1.3
80435,"Folsom, California",38.6852,-121.10758,1.1
80445,1550 exterior,37.53925,-122.36094,0.0
80453,Lockwood Lane,38.49331,-120.57887,7.8
80457,Shakespeare Estates,37.856647,-120.22692,1.5
80525,East Piper Lane,39.273018,-121.02867,2.6
80541,Great Basin,38.787083,-121.27084,1.2
80545,Vramaish Outside,37.372112,-122.07089,0.0
80559,Sequoia Grove,38.449184,-122.41212,0.0
80561,St Francis Winery,38.43669,-122.57654,0.5
80567,Craig Ginestra  ALT  First gate ART,38.894615,-121.00133,1.9
80572,Rose Garden-Almaden Winery,37.237785,-121.89314,0.7
80581,Stable,37.864162,-120.17035,1.1
80583,Black Mountain-West Side,32.975758,-117.12569,12.0
80605,Belcourt Lane,39.298668,-120.1705,2.4
80607,Crestview VH,37.49803,-122.302025,13.3
80657,Celeste2,33.812214,-118.020454,7.4
80661,Mammoth Bridges,37.638554,-118.997055,0.5
80667,Magnolia Primary,38.328453,-122.677025,0.0
80671,Lower Grizzly Road,39.832783,-120.425674,1.6
80675,Poet's Corner,37.941425,-122.07428,0.1
80677,Lassen College,40.43165,-120.632835,1.8
80679,Camellia Ct,37.511295,-121.936005,0.5
80691,JEAER,37.737427,-122.456024,2.6
80695,Laughlin Rd,38.509552,-122.79882,0.0
80747,"Foothill Rd, Sheridan",38.90467,-119.82918,0.5
80753,"West Willow, Sierraville",39.58341,-120.401405,0.0
80779,Castro Valley Central,37.709644,-122.08028,0.0
80789,Riverside Homestays,40.47131,-122.303055,0.5
80797,Cotton Street West,37.43748,-122.18552,0.3
80799,Outside,37.752617,-122.23569,0.0
80807,Rose Bowl,34.16181,-118.168785,15.3
80813,Hickman Ct.,36.959995,-121.97731,0.0
80833,Gan Avraham,37.81326,-122.254036,2.1
80841,1050 Kirkham Street,37.760216,-122.47217,2.3
80931,Hope,34.45296,-119.74803,0.8
80949,Pine Dr.,38.96853,-119.922035,1.1
80965,PA Spa Taranga,37.229115,-121.76327,0.2
80967,Garden Road,37.96895,-122.55817,0.0
80971,Scout Park,40.55271,-123.45788,0.0
80973,E estates,37.312122,-122.01993,0.9
80977,Somerset Hills Georgia,38.104687,-122.190895,0.2
80979,Baja Loma Ct. Danville CA,37.831142,-121.9816,0.5
80981,Backyard deck,37.87694,-122.03468,1.8
81009,san gregorio,37.356884,-122.33088,0.2
81017,RJ Wilshire,37.80413,-122.19914,1.2
81029,AcuCraig2000,33.8415,-118.17634,7.4
81043,Backyard,37.84575,-122.23383,2.4
81047,Dover and Howe Outdoor,36.99021,-121.972244,4.5
81053,SacRo,37.877766,-122.2828,1.0
81057,San Marino Tennis Club,34.120903,-118.123825,13.3
81065,Wardlow / Chatwin,33.818794,-118.12335,7.1
81075,Wente Greenfield Office,36.279583,-121.30499,1.6
81083,Winery,37.662003,-121.7258,0.8
81089,San Gregorio,35.513454,-120.721085,3.1
81093,pad-on-the-pond,40.301823,-120.99145,1.1
81159,Zeibright Rd,39.294888,-120.71291,2.2
81181,Reposa &amp; Marietta - Outside,37.74081,-122.44837,2.2
81185,Edgebrook; East La Loma Park,37.649357,-120.96461,14.4
81187,"Fitzpatrick Ln at Joy Rd, Occidental CA",38.40724,-122.97461,0.2
81199,Cañada College Science Building (B23),37.450012,-122.26631,0.0
81207,12th Ave,37.774982,-122.470566,2.9
81217,Garage,33.08238,-117.23711,5.4
81219,Highland Hall Waldorf School,34.24554,-118.50561,13.7
81245,Ascot dr,37.819794,-122.19961,2.2
81259,Barber,39.722115,-121.832535,3.2
81275,Flowers,38.010784,-122.25146,1.1
81291,62 La Salle,37.81655,-122.22006,1.4
81307,Altamont Cir,37.720047,-121.717026,2.0
81327,RWC,37.486656,-122.23723,0.2
81345,Groveland east,37.817657,-120.18349,0.9
81349,Panoramic Way,37.86828,-122.24855,2.6
81369,Louise Ln,35.030357,-120.55485,6.3
81387,Bad Dog Farms,36.52744,-121.84132,0.8
81429,English / Baker,38.23073,-122.64651,0.2
81533,San Mateo County Mosquito and Vector Control District Shop area,37.590588,-122.36618,1.1
81541,Sunnybrae,37.34485,-121.9617,0.2
81559,Sorrento Mesa,32.91746,-117.18605,6.1
81661,Mohawk Meadows,39.719757,-120.56634,1.9
81663,1909 pelham,34.05029,-118.43107,8.6
81671,"Graystone Hills, Almaden Valley, San Jose, CA",37.216774,-121.82152,0.9
81675,StFYC,37.80734,-122.44615,17.0
81677,"1044 Keith Ave, Berkeley",37.889084,-122.26433,1.4
81689,Priest Road - outside,37.22585,-119.516624,7.8
81695,Garland Way out,37.384163,-122.115974,0.1
81715,The Wildlands Conservancy's Oak Glen Preserve,34.03941,-116.9425,0.0
81727,Top of La Fond,37.855587,-122.16151,1.5
81771,Galena,39.38183,-119.78261,0.6
81791,Angora,38.899742,-120.033806,0.8
81811,Quail Hill Newcastle Ca,38.86834,-121.11412,0.0
81817,DLH015,37.65439,-122.05046,1.6
81819,Ventura Patagonia,39.505657,-119.89987,1.0
81843,Miss Eddie’s House,36.543636,-121.92493,1.4
81847,Parker Ranch,37.28684,-122.0473,1.1
81863,Lower Norumbega Loop,34.15652,-117.987816,14.4
81977,Osborne Ave,37.332165,-121.957306,0.5
81989,CBS Dora Drive,33.02535,-117.26828,5.4
82053,Oak Crest Institute of Science,34.142483,-118.00204,15.7
82055,Steel Works Lofts,37.822727,-122.280945,0.9
82067,Los Altos Drive,36.966465,-121.88861,4.1
82071,Varna,34.155815,-118.42443,11.3
82087,Pacheco Valle,38.04769,-122.54546,0.0
82089,Cunningham - Outside,37.354473,-121.9639,0.6
82101,La Jolla Shores,32.85426,-117.25196,5.6
82105,SL-LewisAve,37.735344,-122.14488,1.5
82121,Bakerton,34.433926,-118.46366,10.4
82123,PreservePleasanton,37.68733,-121.94043,0.0
82271,Garfield,34.161163,-118.14415,17.9
82281,"Mathewson Park, Coronado",32.68735,-117.17259,5.7
82337,Tribute Trail,39.261444,-121.02925,2.4
82349,Whirlaway,34.15787,-117.59555,11.0
82353,Lafitte Ct,38.65829,-121.24193,1.6
82363,South Carthay Whitworth,34.057076,-118.37345,8.4
82375,Wilder Quarry House,37.865616,-122.188354,0.0
82379,Sunnyvale SNAIL Borregas,37.393753,-122.02423,1.0
82391,Lansdale Estates,32.960873,-117.21749,6.1
82415,18th Ave RWC,37.48208,-122.18477,0.3
82435,Patio,35.245167,-120.63308,2.7
82437,Cottonwood,34.133064,-118.70985,11.0
82447,Via Ventana,36.90906,-121.77564,1.9
82453,Entrada Dr/Dulce Dr,34.22152,-119.17218,0.0
82457,Cov House - Outside,37.357098,-122.06888,0.0
82459,Summit Rd.,37.035297,-121.74771,3.6
82485,Lake Blvd &amp; Shasta Dam Blvd,40.695404,-122.40252,0.7
82499,Loo,34.2457,-118.223946,14.9
82501,CV2,34.045525,-118.71656,8.6
82555,Indian Cove,34.124203,-116.15637,1.9
82569,Majestic,34.170166,-118.23868,11.0
82573,Acacia Park,36.08648,-115.325714,0.9
82577,Culver Crest,34.001152,-118.390915,8.3
82591,Hacienda,37.8993,-122.47907,1.1
82603,"45 Elm Avenue, San Anselmo, CA 94960",37.980083,-122.57619,0.1
82609,171xx Escalon Dr,34.135338,-118.50378,11.1
82643,Cadura Circle,38.402966,-121.37177,1.2
82655,Hunter's Bluff,38.390324,-122.59969,0.6
82675,Alameda Outside,37.467392,-122.24555,0.3
82679,NW Ridgecrest AQI,35.644096,-117.70586,0.0
82691,AngieCtPennValleyCA,39.19402,-121.14936,1.2
82701,Cracker's Air Quality,38.90219,-119.96428,1.0
82703,Bowerwood,38.5967,-121.353004,1.1
82755,GE Office,33.74202,-117.44635,32.6
82813,Maerz Mountain,37.437828,-122.32322,0.0
82831,Battle Zone,37.976135,-122.48796,0.2
82841,Vinwood Cellars,38.67273,-122.87645,0.0
82847,GoofyDome,38.405567,-121.378044,1.3
82849,Freeman And Juanita,37.887383,-122.086205,0.4
82855,Richard Lane,37.825367,-121.982025,1.3
82861,Brigadoon,37.306515,-121.80637,1.1
82863,Grace to You - Outside,34.441975,-118.6257,14.2
82865,Premier Mine,39.158245,-119.815285,0.7
82889,Unit 15,38.229515,-120.33718,0.9
82905,Cresta Vista,37.139587,-122.12675,0.5
82907,E 7th St &amp; Willow (OUTSIDE),39.73456,-121.82478,6.9
82917,Capistrano Beach,33.458466,-117.66664,6.2
82919,Blue Canyon,39.258083,-120.71592,1.8
82973,Branstetter lane,40.53138,-122.41835,1.2
82975,The Bishop's Ranch,38.54457,-122.87431,0.0
82983,Valley_Ridge_Paradise,39.757713,-121.65025,3.0
82997,"Contra Costa Ave, Berkeley",37.893314,-122.27606,1.0
83007,Christmas Light Corner,37.71978,-122.47062,2.4
83017,Outside La Lena St,37.108776,-122.04694,0.0
83025,Underhill Rd,37.911957,-122.524345,0.7
83039,Back Yard,37.232697,-121.9606,0.7
83041,Cottonwood Canyon,34.179882,-118.17776,12.4
83071,Cowper Ct,37.228886,-121.90047,0.6
83081,AC Stelle Middle School,34.142887,-118.61397,8.6
83089,Hancock Park,34.075016,-118.3376,9.1
83115,skynet.saratoga,37.278217,-122.028175,5.6
83129,Boyd Family Vineyards,38.352825,-122.29837,0.0
83173,Lindero Canyon Middle School,34.157257,-118.78595,8.8
83179,Hall Drive,37.85913,-122.154144,1.1
83191,22nd &amp; 8th Ave.,37.798817,-122.243576,0.9
83193,Fisher Vineyards Calistoga Estate,38.579266,-122.55785,0.0
83205,Trinchero Family Estates Westside Facility,38.152836,-121.4061,0.8
83207,Wolf Den,37.94441,-122.07537,0.9
83223,RKWagPro,38.400585,-122.42081,0.3
83227,Chadwick School,33.777584,-118.36014,6.8
83229,Rolling Hills,36.907036,-119.79538,1.4
83235,Halifax Snoopy LFL,37.27298,-121.99198,0.7
83239,LazyAir,37.34674,-122.1986,0.2
83243,Brickhouse Fair Oaks,38.636127,-121.285614,1.6
83249,Wizards EWorkshop,37.362396,-119.660126,0.9
83251,Creekside Outside,34.604305,-120.122574,3.6
83257,FredLee,37.747604,-122.43102,1.2
83259,Outside-Tinkers,37.114655,-122.10561,0.0
83265,V-deodara,37.340927,-122.0735,0.0
83295,Pacific Primary,37.775265,-122.44157,1.4
83325,Rinconada Pool,37.443985,-122.141075,2.3
83333,Alhambra,37.38427,-122.20244,0.3
83409,Kings Mountain,37.433327,-122.31912,0.8
83417,Vista,34.168556,-118.03021,12.2
83441,AL outside,38.9801,-121.04865,2.3
83457,Redwoodridgeestate-out,37.159332,-122.00468,1.3
83465,Farlin Air,34.06741,-118.46436,9.4
83475,Alex Home,37.997955,-122.026474,0.9
83481,Brown Street,38.617737,-122.864395,0.0
83495,Sakamoto,37.2311,-121.8385,1.1
83509,Canyada North,34.188225,-118.16209,15.9
83511,Mosewatson,37.088825,-121.648895,2.6
83523,"Pheasant Run Golf Course #17 Chowchilla, Ca.",37.12282,-120.22234,2.2
83525,2607 Webster Street,37.85582,-122.25494,2.0
83529,La Jolla EPO,33.283733,-116.861496,7.1
83535,Smith Hills Road,39.145584,-123.514435,0.0
83537,914 Gray Fox Circle,37.660145,-121.84008,0.8
83539,Lazare Vineyards,38.3375,-122.346504,0.6
83553,Cedar Rail Way,38.409466,-121.34361,1.6
83569,Cinderella,32.733105,-117.02406,7.9
83575,Stonehaven Dr,37.34144,-122.08073,0.1
83579,Orchard-Meadow-Art,37.274796,-122.06746,0.4
83583,RHR,38.524757,-122.71569,0.0
83595,Lakefront,39.22569,-120.07408,2.2
83603,Tustin City Hall,33.742966,-117.819176,6.2
83641,"Maricopa Dr, 95032",37.243958,-121.95639,0.9
83647,backyard,34.122124,-118.153534,11.1
83655,Verite Winery,38.61403,-122.768906,0.2
83717,KCAMORAG34-Donald,37.848885,-122.12566,1.5
83719,Pfaufaphgefs,38.484898,-122.981255,0.4
83725,"Mill Creek Rd Healdsburg, CA",38.591652,-122.91929,0.3
83727,WEST_OUT,34.179607,-118.28067,16.1
83733,Chelan,38.00851,-122.55889,0.1
83737,Piedmont Pines (O deck),37.833363,-122.18938,2.7
83739,46-Outdoor,37.87812,-122.24986,0.1
83745,Sam's Outside Place,37.828045,-122.1265,2.0
83747,Tustin Corporate Yard,33.7237,-117.82643,3.4
83753,Marlin Court,37.978325,-122.25825,1.0
83769,Ukiah Dolphins,39.164856,-123.22344,0.1
83801,Iron Horse,39.789135,-120.491585,1.2
83827,CH-OD-11-PA (Garden Terrace),37.446358,-122.15367,0.3
83829,Rutgers way,38.641033,-121.36149,1.9
83833,"Castaic, CA",34.49982,-118.62951,10.6
83847,Runner,37.959095,-122.10671,0.3
83859,Zesty Cheese Ranch,37.703762,-117.231514,0.6
83897,Dollar Point Pool,39.191395,-120.10428,1.4
83901,Crystal Rock Rd,38.00901,-120.42069,1.5
83925,"Albion Ridge Rd between F&amp;G, Albion, CA",39.226902,-123.73981,0.0
83931,Carmel Highlands,36.487633,-121.935036,2.7
83997,Lassen Volcanic NP Manzanita Lake,40.54087,-121.575745,0.2
83999,Brookdale,37.104656,-122.111984,0.0
84007,AHMF,37.111412,-121.99222,0.0
84029,Rock Pit Rd,40.969124,-124.030945,1.3
84031,Thistle Dr,37.266724,-121.85353,0.9
84045,Fir Hill,38.497925,-122.48102,0.5
84061,Outlook Drive - Carmel,36.56402,-121.900856,0.9
84064,Hacienda de Estrellas,38.661957,-120.92535,2.0
84069,Tarzana-Aleman,34.14787,-118.56422,14.6
84079,Harrison Ranch - Outdoor,36.408375,-119.00946,2.3
84093,Sierra Madre Manzanita,34.157837,-118.0621,12.8
84101,taftpr,34.07165,-118.55768,13.2
84117,Lake Elizabeth,37.54408,-121.96445,0.7
84119,Sleeper Gulch,37.20419,-122.10903,0.1
84123,Upper Pine Hills Drive,36.561016,-121.89387,1.3
84125,mackerels house,37.897923,-122.277466,1.5
84127,Moody Road,37.35807,-122.166084,0.1
84131,Briones Hill,37.95773,-122.19867,0.7
84133,Yard,37.37478,-122.109604,0.3
84177,Lambourne,34.19137,-118.75309,10.0
84179,Sweet Sweet Palma Street,37.504185,-122.47607,4.0
84207,Warner Drive,37.36076,-121.80035,0.5
84215,Schulties Rd,37.118244,-121.96298,0.8
84217,4000 Luneman Rd,38.767597,-120.95953,1.6
84225,Hollingsworth,38.643024,-121.74559,1.6
84231,CampoEPA Building,32.65073,-116.36581,13.9
84247,FM Park Dr Outside,37.98123,-122.568504,0.0
84249,Huntington Ct,36.981586,-121.870636,2.1
84255,Deep Canyon Ranch,33.71753,-116.3651,2.9
84267,Faded Giant,37.46538,-122.25515,0.0
84269,Mud Daubers Pottery,37.44767,-120.08596,0.8
84273,Creative Learning Center,37.84162,-122.026,0.7
84277,Kavala Ranch,38.52939,-121.23369,0.9
84319,Crownview,33.746918,-118.331535,6.2
84323,Lockhurst Sensor,34.18091,-118.647896,12.4
84325,Foster City Spinnaker Cove,37.552364,-122.28137,0.4
84331,Light Springs Road,37.006554,-121.83728,0.0
84335,North RB: Artesia Blvd/Inglewood Ave,33.876095,-118.36251,7.1
84343,San Gregorio,37.32112,-122.33975,2.0
84369,ViaRoyal,37.913837,-122.068436,1.6
84375,DVE,37.974667,-122.08992,0.7
84395,"9th and Buena Vista, Alameda West-End",37.777912,-122.270744,1.8
84397,Rosati Vineyards,38.882996,-123.0559,0.0
84419,RSF-out,33.035175,-117.19263,7.9
84435,Battle Mountain Ranch 2,36.251247,-118.78462,2.4
84445,Candy's House,37.286842,-122.00347,0.9
84457,Char Siu Bao,38.40634,-122.89612,0.0
84477,Wallace Creek - Upper Vineyard,38.612316,-122.936134,0.0
84483,Kirkwood Larkspur,38.695297,-120.069534,1.4
84491,Hayward Police Department,37.657486,-122.096886,1.0
84505,Cayuga&amp;Ocean,37.723175,-122.43897,2.9
84513,Anderson Dam Look Out,37.16196,-121.62413,0.8
84529,4400 Blk Moraga Ave. Outside,32.8249,-117.214355,5.3
84571,Siri Rd,38.4874,-123.02671,0.3
84581,car wash,36.98461,-121.98995,2.5
84589,DnM Thomas ST,38.345116,-122.50645,0.2
84591,Like2Breathe,35.771748,-118.44368,1.4
84599,Layman Ct Outside,37.878246,-122.04257,0.7
84627,Lark,34.103767,-118.213554,9.7
84633,Linden,37.39345,-122.11929,0.1
84649,Connecticut and Mariposa,37.771675,-122.391754,2.0
84679,Upper Comanche Trl,37.16123,-121.97972,0.0
84689,Stillwater,39.231415,-120.00283,1.6
84693,Reed_Home,38.42837,-122.66535,0.0
84699,Deck,38.467598,-122.6456,0.0
84707,"Sunhill Ct., Martinez",37.996967,-122.09236,0.7
84711,The College Preparatory School,37.8478,-122.23913,2.2
84721,Ashmount,37.814625,-122.227234,1.8
84733,Sunnyside - Congo,37.730328,-122.44235,0.0
84795,PurpleAir Sensor 16,34.200657,-118.17186,17.2
84821,Kids Connection,37.569683,-122.26546,0.7
84883,Stonestreet Winery Outside,38.662613,-122.81718,0.0
84899,Montair Court,37.812115,-122.015915,1.8
84901,Santa Cruz Ave (Between Orange and Lemon),37.435997,-122.19764,0.1
84915,Hessel Road Area,38.355145,-122.780075,1.8
84923,Laurel,37.799297,-122.199615,1.8
84925,230 Woodside Drive,37.450344,-122.23937,0.3
84943,SHKIM,37.852215,-122.11757,1.6
84945,Sievers Park,38.443386,-121.83415,0.7
84947,"Sparks, NV",39.613018,-119.678024,0.8
84949,PXVS_Las_Cruces,33.679512,-117.82306,5.6
84957,LTR,38.289993,-122.54876,0.0
84993,"Carmel Valley, SD",32.95642,-117.24267,5.3
84997,Red Fir Ct,37.31518,-122.04274,1.0
85007,"Claremont, CA",34.147575,-117.69554,12.6
85013,"Greenfield Ranch / 2,000’ elevation",39.233887,-123.33279,0.1
85015,Giant Panda Outdoor,38.47074,-121.36441,3.6
85063,Hoopa,39.747353,-121.86085,3.3
85067,CYPRESS POINT,37.8941,-121.610725,0.2
85081,510 Berkeley Ave Outside,37.463882,-122.16599,0.9
85083,Padova,38.68723,-121.096016,1.5
85095,Etna St.,37.8646,-122.252815,1.1
85099,Walnut Ave &amp; Dover Dr,37.915764,-122.02314,0.9
85101,Trescony Backyard,36.968403,-122.040886,2.7
85121,Heimat der Gäste,37.713943,-122.45934,2.8
85149,Lone Pine Village,38.364285,-122.80345,0.2
85151,La Rinconada,37.25746,-121.96904,0.7
85165,Lodge Court,37.836945,-122.1999,1.4
85169,Cayuga,37.72788,-122.4369,2.0
85235,Hank's,35.32888,-120.84231,4.9
85249,Cloud9,37.227673,-122.15078,0.4
85251,Whaler's Village @ Morton Place,37.721104,-122.02889,1.7
85269,Desert Heights,34.197083,-116.14144,7.0
85289,Joey,37.738174,-122.39706,1.3
85291,Bald Mountain Road,37.068752,-119.41109,1.7
85293,Contra Costa,37.894917,-122.2764,1.8
85299,Stellar View,41.3471,-122.35661,2.7
85313,La Crema Saralee Estate,38.493423,-122.83017,0.1
85359,Hollywoodland,34.121635,-118.32282,8.4
85373,Sherer,34.17278,-118.22332,18.6
85377,CCWD - Antioch Service Center,37.98266,-121.75131,14.1
85379,Hughes Ave.,38.41065,-122.71944,0.8
85385,Highland Eagle’s Nest,38.55123,-121.4823,2.8
85389,"Shadow Creek, Danville",37.80198,-121.89275,0.0
85401,Martin Ave,37.328648,-121.91567,0.3
85415,Galleria,39.582382,-119.734985,0.6
85469,Bees N Blooms-Outside,38.399902,-122.69609,0.2
85471,Seapine,34.24147,-118.236046,17.9
85475,Devils Postpile Ranger Station,37.63,-119.0835,1.0
85479,Owens Valley Radio Observatory,37.23179,-118.29537,0.2
85481,Pomo Court,38.690475,-121.000496,1.7
85495,W. Cornell,36.777145,-119.820786,1.2
85551,Sequoia Rooftop,37.78562,-122.42785,1.9
85553,SoboCo,37.930786,-121.72097,0.4
85559,Monte Nido,34.084427,-118.6924,12.8
85561,Summit Road Berkeley,37.883743,-122.24703,2.0
85563,John Dodson,37.928574,-121.6997,0.6
85575,Sunrise,37.09469,-122.114235,0.0
85577,Korriban,38.452972,-122.695244,0.0
85585,"22004 Rd. 24 Madera, CA 93638",37.077915,-120.12091,1.2
85589,unincorporated Santa Clara County,37.428905,-121.803955,0.1
85591,6550 Longwalk,37.824146,-122.18963,2.3
85599,LP Hurricane,39.12675,-120.16107,1.3
85607,Mt. View Dr.,37.887726,-122.12728,0.0
85609,Sacramento Waldorf School,38.632347,-121.287224,1.6
85615,Palazzo’D,36.83982,-119.834625,1.2
85629,HomeRedondo,33.861652,-118.38216,10.2
85631,Bogue Road,39.098083,-121.657104,0.6
85641,spider,32.844364,-117.264786,2.9
85645,AEnv,34.26045,-118.33701,13.0
85653,Torrey Del Mar,32.96954,-117.1631,1.4
85667,14th and Sanchez,37.76747,-122.43192,2.6
85701,Western Hills Garden,38.413376,-122.971405,0.0
85703,Husin’s Habitat,37.68421,-121.74741,0.9
85707,McKlintock,37.318398,-122.07147,0.4
85711,Hillcrest Avenue,38.41894,-122.943726,0.0
85719,Yankee O2,38.79321,-122.526215,0.1
85721,Bella Vista Dr,37.571587,-122.385315,0.2
85723,Ryder Road,37.075024,-122.041916,0.0
85725,Silverado,38.324238,-122.27315,0.0
85743,Cabin,34.248375,-117.18275,8.5
85745,Edgewood park,37.48431,-122.24843,0.0
85783,Camp Meeker - South Hill,38.422512,-122.96082,0.4
85799,College Dr.,37.31365,-121.919624,0.6
85803,541 Mississippi,37.759514,-122.39407,1.4
85807,MixedGreens1,38.440887,-122.69343,0.4
85811,16605 Oak View Circle,37.138603,-121.59463,1.0
85817,Northside SJ,37.35223,-121.87484,0.0
85819,Heke Bentley Oak Ct,37.730526,-121.91515,0.7
85825,Baker Beach,37.789646,-122.4855,0.0
85827,Tahoe Expedition Academy,39.31224,-120.155846,1.2
85829,Regent Park Drive,34.182762,-118.19539,17.1
85849,TMS-Outside,37.904392,-122.02665,1.0
85869,Near Indian Rock Winery in Big Valley,38.13019,-120.43239,0.9
85881,East Corte Madera,37.920025,-122.49963,0.1
85891,Centerville-outside,39.753708,-121.678986,0.0
85907,Whiskeytown NRA - Oak Bottom Fire Station,40.6511,-122.5932,0.1
85927,UC South,32.849,-117.2082,5.5
85957,Menlo Circus Club,37.450985,-122.201004,0.2
85971,tacobellheights,37.494843,-122.2652,0.1
85985,Kester Av,34.147858,-118.45907,14.3
86027,Stockton Spanos West,38.046608,-121.38214,1.0
86039,Oak Hill Dr &amp; Stanford Circle,34.715855,-120.46298,2.4
86071,Invalid,34.1195,-118.22425,9.0
86075,Beverly Glen,34.124817,-118.44569,11.4
86081,Mountain St,34.16644,-118.235374,15.1
86099,oxford-shane,37.972073,-122.33511,1.1
86115,Via Sorrento,37.336506,-122.02945,0.7
86121,Fratellanza Club,37.84897,-122.28684,1.7
86129,Gateway trailhead,35.573044,-117.65338,0.8
86133,Baywood: Stage Coach Drive at Winchester,37.94127,-122.10633,0.5
86143,TheBatCave,37.104416,-121.64241,1.8
86145,Rapley Trail,37.350876,-122.21302,0.0
86149,"Valley Court, Orinda, CA 94563",37.86859,-122.16567,1.2
86161,ASC Training Center Nordic Stadium,39.33378,-120.355125,0.0
86185,Silver Lake,34.099808,-118.266624,23.0
86205,Gummy,37.548313,-121.94593,1.3
86213,Dublin Street near dog park,37.71599,-122.42841,3.3
86215,C. Latimer backyard,35.322147,-119.11547,2.4
86221,Razor Crest,37.327377,-122.0781,0.1
86277,Mission Vineyard,38.595,-122.455,0.9
86313,White Oak Elementary School,34.144264,-118.81384,12.9
86319,Quail Oaks West - Church Residence,36.87683,-119.521065,0.5
86347,LonePineSteve,36.56546,-118.09596,1.6
86367,Casa de Beegle,34.15931,-118.05542,11.3
86369,Camino Encinas,37.873596,-122.17939,2.0
86391,Brightside Ranch,37.600098,-121.920425,0.8
86399,Tiffany Farms,38.5853,-121.32419,1.2
86435,Bay Laurel Elementary School,34.14035,-118.65257,12.7
86451,Sonata Drive,38.61031,-121.283356,1.7
86459,Sunol Ridge,37.644516,-121.94277,0.5
86461,Sunnyside-StaplesAve,37.728794,-122.4451,2.4
86463,Parkside,37.65853,-122.04315,1.7
86475,"Bret Harte, San Rafael, CA, USA",37.959274,-122.51626,0.0
86505,Burgess Pool,37.452972,-122.17517,0.1
86517,Fiori Lane Farm,38.394646,-122.92404,0.3
86523,CHC Palo Alto,37.440105,-122.178505,0.0
86543,Ranch South Outside,33.008205,-117.19038,4.7
86559,"Lower Peck Park, San Pedro, CA",33.75025,-118.29792,5.8
86705,AzaliaHills,40.92219,-124.07293,3.5
86761,B9 North AHU-5012,37.65753,-122.38206,1.7
86879,Crestbrool,33.918186,-117.33302,10.3
86885,Alpine View Estates,39.090073,-119.81701,0.7
86909,University City - Radcliffe and Dennison,32.8574,-117.20899,0.6
86911,1331,37.82039,-122.12082,2.3
86915,Vendola marsh,38.01441,-122.517395,0.0
86929,toxic filth from fireplace 40yd NNW at 4306 V‪iento Wy,39.486267,-119.75241,0.9
86939,Shaver Lake Point,37.13903,-119.30385,4.1
86947,500 E Edith,37.38126,-122.10196,0.1
86957,Marit-out Gene,38.469227,-122.64945,0.0
86965,Homez,37.891,-122.030464,1.4
86997,McLarren,37.66917,-121.72926,0.5
86999,Harriman,33.86671,-118.37983,0.0
87005,Gualala Point Regional Park,38.755142,-123.51679,1.7
87085,6039 Allen Avenue,37.238583,-121.8586,2.9
87089,"Silver Hills, Point Reyes Station",38.060364,-122.81967,0.4
87115,MORA'S PLACE,37.36958,-122.16572,0.1
87127,Olive Hill Barn,33.32479,-117.24321,2.9
87129,Voets front porch,33.970142,-118.37188,8.2
87149,Chanate Outside,38.472275,-122.69035,0.0
87167,4080,39.504173,-119.86183,0.9
87181,Granada Hills,34.304108,-118.51413,12.2
87185,Sunnyarts-2,37.353523,-122.02188,0.4
87219,Scripps ranch,32.90204,-117.07056,7.4
87251,Logan Park Air,36.816055,-119.8501,2.0
87253,GBUAPCD_BPT_EMO,37.362198,-118.41786,0.7
87275,Saramead 2,37.882507,-122.0724,0.5
87277,Oak Home,37.677666,-121.7433,0.9
87279,Walden Woods,38.77319,-121.14657,1.7
87297,Arlington and Tulare,37.943707,-122.31475,0.0
87315,BerkeleyRoseVilla,34.141266,-118.109955,9.5
87319,CHARA W1,34.22633,-118.05901,16.4
87323,Glenwood,34.17098,-118.28316,11.7
87337,Hammond,37.895653,-122.12902,0.9
87343,S Land Park,38.526802,-121.51082,1.9
87355,"Encino, Luverne Pl",34.14827,-118.5075,12.1
87363,Poipu-PurpleAir,33.440403,-117.612526,5.5
87373,El Toro Way,37.99448,-122.29933,0.3
87395,Coastal Canyon,33.60358,-117.81286,4.1
87401,West_Floresta_Way,37.401638,-122.19773,0.1
87423,Lagunitas,38.01463,-122.69626,0.0
87429,Duncan's PurpleAir,38.46513,-121.38427,1.7
87433,Gatetree Circle,37.670525,-121.87814,1.6
87435,Worker2,38.273083,-122.67423,0.0
87437,Via Sobrante,38.111492,-122.87941,2.8
87445,Casa Tequila,33.577766,-117.70661,5.5
87449,Crossings West,37.95191,-121.99167,1.0
87453,Hillsborough 100,37.544884,-122.362076,0.0
87477,Discovery,33.918865,-118.32888,6.9
87505,Bayside Commons,37.89692,-122.30744,1.2
87513,La Honda,37.31651,-122.27314,0.2
87515,Graphite Ct,38.40839,-121.33671,1.7
87535,Air_Quality,37.23775,-121.954155,0.8
87541,vineyard,38.471684,-122.85692,1.1
87543,Bear Ridge Outside,37.91493,-122.19373,0.8
87551,Volcano Trail,38.461086,-120.56692,1.5
87567,Purple Air,34.030655,-118.505875,7.3
87571,Club Glenborough,37.381954,-122.0644,0.9
87573,LHPUSD - Butano Cut Off,37.205116,-122.33343,1.7
87575,Upper American River Dr.,38.01049,-120.26756,1.5
87593,Skylion,38.00665,-122.55539,0.1
87601,Islay Hill,35.245617,-120.62709,4.5
87607,North Upper Truckee,38.86267,-120.03924,1.4
87623,Wells,34.29675,-119.15391,11.1
87627,Lower Van Tassel,37.909,-122.18906,1.0
87647,HesH,37.984943,-122.301674,0.5
87649,Murphy Springs,37.140324,-121.66933,1.9
87653,Amity Ranch,36.552326,-121.11999,0.0
87663,Vosti House,38.539585,-122.46955,0.0
87673,Shop OneStopWineShop.com!,38.52495,-121.57986,1.6
87709,GlenOaks,39.02026,-122.70336,0.2
87711,Patio,37.999996,-122.29141,1.1
87715,Scripps Ranch,32.905045,-117.10026,5.9
87799,Outside Chadima,37.95465,-122.07917,0.4
87829,Reno Prom,39.48886,-119.87494,1.0
87965,Borrego Springs,33.24017,-116.38869,1.5
88083,AQMD_NASA_35,35.19044,-118.61102,0.7
88551,Charles Ave,37.653736,-122.0757,0.6
88895,Wilshire Blvd - Westholme Ave,34.061493,-118.434616,13.7
88905,Descanso Air,39.709248,-119.69618,1.0
88911,K2SO,41.283752,-122.29432,0.5
88913,Vallejo People’s Garden,38.096478,-122.27409,0.7
88931,FoxieLoxie,38.850395,-122.7376,0.2
89167,Trouble Maker,38.79874,-120.8819,25.0
89175,Pill Hill,38.0121,-122.13699,0.4
89521,"Brookside, Olivenhain",33.05253,-117.21576,8.2
89547,MDAQMD-OH-OakView,34.378986,-117.41113,5.7
89563,300 Block Redwood Rd,37.975067,-122.57908,0.2
89629,Sassafras Trl,39.51451,-119.94617,0.0
89643,MDAQMD-PVUSD-PVH_2,33.62101,-114.60628,0.6
89773,Kite Hill,37.90177,-122.138794,0.6
89777,End of Squirehill,37.30256,-122.04345,1.0
89783,Barking Dog,38.808575,-120.91947,0.3
89837,Purple People Eater,39.223087,-123.75085,0.6
89847,SB Western Suburbs,34.421173,-119.717445,8.3
89855,SK Patio,37.791164,-122.43373,2.0
89859,Harvest market,39.307632,-123.7978,0.9
89863,Jenny D,37.70413,-122.09659,1.9
89977,ParrotHead_Air,37.555286,-122.332794,0.1
89989,Diviso,37.875835,-122.451675,0.0
90007,Peace Lily Outside,38.745335,-121.374344,2.0
90009,Piano,38.45117,-122.67243,0.7
90039,Irvine,33.684814,-117.72861,7.3
90063,RZ,38.82169,-121.24964,3.0
90065,Scribe Winery - Knoll,38.274887,-122.412865,2.1
90095,Whipple Avenue RC,37.486595,-122.24528,0.2
90109,Aura Way,37.356068,-122.08851,3.3
90127,Glen View,37.88327,-122.060936,1.1
90133,Spring Pl,33.921364,-116.90639,5.4
90159,Piedmont &amp; Calaveras,37.43743,-121.87063,0.0
90193,PurpleAir Sensor 4,34.201866,-118.16768,16.9
90205,Mitchell Canyon,37.920925,-121.94142,1.0
90215,Rollingwood Elementary,37.62775,-122.44534,2.4
90219,Rivia House,38.68725,-120.99306,1.5
90221,Benicia Hall,38.55861,-121.42013,1.2
90225,ESL,34.01469,-118.471275,7.9
90253,SCSB_42,33.76559,-118.08779,9.2
90267,Cambria,35.556393,-121.084595,18.1
90291,NEON D17 SJER,37.108467,-119.73276,1.4
90301,TFE - Hoffman Lane,38.382996,-122.35295,0.0
90331,Winter Orchard Ln,38.47992,-122.88459,0.0
90393,Oak Ridge,37.46964,-122.24967,0.3
90401,Clover Hill Ct.,38.023327,-122.549995,0.1
90417,SCSLP_02_font,34.099674,-117.49183,10.1
90427,Church Outside,37.386623,-122.07847,0.4
90435,SMC_FF42,34.015827,-118.47121,7.3
90443,Bohnen Road,37.070023,-121.95988,2.4
90467,Pleasanton,37.684555,-121.9107,1.6
90533,Ridge Ave Vallejo,38.08256,-122.2183,0.2
90563,Farrell Vallejo,38.09767,-122.23848,3.7
90587,Dahlberg,37.115105,-121.68435,2.6
90609,River Oaks Ln,34.11574,-117.17226,9.6
90703,Whittell High School,39.013657,-119.942696,1.0
90715,6D,35.417187,-119.05298,0.3
90717,William st park at creek,37.336395,-121.86889,1.5
90751,East Oakdale,37.782364,-120.777084,2.2
90759,Santa Margarita,37.978134,-122.546295,0.0
90787,Kuck Lane,38.25785,-122.712326,0.5
90803,Renovo,32.828896,-117.07802,6.2
90813,"North Shore Drive, Hidden Valley Lake, CA 95467",38.80917,-122.55967,0.4
90843,East Richmond Heights,37.944027,-122.31438,2.0
90863,Glen Ellen Cottage,38.366695,-122.53021,0.2
90889,Montclaire Ct. NE,37.347023,-122.08375,0.0
90897,2364 Warren Road,37.89148,-122.07397,1.6
90925,Menlo Park,37.44597,-122.18805,0.0
90953,Parkway II,38.678864,-121.1189,0.7
90997,CCAEJ_San_Bernardino_#1,34.139313,-117.25532,13.6
91021,Dawn Way,36.979942,-121.57202,2.6
91075,PA-443,37.41727,-122.199036,0.4
91079,Mt Diablo Summit,37.881706,-121.91464,0.0
91081,PurpleAir Sensor 10,34.200516,-118.17351,16.6
91135,AYUNTAMIENTO DE MEXICALI - FRACCIONAMIENTO HIPICO,32.669296,-115.427505,24.5
91187,SC_UPLD,34.10473,-117.69843,12.4
91193,AYUNTAMIENTO DE MEXICALI - PLAZA EL CABALLITO,32.650665,-115.47141,5.5
91237,BioMarin 300,38.072083,-122.53434,0.0
91287,Tall Grass Ct,38.30526,-122.347595,0.9
91297,AYUNTAMIENTO DE MEXICALI - ESTACION DE BOMBEROS ROBLEDO,32.587654,-115.40042,2.4
91319,Near Roy Cloud,37.46149,-122.25693,0.1
91321,AYUNTAMIENTO DE MEXICALI - MISION DEL ANGEL,32.577927,-115.43802,32.7
91331,Driveway,37.633526,-122.48195,3.2
91335,Mount Everest Blvd,32.809074,-117.18591,5.4
91397,Hayward City Hall,37.67094,-122.085625,1.2
91403,Outside - Casa Olinda,37.957813,-122.27409,0.6
91451,AYUNTAMIENTO DE MEXICALI - CETIS 18,32.622322,-115.52254,3.0
91477,SCGMP_03,34.028923,-117.81373,12.5
91485,BioMarin 46,38.072277,-122.534325,0.3
91495,SCSLP_02_font,34.099747,-117.49172,11.0
91511,P13 Air,33.765705,-118.40046,5.5
91555,Mission Park HOA - Santa Clara,37.399067,-121.96411,0.7
91567,AYUNTAMIENTO DE MEXICALI - CDHI CENTENARIO,32.59622,-115.36306,2.3
91589,Sunbelt Vineyard,35.734783,-120.66601,0.0
91615,Greenbrae,37.95035,-122.52877,0.8
91617,Parkside Intermediate School,37.621143,-122.42189,0.0
91643,"219 S. D St. Madera, CA. 93638",36.9612,-120.05673,1.2
91653,Sheep Ranch,38.208424,-120.46257,0.1
91693,Tschannen Science Complex,38.56062,-121.420876,1.6
91695,Elizabeth Delgado,34.099834,-117.32184,9.8
91741,Sereno del Mar,38.382317,-123.07146,1.8
91743,Northeast Nevada City,39.295673,-120.986046,2.5
91749,Miller Time,37.893337,-122.25963,0.0
91755,"Faraday Fields, Inyokern",35.64684,-117.81193,4.3
91805,Brisbane Community Pool,37.68528,-122.4057,1.3
91813,Backyard,37.34428,-121.99878,1.0
91821,Amber Swartz Park,37.984257,-122.27174,0.3
91825,Oak Valley,37.3298,-122.07911,0.0
91843,Greenbriar,39.031708,-121.0683,1.5
91851,Woodview Circle,37.76702,-121.95123,0.8
91869,PurpleAir Sensor 15,34.19983,-118.16944,18.6
91897,SCSLP_02_font,34.099712,-117.49177,9.7
91911,Ukiah,39.119774,-123.20554,0.1
91915,Casa Cielo,33.04325,-117.13577,7.3
91917,Belmont Cyn Rd,37.513676,-122.30964,0.6
91921,Upper Hidden Valley,38.48076,-122.70268,0.0
91935,Puppy,38.45294,-122.67323,0.1
91967,Movie Colony,33.83218,-116.53689,5.3
91969,Fletcher Avenue,34.099785,-118.14243,19.3
91971,PageStreet,37.87602,-122.30094,1.1
91979,1271 Canyon Road,38.69973,-122.935844,0.0
91991,Tilden Ln,39.755367,-121.78869,1.3
91995,EID diesel,38.73358,-121.092476,2.5
92011,Serena Way,37.325405,-121.97362,0.6
92015,856 Chesterton,37.464714,-122.24833,0.0
92017,P_Air_M001,38.511448,-121.54559,2.4
92019,Sonoma Mountain ROR,38.34584,-122.60099,0.1
92085,Underfoot Farms,37.69964,-121.446976,0.1
92097,Bay St.,37.766262,-122.26458,1.4
92105,MES,34.109123,-118.14694,12.0
92145,Hummingbird Haven,37.326138,-120.483925,1.0
92147,Castanya OUTSIDE,37.397377,-122.19468,0.1
92183,OB-SF,37.748394,-122.502174,3.0
92195,RSM_02,33.653065,-117.5799,7.6
92211,SCSLP_03_font,34.099693,-117.4917,10.3
92213,Pope Valley,38.615288,-122.43399,0.0
92225,Aptos Hills,36.94754,-121.83052,1.6
92235,SCSLP_05_font,34.09962,-117.492004,11.3
92323,Sagehen,39.431705,-120.2398,0.5
92499,BAM PA,37.81657,-122.213905,1.5
92527,INAH_AMS_01,33.72547,-116.206535,3.6
92533,CMPT AMS (1),33.901356,-118.20487,9.6
92545,"Santa Barbara, Irvine",33.68621,-117.80939,8.1
92605,SCGMP_01,33.973957,-117.31509,10.3
92617,Plantains,38.56163,-121.43347,1.8
92767,RAV,34.52032,-117.22391,3.1
93171,Hoge,39.571392,-119.8378,0.7
93177,Cedar/Harker,37.446503,-122.14237,0.1
93191,City of Berkeley City Hall,37.8696,-122.27105,9.8
93203,Truxton,33.961735,-118.39327,6.8
93241,shawmut,37.868668,-120.42097,0.4
93277,El Paraiso Ct,37.85035,-122.12609,1.2
93435,SCAQA_04,33.30278,-115.94624,1.8
93473,Eureka Ave. x Kearney St.,37.905975,-122.30385,0.9
93503,Guadalupe St,38.892193,-119.97579,1.2
93515,NEON D17 TEAK,37.00583,-119.006,0.0
93521,Marc's weather station,36.596676,-121.909584,1.8
93535,Lucas Valley,38.028175,-122.564926,0.1
93539,North Orchard,38.373436,-122.00271,1.7
93565,Holly Oaks Ranch,32.997906,-116.89686,5.8
93657,CRC,39.81831,-120.47791,0.8
93699,McNears Beach Park,37.99215,-122.45279,0.0
93813,Paradise Park,37.893883,-122.45652,0.9
93831,Begen Avenue,37.371994,-122.08588,0.0
93839,San Pasqual Elementary,32.751656,-114.59826,0.0
93881,Stafford Lake Park,38.11445,-122.65405,5.7
93883,McInnis Park,38.020576,-122.52486,1.4
93921,Timberview,37.27087,-119.584854,2.8
93997,Gateway Mountain Center Camp Base,39.31908,-120.32975,0.5
94001,"545 Orizaba Ave, San Francisco CA 94132",37.71888,-122.46277,1.6
94007,Woodside Glen,37.928406,-121.716194,0.1
94061,Pinewood Upper Campus,37.38775,-122.14273,0.0
94071,Nevada City (East),39.267467,-121.01115,2.3
94119,Eldridge Ct,37.9004,-122.284,1.5
94185,SugarLoaf,40.65413,-121.46317,0.1
94215,Birkdale,38.115185,-122.19643,0.4
94287,Oaks,35.586754,-118.4738,0.8
94381,Atascadero West Hills,35.50991,-120.674904,2.2
94397,Edgeware Triangle,34.067867,-118.254196,7.4
94417,Las Colinas,37.00919,-121.80666,1.7
94445,Williams Dr,37.856716,-122.122086,2.4
94553,Open Field Farm,38.215252,-122.71312,0.0
94609,Oak Glen Drive,39.420666,-119.78171,0.4
94621,Highland,38.21969,-122.63536,0.0
94631,Summer Lake,37.985893,-121.629,0.5
94633,Rebecca,37.11494,-122.102905,0.0
94951,Near Putah Creek Park,38.542732,-121.70845,2.8
94967,SHASTAAQMD_SC14_FootballField,40.568077,-122.23313,0.8
95003,TFE - Main Street,38.498657,-122.44823,0.0
95013,NoPlaceInParticulate,38.657997,-121.08877,0.2
95015,TFE- Terra D’Oro,38.508125,-120.80165,0.6
95051,213 Attica Drive,33.757412,-118.12206,2.0
95055,SMC ECLS,34.010616,-118.488754,7.0
95139,TFE - Trinchero Napa Valley,38.528553,-122.49664,0.2
95147,Malibu Campus,34.03698,-118.68973,8.2
95177,Stover Rd / Redwood Valley,41.043026,-123.87439,0.0
95179,Mike's Backyard,37.344227,-122.02246,0.6
95313,Gunsalus Vineyard,38.433334,-122.89763,0.0
95367,1230 S Mayflower (Outside),34.13815,-118.00926,14.7
95401,BVR Peaks,38.27097,-120.91307,1.4
95505,Paseo Del Rio - EXT,37.869446,-122.130196,0.9
95525,Belford Way - San Mateo,37.565,-122.33019,9.2
95537,Lathrop,37.79795,-121.31748,0.1
95711,SAFE-Orleans-KDNR-Outdoor,41.305473,-123.52773,0.5
95835,DV Industrial Area,41.987003,-116.12402,0.1
95981,EDH Hogarth Way,38.686485,-121.04035,2.6
96021,Shasta Retreat,41.230316,-122.279015,0.7
96053,The Farmhouse,37.081974,-121.580795,1.4
96061,Foxtail Ct Research Center,40.56826,-122.34443,1.8
96075,Coyote Creek Field Station,37.438133,-121.92841,1.7
96087,Murphys Downtown,38.138493,-120.46446,2.0
96163,Point Dume Malibu,34.00696,-118.80738,0.3
96173,The Kat,37.76494,-122.16064,1.3
96187,Corte de la Cañada,37.96421,-122.13666,1.6
96193,MDAQMD-Hinkley_FD,34.928787,-117.19822,0.0
96203,CARB_S_GBUAPCD_PalisadeHS,37.15169,-118.32748,0.0
96209,Ridgeway,38.757187,-120.58382,1.7
96235,Lancaster Estate,38.625668,-122.77402,0.0
96241,East Garrison,36.65262,-121.73911,1.0
96309,Back Yard,37.80689,-122.21374,1.8
96359,"Glendale, CA",34.154655,-118.22333,11.9
96411,SHASTAAqmd_SC3_DunsmuirWasteWater,41.183064,-122.28159,0.2
96521,Ring Mountain,37.91387,-122.485,0.0
96599,Foley Estates,34.647697,-120.303314,0.0
96611,Dudley House,34.162804,-118.10349,16.6
96615,Chalk Hill Winery,38.568176,-122.7709,0.6
96619,Prevail,38.71155,-122.85679,0.2
96633,Chalone Vineyard,36.470284,-121.229744,0.6
96643,Kennedy Ct.,38.799755,-121.242546,0.2
96669,North40,39.8496,-121.92277,1.4
96677,Old Town,34.40571,-119.53287,2.7
96721,City of Berkeley South Berkeley Senior Center,37.854275,-122.27282,0.1
96737,Butterwood,38.661106,-121.20331,0.5
96767,City of Berkeley Fire Station 7,37.89099,-122.25146,1.8
96771,Marion,33.888,-117.9199,7.6
96811,Coalinga - Mesa Way,36.155746,-120.34577,0.4
96829,BDUESD,37.062332,-122.14793,0.0
96837,Tacuba St. outdoor,34.110126,-118.21719,10.7
96887,RCCRA,40.07114,-120.67413,1.0
96891,MDAQMD-HUSD-OAK_HILLS_HS2,34.38841,-117.38256,3.2
96893,12 Ave. San Mateo,37.55773,-122.315765,0.0
96903,Northridge,34.22511,-118.509384,9.5
96923,ShastaAQMD_SC2_ShastaHS,40.58822,-122.409485,0.2
96927,OakBert Farm,38.368904,-122.537476,0.2
96935,Via canada outside,33.752266,-118.32161,5.7
96941,SHASTAAQMD_SC15 Shingletown,40.524513,-121.80153,0.7
96949,Querencia,38.638905,-121.26872,2.4
96959,Cloverdale Library - Outside,38.808662,-123.0202,0.0
97045,Foley Johnson winery,38.44998,-122.4143,0.0
97097,Sunnyarts-3,37.354267,-122.02045,0.3
97109,Crystal Aire Ct. &amp; Farnham Ln.,33.590275,-117.21733,5.7
97121,Oak Creek,37.952713,-122.27737,1.1
97157,Retreat Ln,38.73265,-120.57369,1.1
97265,Post Ranch Sierra Mar South,36.22973,-121.77173,3.1
97271,ABMR,37.477615,-122.23219,0.1
97277,Briones Road,37.964108,-122.1292,0.0
97339,MDAQMD-AV-LOOKOUT,34.53441,-117.27745,5.1
97599,"Ladera Oaks Swim, Tennis and Fitness Club",37.398216,-122.192024,1.3
97615,Molimo Manor,37.736603,-122.45108,1.0
97645,Concerned Citizen - Burocrata,32.653164,-115.454666,9.9
97673,Iowa Dr.,37.551636,-122.33568,0.0
97683,University and Middlebury,37.37995,-122.122215,0.0
97693,Collingwood Hill,37.75615,-122.43612,0.3
97709,Smokey Bees,38.586494,-121.484566,0.0
97711,Paramount-Site 1-Vermont  Ave,33.882664,-118.16319,44.0
97723,SBCAPCD_43,34.660255,-120.45113,3.5
97765,SBCAPCD_38,34.969944,-120.566895,3.3
97825,VistazoE,37.8764,-122.45123,0.2
97857,Plum,37.356606,-122.04636,0.0
97901,Clarendon heights,37.757694,-122.45107,1.8
97921,SBCAPCD-CAPCOA-14,34.950966,-120.43054,3.5
97945,SBCAPCD_33,34.59427,-120.142044,1.5
97951,SBCAPCD_Info_31,34.665356,-120.11096,3.7
97965,MDAQMD-VV2,34.51112,-117.32516,1.5
97981,MDAQMD-TRO2,35.77444,-117.37233,1.3
97983,MDAQMD_AVUSD_DK,34.52813,-117.26658,0.2
98011,MDAQMD-HUSD-HHS,34.43124,-117.34846,2.0
98061,Paseo Cerro,37.286053,-121.99693,0.6
98071,8 Mile Road (w/VOC),38.743412,-120.65515,0.6
98089,Celesta Ct.,38.360626,-122.883995,0.0
98091,N Valley Rd,40.14728,-120.889755,0.3
98099,Maxwelton,37.83043,-122.22658,1.6
98147,Penstock House,39.21337,-121.07762,0.0
98167,Skyline Goat Trail,37.179832,-122.02993,0.1
98181,Sonoma-SE,38.283707,-122.4455,0.4
98187,HeyWay,37.37064,-122.07236,0.1
98195,Pc35,38.55418,-121.71699,1.5
98199,BaseCamp,39.147068,-120.20991,0.5
98209,Weather_Rock,36.779118,-121.72451,1.8
98223,Camp Augusta,39.301697,-121.03009,0.4
98243,Dogwood Mountain 1,37.0808,-119.33698,3.7
98379,RMM,38.81637,-120.84521,1.1
98557,Canal and Helman,38.915604,-119.68817,0.0
98641,Ketch Park,37.55097,-122.25811,0.0
98705,38558 rd 128,36.48861,-119.28569,0.9
98783,SNARL,37.61392,-118.83215,1.1
98865,Brookwood Avenue n/o Olinder Park,37.337883,-121.869286,0.8
98879,Ponderosa,36.283974,-115.23501,9.6
98895,Valentine Reserve,37.62977,-118.9954,0.1
99345,PB Wicks St and Van Nuys,34.229027,-118.4006,10.9
99657,Oxford Way,36.954292,-122.038315,0.0
99689,Keystone &amp; Putnam,39.541294,-119.83784,1.3
100025,Parsley-Kerr,34.170567,-118.11396,13.8
100111,Rose Bowl Aquatics Center,34.151573,-118.16436,1.7
100119,Saratoga Hills,37.238766,-122.04426,1.0
100175,1514 Lupine,38.62998,-122.86875,0.1
100423,Cupertino-Los Altos Hills,37.321228,-122.0671,0.2
100591,CARB office (outside),33.97296,-117.34202,11.8
100735,City Hall Complex,38.5822,-121.49362,0.0
100797,Truckee Fire Station 95,39.361916,-120.09888,0.4
100805,Circle Rd,37.990925,-122.544304,0.1
100813,Animal Care Admin Building,38.57033,-121.51071,3.6
100879,223 Outside,37.925426,-122.53545,0.0
100935,Pacheco,37.991604,-122.07595,0.2
100939,Randall Elementary School,37.42961,-121.88157,0.2
100951,OrangeAir,37.43673,-122.20233,0.1
100977,Almond Vallejo,38.135925,-122.25041,5.0
100983,Benicia Brandon,38.06101,-122.14959,0.4
101035,Judah Road,39.28363,-120.693535,2.6
101073,Vallemar,37.609337,-122.479095,1.5
101081,Pomona Historic Lincoln Park,34.06933,-117.74944,9.3
101083,Fig Island,37.363346,-122.05677,0.9
101213,MesaOaksCircle,38.448177,-122.61428,0.1
101215,Good Life garden,33.037777,-117.22889,3.4
101221,"921 Cottrell Way, Stanford, CA",37.40927,-122.15807,0.0
101225,Pine Creek,39.8918,-121.8843,2.7
101247,Fargoville-outside-deux,37.501984,-122.27247,0.1
101299,Stanford Acres,37.41659,-122.18927,0.0
101321,Anson,37.913494,-122.2885,0.8
101345,Victoria,37.723145,-122.46467,2.0
101439,Zanker Elementary School,37.408165,-121.906044,0.2
101443,Curtner Elementary School,37.440998,-121.91366,0.4
101453,Burnett Elementary School,37.44274,-121.88104,0.0
101479,Home,37.40486,-122.06546,0.1
101493,Clinton &amp; Yale,37.94325,-122.31697,1.4
101503,Outside,37.668407,-121.71683,0.2
101513,Badger's Drift,39.365852,-120.157135,4.1
101515,Wisconsin-Norton,37.798256,-122.19718,2.0
101521,Mitchell Park - by Nexla,37.423603,-122.116264,0.2
101607,Greenwood,37.966568,-122.54054,0.0
101635,Bridle Circle,33.86627,-117.79021,0.0
101645,Comptche Spring Ranch,39.29127,-123.57702,0.0
101691,LAH RV Outside,37.379234,-122.13678,0.2
101740,Skipper Ct,39.232204,-121.2104,31.1
101752,Shadow Ridge,39.67448,-119.69555,0.5
101768,W Blithedale at Trailhead,37.91942,-122.55397,0.1
101774,Anthony Spangler Elementary School,37.43108,-121.91314,0.3
101776,Sinnott Elementary School,37.42272,-121.87069,0.0
101806,Monson Vineyards,38.708626,-122.83758,0.0
101838,East San Jose Foothills,37.349255,-121.7786,0.0
101978,Fort Ross Road,38.53907,-123.117134,0.0
102032,Pasadena - Lincoln &amp; Washington,34.170277,-118.1603,15.3
102068,Lower Christmas Tree Hill,37.924152,-122.531815,0.0
102134,Guinness,37.352795,-121.87462,1.2
102154,DUB Home,37.285526,-121.97034,0.4
102170,Minions Home,38.73005,-121.216,1.3
102172,Bronson,37.25463,-121.92873,0.4
102180,"Redlands, Ca",34.048347,-117.1459,8.8
102490,SK,34.157776,-118.576744,0.0
102518,Air4all,37.961445,-122.087036,0.0
102528,Sage Sparrow,38.33434,-121.93434,1.2
102596,Olive Springs Near Quarry,37.058266,-121.92316,1.1
102630,Ware Road,37.44349,-122.32831,0.4
102758,Kepel,41.280704,-123.83414,0.7
102808,June Mountain - Stu Pots,37.750435,-119.0745,1.3
103030,Estrada Household,33.749466,-117.936005,6.9
103032,Casa Bejarano,33.744274,-117.88658,9.8
103060,Casa Linares Cheney,33.72279,-117.90468,6.3
103120,Hanson Residence,33.69667,-117.869026,5.6
103232,Ft. Yuma Quechan EPO,32.73236,-114.616196,0.6
103274,Casa Diaz,33.734074,-117.94006,6.2
103292,Casa Terrazas,33.72716,-117.85847,38.7
103766,El Nido Dos,38.079903,-122.1818,0.4
103800,Franz Valley,38.581676,-122.61001,0.0
103802,Churchill Park,37.760597,-122.417496,11.0
103850,Linda Ave,37.82204,-122.244804,1.4
103852,Crist Street Alameda,37.76218,-122.240456,1.6
103870,Upper Zayante,37.161026,-122.013176,1.8
103904,Groth,38.44944,-122.38045,0.0
103908,Stovepipe outside,39.380623,-119.63207,0.7
103958,Shady Acres,39.210316,-121.005905,4.7
103992,Pine Mountain Club -- Woodland Drive,34.83831,-119.14988,1.8
104008,Dolores Terrace,37.762726,-122.42576,3.4
104034,Graeagle Goldridge,39.774895,-120.63436,1.5
104042,Kings Landing,39.255417,-120.03208,1.2
104096,Turlock RAMP PA,37.488094,-120.83556,2.8
104100,Tranquility RAMP PA,36.63435,-120.38337,0.2
104108,Manteca RAMP PA,37.793423,-121.24782,1.6
104230,Fresno-Pacific RAMP PA,36.726505,-119.73324,2.4
104234,Bakersfield Golden CAMP PA,35.38554,-119.01499,2.2
104348,"Alamo Square, SF",37.778046,-122.43579,1.7
104356,nolavendola,38.01698,-122.55122,0.2
104364,Rio Vista,39.31553,-120.195045,1.7
104372,June Lake,37.782833,-119.086,1.5
104380,Musigny2,33.601215,-117.86143,5.3
104390,ChimneyRock/TerraceView,38.979626,-119.921196,1.3
104400,Pineview Resident,38.85103,-119.646965,0.5
104408,Granite Bay,38.75582,-121.16947,3.1
104416,"230 monte vista ave, larkspur, ca, 94939",37.933697,-122.534424,0.0
104432,Baja Los Angeles Ave,37.890266,-122.27305,1.7
104434,"Dolores Drive, Paradise",39.776142,-121.58283,3.1
104442,Boulders,39.53029,-119.92514,1.3
104450,Rohnert Park,38.34944,-122.68654,0.2
104456,Cypress Point &amp; Wawona,38.24495,-120.32845,1.5
104460,Mammoth Hospital Bldg. E outside,37.6435,-118.96262,4.0
104464,Concow,39.77089,-121.49685,2.9
104580,TD Rhineland,39.34686,-120.25404,0.8
104602,Newcastle Rd at Rattlesnake rd,38.83297,-121.10397,3.6
104612,5th floor,37.799057,-122.42443,2.7
104622,PROSSER LAKE HEIGHTS,39.349434,-120.181076,1.8
104626,Frog Consulate,39.168236,-121.04986,2.3
104652,253 Military E,38.053185,-122.15154,0.2
104658,Conecta Preschool,39.352085,-120.23165,1.7
104670,JMC Lakeside,38.91152,-121.32558,3.4
104680,Westside Lighthouse,36.954346,-122.032135,3.1
104688,Via Lucia,32.827785,-117.24732,6.3
104692,Casa Manana,38.071507,-122.80678,1.0
104696,1000 American Way. Windsor,38.526943,-122.79944,0.1
104714,Luther,38.930576,-121.061966,1.3
104716,Trenton Drive,37.714413,-122.06564,0.0
104726,Collins Lake,39.34209,-121.33178,5.7
104732,Down By the River (Outside),39.519222,-119.99625,1.1
104852,Caughlin Ranch Rd,39.493603,-119.86693,1.1
104884,Lucille Lane,37.306545,-120.5861,1.1
104908,WSLA_AMS_01,34.05121,-118.456215,7.1
104916,SCMP_06,33.703217,-117.77359,5.6
104926,SCMP_05,33.6773,-117.99817,4.6
104940,710NR_AMS_01,33.859707,-118.20066,13.4
105018,HenHouse Brewing - Santa Rosa,38.400543,-122.72552,0.1
105128,"Bucks Lake, California",39.87606,-121.19605,0.0
105168,Summerfield Waldorf School &amp; Farm,38.443287,-122.8106,0.4
105506,Eleanor Way,37.35036,-122.01315,0.9
105526,Joy Ridge,38.371464,-122.971596,0.4
105692,Bahay na Araw,37.758205,-122.47547,3.1
105694,Divina Farms,38.790283,-121.01033,2.0
106120,Bridge Avenue Fruitvale,37.77843,-122.22017,1.3
106382,Brannan and 2nd,37.78241,-122.39042,1.3
107364,Sycamore Canyon,34.00333,-118.05477,10.4
107548,"2020 SUTTER PL, DAVIS - OUTDOOR (rooftop)",38.56235,-121.771515,6.7
107574,Sutter Solano Medical Center,38.13121,-122.23767,0.3
107576,Sutter Lakeside Hospital,39.105576,-122.90606,0.0
107578,Sutter Coast Hospital,41.775265,-124.19443,0.3
107580,"CPMC, Mission Bernal Campus, Roof",37.74759,-122.42162,2.3
107628,Wedgewood,38.72055,-121.1968,2.0
107640,Headlands,37.876205,-122.51432,1.1
107646,Outdoors,37.751167,-122.42671,2.7
107664,Glenshire Pool,39.351753,-120.09884,1.5
107742,EOS 74A,37.89092,-122.44753,1.1
107822,2700 LOW CT FAIRFIELD - OUTDOOR (ROOFTOP),38.23715,-122.085014,1.5
107832,Eton Ct,37.851784,-122.24953,3.2
108004,Brickyard,38.515625,-121.53856,4.1
108032,The PLUR Hole,38.576435,-121.267235,1.8
108100,Darrell Rd,37.549305,-122.36992,0.2
108170,Susan Hills,40.38513,-120.65664,1.4
108176,243,37.44699,-122.21643,0.2
108188,Sierra Meadows,37.361744,-119.6965,2.2
108210,Tiffany Green,37.744854,-122.42129,2.6
108322,Creekside St.,40.514446,-122.36783,2.2
108340,Osage Triangle outside,33.96232,-118.3794,6.5
108362,Burlingame Park,37.57231,-122.35342,0.1
108378,"Melodia terrace, Carlsbad, CA 92011",33.09524,-117.29682,6.8
108388,26 Zephyr court  san rafael ca 94903,38.031216,-122.58182,0.4
108398,Bbq deck,38.370518,-122.525734,0.2
108400,Beasley ES,39.581005,-119.70676,1.0
108412,Westergard ES,39.527184,-119.89257,1.0
108422,Desert Heights ES,39.653584,-119.88254,1.2
108426,Schilling Robotics,38.551125,-121.71201,1.3
108468,N Deer Run Rd,39.17918,-119.7022,1.1
108494,North Fitch Mtn,38.6231,-122.83819,2.6
108516,City of Berkeley Fire Station 3,37.858257,-122.25258,2.1
108524,Summit Ridge PF,39.26622,-120.9035,2.0
108530,Douglas &amp; Kingsgate,38.749233,-121.20985,1.7
108540,City of Berkeley Fire Station 4,37.888615,-122.27607,1.2
108606,Somersett Hill Top,39.52763,-119.93734,2.9
108614,Flying Pig,34.435,-119.722115,14.9
108628,22nd Ave Outdoor,37.79615,-122.22741,2.0
108630,PAII_DoubleDiamond,39.42807,-119.73738,2.9
108636,Outside,37.232243,-122.14726,0.4
108654,Lake Elementary School,39.769356,-122.15917,0.0
108656,Filamina,38.47138,-122.75783,0.0
108702,Fourtress,38.243534,-122.699776,0.5
108798,Strawberry Lane,38.794,-120.14569,0.9
108818,Pumpshed,38.462696,-122.86374,0.0
108846,TRUS,36.4436,-118.9031,8.0
108902,Witter Ranch,38.638596,-121.53174,1.9
109068,Fox Den 2,39.761154,-121.83193,3.3
109072,Spottswoode Vineyard,38.49806,-122.475235,0.1
109094,Sunnyarts-4,37.35658,-122.02109,0.5
109124,Richardson Way + Dawn Court,37.87547,-122.52991,0.6
109136,Vineyard Hill,37.41017,-122.25081,0.0
109182,Cloud's Rest,37.150047,-122.00445,1.2
109192,Green Hills Baseball,37.60592,-122.404594,1.1
109212,Woodfords Education Center,38.79433,-119.75309,0.8
109310,tandb2,38.68519,-120.68989,2.0
109312,Murray Park,37.944565,-122.54759,0.0
109320,Windsor Senior Center,38.553062,-122.81092,0.1
109326,9th and St John,37.341553,-121.88287,0.8
109366,563 Everett,37.809338,-121.981674,1.8
109396,471 Sherwood Way,37.4505,-122.17354,0.4
109398,Castle Lake Station,41.228115,-122.38453,0.0
109416,Carbonera,36.997307,-122.0149,2.8
109484,Allison Dr,39.27086,-119.96161,1.7
109498,Robbie,36.14093,-115.2369,2.2
109506,"Sign Hill, Stonegate",37.664787,-122.42493,2.5
109520,Oak Meadow Court,37.300407,-122.04255,0.4
109522,Neal,37.656963,-121.86917,0.8
109528,Hester Creek,37.088043,-121.94188,2.7
109532,Pixie’s House,38.642345,-121.73274,2.9
109534,Stockbridge and Yellowstone,37.298393,-121.97067,0.3
109542,190 Montgomery Rd,38.396294,-122.8706,0.0
109582,Woodward Bunker - outside,39.336426,-120.35057,1.9
109604,Deer Hills,38.670525,-120.897415,1.6
109610,Owl Creek,39.271236,-121.12006,12.7
109612,Honey,38.62851,-121.23184,0.8
109616,Burners for Local Action,33.919846,-118.42096,9.3
109624,EPtronics,33.855965,-118.28898,11.5
109630,Alexander Valley,38.661427,-122.85237,0.0
109636,Lasers-durazno,37.399975,-122.20063,0.4
109654,Sierra,37.386448,-122.07971,0.4
109694,Blossom Valley - Sakamoto,37.229485,-121.833176,0.9
109700,Anitra,39.45133,-119.82121,0.6
109702,38 Van Tassel Lane,37.912712,-122.18736,0.0
109704,Cranfield,37.50435,-122.28698,0.5
109710,Old Stable,37.877125,-122.03799,1.1
109712,Hydesville,40.56014,-124.08478,0.9
109718,Windcrest,37.670033,-122.42157,1.1
109856,Moongoat,37.0232,-121.9364,2.6
109946,Madrone,38.34566,-122.49405,1.1
109948,North Tustin,33.77101,-117.78996,9.1
109950,1765 Sequoia Avenue,39.140633,-120.154045,2.4
109952,1045o,38.46301,-122.68861,0.2
109954,Golden gate heights 12th ave,37.75192,-122.468864,2.5
109962,142 Sutcliffe Circle,38.653313,-121.16499,5.8
109966,Snow Crest,39.1788,-120.21468,0.7
109968,10550 Wells Fargo Rd,39.660057,-119.92735,1.2
109972,Del Monte,38.905735,-121.06219,3.1
109984,Moon Lake,38.699387,-120.712944,0.9
110014,UC Berkeley Central Sierra Snow Lab,39.32548,-120.36752,1.5
110024,Mid Echo,37.56425,-122.300026,0.6
110026,Maude Ave,37.249077,-121.99884,1.3
110028,Hecate house,37.254963,-121.949,1.0
110034,Romford &amp; Chiswell,38.569725,-121.319016,1.6
110040,"588 Dalewood Dr, Orinda, CA Outside",37.91526,-122.18029,0.3
110046,El Cerrito,32.76427,-117.072075,9.3
110052,Country Patio,37.696392,-122.025444,2.0
110064,Grant Ln,38.526913,-121.50899,1.4
110066,Sacramento and Main Streets,39.205875,-120.83981,1.6
110068,Claycord Court,37.959602,-121.97464,1.5
110078,Black Bart,38.91587,-119.97185,0.8
110094,Pleasant Hill Orchard,38.942482,-121.18956,1.7
110096,Gorham Way,38.543793,-121.269264,1.1
110098,VICINI RANCH,38.4358,-120.898605,1.1
110198,Mendocino College Track,39.189503,-123.230606,0.0
110262,CUES,37.642014,-119.03087,0.0
110266,Little Grass Valley Lake,39.711205,-120.98889,1.7
110280,La Cresta,33.524773,-117.327614,4.1
110284,Creekside,38.611454,-121.38753,0.8
110294,Backyard,37.952908,-121.93248,0.5
110300,Pines Tract,37.31975,-119.558914,1.8
110306,Moore and Gunn,37.832386,-122.19025,2.0
110308,FOEH,38.63814,-121.27915,2.6
110318,Fairlands Park,37.692123,-121.87583,1.6
110326,Road 18,38.32684,-122.454994,0.2
110340,Monroe Orchards,37.596153,-120.88751,27.5
110342,Cat Resource Center,37.85021,-122.28055,1.4
110350,Meadowbrook,38.540607,-121.70283,2.7
110356,Black Mountain Communications NOC,38.52906,-123.126465,0.0
110358,Bancroft Village,37.92284,-122.03978,1.0
110376,Surmont Drive,37.938145,-122.09144,0.2
110380,Hidden Meadow,37.87307,-122.06,0.9
110386,Sierra Vista,37.416874,-122.08759,0.7
110388,Woodridge,37.99999,-120.29044,1.6
110390,La Rinconada &amp; Clearview,37.25615,-121.97466,0.8
110394,Kingston,38.305626,-122.31838,1.7
110396,Eleanore Borne,40.5325,-122.31013,1.9
110414,Woodacre lower flats,38.012035,-122.643814,0.0
110444,SCLH,38.86176,-121.27254,2.4
110446,Riverlands,38.50134,-122.992676,0.8
110458,CPVR,38.507393,-122.35239,0.0
110480,reids,37.773758,-122.28413,2.8
110486,Melville,37.442444,-122.14912,0.3
110494,Regent,37.72663,-122.12969,0.0
110496,Fairmeadow,37.41954,-122.11714,0.1
110498,TOPS Outdoor Classroom,37.88529,-122.18975,1.0
110504,Mayten Tree Ct,37.364006,-122.01232,0.3
110520,Rosewood Ave San Carlos,37.498775,-122.25582,0.7
110522,Cavity-Stallman / Sierra Ponds Ln,38.766792,-121.16964,3.1
110528,Shasta Mosquito and Vector Control,40.48529,-122.34297,2.3
110538,Deck,39.171127,-120.23309,1.8
110542,Teerlink,37.262653,-122.0563,0.6
110564,McClellan Park,38.660538,-121.38932,1.3
110602,Gratitude,33.98931,-117.82944,11.2
110606,73xx Pleasants Valley Rd,38.41796,-122.04492,4.1
110612,"6224 Feet, South Lake Tahoe",38.956844,-119.94262,1.2
110622,Fawn Park Estates,38.525105,-122.476494,0.1
110624,Hill Top Pleasanton,37.64787,-121.853165,1.4
110630,Peterson,40.9333,-123.61891,4.4
110642,"Mountain House, Questa",37.788815,-121.54967,0.8
110644,Country Circle,39.274227,-121.05356,2.7
110650,Sequoia Crest,36.18656,-118.63083,3.4
110654,JCH - outside,38.55934,-121.44811,3.9
110666,Blackstone Drive (outside),37.127342,-122.12728,0.3
110682,tamarack cabin,39.30457,-120.3894,1.6
110684,Mercey Hot Springs,36.70463,-120.860405,1.8
110686,Empire Mine,39.21249,-121.05145,0.0
110692,Lafayette,37.89069,-122.12147,0.7
110694,Sea Blanche,38.82492,-123.594345,0.1
110696,Tarcy Drive,40.649055,-122.33411,0.0
110706,Crescent Moon Ct,40.560192,-122.41353,0.5
110724,Garage,37.583836,-122.36194,0.0
110732,Cape Marin 02,37.944912,-122.52417,0.0
110736,Thelin and Pine Nut,39.30909,-120.17822,1.6
110754,MWalther,37.70721,-121.42287,0.2
110756,Elm &amp; Morse,37.50003,-122.25617,0.4
110802,S. Rainbow,39.30973,-119.49477,1.0
110806,Meadowview,38.24589,-120.35883,2.0
110808,Crow's Nest,37.372852,-122.01597,0.5
110810,Lafayette Outside,37.94237,-122.10493,0.0
110848,MTNEARS-Outside,38.882256,-120.83275,2.6
110969,Foster Rd,37.212303,-121.97131,1.5
110973,Appleton &amp; Mission,37.738934,-122.42361,1.9
110985,Sayre Drive,37.83421,-122.19769,2.7
110995,Sycamore North,37.517292,-121.139854,9.6
110997,Pear Tree Bungalow,37.90325,-122.13218,1.2
111057,"Vicente Rd, Outside",37.854515,-122.23546,0.0
111063,River House,38.47597,-122.9986,0.0
111083,Elmendorf-North,37.38396,-122.20769,0.0
111121,Derrer Ranch Outisde,38.73369,-119.78127,0.0
111129,White Oak Outdoor,38.71377,-120.86102,0.0
111169,El Cajon Court,37.939102,-122.09719,0.0
111175,CSUSM COMMONS,33.127163,-117.15966,1.2
111179,L Dub,39.234726,-119.82998,0.0
111189,CSUSM Parking Structure 2,33.133698,-117.16043,0.1
111217,Rivers Beauty,38.228848,-122.623116,0.5
111221,DITTMORE Cabin,39.217545,-120.08902,1.4
111257,977 S Monarch,37.76315,-121.90993,1.5
111265,JOTR - Cottonwood,33.747276,-115.82018,1.1
111285,Foxbase Perimeter,37.3841,-122.02814,0.9
111305,summit ridge way,38.90315,-119.84437,0.9
111307,Park Road,37.46604,-122.265564,0.3
111309,Santa Teresa,37.22756,-121.83302,1.1
111311,Sophia Farms/Calpine,39.66663,-120.42647,1.3
111319,Diamond Oaks Park,38.765545,-121.281364,3.0
111353,Yuba River Charter School,39.226643,-121.08296,0.0
111355,Viñedo FC,37.35966,-122.13885,0.0
111365,Bearlodge,39.27805,-119.94125,0.0
111371,Walgra 1,39.00878,-121.02614,0.0
111373,Stanford Golf Clubhouse (45ft AGL),37.4302,-122.18462,0.0
111381,Crown,37.947227,-122.57046,0.0
111389,4S Ranch,38.750443,-120.93579,2.5
111391,Jones,36.858067,-119.72782,0.0
111397,Shadowrock,38.96813,-121.04545,2.4
111401,East Gilroy foothills,37.01683,-121.497475,3326.6
111405,Black Forest Estates,38.943512,-121.12889,2.2
111419,3 miles up Alderpoint Rd,40.110043,-123.75904,0.0
111423,JOTR-Pinto Wells,33.93972,-115.410835,3.2
111447,Meyers Watercraft Inspection Station,38.849804,-120.01992,0.9
111465,Coulter Cafe,37.711456,-120.19644,3.1
111473,Ridgeview,37.37803,-121.81194,1.1
111486,Muhlebach way,39.355114,-120.22617,1.8
111492,Hartland Sensor 1,38.778324,-121.37054,2.2
111496,Twelve Trees,38.95655,-121.13977,2.2
111498,Crestmoor III,37.616806,-122.431,1.7
111508,Cook Avenue,38.70266,-121.2858,1.8
111514,Inglewood Ave,38.48557,-122.45165,0.2
111566,Marcussen Dr,37.459007,-122.178185,0.0
111570,Outrigger Canoe Club,37.96782,-122.56308,0.0
111582,LGBTAQI++,38.399437,-122.88037,0.4
111604,Glen Hall Park South,38.57816,-121.42667,1.5
111608,Overlook Place,39.276653,-120.128586,1.2
111610,Penny Lane,37.970028,-122.01253,0.7
111612,Santa Clara Ave outside,37.898766,-122.28084,2.2
111614,"Talbot Ave, East Sharp Park, Pacifica",37.63419,-122.48507,0.0
111628,Northwood,37.408802,-121.87922,0.7
111658,Orr springs road yokayo,39.204906,-123.27986,0.5
111678,Big Chief Base,39.24747,-120.210365,2.1
111682,Discovery Charter School,37.235413,-121.84675,1.1
111684,Butterfield Road,38.00454,-122.57653,0.2
111686,SLCA Main Building,37.727043,-122.18807,14.1
111692,OM-Estates,37.87071,-122.1699,1.4
111704,Lantana Ranch,38.792976,-119.04131,3.3
111714,BuckNut,37.641647,-118.95643,0.6
111716,Elmendorf-South2,37.383316,-122.20771,0.0
111740,Harmony Hill Rd. and Green Canyon Rd.,38.711258,-120.70046,0.9
111746,Parducci,39.2002,-123.21262,0.2
111758,Gail Ave,37.366974,-122.01723,0.4
111768,Edelweiss Lane,39.149036,-120.15222,1.5
111800,Meadowlark,38.34674,-122.317276,2.0
111806,Overlook Drive,33.236584,-117.29305,8.0
111814,Glenhaven,33.22192,-117.26442,4.8
111824,Sunnyside - Flood Ave,37.730057,-122.4519,3.6
111830,Alta Arden,38.599438,-121.39858,1.4
111832,"Burson, Ca",38.152508,-120.8947,9.2
111836,Mariposa CIR,38.53595,-121.72186,1.3
111840,A Capp Street Garden,37.75499,-122.41723,0.6
111844,Outside,37.8536,-122.48424,0.9
111846,10190 Purple Air,39.52418,-119.930595,3.6
111850,Sonoma Mountain - North,38.363243,-122.61611,0.6
111862,Zollie,40.505116,-122.384224,1.3
111864,Enrose Outside,33.75676,-118.318115,6.7
111884,Ucm-9273,37.951202,-121.295944,1.5
111906,Oak Street,41.25857,-122.14184,1.5
111932,Rue Adriane,32.84267,-117.2537,0.0
111938,Heller Family Vineyards,38.55321,-122.62571,0.1
111940,Fenrir's Lair,40.564762,-122.42701,1.3
111942,10 Chapel Drive,37.888023,-122.16135,1.0
111946,Idlewood Road,38.519104,-122.69891,0.0
111950,River Pointe,38.14523,-121.26454,0.0
111954,Sunview,35.398174,-118.9429,8.5
111960,Verbena Fields,39.753723,-121.81655,12.4
111962,South La Cresta Dr.,37.37642,-122.141106,0.0
111970,PurpleRain,37.758076,-122.40067,2.2
111972,West Camden,38.432545,-121.38074,0.0
111974,Morningside,37.988087,-122.577515,0.0
111976,Roseville,38.75727,-121.231964,0.0
111998,Dalewood Squared,37.54497,-122.036,0.7
112002,Dove nest,38.28452,-122.32694,0.5
112004,Centennial - Flower St,37.4964,-122.239914,0.0
112008,Upper Dimond,37.805412,-122.21276,0.0
112018,SCVCC,37.272736,-121.77079,0.0
112036,Triangle,38.56102,-121.46847,2.8
112042,Hollow Dale,37.117645,-121.65803,1.6
112048,"Steinway, Campbell",37.267403,-121.96955,0.8
112052,South Shore Donner Lake,39.31833,-120.263306,0.0
112056,Medicine Wheel Ranch,37.035603,-119.46394,3.8
112120,Del Dayo Riviera,38.590237,-121.33648,5.6
112126,Maidu Trail 1,39.374027,-121.22142,3.2
112128,Rudolph Rd,37.45605,-118.33066,1.8
112134,Prospect,37.215195,-121.98083,1.1
112138,Backyard,37.299656,-121.88817,0.9
112144,Zephyr Cove Tennis Club,39.01082,-119.94414,0.9
112146,Cloverdale Lane,37.29161,-121.97301,0.0
112164,Grandview Ave,37.236237,-121.98981,0.4
112174,DEAD END FIFTH,37.98545,-122.553535,0.0
112202,"Hawthorne, Nevada",38.53099,-118.62106,0.4
112214,River Park - Monalee Ave,38.57307,-121.42906,0.0
112242,Cobblestone Santa Rosa,38.47389,-122.70822,0.0
112244,Front,37.56378,-122.3014,3330.5
112248,GO GIANTS!!!,38.324543,-122.696075,0.0
112256,Tahoe Park Beach,39.141224,-120.1531,0.0
112260,friendly fred,37.886078,-121.08035,1.8
112270,PurpleAir,38.54409,-121.34901,0.0
112276,Mikes Aero,38.571423,-122.43366,0.0
112278,1530 Christy Lane,39.200825,-120.22823,0.0
112282,Norfolk &amp; Noe,37.562965,-122.30046,0.2
112290,Moraga DD,37.84764,-122.11509,0.0
112298,Club at Madeira Canyon,35.928524,-115.08981,
112302,Lindale North,38.497,-121.41784,0.0
112324,Desert Gold,38.946724,-119.69326,0.0
112328,Fish Camp,37.47785,-119.637764,0.0
112364,Berkeley - California &amp; Delaware,37.87382,-122.27991,0.0
112372,Lizards-O1,37.47299,-122.182175,0.0
112374,Jennifer Lane,37.860573,-122.025826,0.0
112376,Castro Valley,37.694187,-122.09224,0.0
112378,Court Street and San Jose Avenue,37.756165,-122.23645,0.0
112382,RSF,33.051315,-117.17363,3.3
112390,Marshall Gold Discovery SHP,38.800476,-120.8918,0.0
112394,Lizards-O2,37.4735,-122.18245,0.0
112438,LH Webster,37.7716,-122.4288,0.0
112470,Saddle Creek,37.917328,-120.63244,0.0
112476,DSIS Outdoor,38.547783,-121.745384,3328.1
112478,Stoakes Ave,37.73171,-122.16329,0.0
112488,La Salle,37.821285,-122.21749,0.0
112496,East Sunset,37.370876,-122.12186,0.0
112512,211 Uplands Garage,37.853596,-122.24044,0.0
112514,Basque,39.286694,-120.11481,0.0
112538,The Paseos,36.181274,-115.363754,0.8
112562,"Diablo, CA",37.841923,-121.964355,0.0
112596,ThomFamOutdoor,38.06796,-122.15702,0.0
112640,European Sales &amp; Service,38.42986,-122.7108,0.0
112660,Top of the Woodlands,37.948174,-122.56995,0.0
112662,Breakers Marina Bay,37.909946,-122.34203,0.0
112672,Reservation Rd,38.69483,-120.89563,0.0
112700,Potrero Hill 18th &amp; Mississippi,37.762455,-122.39492,0.0
112710,"Novato, CA",38.098995,-122.62047,0.0
112720,Burns pl,38.026962,-121.32664,0.0
112740,BLS- Augusta Dr.,38.261528,-120.32755,0.0
112796,DPE/CFIG Outdoors,33.569504,-117.14141,0.5
112798,Su,38.455856,-122.70264,0.0
112812,208 bella vista ave,37.22424,-121.9717,0.9
112816,Bitler’s,38.98289,-119.954414,0.0
112820,Palisades,38.966476,-119.913216,0.5
112834,Jackson and Market,37.3454,-121.94556,0.0
112844,Woodlake - Outdoor,38.60279,-121.46165,0.0
112850,Westlake Village,39.061207,-120.135635,
112882,HausTaco,37.86134,-122.19016,0.0
112888,The Tardis,37.86099,-121.97246,0.0
112894,"Silver Springs, NV",39.390602,-119.23371,1.2
112898,Old Strauss Place,39.281677,-123.61561,0.0
112916,K9JM @ Aileen Way,39.113388,-121.05208,0.0
112918,Bowman Library,37.455227,-122.19202,0.0
112922,GIBSON,40.548824,-122.29871,0.0
112924,2828 Killkare Rd.,37.633087,-121.91828,0.0
112940,Taos Lane,39.39635,-119.789825,0.0
112944,Oilstop Lodi,38.115635,-121.27737,0.0
112956,JB Air Monitor,38.834267,-120.53132,0.0
112982,ViaVespero,37.163254,-121.820496,0.0
112996,GECS/YLC,41.717865,-122.64296,0.0
113020,Home,37.455162,-122.256325,0.0
113040,Hansel Hill,39.35786,-120.22978,0.0
113050,Kanaka Valley,38.73273,-121.018616,1.5
113052,Olney ct,37.79613,-121.9797,0.0
113064,Strawberry HW50,38.802338,-120.14262,0.0
113066,Coyote Road,34.44664,-119.67161,13.6
113090,Blue Bell Drive,40.560204,-122.40955,0.0
113108,Parklet sensor,37.764893,-122.25868,0.1
113142,Park Lane,34.441296,-119.61921,5.2
113144,Shelter Crik Resort,37.619637,-122.42828,55.0
113152,Velodrome,37.336258,-121.968414,0.0
113154,Greenham Court Hamilton,38.055832,-122.51504,0.0
113156,Burlingame Country Club SW,37.566864,-122.37071,0.0
113158,Vista Gusts,37.930046,-122.29522,0.0
113160,Tethys Outside Sensor,37.56733,-122.34863,0.0
113170,The Cove School,37.921417,-122.498886,0.0
113172,TAL1,37.223145,-121.86786,0.0
113182,LOWER ARROWCREEK,39.410534,-119.80352,0.0
113200,Orinda,37.89212,-122.20408,0.0
113202,Cuesta Ave,37.540115,-122.31703,0.0
113204,Chandelle Way,39.31986,-120.149445,0.0
113206,21st &amp; Balboa,37.776146,-122.47981,2.4
113220,Spanish Ranch,37.10412,-121.89996,2.4
113226,"Tardis Exterior, Floribunda Ave (OUTSIDE)",37.58118,-122.35063,0.0
113234,Saddlehorn Saloon,39.396507,-119.79556,0.0
113262,Brighton Oaks,37.131763,-121.65149,0.0
113264,94015,37.65632,-122.46093,0.0
113282,Top of Kings Mountain,37.428097,-122.30758,0.0
113284,Red Hawk,37.556324,-121.968315,0.0
113286,T's Garden,37.687702,-121.747696,0.0
113290,East Sunset,37.668755,-121.775185,0.0
113292,Cypress Loop,40.596416,-124.140594,0.0
113314,Al HaDerech,38.58205,-121.39406,0.0
113320,Upper Mount Olympus,34.116047,-118.36865,8.4
113326,Saint Mary St,37.664158,-121.88003,0.0
113336,"Vernal Way, Emerald Hills",37.464825,-122.26853,0.0
113344,Oakhurst,37.94992,-121.92923,20.2
113354,houston3-ext,37.687847,-121.72798,0.0
113394,Golden Gate Heights,37.7516,-122.469,0.0
113396,Roscoe’s House,38.54086,-121.531296,0.0
113414,Woodstock-Caliope,37.777782,-122.28894,0.0
113424,College Greens Swim and Racquet Club,38.55383,-121.39668,7.6
113446,Ambum,37.33067,-121.781364,0.0
113450,Basin View Bragg,39.421173,-123.79953,0.0
113454,Cal-Ida,39.524826,-121.01766,2.8
113504,Rivoli House,37.762184,-122.44852,0.0
113542,LP CELLAR,39.000294,-122.902405,0.0
113554,Morro Drive,39.232502,-120.993034,0.0
113586,Bernasconi Park,37.332104,-120.438255,0.0
113604,Arbuckle,39.013203,-122.06287,0.3
113608,Brentwood Rd,37.815155,-122.205025,0.0
113614,Carlson Court,38.69154,-120.951126,0.0
113622,22546 Summit,37.142136,-121.97597,0.0
113626,University of the Pacific Outdoor,37.97795,-121.31553,0.0
113676,Swiss Ln,39.348972,-120.237404,0.0
113722,Sheldon,39.238964,-119.820755,0.0
113730,KarpBurg,37.920135,-122.28297,0.9
113771,Farmhouse,38.365242,-122.72366,0.0
113801,Bear Valley Visitor Center,38.04128,-122.80031,0.0
113809,1000 Vision Rd,38.100933,-122.88006,0.0
113813,Sfw,37.73228,-122.46851,0.0
113831,Greenbrook,37.796356,-121.97499,0.0
113861,Hooker Oak Park,39.759647,-121.79597,3308.4
113901,Greenhaven Cabana Club South,38.50663,-121.52614,0.0
113937,San Juan Capistrano,33.494576,-117.63543,2.0
113971,Jean East,37.3352,-119.60582,1.5
113977,Cassinelli Ranch Road,38.405262,-120.77557,0.0
113997,Del Rey,37.847736,-122.154205,0.0
114005,Monte Rio Willow,38.471615,-123.00277,0.0
114007,Angora Ridge,38.897076,-120.037025,3329.8
114011,Malibu West,34.0364,-118.84373,0.0
114041,Lanny Outside,39.20246,-120.22429,0.0
114045,Pine Cone Circle,39.235023,-119.93495,0.0
114063,Mark West Stables,38.506165,-122.64871,
114067,springbok,38.72495,-121.084526,0.0
114095,Westwood Dr,39.186085,-119.81214,0.0
114125,City of Hidden Hills City Hall,34.172302,-118.65884,5.5
114151,Rancho La Bella Outdoor,32.972633,-117.23283,5.5
114169,Admissions Alley,37.89273,-122.150375,0.0
114181,Simmonsville,40.485764,-123.65027,0.0
114189,WSG,37.81265,-122.19595,0.0
114213,35 Whitehall Drive,37.847115,-122.148476,0.0
114237,TrinitySchool-ECP-Outside,37.45614,-122.179726,0.0
114247,Redwood Rd,37.988453,-122.5993,0.0
114257,Delta Looped,38.10259,-121.57775,0.0
114271,Leland Meadows,38.232914,-119.97959,2.5
114281,Near Cyan Park,39.445705,-119.73101,0.0
114297,Bay-O-Vista,37.721493,-122.129196,0.0
114319,Maidu Ridge,39.37053,-121.06274,3196.0
114321,Starbush Dr,37.36428,-122.00337,0.0
114327,Cuy Outside,37.338192,-122.0656,0.0
114343,Vintage Drive,39.113476,-121.08877,0.0
114355,Core Equestrian Barn,37.42159,-122.2363,1.2
114363,Madrona Avenue,37.872482,-122.46771,0.0
114371,Skillman House,38.257126,-122.68586,0.0
114379,Hilton Heights,37.632565,-122.49232,
114381,Folsom Lake Estates North,38.7268,-121.18238,0.0
114385,T&amp;R lUMBER,34.0958,-117.52334,6.0
114405,SchielePurple,37.336716,-121.914085,0.0
114421,Shreve,37.364513,-122.15294,0.0
114423,Upper Crossbrook Outside,37.847656,-122.13296,0.0
114431,Lahontan Golf Club,39.294937,-120.150375,0.0
114445,Topaz Ranch Estates,38.74953,-119.52424,0.0
114471,View Drive,39.15664,-123.179955,0.0
114473,Sutter Creek,38.399395,-120.790184,0.0
114519,Sandcastle,36.04889,-115.0726,1.7
114529,Merideth,37.86989,-122.028244,0.0
114531,Golden Feather Pool,39.729836,-121.52552,0.1
114533,Matthew Court,37.639797,-121.87883,0.0
114535,Golden Bubble Gardnerville,38.94017,-119.75166,0.0
114557,"Windmill, Vallejo -out",38.11803,-122.229805,3.2
114559,San Pablo Southwest,37.854164,-122.28486,0.6
114577,Nevada City School of the Arts,39.252155,-121.138916,3328.8
114595,El Macero Estates,38.550026,-121.67884,0.0
114721,"𝐂𝐂𝐀, 𝒃𝒆𝒍𝒍𝒂",36.798786,-119.825195,1.1
114743,1500 40th Street,38.564327,-121.45543,0.0
114745,Corp Yard City of Rancho Cordova,38.583202,-121.25563,3268.4
114879,Ridgetop Ranch,39.015896,-123.40007,0.0
114889,Washburn court,37.576824,-121.98787,0.0
115047,Cold Springs,39.67109,-119.967255,0.0
115055,Sonterra,39.53042,-119.935295,0.0
115113,TeamS&amp;M,37.336807,-119.704926,0.0
115151,ArrowB Garden,38.775803,-120.93306,0.0
115159,Troll Knoll,39.19979,-121.22685,26.7
115495,Glenbrook Pier,39.08766,-119.93982,0.0
115529,Beckham,37.226063,-121.80426,0.0
115569,Poway Central,32.963573,-117.0508,19.0
115579,BegoBlossom,37.23602,-121.91125,0.0
115615,Maidu,38.738777,-121.2494,0.0
115623,VC Highlands 6700',39.35966,-119.6617,
115625,Apricot Commons,37.393772,-122.06734,0.0
115629,wilderness,35.19124,-118.61916,0.0
115691,"Diamond Valley, Nevada",39.95068,-116.07148,3325.4
115705,Vine &amp; Edith,37.87935,-122.277664,0.0
115709,Winterfell,39.355022,-120.08696,0.0
115733,Old Clark Ranch,39.62607,-123.54684,0.0
115737,Mill Valley Public Library,37.905773,-122.5538,0.0
115759,"Valley Springs, CA",38.09722,-120.8094,0.0
115895,Washoe Valley,39.235023,-119.815186,0.0
115899,Reno house,39.40036,-119.79625,0.0
115905,Presidio wall,37.79025,-122.45493,0.0
115915,Jackalope,39.38562,-119.62772,0.0
115929,Brandywine Farms,38.636368,-120.91012,0.0
115935,Emerson St,37.425644,-122.1343,0.0
115937,Hill House,38.856823,-123.63883,47.8
115939,25 Tarabrook Drive,37.879807,-122.162384,0.0
115941,88 Treehouse,37.87156,-122.17853,0.0
115951,Wood Acres Rd,37.233604,-122.01291,0.0
115957,CushingAve,38.003635,-122.52288,0.0
116043,"Angora Highlands, South Lake Tahoe",38.897686,-120.03678,0.0
116051,ENPLAN,40.56083,-122.3619,0.0
116055,546 Van Buren Street,37.395115,-122.12699,0.0
116057,Heights Outdoor,38.528114,-122.70323,0.0
116059,Centerville/Sheridan,38.912064,-119.81082,0.0
116065,Hillbilly Garage,39.425995,-123.39358,0.0
116079,Oakland Zoo EDU,37.750732,-122.1473,0.0
116091,Douglas Preserve,34.401047,-119.73529,0.2
116095,ECORP - Chico Office,39.759193,-121.86541,3326.5
116103,204 SADDLE RIDGE ROAD,39.714977,-120.53494,0.0
116105,Pentz,37.245174,-121.807655,0.0
116111,Lupine Lane,36.995827,-121.98386,3327.2
116141,Incline village,39.25384,-119.98225,0.0
116147,Sutherland Drive,37.436874,-122.22183,0.0
116153,Bay Farm Island,37.74104,-122.23948,0.0
116227,Oilstop Fair Oaks,38.66422,-121.26187,0.6
116241,183 Vista Verde,37.34165,-122.19531,0.0
116251,88 El Molino Dr.,37.927517,-121.92387,0.0
116267,Groves,34.85212,-120.4057,0.0
116331,Lilley Mountain,37.186077,-119.790085,0.0
116555,Montessori School of Central Marin,37.95748,-122.510315,0.0
116629,Stephen Way,37.29759,-122.006004,0.0
116637,Ormondale,37.380157,-122.21714,0.0
116639,"42 Oak Island Circle, Santa Rosa CA",38.43286,-122.58856,0.0
116661,136 Jordan Ave,37.98167,-122.55533,0.0
116663,Vinci North,37.384422,-121.87812,0.0
116731,Oynx by Pulte,37.36745,-121.86384,0.3
116793,Farpoint Observatory,37.27101,-119.75097,0.0
116935,Regent Way,39.316288,-121.27194,12.8
116979,9790 Passa Tempo Dr,39.436558,-119.78503,0.0
116983,Cameron Park Lake Westside,38.682327,-120.99504,0.0
117001,Diablo Valley Montessori School,37.89701,-122.10828,0.0
117003,Morton 2,37.347748,-122.06922,0.0
117015,Castro,37.72021,-122.1518,0.0
117919,Rudd-Jeabjo,39.260258,-121.13824,0.0
117933,Beaver Creek,37.37801,-121.85913,0.0
117935,Orange - Outside,37.81583,-122.25748,0.0
117945,Rubicon Cir,37.827827,-122.008286,0.0
117947,States Street,37.763897,-122.43963,0.1
117965,Sunnybrook,37.89321,-122.14677,0.0
117967,Friar Tuck Way,38.661877,-121.247086,0.1
117981,CSR,38.561707,-122.43571,0.0
117993,Anza Vista - 1035 Baker,37.780857,-122.44203,0.0
118003,2327 West Pond,38.557407,-121.781525,0.5
118045,Foothill Trailhead,38.55662,-122.78891,
118067,Mettler Rd,38.074814,-121.29751,0.0
118085,Niles,36.855145,-119.74519,1.2
118457,Burchell Valley,37.02953,-121.640884,0.0
118469,Rough and ready,39.233116,-121.14897,0.0
118477,Hawk Ridge Lane,36.994827,-121.757904,0.0
118483,Hillcrest Dr near ACC,37.21427,-121.86768,0.0
118493,Greater Nevada Field,39.528507,-119.80917,1.4
118495,BuckInst_BldgA_roof,38.133595,-122.57279,0.0
118565,165 East Okeefe Street,37.462784,-122.15087,0.0
118569,Borrego Springs,33.262234,-116.36526,3324.5
118579,Woodacres-K,34.040073,-118.50705,
118591,GoMilpitas.com,37.42739,-121.86825,0.0
118599,Lake Tahoe 2035,39.090164,-119.93938,2.9
118601,Trego Pl,34.329723,-118.42647,14.5
118649,Southern Sierra Research Station,35.686916,-118.289635,0.0
118713,MVHS Shady Spring,37.362446,-122.07121,0.0
118761,Almaden Cabana Club,37.20969,-121.84097,0.0
118791,Harmony Montessori,37.89446,-122.49736,3277.5
118801,Andretti Way,38.409912,-121.41229,1.6
118815,Sunnyside Road,37.161037,-121.96974,0.0
118817,Snail East Outdoors,37.386948,-122.015465,0.0
118819,Banner,39.237286,-121.02211,0.0
118831,"Chestnut Pl, Blackhawk",37.81967,-121.90766,0.4
118839,Preserve Blessing Drive,37.689724,-121.94399,0.0
118843,Fremont Pines Lane,37.382153,-122.131714,0.0
118847,Casa de Amore,38.468307,-122.84691,0.0
118857,"Freshwater, CA",40.77387,-124.0754,0.0
118867,"Parklands, Oakley (DellaChiesa Hospitality, LLC)",37.980236,-121.68706,0.0
118887,Kindeva,34.233128,-118.56809,7.6
118897,PHS Gym-Ext,37.53125,-120.87732,3325.0
118953,Lupine Dr,37.054375,-122.02428,0.0
118959,Iris Gardens,37.31193,-121.897835,0.0
118963,ViaKarina,38.84999,-121.246704,0.0
118965,Laurel Valley Abode,37.97469,-122.57365,0.0
118967,Panorama,39.056236,-123.52696,0.0
118969,oxford,37.428757,-122.1468,0.0
118971,Angel Camp Ct,38.913174,-120.949615,0.0
118981,Wood shed,40.73118,-122.94369,0.0
118985,Brierly Ct -outside,37.72051,-122.092606,0.0
118989,Central,38.68606,-121.19501,0.0
118991,At Street,37.928528,-122.39458,0.0
118997,Espana Ct Outside,37.16057,-121.64168,0.0
119009,Copper Peak,37.1979,-121.84282,0.0
119017,Lotus Riverstay,38.808968,-120.91123,0.0
119085,Ridge,37.336433,-122.084564,0.0
119087,Rail Road Flat Weather,38.306236,-120.51455,0.0
119097,Stoneridge Neighborhood,38.68322,-121.08548,0.6
119177,"435 Crestwood Drive, Arcata",40.85022,-124.04802,0.0
119179,"r""",37.632942,-122.456474,0.0
119187,Hub Holly,38.246063,-122.634636,0.0
119197,Manzana-ish,38.443565,-122.86869,0.0
119225,Lake Wrenwood,36.819427,-119.631454,1.7
119455,Claremont Ave and Olive Ave,37.93963,-122.31052,0.0
119459,Koch and Almaden Expy,37.28226,-121.88352,0.0
119461,Lakewood Hills,38.548363,-122.80273,0.1
119485,Allendale Sunspot,37.785774,-122.20464,0.0
119495,Westgate Dr.,38.03889,-122.59736,0.0
119499,Grand and Belle Ave,37.97468,-122.51816,0.0
119503,Chilibar,38.76774,-120.82412,0.0
119511,Birch Creek,37.067856,-118.26616,0.0
119513,Cascade-outside,37.978676,-122.59781,0.0
119519,Markus Burkhart Construction inc,39.204136,-120.22133,0.0
119529,Grist Vineyards,38.67469,-122.964806,0.0
119545,Sutter Creek Getaway AirBnB,38.44316,-120.7714,0.0
119591,5th Street by Spafford,38.55339,-121.713974,0.0
119601,Warner Ave,34.06289,-118.429825,5.2
119607,Piedmont Hills,37.826523,-122.2138,0.0
119615,Hawks Beard,38.295074,-122.53546,0.0
119621,Tiller outside,39.236946,-119.933975,0.0
119627,Mozart,37.25965,-121.95788,0.0
119631,Gibraltar's House,37.970097,-122.08981,0.0
119633,Del Sur - The Loys,33.019897,-117.14268,5.4
119641,SAN MATEO PARK,37.567444,-122.345314,0.0
119667,Del Mar Terrace,32.93688,-117.24845,1.2
119669,Oakley St.,35.329617,-119.14298,0.0
119673,Garnet,33.608257,-117.89765,1.5
119679,Center,38.09959,-122.573814,0.0
119693,Ken,37.5281,-122.35012,0.0
119699,Halidon Way,38.656254,-121.14114,0.1
119701,ABC,38.30111,-122.29563,0.0
119703,Mountain Home,38.266315,-120.32391,0.0
119715,Lincoln Hill Northside,37.987247,-122.53178,0.0
119717,White Fir Atmo,39.50534,-119.90555,1.2
119719,Wondolowski,34.406982,-119.53006,3.1
119721,Gillette Drive,37.15269,-121.975136,0.0
119723,Home,37.534927,-122.2909,0.0
119783,Canterbury1,38.422897,-122.670425,0.0
119785,Near bay,37.92835,-122.394745,0.0
119817,Arden Arcade,38.583603,-121.36174,0.0
119819,Outrigger 2,38.71951,-121.09743,0.0
119825,McKinnon Block,37.735718,-122.3885,0.0
119827,Loma Mar,37.26787,-122.31175,0.0
119931,Tracy Court,37.86132,-122.00855,0.0
119933,Gooseberry,39.519947,-119.924576,0.0
119935,Curtner &amp; Booksin,37.28319,-121.90406,0.0
119945,MarshCreek,37.895866,-121.8553,0.0
119949,Reverie Retreat,38.821293,-120.81467,4.4
119967,1265 Parkwood Dr,38.084938,-122.55951,0.0
119983,Castle Peak Road,39.39801,-119.65487,0.7
120001,Granada house,37.914276,-122.50488,0.0
120003,Windtree Court Outside,37.88523,-122.08651,0.0
120179,Comstock Estates,36.929104,-121.356514,0.0
120181,Santa Maria Drive,37.93604,-122.01735,0.0
120183,Curtis Park NSA-HUB,38.55138,-121.4811,0.0
120185,Timber Cove,38.543377,-123.28895,0.0
120201,Iron Horse Farmstead,39.1559,-121.13677,0.0
120203,Aggie Village,38.540447,-121.743515,0.0
120205,Wild View,38.522404,-122.6751,0.0
120207,Ponderosa Heights,37.47369,-121.89319,0.0
120211,Taft College Gym,35.14952,-119.45783,3323.0
120297,Anza Vista Baker St Inside,37.780872,-122.44164,0.0
120313,1943 Redwood Dr,37.003704,-121.90143,0.0
120333,LOWER SURREY DRIVE,32.65409,-117.03505,0.7
120343,15th and Vine,35.629528,-120.69431,0.0
120345,Grimace,38.729996,-121.23713,0.0
120355,TurulKeble,37.040337,-122.02553,2.1
120357,Alviso,37.417778,-121.97888,0.0
120367,Coldwater,39.335625,-120.10493,0.0
120375,Cadwallader,37.309166,-121.78902,0.0
120379,Mountain View,34.457317,-119.81877,3.9
120417,DPD,38.979153,-121.02907,0.0
120423,T&amp;M Yard,39.756634,-121.874306,0.1
120427,Mural House,37.80701,-122.29414,0.0
120443,Fairchild Village,38.69634,-121.07506,0.0
120447,NAM,37.770348,-122.43217,0.0
120451,Outside,37.932995,-122.31851,0.0
120463,Preserve on Laurel Creek,37.693237,-121.94063,0.0
120469,CMU-SV-PupleAirSensor-4,37.410248,-122.0596,0.0
120485,Mimi's Farm,38.994766,-121.09705,0.0
120489,MVE,38.98088,-120.94093,0.0
120501,OFP,37.094696,-121.609535,0.0
120503,C &amp; M Automotive,39.773613,-121.84553,0.0
120521,CMU-SV-PupleAirSensor-5,37.410484,-122.060036,0.7
120539,Kingvale - West,39.318443,-120.43492,0.0
120547,SE Slope Barnabe - Wolf Lair,38.019287,-122.70666,0.0
120565,Meda,37.89263,-122.507256,8.9
120567,Maple Canyon,32.73253,-117.16759,4.9
120643,Kidd Creek,38.49621,-123.07009,3326.0
120645,Comanche Court,37.91389,-122.01646,0.0
120661,Catal,34.136524,-118.12924,12.6
120669,NoomsOutside,37.743988,-122.24002,0.0
120671,"Carlyle Terrace, Lafayette",37.878838,-122.105515,0.0
120703,PittsburgOldTown,38.034157,-121.88032,0.0
120709,Cottage Gardens of Petaluma,38.260967,-122.66752,0.0
120721,Fall River Mills,41.007404,-121.440155,0.0
120727,MB House,35.39605,-120.856865,1.0
120733,Lost Woods,38.751415,-121.156685,0.0
120743,Whitehaven Dr.,37.91476,-122.00647,0.0
120747,Mohrhardt Ranch,38.544415,-123.094444,3.5
120769,Donner,38.54812,-121.481064,0.0
120775,Crandano,37.356194,-122.05744,0.0
120779,22nd &amp; Vicksburgh,37.755074,-122.42914,0.0
120783,"Moyers Street, Castro Valley CA",37.685825,-122.06844,0.0
120801,"135 Calera Canyon Rd, Corral de Tierra",36.5335,-121.7379,0.0
120831,Carina,36.562366,-121.81591,0.0
120835,MalAeolus,37.1556,-121.99139,0.0
120853,highlands,37.341713,-122.08736,0.0
120863,Winding way outdoor,38.996838,-121.09646,0.0
120867,Smith Creek,39.764637,-120.64791,0.0
120869,Highland Drive,39.186123,-121.02802,0.0
120897,K6GSJ Mt. Umunhum,37.160103,-121.9079,0.0
120931,Paradise Park,37.00219,-122.038124,0.0
120933,Licorice Rock,39.416885,-123.37355,0.0
120943,BelAir Estates,40.608765,-122.41021,0.0
120953,Dawn Falls Trailhead,37.931164,-122.55132,0.0
120955,Squaw Valley,36.75685,-119.23455,0.0
120967,Lower Valencia Rd,36.97983,-121.891335,0.0
120977,Wand'rin Star Observatory,39.793533,-119.8101,0.0
120991,HOLIDAY LANE,41.28808,-122.32341,0.0
120997,Palm Ave,37.73822,-121.13046,0.0
121007,Paradise,39.186977,-119.81524,0.6
121023,Purcell Pl,37.389633,-121.876175,0.0
121025,Riversbend,38.610733,-122.847244,0.0
121029,AJJ School / Garberville Rotary,40.32025,-123.92415,0.0
121031,Twain Hole,38.041683,-120.237564,0.0
121035,KC  outside,38.572388,-122.588425,0.0
121039,South Fork School/Garberville Rotary,40.23739,-123.822845,1.7
121057,San Mateo - Mordor,37.54181,-122.3042,0.0
121061,6th St East,38.289303,-122.443085,0.0
121067,Alma Ct,37.390594,-122.11595,0.0
121071,Bolsa Chica Wetlands,33.707977,-118.03212,1.8
121077,Kuns Park West,34.105663,-117.78305,7.2
121081,Central,40.777695,-124.18015,0.0
121097,Smither Rd.,37.512764,-119.808205,0.0
121105,ca-street,37.86762,-122.279366,0.0
121113,Country Club Heights,38.864418,-120.007675,0.0
121119,Chickadee,39.226803,-121.19838,25.7
121121,Rogers St,37.218723,-121.97814,0.0
121135,"Greenwood Rd, Greenwood",38.893753,-120.90987,0.0
121137,SoHum Health/Garberville Rotary,40.101994,-123.79238,0.0
121145,TLC,40.88961,-124.086845,0.0
121153,Casterlin School/Garberville Rotary,40.241528,-123.62322,0.0
121155,Uplands Drive,37.94004,-120.3269,0.0
121179,342 N 20TH ST,37.35064,-121.87539,0.0
121203,Glen-Currey,37.855778,-122.489174,0.0
121205,Sniffer1,38.438812,-122.65087,0.0
121213,Walden Center &amp; School,37.86363,-122.27339,0.0
121221,StaBaFlo,37.899708,-122.273796,0.0
121235,Front balcony,37.88711,-122.270546,0.0
121237,Dogshouse,37.429237,-122.14823,0.0
121239,Outdoor 2,37.34243,-122.0663,0.0
121251,Hacienda Heights,33.993366,-117.95999,6.7
121295,The Carlyle,37.403015,-121.95143,0.0
121313,Wikiup - Eureka Ave.,38.513912,-122.75309,0.0
121325,Truckee Condo,39.321056,-120.213005,0.0
121327,3884 Sage Hill,38.48556,-122.688644,0.0
121347,Upper Cole Valley,37.761116,-122.45095,
121357,B Lovejoy,39.021954,-121.07693,0.0
121363,ELHSunset,37.461376,-122.27318,0.0
121389,North Starbucks,35.643333,-117.672424,0.0
121393,Luftqualitätssensor,38.542004,-121.70155,0.0
121439,Poway house,32.97845,-117.058556,12.9
121449,Beal Fire Road,37.068794,-119.44304,0.0
121451,Sandy Sea Turtle Landing West - Outside,37.278805,-121.916626,0.0
121453,Oyster Bay-Astoria,38.558037,-121.79071,0.0
121455,Ponderosa Ranchos,39.31119,-120.17348,0.0
121461,Third Creek,39.26529,-119.945595,0.0
121493,Jeff Air,37.74338,-122.46019,0.0
121499,RydersAir,40.926067,-124.09851,0.0
121515,Holly St,37.878704,-122.28176,1.8
121519,Hamburg,41.783722,-123.05625,0.0
121527,1145 Hoe Road,39.24656,-123.46367,0.0
121601,Upper Dolly Varden,39.242023,-120.01728,2.4
121603,Roseland Library - Outside,38.43003,-122.726036,0.8
121645,Cassidy Preschool,34.032276,-118.48137,3.7
121653,UPacific Garden,37.976402,-121.31274,3137.8
121663,Kalkar Quarry,36.98214,-122.048676,0.0
121671,VIP,37.702053,-122.44321,0.0
121691,Out of the Way,38.93626,-121.06785,0.0
121707,KCACLARE55,34.124588,-117.73004,6.2
121779,Ellington VIlla West Aspect,34.20276,-118.126945,7.2
121785,LakeShore,37.9102,-122.34421,0.0
121789,Del Mar - 9th,32.954193,-117.260994,1.1
121807,Three Goats,38.103485,-122.56634,0.0
121845,Happie Lou Lane,38.436752,-120.58717,0.0
121847,Dark Woods,39.367554,-123.78772,0.0
121859,Deadmoose,37.686695,-121.882996,0.0
121869,Knox,38.4592,-120.65692,0.0
121933,Summit Mt 660',36.939274,-119.67308,3320.3
121939,LACC,40.225742,-121.140274,0.0
121959,Starduster,39.264484,-121.17106,0.1
121985,Westridge / Cervantes,37.3916,-122.20306,0.0
121995,Loc,38.57213,-121.528336,1.8
121997,Citrus Palms,38.517822,-121.45877,0.0
121999,"Golden Way, Mountain View",37.368324,-122.091,0.0
122001,Summit,37.884647,-122.24625,0.0
122013,kiddie kampus,37.77695,-122.290405,0.0
122073,SJ Morrill,37.412266,-121.87034,0.0
122079,Cresleigh Rocklin Trails,38.80148,-121.21083,0.0
122081,Amber Cabin,38.7525,-120.576004,0.1
122087,SF Central Richmond,37.776447,-122.48702,0.1
122097,GBUAPCD_colevilleHS,38.56804,-119.508385,0.0
122127,Alfi:OUT,38.746834,-121.17783,0.0
122223,Daywalt,38.3542,-122.77225,0.0
122233,Mathilda Hills,38.482986,-120.51854,0.0
122257,Point Arena High School2,38.915234,-123.69918,1.7
122271,Big Yellow House,39.403587,-119.77887,0.0
122275,Marker,37.89626,-122.26113,0.0
122541,Blackwood,37.311787,-122.01582,0.6
122679,Skytown Preschool,37.944496,-122.320206,0.0
122891,Chatham Court,37.453995,-122.25217,0.0
122897,2618 edgerock Rd,39.474598,-119.81659,0.0
122949,Kent's yard,33.978977,-118.40048,3.1
123359,North Tenaya Park,36.832954,-119.81529,1.1
123369,Pocket_2a72,38.48792,-121.53671,0.0
123373,Pocket_6b99,38.48796,-121.53676,0.0
123387,Pocket_fbe5,38.48801,-121.53679,0.0
123391,Del Mar Trails Park,32.942574,-117.219025,1.2
123401,Pocket_f767,38.488094,-121.536865,0.0
123435,Claypit,38.444283,-121.01851,0.0
123447,Kern County Fairgrounds,35.345325,-119.01142,0.0
123451,Fire Station 5,35.31809,-118.999054,0.0
123457,FCCmonitor,39.79021,-121.593346,0.0
123543,Whitegate,34.170223,-118.93301,5.6
123589,Berteleda,41.789593,-124.06677,0.0
123599,Back Yard,37.355206,-122.02711,0.0
123601,8.5 mi Mines,37.592266,-121.63139,
123623,lincoln/newcastle,38.91204,-121.2134,1.8
123661,Rocky Bluff,39.708263,-121.73312,0.0
123799,Hazel Ave.,37.27532,-121.96721,1.4
123811,Omaha Street,38.88834,-119.98914,0.0
123839,TFE - Circle K Ranch,38.303364,-121.473755,0.0
123959,Central Johnson Lane,39.034164,-119.7403,0.6
123985,Sand Ridge,38.642193,-120.70021,0.0
124099,"Maple/Perrin, Fresno, CA",36.874092,-119.74726,0.0
124135,Indian Trail Ct,34.190716,-118.79512,23.0
124215,TTRSNL,37.785866,-116.75494,0.0
124621,Jackson,36.80203,-118.19789,0.8
124627,Parc Du Nord,34.005493,-118.42474,3.6
124645,SYM1122P,36.92189,-121.75982,2.2
124657,OCC,38.621304,-121.30909,0.0
124665,Sonora,38.005913,-120.28002,0.0
124671,Chabot Canyon,37.850758,-122.23709,0.0
124681,WCPA - Lamberson (2),35.61132,-119.684875,0.0
124749,"Paradise Estates, Summit",37.48065,-118.6078,0.0
124961,La Fayette PP / Marathon,34.08,-118.272934,5.9
125009,753 De Soto Drive Palo Alto CA 94303,37.449295,-122.13643,0.0
125021,Happy Feet,38.673985,-120.99356,0.0
125031,Hollywood Dell,34.112953,-118.32981,10.0
125085,Armstrong Park,34.42367,-119.878456,1.7
125087,Espirit Park Roof,37.75937,-122.39126,0.0
125105,Bridge Rd / Hillview Dr,33.549194,-117.76151,0.2
125271,AMTS_CARB_0002,38.568256,-121.4932,0.0
125293,Redway,40.12088,-123.82379,5.8
125481,Brisbane,37.68234,-122.40193,0.0
125501,Central Mongolia,38.27952,-122.29486,0.0
125509,Villa Limonata,33.15814,-117.12102,1.1
125525,WBUR Presents Fresh Air,37.961975,-121.99621,0.0
125707,SILTIP2,37.362137,-122.00474,0.0
125719,3974 Canyon Road,37.90394,-122.16014,0.0
125809,Dell St.,32.997917,-117.26051,1.1
125883,Ken Derek Ln,38.768642,-120.915504,1.5
125891,Kinneloa Canyon,34.17919,-118.09023,10.9
125897,Santa Fe Sur,32.97907,-117.17764,1.0
125907,Rue Saint Tropez,39.411453,-119.82104,0.6
125911,Mount Vernon,37.3964,-122.09598,0.0
125921,Laguna Niguel - Top of Hill (new sensor),33.523205,-117.7107,1.7
125923,Laguna Niguel DM13DM,33.526543,-117.70378,0.3
125927,Washoe Road,39.31757,-120.29872,0.0
125929,Uncle Andy,38.29689,-122.66076,0.0
125941,PBaP,34.231464,-118.23301,15.6
125945,Santa Ynez sensor,38.564297,-121.462265,0.0
125947,Millsmont,37.774788,-122.16994,0.0
125965,East Morada,34.17991,-118.11265,10.2
126015,Hyrule,38.041286,-120.62714,0.0
126061,Worcester Park,37.222622,-121.96718,0.2
126111,Harwalt North,37.358566,-122.06527,0.0
126137,CDN,37.7639,-122.22977,0.0
126153,Rancho Ponderosa,38.71321,-120.94451,0.0
126227,Across from Arroyo School,37.49993,-122.25969,0.0
126251,Terra Mia Mission Ranch outside,37.15567,-121.64027,0.0
126297,Y01,37.581436,-122.39577,0.0
126315,AMTS_CARB_0003,38.56825,-121.49322,0.0
126329,Medina Ln,37.318737,-122.072556,0.0
126331,East of West Valley College,37.262287,-122.00318,0.0
126351,Echo,39.245213,-121.20826,13.6
126355,Atherwood Ave,37.459526,-122.22226,0.0
126367,AMTS_CARB_0001,38.56827,-121.493195,0.0
126405,Wasuma Elementary,37.374546,-119.727356,3287.9
126435,Morningside Addition,38.108265,-122.242744,0.0
126443,Petaluma Ave,38.398033,-122.82069,0.0
126469,Oneda Ct,37.157864,-121.98156,0.0
126479,"Rodeo, CA",38.03546,-122.27115,0.0
126485,Marne Circle,33.688572,-117.78431,0.5
126497,Marin Bay Park 1,37.991497,-122.45637,0.0
126503,Three Springs Ranch,37.359634,-121.76477,0.0
126591,Piedmont Recreation Department,37.823322,-122.2341,2.6
126659,Bass Lake School District Office,37.33151,-119.64033,0.0
126665,R'lyeh,37.72979,-121.71249,0.0
126837,Cartwright Rd 2022,39.389034,-119.64876,0.0
126971,Natchez ES,39.635777,-119.2896,0.0
126977,Gerlach School,40.653603,-119.354454,0.0
126981,Bennett ES,39.60795,-119.78441,0.0
126985,Gomes ES,39.68,-119.96837,0.0
127001,Anaheim Union High School District Office,33.83753,-117.94826,3.5
127009,Bootjack,37.49166,-119.91204,0.0
127021,Verdi ES,39.521336,-119.9899,0.0
127027,Lexington Junior High School,33.8249,-118.057465,3.5
127107,Carr Drive,37.83183,-122.123276,0.0
127123,Francemont and Moody,37.352882,-122.14169,0.0
127133,basin creek,40.29047,-123.67872,0.0
127271,Pleasure Point,36.961956,-121.96836,0.0
127363,SAFE-Scott-River-Watershed-Council,41.46412,-122.89648,0.0
127371,ThunderMountain SAFE,41.347805,-123.521545,0.2
127383,El Dorado Mushroom Company,38.596962,-120.85041,0.7
127393,SAFE-Orleans-ComputerCenter-Outdoor,41.301083,-123.547386,0.0
127465,Sandalwood,38.010563,-122.56381,0.0
127477,Columbia College - Manzanita Building Exterior,38.030087,-120.38818,1.3
127483,Stone Bridge School,38.295532,-122.2467,0.0
127583,Foster Park,34.358826,-119.315445,4.5
127669,InnovationCenterPurple FLC - Outdoor,38.661892,-121.12756,0.0
127975,Lake Royal Apartments,37.805084,-122.26286,0.0
128005,"San Carlos, CA",37.493523,-122.25462,0.0
128021,Cow Hollow,37.79916,-122.432205,1.7
128027,chad-01,34.42047,-119.73679,4.8
128217,MG,37.058117,-121.9571,0.0
128225,ELAINE AVE,37.918304,-122.557655,0.0
128231,Granville Way,37.74225,-122.46278,3.1
128245,kiwin-o,33.696487,-117.80317,6.4
128249,Creek Dr.,37.171894,-122.14442,0.0
128295,Lynwood Court,37.716957,-122.057434,1.2
128323,Munselle Vineyards,38.692654,-122.852356,0.0
128595,MEC,38.028248,-120.26445,0.0
128619,Hband,38.031704,-121.3491,0.0
128709,GIBSON ST. AND SHENANDOAH,34.037346,-118.38636,4.6
129359,Rosswood Dr-r2,37.244698,-121.93598,0.0
129789,Gilmore Sensor,37.384758,-122.09164,0.0
129887,San Domingo,38.1496,-120.51135,0.0
130239,City of Berkeley Corporation Yard,37.86647,-122.28508,0.9
130349,"433 SR-28, Crystal Bay, NV",39.242126,-120.00064,0.0
130365,EDCOE Green Valley,38.721558,-120.86644,0.0
131079,BRSKBV-outside,37.75315,-122.44364,0.0
131083,Bettencourt Home,38.287594,-122.46281,0.2
131085,Hunters Gln,38.86347,-119.37416,0.3
131091,Cupertino Dog Yard,37.328453,-122.048836,1.0
131089,Maison du Vin et Fromage,37.752125,-122.43994,0.0
131097,Carmelita,37.37483,-122.07158,0.1
131353,PURPLEAIR PA-II-SD CLX HSE,32.68222,-115.49519,3293.1
131587,Bear River Canyon,39.1256,-120.96015,0.3
131627,Blake-Nealon,37.448013,-122.1792,0.0
131687,PPA 2,33.88358,-118.02466,13.4
131685,PPA 3,33.88361,-118.02507,12.0
131819,Upper Dry Creek Rd,36.59029,-121.91659,0.0
131817,Corpus Christi School,37.81333,-122.214294,0.0
131881,Hilgard Hall,37.873665,-122.263214,2.7
132475,Lakeview Oaks,38.66663,-121.10324,0.0
132665,Mohrhardt,38.540863,-123.096634,0.0
132747,MWSRPINGS,38.556976,-122.72288,0.0
132769,George Peabody Elementary,37.783775,-122.46497,0.0
132779,Lycée Sausalito Campus,37.86846,-122.505554,0.0
132793,Lycee Francais de San Francisco,37.751907,-122.47719,0.1
132807,Lycee Francais de San Francisco,37.7681,-122.44673,0.0
132995,LOISOS+UBBELOHDE,37.77484,-122.299034,0.0
132997,Truckee,39.347363,-120.21013,1.8
133003,Sandberg Court,38.036358,-120.241516,0.0
133025,"Rising Glen, Pinole",38.000183,-122.29807,0.7
133035,1234 Kains Ave Backyard,37.881092,-122.29539,0.0
133091,Stevens Ave W,32.989285,-117.26209,2.0
133117,Lincoln and Ave 51,34.120197,-118.2049,5.5
133269,Del Campo Park,38.6618,-121.31275,0.0
133381,Queens / Lakewood,37.51712,-122.330734,0.8
133435,UCM-9a63,37.90335,-121.3217,3274.4
133437,Winding Creek,38.797344,-121.37976,0.0
133485,ucm-af3e,37.33503,-120.4623,0.1
133588,AirFalcon,33.833347,-118.17288,4.1
133597,W 14th St &amp; S Meyler,33.732033,-118.29679,0.1
133640,Ladera - Lucero and Mimosa,37.401497,-122.2033,0.0
133660,Deck,37.85211,-122.481476,0.0
133938,Calavera Hills,33.17127,-117.29272,2.2
133948,WCHSA FEC,39.541653,-119.73025,0.0
133962,WCHSA Crossroads 2A,39.529427,-119.77652,0.0
133978,Mira Mesa Mach,32.90468,-117.14228,1.4
133982,GlenOakDr,34.213654,-117.12833,2.4
134014,Sparks Library,39.544136,-119.75887,0.0
134022,Dominion Villas,36.868164,-119.7757,0.0
134030,San Benito,37.914703,-122.03422,0.0
134032,Upper Holstein Road,37.996674,-122.57176,0.0
134210,Ornbaun Road,39.013638,-123.38816,0.0
134240,Eh Frame,38.8618,-120.03579,0.0
134280,Sunnyhils,37.456978,-121.906525,0.0
134308,Rare Air,37.919544,-122.0094,0.0
134330,PSCC,33.826393,-116.53723,
134408,High Meadows,36.565357,-121.905685,1.0
134426,Strawberry Ln,37.31733,-121.986046,0.0
134444,"Elm Dr &amp; Cherry St, Petaluma",38.24472,-122.6564,0.3
134572,RSIC Hungry Valley,39.707355,-119.74886,0.0
134596,5665 Mont Pelier Outside,39.385017,-119.82588,0.0
134604,1701 11th Ave,38.545197,-121.497635,0.0
134614,Metzgar,37.455875,-122.43522,0.0
134782,Sunset Parkside 31st &amp; Rivera,37.746952,-122.48872,0.0
134842,RSIC Reno,39.52415,-119.78682,0.0
134856,Asgard,39.62467,-119.67633,0.0
134888,Eighth St,36.660965,-121.80852,2.0
135066,5800's Fl T,37.83581,-122.21544,0.0
135068,Boylan LN,38.36176,-122.78109,0.0
135076,10 Park Ave,37.90174,-122.54089,0.0
135128,Monaco Court,37.654125,-121.87634,0.0
135134,Fieldcrest,36.603237,-121.64552,0.7
135144,5 Peralta ct.,37.827026,-122.11448,0.0
135150,Tumbleweed,37.356224,-118.4368,0.0
135342,Rice Elementary,34.96659,-120.426506,7.0
135616,View Park,33.994335,-118.335236,8.2
136112,PurpleAir Outdoor,37.938232,-120.26729,1.2
136340,Sunhill,37.361034,-122.20845,0.0
136654,Bel Marin Keys North lagoon,38.082184,-122.5163,0.0
136686,Campbell outdoor,37.28692,-121.92938,0.0
136698,shed,37.897182,-122.10676,0.0
137014,Barry PurpleAir 2,37.82545,-122.21608,0.0
137120,Speckled,33.70096,-117.72836,3.2
137208,Southampton 2,37.89703,-122.274895,0.0
137224,Sunflower Dr,40.586887,-122.429344,0.4
137288,Main Avenue School,38.654343,-121.43191,2.5
137296,Bell Avenue School,38.646873,-121.4208,3.2
137366,WHT-MLP,38.52926,-121.49058,1.5
137500,Marquette Dr,38.55222,-121.40355,1.4
137702,Kirchy Out,37.830086,-122.25433,1.2
137814,1950CC,37.750748,-122.39689,0.0
137812,W Tahoe Park,38.54251,-121.44978,1.0
138002,IBM Research - Almaden,37.21128,-121.80638,11.9
138014,Elmhurst 45Th St.@ T St.,38.557377,-121.452286,1.8
138112,Ponderosa,38.338547,-120.77108,0.0
138162,John Still Middle School,38.47633,-121.484634,1.7
138352,Brentwood,38.52188,-121.479355,0.7
138370,Westholme,38.466595,-121.4286,2.0
139384,Babigian and Parkway,36.79923,-119.87532,3236.9
139538,South Sac Calvine,38.45195,-121.42778,1.8
139590,Pebblewood,38.621704,-121.49623,0.8
139716,Home Outdoor,34.173416,-118.33745,9.1
139778,Carlton Tract East,38.53514,-121.4857,1.4
139788,Escaton Village Apartments,38.6367,-121.34802,0.0
140248,Washoe Little League,39.405285,-119.7579,0.1
140410,Lemon Grove Patio,32.737186,-117.0206,4.7
140412,EAST CLAIREMONT MESA,32.8038,-117.15689,2.3
140420,Carrie drive,39.14261,-121.039116,0.6
140458,66th Street,38.523037,-121.42567,0.0
140536,Montalvin,37.998493,-122.335365,0.0
140636,Zinfandel Ln,38.477413,-122.44961,0.0
140948,Chabot College,37.6409,-122.104,0.0
141514,Top of Cavedale,38.38552,-122.46352,0.0
141830,Winzer Place,36.994026,-121.59421,0.0
142578,Biscayne,38.556004,-121.79213,0.0
142608,Villa Marina Townhomes,33.98141,-118.43665,8.2
142616,Go Solar,39.416573,-119.79193,0.5
142658,McAllister,37.77552,-122.45685,2.1
142964,Beegum,37.249977,-121.81632,4.5
143206,Angels Camp,38.06726,-120.54215,0.0
144494,Orinda Academy,37.883797,-122.18356,1.2
144610,balcony,37.575924,-122.34257,0.7
144738,Chester St.,37.229755,-121.97713,0.0
145710,West St,39.815586,-120.475525,1.7
145924,RHiguera,37.49703,-121.90754,0.0
146348,Belmont Heights and Belmont Open Space,37.503647,-122.30241,1.0
146584,Yuba Crest,39.279247,-121.11321,1.7
146680,743 S. MARK ST. TULARE CA,36.19898,-119.3184,0.1
146686,Papa &amp; Kiki,38.895615,-119.730995,0.2
146690,4-Acre Farm,38.397717,-122.74844,0.0
146742,Loomis Basin Charter School PA,38.789604,-121.1708,1.1
146752,Home,37.37052,-122.04724,0.5
146816,Burbank Neighborhood,37.32004,-121.929115,0.0
146858,Nuro LVMS,36.28094,-115.02128,
146872,Kingdom Stage,38.13848,-122.23362,0.5
146882,VLV Air,35.264194,-120.70959,4.4
146910,Penguin Passage,38.1373,-122.2322,0.1
146958,Tava's Jungleland,38.14015,-122.237236,0.0
147138,Moss Beach,37.525963,-122.51424,4.8
147182,C Street,38.583244,-121.47306,1.3
147180,Bonick/Shenanno,38.227013,-122.62933,0.0
147184,PlanArchology Outside,37.85002,-122.2925,11.0
147234,AQI SPY 8,33.214417,-117.02521,7.5
147244,AQI Spy 1,33.26026,-116.992836,6.8
147254,AQI SPY 7,33.23929,-117.005585,9.2
147260,Woodlake East,38.604527,-121.451645,2.5
147286,301 Harding Ave,38.6089,-121.470055,0.2
147284,AQI SPY 6,33.198776,-116.96868,40.8
147298,60th &amp; Tahoe - Tahoe Terrace,38.549057,-121.43543,1.2
147306,Oak Park 21st,38.53361,-121.47,0.3
147314,AQI SPY 9,33.259537,-117.02716,10.6
147312,Park3,38.52332,-121.51864,1.6
147318,AQI Spy 4,33.2313,-117.0308,7.5
147330,Robla School,38.66357,-121.4471,1.1
147364,Dreamworks Animation,34.15752,-118.28611,10.6
147422,AQI SPY 2,33.276943,-117.03953,8.6
147426,AQI SPY 5,33.250664,-116.98637,7.7
147472,Top of Delta,37.559853,-118.74424,2.0
147496,AQI SPY 3,33.28691,-116.98685,8.7
147669,Clos Du Lac,38.80549,-121.11425,2.2
147681,Deep Well &amp; O’Keefe,37.365635,-122.11741,2.5
147727,Wyldewood,38.147026,-120.454994,0.8
147827,Blackburn,38.560574,-121.718155,0.0
147833,H.Clarke Powers PA,38.830666,-121.202354,0.4
147901,North Indio-Terra Lago,33.732727,-116.187065,1.2
147905,Ponderosa,37.36117,-122.00734,0.1
147921,Vintage Oaks Sunvalley,38.868004,-121.08737,1.6
147935,EFN Outside,38.417324,-121.458405,1.0
147965,Old Town Marina Dr,33.745117,-118.1107,5.0
148011,Great Basin Maintance Yard,39.0053,-114.2158,3.1
148013,Pinnacles NP- East Entrance,36.484753,-121.157265,1.2
148065,Westgate Cove,33.503017,-117.68992,3.8
148073,Latigo,34.047817,-118.77464,6.8
148141,Winter Creek,39.32439,-120.17587,7.4
148153,SBCAPCD_53,34.633614,-120.47598,20.1
148159,SBCAPCD_50,34.40299,-119.51512,7.0
148157,SBCAPCD_Info_54,34.94315,-119.67641,6.4
148183,pico_ascnet,34.010403,-118.06867,12.4
148195,Overhill Orinda,37.86881,-122.1733,0.3
148233,MOXI SBCAPCD_59,34.413643,-119.691666,9.1
148237,SBCAPCD_Info_51,34.70939,-120.46477,2.4
148243,Table Mtn North,39.598553,-121.61856,6.1
148253,SBCAPCD_61,34.42156,-119.59708,7.6
148257,Fairchild Village,38.705387,-121.0761,3.0
148323,"352 Saint Augustine Drive, Chico, CA 95928",39.73199,-121.77666,3.5
148483,Fremont - Civic Center,37.55336,-121.97416,0.0
148503,Hoffman Hill Outside,38.349354,-120.77657,0.3
148547,SG1,34.10441,-118.10508,9.8
148585,Whispering Pine,37.722733,-122.062004,1.4
148611,Dahlia Loop,37.347942,-121.92802,0.2
148635,908 Linden,37.586433,-122.35505,1.1
148639,Home outside,37.86043,-122.26038,1.4
148671,Kingridge 2,37.526096,-122.31038,4.1
148699,David Dr Sutter Creek,38.390408,-120.80846,1.2
148807,CARB_SMOKE_TCAPCD_VINA_ELEM,39.935047,-122.05321,1.7
148811,CARB_SMOKE_TCAPCD_RANCHOTEHAMAELEMENTARY,40.01824,-122.39399,0.0
148821,CARB_SMOKE_TCAPCD_BENDELEMENTARY,40.25929,-122.208374,0.4
148827,Round Valley Library Air Quality Sensor,39.794044,-123.2496,1.1
148833,CARB_SMOKE_TCAPCD_KIRKWOODELEMENTARY,39.856804,-122.163155,2.1
148839,SHASTAAQMD_ARB#65_Castle Rock School,41.142864,-122.31653,0.4
148847,22441 Barrone AAD,38.46196,-120.611046,1.8
148845,CARB_TCAPCD_LANDFILL,40.19817,-122.29448,1.7
148849,CARB_SMOKE_TCAPCD_LASSENVIEW,40.107002,-122.10779,1.4
148863,CARB_TCAPCD_RICHFIELD_ELEMENTART,39.974384,-122.145226,2.1
148861,CARB_SMOKE_TCAPCD_MANTONCALFIRE,40.433357,-121.87409,0.2
148875,BnTRanch Lawnmower Shed,39.156326,-119.81242,1.6
148887,Argonaut,38.355694,-120.79307,1.3
148885,Plymouth Elementary,38.479942,-120.85236,0.5
148919,Ione Fire Department,38.351807,-120.93392,5.7
148965,Carriger and Solano,38.290485,-122.50521,0.9
148993,CARB_SMOKE_TCAPCD_LOS_MO_VFW,40.02776,-122.095985,1.1
148999,Jackson Elementary,38.351215,-120.77212,0.9
149009,CARB_SMOKE_TCAPCD_FLOURNOYELEMENTARY,39.92132,-122.447586,5.0
149015,CARB_SMOKE_TCAPCD_REEDSCREEKELEMENTARY,40.15571,-122.35515,1.3
149017,CARB_SMOKE_TCAPCD_LOS_MO_HS,40.025333,-122.094795,14.0
149021,CARB_SMOKE_TCAPCD_GERBER_SCHOOL,40.06949,-122.18034,4.9
149033,Ione Junior High,38.34887,-120.934364,3.0
149050,SHASTAAQMD_ARB#_PACHECO SCHOOL,40.50514,-122.331924,4.8
149048,AAD Amador City,38.41889,-120.824715,1.0
149156,SHASTAAQMD_ARB#8_MONTGOMERY CREEK ELEMENTARY,40.84346,-121.92067,0.1
149286,NC#160_Freshwater_Freshwater ES,40.786236,-124.0824,0.2
149300,SHASTAAQMD_ARB#8_MONTGOMERY CREEK FIRE STATION71,40.808308,-121.940315,1.4
149318,Brazen Estates,38.364532,-122.52415,0.1
149320,SHASTAAQMD_ARB#5_ANDERSON HIGH SCHOOL,40.44337,-122.30607,0.7
149330,SHASTAAQMD_ARB#4_BELLA VISTA ELEMENTARY,40.6386,-122.23195,0.4
149328,SHASTAAQMD_ARB#11_OAKRUNSTORE,40.684937,-122.0259,0.6
149338,236 sutter crest AAD,38.39701,-120.79418,1.7
149342,CARB_Smoke_LCAQMD_Office_Ref,39.018707,-122.913155,0.0
149386,Pine Grove Elementary,38.41323,-120.653435,9.9
149402,Pacific Exterior,37.79257,-122.43877,5.5
149406,Sutter Creek Primary School,38.39521,-120.80067,0.7
149414,Jackson Junior High,38.35306,-120.77933,1.5
149574,Pioneer Elementary,38.43254,-120.57128,1.1
149580,NC#161_Kneeland_Kneeland ES,40.726135,-123.94448,0.6
149584,DonkeyHillRes,38.79522,-122.54349,0.2
149590,#154,40.580353,-124.26024,0.9
149588,NC#152_Smith River_Tolowa Dee-ni' Nation_Lucky7,41.951927,-124.20096,0.0
149594,NC#157_Fortuna,40.58675,-124.137474,1.3
149600,Independence High,38.377563,-120.809006,1.0
149606,NC#149_Scotia_ScotiaES,40.481728,-124.10077,1.8
149604,NC#150_Cutten_RidgewoodES,40.73247,-124.14658,0.0
149614,NC#159_Fieldbrook_Fieldbrook ES,40.95639,-124.034225,0.0
149634,Chuckwagon,38.798454,-121.35601,3.9
149632,NC#151_Smith River_Tolowa Dee-ni' Nation_Lucky7,41.951805,-124.201,7.7
149644,#155,40.495804,-124.10382,3.6
149734,WSAC_58953e,38.52662,-121.56562,0.9
149802,PCAPCD_BERKELEY,38.751396,-121.28899,4.6
149822,PCAPCD_CREEKSIDE,39.198944,-120.23976,2.3
149828,Bailey Ct,38.756706,-121.21074,1.5
149960,CD RVN DWNTWN,38.722546,-120.791306,1.8
149968,GWR Sarah,37.941006,-122.344376,1.4
150020,Deck,34.093136,-118.27378,11.4
150354,Outside,37.26881,-121.877,1.5
150664,Caughlin Ranch - Deerfield,39.485058,-119.857506,0.8
150700,Green Valley Rd (East),38.44755,-122.864296,0.1
150706,"Auburn, Ca",38.944965,-121.14869,1.3
150730,Lodgepole Visitor Center,36.604206,-118.73203,2.8
150736,Covelite &amp; WT,37.975388,-121.779816,1.0
150744,Freshpond Outdoor,38.760517,-120.537025,1.9
150782,Sonora_Apple_Valley,38.005753,-120.33619,0.9
150788,Front Porch,38.85846,-120.03905,4.9
150792,Martin Ranch,40.31786,-121.234665,1.6
150814,Apgar Longfellow Outdoor,37.828903,-122.2721,1.6
150824,Burl Road,37.032932,-122.00651,2.1
150836,I only wanted to see you laughing in the purple air,37.855347,-122.22114,2.4
150956,Forestry building South East,39.465633,-121.51261,6.4
150962,Fiscal Annex,39.466667,-121.522224,4.1
150972,Colusa,38.84125,-120.01974,1.5
151026,GBUAPCD_BPFireDept,37.167377,-118.28991,1.7
151030,TheRanchEast,38.69373,-121.0272,1.5
151036,GBUAPCD_ShoshoneSchool,35.979195,-116.27275,0.9
151040,Trembath,38.005936,-121.78104,1.4
151054,Wild Goose,38.752983,-120.795074,1.6
151090,boyle2-95747,38.802418,-121.355774,1.4
151094,Chestnut/Farm Bureau,37.972797,-122.003944,0.2
151130,Leviathan break trailer,38.70666,-119.66226,1.0
151184,Cedar Grove Purple Air,36.790367,-118.6585,1.8
151192,F St Alley,38.57274,-121.44761,0.2
151220,"Vista Del Mar, Pittsburg, CA",38.008663,-121.95772,0.5
151268,Monta Vista South Lindy Ln,37.30335,-122.062195,8.9
151312,Echo,38.843517,-120.0596,0.7
151382,Mira Vista Hills,37.979343,-121.84283,0.7
151398,South Claremont,34.089294,-117.71362,10.9
151484,Black River Ct,38.49665,-121.551384,2.0
151530,McMahon Road Ranch,36.91161,-121.3512,2.5
151598,Deer Valley,37.95479,-121.77399,0.2
151596,South Lake Tahoe,38.916172,-120.01296,10.7
151610,Ross Branch Rd,38.46439,-122.88845,0.2
151608,GBUAPCD_CrowleyCC2023,37.567177,-118.74177,1.0
151750,Brookshire Ave,33.94497,-118.12566,11.1
151772,Fair Enough,37.745323,-122.41916,2.2
151910,Beach Club,34.0263,-118.51582,9.1
151928,ORV,38.45469,-122.34771,10.9
151958,Northwoods,39.342686,-120.25074,1.8
152038,Grand View,37.85703,-122.23002,3.2
152048,Bon Temps,38.89929,-120.05471,1.2
152054,Silver Creek,39.222305,-120.204185,0.0
152056,Winterfell,38.012882,-122.56182,0.0
152062,Tahoma- Chinkapin,39.057613,-120.13738,1.0
152068,Panama Outdoors,37.906734,-122.30844,1.8
152096,yoyo_home,38.837532,-121.24953,4.8
152106,AQI 39.18-119.78,39.18431,-119.78568,0.7
152220,Oakana,33.0695,-116.79252,14.3
152254,154 collins GWR,37.93226,-122.37145,1.2
152594,Lakemoore Cir,39.48654,-119.80843,1.0
152666,Mojodojocasahouse,37.270313,-121.999435,0.0
152962,Skyote Mountain,37.092022,-121.997284,0.4
152972,Gutter Skunk HQ,38.896084,-121.06205,1.8
152978,Mayhew,39.236374,-119.93112,2.1
153472,Coop,37.83335,-122.28808,1.6
153530,"Boynton Ave, San Jose",37.31857,-121.96656,1.0
153588,Pineridge at Whiteridge Cir,39.50364,-119.829704,0.8
153650,Windows,40.13018,-122.18614,3.6
153668,Cragmont,37.89514,-122.26708,1.6
153740,GRNACJV,39.102398,-119.78658,0.4
153912,Melville,37.971943,-122.57046,0.0
153916,Cal Bear,40.59127,-122.42866,0.5
153952,Ridgemont,37.77925,-122.15403,4.1
153971,FHMiramar,37.49579,-122.45797,2.9
153975,Moon Hollow.,38.335003,-122.43139,1.3
153995,Gray's Crossing Bluffs,39.353397,-120.175705,2.3
154007,15th Ave,37.554996,-122.31354,0.0
154171,PurpleAir,37.327003,-121.976036,0.4
154189,Casa de Canyon de Las Flores,34.2028,-118.12691,19.4
154209,MSG,40.297287,-124.304375,0.7
154223,Near LA Fitness,33.904526,-117.8394,12.1
154247,VC Highlands,39.35812,-119.63593,2.4
154343,"312 Main AVE, Sacramento,",38.65511,-121.460106,1.2
154345,Near Mary Lake,40.574226,-122.43199,0.7
154353,The Park at Fenway Cir,38.80746,-121.219574,2.5
154367,N forty road,38.921253,-121.22139,2.3
154393,SJUSD-Cope,33.786465,-117.013245,0.0
154437,ShingletownCCB,40.465015,-121.88298,0.0
154453,Section 31,41.02548,-122.93621,0.1
154459,"Willow Creek, California",40.937996,-123.61946,2.6
154465,McClellan Stud,40.475082,-123.7013,0.1
154475,Dieter,38.467976,-122.65532,0.0
154573,Sonoma Raceway,38.157112,-122.4527,1.4
154599,Incline High,39.25672,-119.953575,1.0
154625,Rosie's House,37.77372,-122.186386,2.0
154635,FowlerTWR,38.023087,-120.59065,0.3
154675,Bernhard,37.947044,-122.31529,2.1
154673,Private Home,38.72148,-121.21549,1.2
154681,Diablo Digital Printing,37.935753,-122.07568,3.9
154721,GHHC,38.439075,-122.65557,0.0
154757,MCC,38.613506,-121.26836,1.3
154763,Divot Ct,39.269512,-119.94669,0.8
154773,Purple Air Tahoe City,39.169464,-120.14328,1.7
154787,TNL,39.126034,-120.16172,1.4
154785,WWD,39.224438,-121.21054,32.2
154807,"15112 Cedar View, Nevada City, CA 95959",39.281174,-121.00848,2.2
154815,Ferguson Rd,38.40962,-122.86744,0.0
154837,Inverness Park,37.752617,-121.95844,0.6
154849,Saddleback,38.969395,-121.09572,1.8
154859,Cerise Ave,33.8194,-118.333,6.6
154861,Gaia Outside,41.413136,-122.36688,0.3
154883,Purple Air Reno Sparks,39.530712,-119.762634,2.5
154931,Lot 27,33.07538,-116.78992,8.4
154935,Empire Ranch,39.176582,-119.71825,0.6
154955,Village Drive,39.833282,-121.678474,2.8
154993,"Nathan and Violet David Hall, Kiln Shed (Outdoor)",39.245235,-119.93865,2.0
155019,Vineyard Circle,38.266586,-122.492645,0.4
155025,JPR FCR 5,38.899403,-119.83965,0.0
155033,McCourtney &amp; Lucas Hill,39.093147,-121.15646,1.8
155043,Amador Pines North,38.49798,-120.548096,2.7
155045,Tabuenca,33.6063,-117.63492,7.4
155081,JWP Ranch,37.34203,-119.75706,1.5
155089,"Glenshire, Truckee",39.35807,-120.09669,1.7
155101,Joe,39.447918,-119.729454,0.0
155121,Grizzly Hill School,39.373615,-120.99525,1.8
155157,wilson park,39.19053,-119.75721,7.8
155171,Graeagle 29,39.76514,-120.62185,1.5
155173,Windgap West,39.36581,-120.13011,0.0
155207,Hickory Park W 230th St,33.817837,-118.33082,6.0
155205,San Jose Felder Drive,37.22862,-121.80887,0.8
155213,SAFE-HappyCamp-CommunityCenter1,41.791412,-123.380745,0.0
155235,Lassen High School,40.41648,-120.65713,2.0
155257,Silverfork,38.769356,-120.31033,3.8
155275,SAFE-HappyCamp-HR,41.80038,-123.374954,1.6
155319,Katherine Elm.,34.267483,-118.6854,12.3
155341,Wallace Creek Carport,38.61219,-122.936646,0.0
155355,RL Outdoor,39.416855,-119.72664,0.9
155365,Meyers Neighborhood,38.861588,-120.01503,1.0
155371,Musser and Winter Sensor,39.164646,-119.775375,0.8
155383,Tourmaline,39.094696,-119.77731,0.5
155385,Cedros,34.17332,-118.453445,12.5
155395,Drake Estates,38.516216,-122.97488,0.3
155397,Clovis Point and Mojave Sky,39.44396,-119.722176,0.8
155401,EAA Chapter 526,38.953297,-121.077965,1.9
155405,5420 TwinCreeksDr RenoNV,39.544373,-119.872765,1.0
155413,Stonebrook West,39.630116,-119.70409,0.9
155425,Zilla-Sparks,39.574726,-119.70645,1.9
155431,Sandlewood,37.479393,-122.159584,0.5
155471,UCM-44be,37.964108,-121.30538,0.0
155483,Ucm-1a49,37.982864,-121.32275,0.0
155487,ucm-e2a1,38.01322,-121.26809,0.0
155489,ucm-386,37.98601,-121.27335,0.0
155503,UCM-1ac6,37.92177,-121.28166,41.8
155505,ucm-1a74,37.960106,-121.249084,0.0
155519,Ucm-1ADE,37.948654,-121.28211,0.0
155523,keck park,36.13851,-120.36951,0.0
155521,UCM-aea0,37.98531,-121.367,0.0
155527,N. San Joaquin PA,36.614864,-120.19491,3211.4
155533,UCM-f975,37.977894,-121.27072,0.0
155537,UCM-1A11,37.924004,-121.303925,0.0
155541,Joseph A Gregori High School,37.72108,-121.059944,0.0
155551,Buttonwillow community monitor,35.397472,-119.46466,0.0
155579,Poplar community monitor (CCEJN),36.055946,-119.14339,1.0
155585,UCM-e67d,37.958244,-121.30792,0.0
155591,UCM-e685,37.909706,-121.302536,0.0
155595,UCM-B232,38.03131,-121.26586,0.0
155597,UCM-DD9,37.928474,-121.31201,0.0
155601,UCM-1a5d,37.972176,-121.323135,0.0
155607,UCM-7edb,37.925568,-121.30034,0.0
155605,UCM-72:85,37.91936,-121.25469,0.0
155611,ucm- 33DC,37.93975,-121.2415,0.0
155609,Colingita,36.04256,-120.175476,3322.4
155613,UCM-f81c,37.96187,-121.28285,0.0
155623,ucm-19AE,38.001144,-121.27472,0.0
155621,UCM-E6:8F,36.73603,-120.05655,3082.8
155627,ucm-1c69,37.961124,-121.217995,0.0
155625,ucm-e6fc,37.830727,-121.25341,0.0
155629,UCM-5f4f,37.931328,-121.262535,0.0
155635,ucm-4c3,37.33494,-120.46229,0.0
155639,UCM-4b7,37.96649,-121.28994,0.0
155643,ucm- 8b4a,37.96572,-121.26617,0.0
155647,UCM-18e3,37.933857,-121.281494,0.0
155649,UCM-1aea,36.600967,-119.510216,
155655,MH1,37.987946,-121.35798,0.0
155657,UCM-1d9c,36.212914,-118.81335,0.1
155671,Lost Hills,35.614468,-119.69007,0.0
155673,UCM-7266,37.965656,-121.245445,0.0
155681,ucm-1ae1,36.74192,-119.24365,0.0
155691,UCM-1217,37.973625,-121.30512,0.0
155701,Cypress Elementary,34.17011,-118.96356,9.8
155707,Moorpark Unified School District - District Office,34.283566,-118.88635,11.7
155709,Moorpark Unified School District - District Office,34.28226,-118.89699,12.3
155715,Redwood Middle School,34.19789,-118.883965,9.7
155713,Ladera Elementary School,34.2175,-118.8579,13.2
155717,Los Cerritos Middle,34.20712,-118.84041,13.3
155727,Vally View Middle School,34.29597,-118.711624,12.8
155755,Moorpark Unified School District - District Office,34.271103,-118.898636,8.5
155793,Woking,34.115887,-118.28102,13.5
155801,FMC,38.62405,-122.86272,3.9
155827,Glenwood Elementary,34.19414,-118.86608,11.5
155829,Tower,36.756268,-119.80107,1.7
155887,Moorpark Unified School District - District Office,34.27097,-118.86483,12.8
155979,NSCAPCD,38.54953,-122.81527,0.1
155999,PVSD District Office,34.224308,-119.028984,12.3
156027,Ocean View Junior High,34.160866,-119.14682,10.7
156079,"Williamson Ranch, EG",38.41493,-121.37535,2.4
156099,Serramonte Drive - Los Gatos,37.238945,-122.0025,0.5
156129,JFam_Outdoor,38.266384,-122.6421,0.2
156165,FCW-Geyserville,38.679813,-122.88859,0.0
156279,Juniper Court,36.695824,-121.80144,0.0
156309,CL-Air,38.229515,-122.66368,0.6
156379,Campbell Theater,38.016468,-122.1363,0.8
156431,Mill Site Rd,37.058247,-122.019356,0.0
156707,TopOfHoen,38.44635,-122.65381,0.1
156747,willowgate,37.265,-121.89521,0.5
156791,MDAQMD_AVUSD_RIO,34.49856,-117.25192,3.4
156975,"Meyers, CA",38.860474,-120.0146,1.5
156985,PurpleBee,37.95821,-122.11001,0.6
156999,BOSTON/MAYFIELD,34.231236,-118.26116,19.2
157009,MDAQMD_AVUSD_GHHS,34.509605,-117.16504,3.9
157055,DWR NRO,40.191982,-122.23913,0.0
157081,Olivelands Elementary School,34.328777,-119.141464,11.8
157101,MDAQMD_AVUSD_RV,34.511932,-117.18093,2.6
157135,Pepperwood Preserve,38.569458,-122.68979,5.5
157139,SCWS,37.005974,-122.07281,1.7
157137,"Ferndale, CA",40.575317,-124.26306,1.6
157145,Hueneme Elementary School District,34.14953,-119.19593,6.3
157163,EL RANCHO,38.34016,-122.83579,0.0
157201,MDAQMD_AVUSD_SYC,34.552853,-117.15267,1.5
157251,MDAQMD_AVUSD_PHX,34.53263,-117.21375,3.8
157419,Snsn,33.797096,-118.17629,10.2
157463,Sugar Pine Creekside Cabin,37.442444,-119.631355,2.9
157521,EDCAQMD Meyers,38.860012,-120.02071,3.5
157671,I i,33.806202,-118.18506,7.7
157673,Sna,33.795303,-118.15982,8.9
157683,Lb1827,33.767998,-118.173164,4.6
157687,Jdn,33.788532,-118.11276,7.2
157971,D Street,33.04647,-117.289505,5.7
157991,Matthew Turner Elementary,38.08538,-122.15961,0.2
157995,Benicia High School,38.064835,-122.17566,0.5
158065,Benicia Unified School District,38.050552,-122.15163,0.4
158129,Benicia Middle School,38.068798,-122.1723,0.0
158171,MDAQMD_AVUSD_SBA,34.484802,-117.23547,21.0
158181,CARB Smoke EDCAQMD CPCSD Outdoor,38.660652,-121.00387,2.0
158197,Pine Way,37.391632,-122.07227,1.1
158201,MDAQMD_AVUSD_SAN,34.46332,-117.19825,3.3
158259,Rise-10,37.642807,-122.43742,2.1
158367,EDCAQMD Placerville Station II,38.732903,-120.79065,1.9
158371,EDCAQMD Meadowcrest,38.922707,-119.97091,1.3
158587,EDCAQMD Otter Creek Elementary,38.97682,-120.72353,2.0
158597,EDCAQMD GOLDEN BEAR,38.904003,-119.97601,1.0
158623,EDCAQMD Mosquito Station 75,38.797523,-120.73545,1.7
158785,Ms Commons,38.551643,-122.81743,0.0
158817,"Ganley St, San Lorenzo",37.66858,-122.14183,0.7
159185,The Shire,38.509014,-122.93136,6.0
159603,Day Valley,37.000256,-121.84941,3.5
159749,Morningside Drive,37.987625,-122.57703,0.0
159873,La Jolla Shores 3,32.856403,-117.25694,7.9
160063,ALPINE WATERCRAFT INSPECTION STATION,39.18737,-120.19947,1.2
160163,La Mirada PA Classic,33.88323,-118.025185,10.7
160213,West Modesto2,37.619694,-121.028046,3.9
160313,Black Dog Hollow,39.25421,-120.94464,0.0
160331,Heritage Ranch,35.71963,-120.87664,2.1
160361,Allied Gardens,32.807667,-117.07423,7.4
160389,Alchemy,39.427746,-119.7034,0.7
160863,Willowglen,38.797344,-121.24146,1.3
161029,Castleview,33.935402,-117.3446,10.0
161043,1940 Los Robles blvd,38.629807,-121.421524,1.2
161045,MurietaWay,38.525597,-121.489746,1.4
161055,The Gardens PurpleAir Sensor March 11 2023,38.47739,-121.497086,2.1
161063,C B Wire Elementary SCUSD,38.513325,-121.44544,0.0
161081,Apprentice Ct,38.550114,-121.44312,1.3
161089,Boxwood,38.608433,-121.44627,4.1
161095,"Oak Park, Sacramento",38.544315,-121.47148,0.9
161101,GEO Garden,38.633472,-121.43821,1.6
161181,B St,38.580894,-121.459526,1.7
161195,Petaluma Western Ave gopher farm,38.224335,-122.6668,0.0
161215,EMK2,32.62367,-117.133484,5.3
161219,La Sierra,32.677673,-117.17617,0.1
161443,Chamberlain Street,38.725582,-120.8039,1.2
161465,Miller Lane,38.960907,-121.20458,0.0
161513,2229 Lake,39.29852,-120.380615,1.6
161609,Alta Sierra Ranches,39.10307,-121.013115,1.9
161619,San Roque,34.44308,-119.73983,9.5
161643,Riverbend,38.611473,-121.53756,1.0
161649,"Ridge Rd,  midway point",38.88447,-121.16293,1.3
161799,St. Francis Acres,38.46873,-122.65054,0.3
162155,North Weather Station,39.497276,-118.78375,3334.1
162153,Gladys Ave,37.395233,-122.0629,0.2
162157,BWR Outside,38.259014,-120.35149,1.5
162173,Bay Point Riverview,38.03304,-121.95185,0.8
162183,Kite Hill,33.546036,-117.711174,5.4
162221,GHP South of Live Oak,34.106853,-118.01891,12.1
162243,Maltese place,38.32308,-122.48838,0.0
162263,Gateley,37.492767,-122.27171,0.2
162295,Robin Ridge - Sonora,37.935486,-120.28877,1.3
162357,Wessex,39.542126,-119.83316,0.5
162477,A Team,35.541527,-119.05184,2.4
162535,SL2,33.768105,-118.16084,6.3
162567,Japantown,37.34761,-121.89278,0.8
162617,YOSE @ Wawona,37.54,-119.65851,1.1
162623,Bengali Street,37.79482,-121.87547,18.2
162635,YOSE @Tuolumne Meadows,37.876896,-119.34575,0.1
162799,YOSE @ ESC,37.74967,-119.58919,1.8
162801,SP,39.531384,-119.87873,1.4
162999,ucm-78ec,37.935394,-121.26304,1.8
163003,ucm-8ca4,36.430233,-119.85924,1.8
163005,ucm-c36f,37.970863,-121.32512,14.9
163011,"John Muir Elementary Modesto,CA",37.65294,-120.97756,2.4
163017,ucm-f77d,37.98222,-121.32017,0.0
163031,UCM-4d6a,37.83611,-121.24193,0.0
163035,ucm-cd6d,38.01051,-121.31243,0.0
163039,ucm-431d,36.604824,-121.9192,6.8
163037,ucm-7e1f,36.21948,-121.13123,12.8
163041,ucm-f94b,36.67722,-121.62704,1.3
163045,ucm-54f,36.472797,-120.393524,2.5
163049,ucm-65cc,36.577785,-121.7175,1.9
163071,ucm-9742,36.42808,-121.33121,2.1
163069,ucm-8b62,36.71268,-121.61996,0.9
163073,ucm-49a1,36.849644,-120.448746,58.3
163079,ucm-2a64,36.50837,-121.44398,1.4
163081,ucm-c110,36.972248,-119.369,0.0
163085,ucm-653B,36.72671,-121.65586,7.9
163097,ucm-1ed,36.81932,-119.8551,2.0
163123,UCM-412,36.989162,-119.52891,1.8
163127,UCM-F17,36.547436,-119.58375,1.6
163133,UCM-A7C0,36.254154,-120.23114,0.7
163149,ucm-C045,36.67938,-121.62715,1.8
163183,Enochs High School,37.690205,-120.937904,43.9
163189,Everett Elementary School,37.67662,-121.01854,6.9
163195,ucm-849b,37.93816,-121.2895,4.7
163201,ucm-8ba3,36.650852,-121.79771,2.2
163205,John C Fremont Elementary,37.66353,-121.01162,11.5
163211,Bret Harte Elementary School,37.60333,-121.00523,0.0
163213,Shackelford Elementary,37.61289,-120.99283,0.0
163219,ucm-c612,38.00841,-121.2746,13.6
163233,ucm-1c8a,36.22354,-118.829285,19.7
163387,SG #1 (North Breeze way),37.93205,-121.28754,29.6
163391,SG #3 (Central Breeze way),37.931873,-121.28758,0.0
163567,Orange Knoll Ave,34.145485,-117.23595,13.3
163817,42&amp;N,37.75315,-122.501144,4.6
163825,Jericho Canyon,39.442223,-119.72618,0.7
164187,TheDuke,39.20994,-120.0976,0.7
164203,RT PurpleAir Home,38.612854,-122.863075,0.0
164213,Charles St,38.435726,-122.71003,0.1
164219,Loma Rica,39.296997,-121.44499,0.9
164221,Frances Drive,40.551952,-122.39408,0.5
164229,Frog Palace,40.784874,-124.11078,3.2
164235,Pleasant Valley,38.05586,-121.357,0.9
164259,Old Greenwood,39.340286,-120.1458,1.3
164283,LKE,37.963722,-122.302986,0.0
164307,81* 15th Ave,37.47656,-122.19084,0.4
164379,Front yard,33.670044,-117.71652,6.6
164389,Chabot,37.849987,-122.24541,1.8
164393,Hanford,36.348267,-119.68608,1.5
164403,Sierra’s Castle,38.910107,-119.95734,0.9
164467,Khalid Ct,39.17969,-121.09687,1.7
164471,Reno,39.417625,-119.72843,0.4
164475,Outside,37.828777,-122.11275,0.0
164477,Old Greenwood,39.339394,-120.15687,1.3
164481,West Hills Circle (Southern Fence),38.39694,-122.84111,0.1
164493,Robie Point,38.893433,-121.058556,1.6
164497,AnimalHuis,38.55843,-121.19525,0.5
164523,Jeanious,38.64189,-121.74032,3240.5
164583,Avenue Del Oro,37.50713,-122.47109,0.6
164591,The Lakes Discovery Bay,37.92343,-121.621956,0.0
164595,Washington Roundabout,39.54232,-119.826164,0.7
164629,Royal Crest Drive,39.34576,-120.10884,0.8
164651,Greenhouse,37.894707,-122.29645,13.5
164653,The Castle,40.693012,-120.73065,0.4
164657,Nevada Union High School,39.240047,-121.05458,1.8
164667,Deer Creek School,39.25087,-121.02893,1.5
164671,Magnolia Intermediate School,39.051895,-121.06828,1.0
164673,Alta Sierra Elementary,39.118378,-121.04149,2.2
164677,BMCHS Outdoor,39.423714,-119.76497,0.3
164695,4295 Greenview Dr,38.684677,-121.05739,1.5
164699,CBO,39.47345,-119.82807,0.3
164849,Roth House,39.50421,-119.85416,0.5
164863,Sierra,38.927357,-119.83958,0.8
164871,Shake Ridge Ranch,38.435207,-120.75316,1.8
164881,"Sonora, CA",37.988182,-120.37378,0.0
164889,"2857 Silk Oak, Thousand Oaks",34.218746,-118.81632,11.6
164903,Nishinam Gulch,39.27625,-121.10066,3308.6
164901,Thomas Rd.,40.22068,-123.86784,1.6
165071,Westlake,38.65801,-121.548195,0.0
165115,San Juan Rd,38.627586,-121.528244,0.5
165113,"Shasta Road, Apple Valley",34.53214,-117.23998,0.0
165207,Shelly Drive,37.31868,-122.03431,0.6
165205,Greenview Drive,38.507202,-122.74789,0.0
165385,Grayson2,37.565243,-121.18222,4.2
165471,Cecil_Collocated,35.774986,-119.23867,1.1
165495,N Garey and Bonita,34.096115,-117.74887,7.8
165525,weatherwong_airQ,37.722427,-122.410095,2.4
165559,Empire2,37.62917,-120.90094,0.6
165567,Co-located LBUSD,37.052753,-120.84012,1.5
165799,Middle two rock,38.238495,-122.70578,0.2
165963,Avenida Benito Perez Galdos #73 Ampliacion Solidaridad Social,32.581497,-115.45191,0.5
165961,Redspira,32.635513,-115.44992,0.1
165971,Roseville Aquatics Complex,38.764282,-121.331314,0.0
165999,Bryden Outdoor,38.456276,-122.69611,0.0
166137,S. Natomas,38.62429,-121.5024,1.4
166145,Creekside,38.52397,-121.96165,57.1
166255,Fairview Elementary School,37.595543,-121.02252,14.3
166325,Summerbreeze Place,40.549274,-122.40147,1.4
166335,La Loma Jr High,37.644207,-120.96677,2.8
166349,Thomas Downey High School,37.656673,-120.97155,3.1
166383,Moccasin Schoolhouse 2,37.811817,-120.3016,1.4
166447,Kirkwood Powerhouse 2,37.877907,-119.95338,4.5
166445,O'Shaughnessy2,37.944687,-119.78256,1.6
166793,NW Modesto2,37.678753,-121.04009,3331.0
166797,SW Turlock2,37.490936,-120.8595,0.6
166919,"Martone Elementary Modesto,CA",37.655956,-121.04542,4.5
166931,James Marshall Elementary,37.622734,-121.01219,5.2
166935,Enslen Elementary,37.653847,-121.00002,5.5
166985,Davis High School,37.68159,-121.01046,2.5
167071,ucm-88d4,36.753353,-119.79232,1.2
167075,Elliot Alt. Education,37.66524,-120.98435,3.0
167079,Kirschen Elementary School,37.615192,-121.02164,7.3
167081,Modesto City Schools Transportation Department,37.65253,-121.03012,5.5
167093,Modesto High School,37.630634,-121.00626,5.5
167111,Beyer High School,37.690742,-120.96715,1.2
167127,Beard Elementary School,37.675053,-121.00443,0.0
167135,"Rose Ave Elementary Modesto,CA",37.65822,-120.96608,2.8
167145,Garrison Elementary School,37.665245,-121.0249,3.9
167159,Mark Twain Junior High,37.632706,-121.02124,6.6
167239,Mt Shasta Dr.,38.030663,-122.57525,0.2
167367,Orville Wright Elementary,37.62684,-120.96893,3.4
167381,T-TSA near Legacy Trail,39.33958,-120.1285,1.3
167387,F.I.R.E. 2024,38.5369,-121.55606,1.3
167395,2nd &amp; E,32.698277,-117.17545,12.0
167439,Usona outside,37.427776,-119.82611,1.6
167467,Evelyn Hanshaw Middle School,37.604088,-121.00451,5.2
167871,Forno 436,38.615562,-122.86383,0.0
168369,Der Bau,37.84135,-122.27367,1.3
169739,26th and D,38.58082,-121.4689,0.6
169745,4209 Prospect,38.642754,-121.30725,0.9
169901,outside LP office,32.72029,-116.36035,4.5
169957,Central Davis--Redwood Lane,38.55907,-121.75331,1.1
169967,emalita,37.61375,-122.40727,0.5
169977,Thornhaus,37.841644,-122.20214,1.2
170467,Ducor Union Elementary School,35.891273,-119.04126,2.0
171353,Harvard Road San Mateo,37.55385,-122.32691,0.0
171517,Infinity High,37.789455,-122.39155,4.1
171531,Surrey Farms,37.22585,-121.95488,0.6
171605,Annettes sensor,38.002666,-121.89663,0.8
171791,Rustic Woods,38.834984,-121.15405,1.1
171805,Castro Valley 2,37.705124,-122.105316,1.3
171975,VVDDC,36.588055,-121.905106,2.1
172059,"1st Street, Bayside, Coronado, CA",32.69901,-117.17089,10.7
172069,de Haro Blvd,37.752346,-122.40044,1.5
172095,Kingswood Drive,39.25065,-120.04106,0.8
172187,Green Valley Ranch,38.268463,-122.20275,0.0
172191,Walavista Avenue,37.814533,-122.23297,1.1
172189,Santa Rosa,33.503395,-117.742226,4.9
172423,Fort Cronkhite,37.832516,-122.53695,2.3
172431,860 sycamore rd Pleasanton ca 94566,37.6423,-121.87341,2.6
172615,S Lincoln St,38.43718,-121.8353,0.2
172613,HGPbbm,38.426624,-122.92807,0.0
172619,"DriveSavers, Inc.",38.076485,-122.53551,0.7
172635,Chabolyn Outside,37.85153,-122.24456,2.1
172637,Presidio Hill School,37.78868,-122.45615,4.1
172699,"Moscow Road, Monte Rio",38.467834,-123.015045,0.0
172815,Sniffy1,38.651558,-121.55351,1.1
172903,Arguello Court,38.26455,-122.06125,0.0
173041,DSC PurpleAir,33.529984,-117.185814,4.3
173045,Tovishal Elementary School,33.593857,-117.201775,4.0
173067,Vista Murrieta High School,33.596977,-117.16535,3.2
173129,Porter House,39.54641,-119.87378,0.7
173175,Doc Oliver Field,38.54464,-121.500465,1.6
173555,Surmont Hill,37.23103,-121.92223,2.0
173617,Oak Creek-Blackwood,37.264816,-119.70533,0.0
173667,The Crest,37.479904,-122.28121,0.4
173665,Dana/Oak,37.39373,-122.08364,0.0
173675,The Presidents,38.09166,-122.573975,0.0
173699,Miller Drive outdoor,38.5533,-121.74811,3332.0
173735,US-RGF,37.69947,-121.13679,5.4
173743,Telephone Road,34.872223,-120.382774,0.1
173771,Regency2,38.633472,-121.11708,1.6
173785,Circlewood Area,39.745186,-121.63543,0.0
173793,CoffeyPark,38.4723,-122.7468,0.1
173887,Robla,38.646465,-121.437935,1.8
173893,2nd Ave - North Oak Park,38.55054,-121.45949,1.4
173899,Mamma Mia Mansion,38.58147,-121.47602,1.6
173905,U Street,38.560654,-121.469444,1.9
173911,Santiago,38.611965,-121.4604,1.1
173909,3932 U Street,38.557343,-121.45854,0.0
173913,Sacramento City College,38.53948,-121.489845,2.3
173923,Alhambra and W St,38.557693,-121.471016,2.8
174017,Dean Road,38.601383,-121.46379,0.9
174021,AQ9th,38.548275,-121.43821,2.2
174031,MKV,38.584156,-121.453735,2.1
174039,Forney Way,38.584755,-121.453415,2.1
174041,Amherst&amp;Celebrity,38.47452,-121.497986,1.1
174047,DPH-80,38.640884,-121.433815,3.0
174055,3900 block of MLK,38.538647,-121.46456,2.0
174061,Lford@airquality.org,38.501804,-121.48695,2.2
174065,Frienza Ave &amp; Evergreen St,38.613106,-121.44373,1.3
174087,May street,38.632133,-121.442635,5.1
174085,Knightlinger,38.63742,-121.450584,2.9
174241,Fell St,38.645832,-121.43645,2.1
174329,Tallac Village / S. Tahoe Park - Mr.KittyKitty,38.535633,-121.43549,1.6
174465,Ralph's House,34.284264,-118.742,9.9
174491,Altadena,34.198914,-118.163414,18.3
174515,Shasta Acres,41.312424,-122.28677,0.2
174513,Curtis Creek Ranch,37.96858,-120.29063,0.5
174563,DANMAR,38.233955,-120.35899,0.7
174725,La Mirada PA Zen,33.88323,-118.025185,8.3
174791,Ocean Charter School,33.984146,-118.42757,0.3
174827,TRKRoyal,39.34944,-120.112236,0.5
174845,PH,37.934013,-122.07297,0.1
174849,AlextheArchitect - Baker Ranch,33.67287,-117.679794,5.0
174929,DH - Roof,33.788853,-117.88835,6.8
174997,PurpleAir Sensor 24,34.201958,-118.176,11.6
175029,Don Carol Dr,37.922726,-122.28821,1.1
175047,Carlyn Ave,37.29003,-121.95627,0.6
175071,Quintero Ave,38.399296,-121.3432,0.9
175143,OPAir,38.545406,-121.46056,2.0
175141,Attawa,38.533802,-121.48451,0.0
175153,65th and Broadway,38.545444,-121.42914,1.7
175157,15MosesCt,38.46455,-121.46021,1.1
175163,Chez Mochi,38.550976,-121.438934,1.5
175165,JFS,38.620865,-121.50752,0.7
175169,Colonial Heights - 56th St,38.536163,-121.440994,1.4
175175,CW4910,38.530777,-121.43577,2.5
175183,The Deers,38.470947,-121.46026,0.2
175187,Colonial Heights 52nd Street,38.53468,-121.44534,1.9
175203,Hagginwood Community Center,38.62807,-121.432816,1.9
175201,Arcade and Diggs Park,38.62638,-121.42826,2.2
175211,33rd &amp; 9th Ave,38.543865,-121.471565,2.2
175353,Hazen-Mullholland,34.118793,-118.39649,12.8
175415,Aldergrove,34.326363,-118.424774,20.2
175527,Muirlands,32.82382,-117.26082,5.0
175667,O Street,33.792194,-118.25144,9.8
175691,Garage outside,37.33091,-121.90745,0.0
175771,Burdell,38.126133,-122.58173,0.0
175817,Kingdom of Arthur,37.326412,-121.98215,0.6
175857,Pattiz Avenue,33.794632,-118.09243,4.9
175873,AQMD_NASA_291_v2,34.199425,-118.17309,17.7
175945,PurpleAir Sensor 22,34.19906,-118.17342,16.5
176025,41st St &amp; Glen Ave Oakland,37.82561,-122.25071,0.1
176211,HMC Jacobs 3,34.105663,-117.711845,11.3
176219,HMC Jacobs 6,34.10565,-117.712074,11.9
176323,UNR ATMS/PHYS Outside,39.541016,-119.81415,1.3
176347,Venue Apts nw side upper floor,37.412064,-121.940445,0.4
176359,HMC Jacobs 5,34.10565,-117.71177,10.8
176367,Blaisdell,34.110626,-117.707436,11.8
176433,Greenhovse Outdoor,37.88698,-122.210175,0.1
176469,Green Street Exterior 3rd floor,37.7965,-122.4329,2.2
176685,RCM Outside,40.84552,-124.1687,1.0
176699,Gate 510,37.717243,-122.17996,1.4
176723,Eagle outside,40.77666,-124.17897,0.8
176783,Bayview Palou,37.732964,-122.38903,1.6
176843,29th &amp; A St,32.7192,-117.1318,5.1
176911,Sunland: Odell &amp; Wentworth,34.267456,-118.31285,15.6
176977,Bennett Valley - Woodside,38.399715,-122.61648,0.3
177013,Sun City Shadow Hills,33.755928,-116.26452,2.6
177017,Hawkeye,38.71536,-121.33212,3.1
177301,Sierra College Rocklin,38.791832,-121.21278,1.4
177379,Diana St,38.74496,-120.82637,1.9
177521,Lake X Lassen Dr,37.61908,-122.45091,2.6
177533,Yosemite/Palisades,39.754406,-121.78516,5.5
177743,Mike Shellito Indoor pool,38.78877,-121.27835,0.0
177917,Chihuahua Valley,33.38002,-116.66756,2.5
178067,Corson/Jefferson Park,34.15182,-118.115135,0.0
178211,30 Bernal Ave,37.513435,-122.50967,2.9
178239,River Road,38.196293,-120.0115,1.4
178347,Faithorne Lane,38.651634,-121.17272,1.5
179519,Casa del Sol,34.0339,-118.79921,6.3
179527,Park Place,36.283504,-119.15233,1.8
179567,miker,35.127975,-118.48716,2.6
179655,"Old Barn, Montara",37.543163,-122.50415,5.1
179741,ShadowWoods,38.899067,-121.00405,1.5
179865,Black Walnut,35.233658,-120.75446,1.7
179977,Pet Sanctuary,37.392075,-122.09057,0.1
180081,Rubidoux ASCENT,33.99958,-117.41601,9.2
180107,Joshua Tree ASCENT,34.06957,-116.38893,2.0
180647,The Preserve,37.783955,-121.98809,20.9
180815,"215 n Maryland Ave Glendale, CA 91206",34.148598,-118.25397,14.0
181381,Oak Street,37.38217,-122.11966,0.0
181395,Ron/Barb,38.99636,-121.13798,1.2
181693,Weather Fana AQI (O),39.14429,-121.04748,2.2
181769,Blucher Valley House,38.351486,-122.83138,0.0
181813,DAAC Clarion and Royal,33.836163,-118.29482,6.8
181831,DAAC Torrance and New Hampshire,33.84109,-118.29203,9.8
181867,Pine Cone,38.056824,-120.19723,1.6
182149,EasterBeach,35.396313,-120.862976,0.3
182417,Bunker Hill Mystery House,37.52511,-122.351074,0.2
182583,CSUCI3,34.15882,-119.04255,10.5
182581,CSUCI2,34.162693,-119.04078,9.2
183075,Essey Circle,38.543087,-121.27343,0.5
183107,Elk Creek SWR,39.479435,-122.506744,1.0
183151,East Corte Madera Hillside,37.918823,-122.4955,0.0
183161,Villa Real,37.976353,-122.49269,3.3
183173,Lola's House on Nandina,38.539352,-121.702255,1.6
183221,Wood Creek,37.888264,-122.12824,0.4
183253,Malibu Country Estates,34.03669,-118.709496,6.4
183277,JAF1,39.35061,-121.02099,2.1
183519,PI house,37.87039,-122.18091,1.0
183611,Debina Court,38.573475,-121.2721,0.5
183801,Windsor,38.5545,-122.81237,0.0
184331,Alta Vista Park,39.22425,-121.0675,3.8
184391,Pine Grove,38.83008,-122.73038,0.4
184415,Blue Lake Elementary Outside,40.885563,-123.99171,0.2
184459,NDEP_DHS,38.957153,-119.78176,1.0
184483,NDEP_SES,38.8861,-119.7256,0.4
184485,NDEP_ZCES,39.0116,-119.94497,0.9
184491,Big Lagoon Outside,41.157276,-124.1315,0.2
184611,NDEP_CVMS,38.944412,-119.751045,0.7
184617,Eureka HS outside,40.787674,-124.15953,3.1
184713,Skyview,37.126644,-121.95656,1.3
184735,NDEP-34,36.159637,-115.99626,1.3
184733,NDEP_GES,38.94089,-119.74298,0.7
184767,PurpleAir-949f,32.568897,-116.65871,13.8
184911,NDEP_JVES,39.09333,-119.79791,0.9
184909,NDEP_CCMES,38.90264,-119.72762,0.7
184935,NDEP_PWL,38.888165,-119.72336,0.5
184949,NDEP_PHES,39.04025,-119.72564,0.8
185009,AMTS_CARB_0005,38.568176,-121.49349,1.4
185203,RaymondCt,37.482735,-122.261055,0.2
185205,859 St. John Circle,37.94811,-122.02097,0.1
185247,Fox Hollow,37.4519,-122.2657,0.0
185383,"Rustic Rd, Pinecrest",38.186638,-119.99596,7.3
185561,Elk Creek,41.713177,-123.35415,0.0
185789,OrangeZen Outdoor,37.4365,-122.202614,0.1
185829,Valley View Tito,37.362408,-122.10136,0.0
186019,Weill Institute (2),35.378475,-119.018166,
186443,Hammond Ranch,41.393784,-122.42262,0.0
186495,Petey’s Plaza,39.454082,-119.80572,0.2
186691,2000 block S.Melrose Drive,33.15742,-117.2413,0.0
186781,East Olive Ave,34.144913,-117.995,14.2
186955,Newton Way and Holmes Way,38.595177,-121.307205,0.9
187067,Mina,39.96497,-123.35812,0.5
187089,HilltopOverlook,37.915424,-122.27888,2.0
187137,alfapa13,38.419033,-122.72492,0.5
187143,alfapa4,38.32097,-122.6966,0.0
187155,alfapa10,38.32561,-122.69482,0.4
187221,13500hgp,38.42748,-122.93071,0.0
187603,Sunnyhills Ext,37.813614,-122.222694,1.8
187601,Golden Rule,39.311687,-123.30728,0.0
187613,Ranch Air Sensor,38.457573,-122.30545,0.3
187919,Olivewood,33.93902,-117.02848,6.8
187941,8133 Hihn,37.06981,-122.07168,0.0
187971,Brioso Court,33.168182,-117.23892,5.1
188113,Imperial Beach,32.583782,-117.13275,16.3
188345,SCAP 124,34.06355,-118.152985,11.9
188395,Parkway Cats,38.682804,-121.11954,1.7
188447,Swiss Creek (Flex),37.298023,-122.098564,0.4
188495,Adams Hill,34.13109,-118.236374,12.0
188537,Birdhouse Lounge,37.75187,-122.42492,1.9
188707,Karuk Council Chambers-MKWC-SAFE,41.30101,-123.5426,1.4
189075,Mountain Home Inn,37.909065,-122.57545,0.0
189087,The Metropolitan 2,37.78663,-122.39355,0.4
189089,Pattova,33.831085,-117.54867,9.3
189187,Bair Island,37.499043,-122.222885,0.4
189281,Jack Shaw Road,40.667385,-123.84553,0.6
189383,Pac Heights (SF),37.79064,-122.43978,2.5
189452,City of Rohnert Park Sewer Lift Station,38.355206,-122.71637,0.8
189561,Ojai Arbolada,34.45145,-119.256645,11.8
189601,Baseline,38.752094,-121.32815,1.4
189819,McLaughlin,37.945415,-122.328224,1.0
189863,H2os,36.871853,-119.767746,0.1
189877,Mayacamas,38.365208,-122.42335,0.3
189935,1024 Keith,37.889416,-122.26587,2.0
189941,Brookline ave,37.883575,-122.54379,0.9
190417,GWR Marine st,37.930088,-122.391945,1.6
190427,GWR Washington ave,37.92619,-122.386444,1.3
190467,DePaul,37.081844,-121.55609,0.5
190581,Mountain View Cohousing Community,37.388298,-122.073166,0.5
190597,PurpleAir Sensor 19,34.198708,-118.17343,16.8
190607,PurpleAir Sensor 20,34.197025,-118.17308,19.4
190819,Palomar Vallejo,38.115166,-122.22599,0.0
190820,Hargus Vallejo,38.09528,-122.218094,0.2
190831,Delwood Vallejo,38.099567,-122.19998,0.3
190837,California Vallejo,38.12017,-122.25103,0.0
190965,AYUNTAMIENTO DE MEXICALI - ESTACION MAYOS,32.6546,-115.52593,7.0
190983,AYUNTAMIENTO DE MEXICALI - ESTACION 1RO DICIEMBRE,32.646008,-115.44247,7.9
191099,"Marion Court, Alamo, CA",37.84402,-122.03606,0.9
191229,Prairie Hawk,38.466583,-121.32082,1.1
191349,Patio,37.743855,-122.46195,1.7
191643,McGee,37.874214,-122.27821,2.1
191667,GWR southridge,37.987183,-122.33785,1.0
192481,Testing 3,34.44972,-118.6607,11.1
192486,VVAMPTrellis,34.44843,-118.66483,9.7
192485,VVAMPSilver,34.448097,-118.6526,11.9
192511,VVAMPJackson,34.439682,-118.65688,10.5
192513,Lakeview Way,37.47112,-122.2698,0.6
192519,VVAMPLincoln2,34.438267,-118.65769,11.7
192530,VVAMP Cottage,34.44871,-118.72583,1.1
192541,Laguna Treatment Plant,38.367584,-122.765,0.0
192599,Foxview,37.13955,-121.592575,0.0
192611,Miraloma,37.734344,-122.44405,1.6
192631,100 Block Andover,37.741077,-122.41637,1.3
192629,Peralta Rockets and Fiber Works,37.811363,-122.293945,1.6
192647,HLC,38.599213,-122.854706,0.0
192645,梁の家(外),37.57784,-122.35367,0.3
192667,Chicago Park,39.14047,-120.97509,1.8
192769,Shed on the hill,34.24053,-117.26012,7.9
192779,St Stephens Hilltop,37.898678,-122.1739,0.2
192781,Yreka High School,41.741337,-122.63761,0.0
192833,Chicken coop,36.976254,-122.048035,1.3
192879,Quartz Valley Indian Reservation,41.60151,-122.9759,0.0
193086,50 Almendral Ave,37.455524,-122.21243,0.0
193145,Crowden,37.879047,-122.28342,0.4
193237,Castro Valley W8MEJ,37.711933,-122.06904,1.6
193293,Kenilworth,37.552265,-122.35625,0.5
193335,150 Parker Ave.,37.7828,-122.4542,1.1
193337,Glen Moore-York Dr.,37.533764,-122.0048,0.7
193361,Upper Jackson,37.896,-122.30355,0.9
193395,Fernwood &amp; Donald,37.84463,-122.1131,1.8
193481,The Tree House,37.433784,-122.431984,2.4
193495,Boulevard - Downing,37.710506,-121.894455,2.1
193507,Twin Farms,38.332054,-122.13681,1.0
193509,Lyell st Los Altos,37.37557,-122.11251,0.0
193513,Hacienda Mundhenk,37.956547,-121.79616,0.7
193527,Gateway School (new),36.953396,-122.04876,4.3
193537,SLO,35.30479,-120.682236,4.4
193551,Ventana Lower,37.36439,-122.10468,0.1
193549,Westgate,40.73818,-124.16723,0.0
193633,"587 Periwinkle Place, Benicia, CA",38.08721,-122.16501,0.0
193639,Ventana Upper,37.36373,-122.104454,0.0
193761,Pearlgrass Ct.,37.787582,-121.9272,1.3
193833,GGNRA / Eastwood Way,37.88358,-122.54764,1.4
193869,House Guerrero,37.760265,-122.423874,3.4
193879,Colonial Oaks - o,37.354385,-122.078575,0.0
193877,Alameda - East End,37.756294,-122.23743,0.6
193889,TAMAL AGUASTO,38.001514,-122.55828,0.0
193915,Paws and Claws,37.815216,-122.27,1.9
193923,Strawberry,37.89954,-122.50868,0.5
193929,Aloma Outside,33.540863,-117.69191,0.0
193933,Kingston Square,37.64757,-122.11701,1.7
193943,carmen,37.367603,-121.88982,0.4
193959,Lakeside,37.193832,-122.018585,0.3
193987,Shepherds Knoll Road Bldg 2,36.581867,-121.91297,2.1
193989,Rancho Prieta,37.106766,-121.88154,0.1
194059,Venado Court,37.2493,-121.81083,0.9
194057,Yard,37.67245,-121.91022,0.1
194063,Windsor Christian Academy,38.56153,-122.82669,0.0
194069,KNF Seiad Valley,41.839718,-123.19541,0.0
194073,Amatchi,37.713055,-121.4002,0.6
194085,Carson &amp; S,40.78439,-124.148926,0.0
194097,Pomolita Middle School,39.156563,-123.216545,0.0
194103,Oak Manor Elementary,39.14821,-123.19366,0.0
194107,Weitchpec Yurok Tribe,41.1899,-123.69687,0.8
194109,WECS,39.412308,-123.34715,0.1
194165,Sawyers Bar (Siskiyou Telephone),41.30197,-123.12985,0.2
194173,Grace Hudson Elementary,39.12377,-123.20594,0.4
194199,Our Hill Lane,37.430573,-122.2511,0.0
194197,Song Sparrow Playgarden,37.96708,-122.12045,0.7
194229,Miraloma Canyon View,37.740128,-122.44611,2.6
194281,Phil Pl,37.315666,-122.01162,0.8
194287,Jackson Street Elementary School,41.727936,-122.6404,0.3
194399,Twin Hills School District - Apple Blossom School,38.389355,-122.85219,0.0
194669,Avocado House,37.821983,-122.28337,2.4
194681,West End Commons1,37.821827,-122.28797,1.7
194691,2822a Union St,37.821064,-122.28409,1.9
194693,Curtis St,37.813004,-122.27727,1.1
194707,1737 13th. Street,37.812325,-122.29806,1.0
194713,San Pablo,37.81706,-122.27368,1.6
194737,Village Buttes,39.75096,-122.20336,5.1
194903,Alphonse,34.42817,-119.68676,7.7
194935,the_balbs,37.780247,-122.444695,1.5
195147,PrincetonAir,38.443417,-122.67265,0.0
195237,YOSE @ Happy Isles,37.722523,-119.570435,2.8
195291,Hillside Ct - Clement,38.99569,-122.748886,0.4
195303,YOSE Turtle Back Dome,37.713333,-119.70611,0.2
195395,Upper Caperton,37.822166,-122.22748,2.5
195407,Town of Windsor Bluebird Center,38.544018,-122.80274,0.3
195438,Ettersburg Rd,40.113873,-123.96704,2.9
195449,Mountain View Middle School,40.60279,-122.32547,0.8
195483,Calle Hermosa,37.13862,-121.653336,1.4
195551,Smoke Bellew,37.657227,-121.79746,0.8
195587,Marin Sonoma Mosquito &amp; Vector Control District,38.34034,-122.72511,0.1
195597,Baywood Estates,40.83928,-124.048515,0.5
195607,Westdale NW,37.06168,-122.145004,0.0
195615,The Woods,37.8839,-122.09421,0.0
195639,Carleton,37.972958,-122.02365,0.3
195663,Davidson Steps,37.814903,-122.24474,2.2
195661,Justin-Siena High School - Dodd Stadium,38.33057,-122.31968,0.7
195687,purple1600,37.88451,-122.2809,2.3
195847,Maidu Community Center,38.736298,-121.25309,1.8
195856,Valley View Park,36.823673,-121.37095,1.7
195861,Santa Cruz California St,36.966747,-122.034424,3.4
195885,Beale AFB (Main Base),39.11505,-121.39541,1.6
195891,Canal Street,37.40966,-121.90059,1.1
195901,Driveway,37.686516,-122.087364,1.4
195905,7000s Hwy 84,37.3394,-121.895,3329.1
195917,Beale AFB (Flightline),39.14482,-121.43053,1.7
195920,GWR Center ave,37.93005,-122.341095,1.4
196021,VTA,34.261818,-119.20603,15.3
196039,Ridgecrest Way,38.405407,-120.47207,1.7
196054,ShadowBrook Swim Club,37.213215,-121.849594,1.4
196079,Harrison Street,37.816685,-122.25881,6.1
196183,Fruitvale Village,37.776016,-122.22492,2.1
196181,GWR Golden Gate ave,37.927853,-122.390144,0.0
196231,City of Berkeley Fire Station 6,37.874805,-122.29672,1.6
196259,Haven Ave Outside,37.478626,-122.19256,1.0
196279,Chartwell School,36.63665,-121.80296,2.1
196363,Byron 01,37.43685,-122.135574,0.0
196379,HillaryOutdoors,39.300865,-120.389244,1.2
196401,The Head-Royce School,37.80808,-122.20516,2.3
196411,Meowchi Heaven - Park Place - San Mateo,37.54563,-122.29221,0.1
196427,Outside the pain cave,36.973625,-122.035675,2.9
196425,Jackson &amp; Walnut,37.790916,-122.44979,3.0
196433,Del Mesa Carmel,36.542767,-121.87376,1.7
196445,ConcordCourtMarina,36.67211,-121.79088,2.0
196451,McKendry,37.45961,-122.16017,0.7
196461,18thAve/TaravalUlloa,37.7419,-122.47437,3.1
196465,Jersey and Vicksburg,37.75091,-122.42843,1.5
196569,Lincourt Tasting Room,34.63317,-120.12035,3.5
196575,PAC-Outdoors,37.375923,-122.21173,0.0
196573,Firestone,34.712814,-120.14525,3.0
196655,2340 42nd Ave,37.743145,-122.50004,4.2
196689,St Helena Cooperative Nursery School,37.748737,-122.42125,0.0
196699,Montgomery Ave,34.26583,-119.178215,0.0
196709,MANZANITA DR,37.156258,-121.605156,0.6
196803,Ohlone,36.46592,-121.79565,0.0
196823,JOTR-Black Rock,34.06948,-116.38886,0.0
196905,Thompson,37.36117,-122.03929,0.3
197047,VVAMPBeacon,34.451355,-118.62212,11.3
197073,VVAMP San Martinez,34.44518,-118.658066,9.3
197081,VVAMPCambridgetop,34.46499,-118.62338,10.6
197086,VVAMP Williams Ranch,34.46129,-118.6348,8.7
197093,VVAMP Foothill,34.47173,-118.629326,12.2
197115,1204 N Lemon,37.437893,-122.19874,0.4
197253,Sierra Outdoor School,38.05012,-120.302704,0.9
197269,Coronado,32.693466,-117.185165,3.8
197591,Bear Creek Road,37.170845,-122.05572,0.3
197623,SJVAir-8AFA,36.763042,-119.798645,0.8
197649,CCAC Livingston Colocated,37.38276,-120.72725,0.4
197653,Co-located LHUSD,35.616035,-119.70255,1.0
197663,Co-located Avenal,36.00964,-120.12999,0.5
197731,Tumble Inn,38.693592,-120.078026,
197733,Kentucky_Oak,38.238773,-122.64414,0.0
197819,Fawn Lane,37.387394,-122.20788,0.0
197847,Bryant x Oregon,37.430447,-122.13763,0.0
197849,35 Keyes Ave,37.800823,-122.45581,5.8
197929,"Alvina Court, Granite Bay",38.75695,-121.15432,1.4
198161,SJVAir-7D92,36.763046,-119.798584,0.7
198215,Almaden Country Day School Garden,37.21873,-121.851395,0.6
198223,Walnut + King,36.973297,-122.03977,3.6
198489,Fletcher Square,34.120472,-118.24426,12.0
198555,GH,37.25629,-122.01982,0.9
198641,Grande South,32.71743,-117.17044,7.2
198731,351 Magellan Ave,37.74503,-122.46306,2.4
198799,Nord-ln,37.27586,-121.90443,2.0
198861,Spruce St,36.9795,-121.91929,2.6
198871,Harvard,36.774086,-119.81482,1.0
198881,Port Road,38.91158,-123.70239,0.0
199041,Blue Ridge Oaks,38.3197,-122.04563,1.3
199049,Brookside,37.21842,-121.908424,1.2
199061,Ridgewood,39.21886,-120.09429,0.7
199189,Cyrus Creek,38.580338,-122.5921,0.0
199511,Gretchen Talley Park,37.715424,-121.443344,0.5
199543,Dragon House,40.86861,-124.089554,0.0
199643,California Sporthorses,34.67531,-120.11377,3.7
199699,Ignacio Blvd,38.072033,-122.564316,0.0
199781,Ukiah Purple,39.13671,-123.2095,0.0
199831,"1377 Gilman Street, Berkeley, CA",37.88073,-122.28654,0.0
199892,Sly park 2,38.722713,-120.590935,7.1
199975,Mars Pine Station,37.792225,-122.398415,4.5
200475,Cresthills II,37.04528,-120.84466,2.5
200709,Backyard,34.44777,-119.731865,4.6
200749,NolaBase01,33.67895,-117.70266,5.9
201113,Rough and Ready,39.228832,-121.12028,1.0
201849,McAir Out,35.368114,-119.13665,2.0
201955,Clover Outside,37.893246,-122.069786,3.0
201957,Shnoozenbaum,38.45594,-122.42253,0.0
201967,316 Vernon,38.7487,-121.28467,1.8
201999,Three Horse Farm,36.95198,-121.45964,0.0
202251,SAFE-KRAM-16- Owl Mine Road,41.29447,-123.57446,0.8
202249,SAFE-KRAM-2-Orleans Elementary School,41.301792,-123.54234,0.8
202279,Fairgrove,37.313526,-122.00892,0.5
202281,SAFE-KRAM-3 Redcap Allen Ranch,41.257065,-123.6,2.1
202303,SAFE-KRAM-7 Etna Ck Outfitters,41.456425,-122.89365,0.0
202495,SAFE-KRAM-12-Slate Creek,41.2566,-123.6504,0.3
202497,SAFE-KRAM-17-Lower Thompson Ck,41.8632,-123.31077,0.6
202501,SAFE-KRAM-13-Camp Creek,41.297882,-123.56066,7.9
202539,Sanderling,37.908524,-122.38181,1.1
202815,Guido Cul De Sac,37.799496,-122.190994,0.3
202835,Clover Springs,38.78941,-123.02697,0.0
202855,Castro Ranch North,37.961945,-122.25151,0.0
202891,Thorndale2,34.140476,-118.07366,13.9
202903,Stannage Garfield Outdoor,37.896,-122.299,1.5
202913,Fig House,34.671272,-120.114746,4.0
202939,San Antonio and S 17th St,37.340675,-121.872246,0.8
203011,San Clemente Shorecliffs,33.44453,-117.636375,8.6
203061,Palomino Circle,38.09758,-122.62267,0.0
203087,Lomita Heights,38.47192,-122.71462,0.0
203089,Pine Lane,37.958412,-122.55201,0.0
203097,Lazy Dog,39.02841,-120.87995,0.0
203101,Copperfield Dr,38.443832,-122.761505,0.0
203215,Gwen Court,37.826035,-121.98003,0.5
203277,Berkeley Ave,37.989082,-122.57019,0.0
203523,C&amp;C Pines Bass Lake,37.323994,-119.56502,0.3
203539,Oceanview Park,37.461563,-122.43843,2.3
203543,SouthPoint,38.738457,-121.077126,1.0
203541,Newgate/Vitero,37.27466,-121.75329,0.0
203571,Bayview,37.75187,-122.24321,0.7
203891,3rd Ave and S Grant St,37.568947,-122.317085,0.3
203975,Camden85,37.249046,-121.912125,0.0
203997,Concord Court,38.2437,-122.06735,0.5
204027,Islay Pointe Villas,35.249805,-120.63152,4.0
204371,Ellsworth Court,37.573593,-122.33215,0.2
204383,10th and Willow,37.809902,-122.29927,0.0
204445,Linden st,37.81248,-122.28311,2.3
204577,Mission Hollow,37.526985,-121.92257,0.4
204689,AQM1-Laguna Blvd,38.4182,-121.44976,3.7
204709,Manzanita Dr,38.152367,-120.4422,0.4
204729,Ruthies,36.925156,-121.77223,2.5
204797,Marshwell,37.244793,-121.78374,0.5
204891,Geolrat,39.507404,-119.787636,0.2
205017,PurpleAir Sensor CBG,38.007664,-122.29896,0.4
205451,SAFE-KRAM-26-Mt-Shasta-Physical-Therapy-Office,41.31493,-122.31264,0.0
205525,Lycee,37.76847,-122.44693,1.9
205539,SAFE-KRAM-30-Junction Elementary School,41.392067,-123.49649,0.0
205581,Clearview Drive,33.151493,-117.319916,5.5
205829,Linden Woods,38.0221,-121.09511,1.0
205843,New Haven,34.000626,-117.5757,0.0
205875,Idyllwild,33.71172,-116.71634,3.3
206093,Golden Valley,39.61078,-119.84279,1.3
206135,LAH - Snell Ct,37.387028,-122.13686,0.0
206311,TST Scotty’s Junction,37.27272,-117.02931,0.0
206827,Kentwood South,33.960133,-118.40416,8.1
206865,TST Ryan,36.322727,-116.67186,0.3
206915,Southwest Claremont,34.100224,-117.733894,10.0
206999,Home Grown Tomatoes (Outside),37.39866,-122.113045,0.3
207255,N Fork Trail,39.04326,-119.76007,0.7
207257,Sleepy Hollow,33.94661,-117.7808,9.7
207933,Locust,37.858932,-122.48768,1.2
208413,Jan Dr,38.642403,-121.320656,0.8
208491,UPC STU,34.0204,-118.285774,18.3
208493,HSC SHN,34.05986,-118.20495,10.8
208599,BRCountryHm,37.66907,-121.91629,0.6
209511,Keller Drive,37.13154,-122.109795,0.0
209869,Bluebird Community,34.14478,-117.83545,17.2
210067,The Collective #1,37.81659,-121.20577,3035.0
210079,Yountville on Silverado Trail,38.43227,-122.34277,0.1
210111,Event Architects inc.,37.359585,-121.948784,2.6
210109,LMU EHS - Sullivan Field,33.966686,-118.4154,10.9
210369,El Cerrito Home,37.915337,-122.29362,0.9
210445,State Street,40.571075,-122.38341,0.8
210565,Mussel Rock,37.667294,-122.48928,2.9
210771,VVAMPLincoln4,34.441383,-118.6557,11.5
210875,"Woodland, CA",38.690704,-121.76823,1.9
210887,See the VOCs Orchard Hills,33.751236,-117.76044,7.5
211271,Smaug,37.155495,-121.99123,1.6
211463,PASADENA,34.17595,-118.167786,15.2
211471,Colmar,39.429504,-119.715965,0.5
211987,"The Fountaingrove Club Hole 2, Santa Rosa CA",38.494232,-122.71356,0.2
211985,VVAMP Hunstock,34.44587,-118.650185,9.8
212051,NVDEP NSL MONTEZUMA,37.7008,-117.3838,0.4
212107,Washington Elementary School,37.945065,-121.31391,1.3
212137,Cunha Intermediate Outside,37.46348,-122.43316,2.6
212349,ucm-77d4,36.201836,-118.76577,2.5
212477,New Meyler,33.72372,-118.297,4.6
212617,Woodstock,34.44951,-118.62216,11.3
212665,Outdoor,38.107483,-121.300354,1.7
212873,Diamond Oaks Golf,38.771336,-121.279625,1.7
213381,IHS outside,35.28279,-119.11084,
213405,Scripps Ranch,32.90627,-117.08692,7.8
213499,Sonic 2260 outside,38.4189,-122.75175,0.0
213523,Granite Hills HS,36.068283,-118.97786,2.0
213747,NEON D17 SOAP,37.03337,-119.26219,2.5
214953,Penny Lane,37.87444,-122.15819,1.7
214959,Monta Loma,37.40653,-122.098335,0.0
215029,Castaic,34.498608,-118.61925,11.4
215043,VoyageAir,35.262924,-120.710236,1.4
215045,SFSU Bay Conference Center,37.72129,-122.47653,1.2
215159,ALFAPA24,38.330334,-122.69866,0.0
215435,Bellarmine College Prep,37.34407,-121.92001,0.2
215467,Maison de printemps,37.394493,-122.070854,0.1
215847,McClymonds North,37.81965,-122.27997,10.6
215871,WO 32nd,37.82426,-122.2829,1.9
216023,1325 Drumm Ave.,33.791748,-118.24437,10.6
216251,Glamis and Lev,34.24727,-118.42988,10.0
216249,PCE,34.27062,-118.41591,24.9
216341,Diamond Bar HS,33.981503,-117.83956,13.1
216385,Hilltop Village VPI,37.978542,-122.33928,1.6
216455,Marigold Ave,38.923546,-121.0865,1.7
216703,Ellis at Central Station,37.815422,-122.295235,2.0
216705,OMSS  10 Burma Rd,37.82327,-122.30353,13.4
216899,Squire Canyon,35.19451,-120.69655,4.8
216905,CARB_SMOKE_MCAPCD_MCFD BOOTJACK,37.46364,-119.883064,1.7
216915,El Chorro Regional Park,35.33179,-120.73412,3.1
217343,Wallace,38.203094,-120.972694,1.4
217379,BUCHANAN,34.441982,-118.65778,9.4
217487,Chelsea,34.45452,-118.617714,10.3
218059,CARB_24_6f_df,38.568333,-121.49329,0.9
218113,Carranza,33.651016,-116.31207,2.5
218131,City of Elk Grove - 8400 Roof,38.418125,-121.39492,0.6
218137,CARB_24_65_41,38.568367,-121.49325,1.5
218267,Laguna Ct.,37.35662,-121.9901,0.2
218427,Manor Drive North,38.455086,-122.75829,0.7
218835,MCOE Community School,39.160263,-123.21532,0.0
218843,MCOE Orr Creek,39.16138,-123.22202,0.0
218873,Stockton Climate Sensor 7,37.932976,-121.25973,0.8
219125,Football stadium,36.83766,-121.404106,4.1
219281,Stockton Climate Sensor 3,37.97122,-121.30218,1.0
219543,Castro St GWR,37.928017,-122.388855,1.7
219553,1819 Florida GWR,37.929577,-122.35164,1.7
219561,GWR Johnson Dr,37.9843,-122.354836,0.0
219565,GWR Euclid ave,37.93234,-122.34318,1.6
219573,GWR Chanslor Estate,37.932674,-122.36682,2.4
219581,GWR Rheem ave,37.949783,-122.35261,1.0
219585,Cris GWR,37.944065,-122.36021,1.8
219609,Hollywood Park NE,38.53293,-121.483925,1.1
219615,"Monrovia, California",34.12897,-118.00353,12.8
219623,Dan at Fashion Island,33.622364,-117.87579,6.1
219743,Ridgey,39.24513,-120.92787,0.6
219741,343 River GWR,37.934875,-122.37269,1.2
219775,GWR Fire station 62,37.948196,-122.36503,1.0
219773,GWR Bridge Art space,37.928345,-122.36937,1.8
219841,GWR Shields Reid,37.95377,-122.364105,1.4
219889,CARB_SMOKE_MCAPCD_MCUSD ALT ED,37.472282,-119.90316,1.4
219899,Calvary Christian School,34.048492,-118.553055,9.0
219901,307 Ciela Balcony,34.076763,-118.56526,16.3
219909,CARB-Cayucos Library,35.45232,-120.90552,2.8
219971,CARB-Cambria Library,35.564884,-121.09628,3.5
219975,Dove Creek,35.447937,-120.636375,2.1
219979,Kent Ranch,33.15568,-117.07309,7.7
220041,Dm Casino,40.430542,-120.65805,1.6
220059,Janesville school,40.30303,-120.53253,0.7
220073,Public Works,40.409565,-120.664215,1.1
220087,Cromwell Ave,34.44758,-118.654434,13.3
220255,Fresh Milk,38.87336,-122.68978,0.3
220283,City Hall,40.41959,-120.66228,352.3
221053,Stockton Climate Sensor 9,37.96326,-121.30947,1.0
221059,Stockton Climate Sensor 5,38.044422,-121.34489,0.8
221083,Stockton Climate Sensor 6,37.911575,-121.304405,1.3
221127,UoP_pm_2,38.012424,-121.32942,0.8
221137,Stockton Climate Sensor 1,37.98734,-121.36614,1.8
221229,The Summit,33.696663,-116.39622,1.0
221383,Narnia,35.966354,-114.82928,1.3
221385,176 N Milton Ave,37.289604,-121.95497,0.3
221453,Kings Creek/Blue Ridge Air quality,37.153275,-122.13205,0.1
221475,MCRCD,39.41311,-123.33791,0.2
221491,NC#164_Eureka_NCUAQMD,40.80085,-124.15858,0.1
221493,The Porch,39.17086,-123.213356,0.0
221525,Black Oak Ranch Laytonville,39.748184,-123.53547,0.0
221573,Crestmont Dr,37.804195,-122.18077,1.3
221683,Buttercup,38.262432,-122.49246,0.6
221897,Belle Ave,37.49772,-122.2622,0.5
221933,Wicked Lemur,38.43065,-122.76433,2.0
222041,MAC,37.371483,-122.254616,0.2
222105,"FortBidwell, CA. Travel Office. MCAPCD",41.858208,-120.15844,0.9
222231,Carnelian deck,39.21007,-120.0989,1.0
222927,Orchard Park,37.38008,-121.8979,0.5
223007,Amber Grove Chico,39.76826,-121.87507,2.7
223219,MDAQMD-Hinkley_CC2,34.904366,-117.170654,4.8
223217,AVUSD-HDPA,34.487347,-117.18556,6.8
223223,MDAQMD_SJUSD_QVMS,34.432957,-117.45824,10.9
223225,MDAQMD-AVUSD_MAR_2,34.444324,-117.18613,2.2
223229,MDAQMD_SJUSD_PES,34.425262,-117.57036,11.6
223235,MDAQMD-ZZYZX-Desert-Studies-Center_2,35.142788,-116.10385,1.9
223247,MDAQMD_AVUSD_VAN,34.488216,-117.16337,5.6
223251,MDAQMD_AVUSD_YL,34.499626,-117.198425,2.8
223263,MDAQMD-ADL-CityHall,34.572674,-117.41097,5.8
223265,Jefferson Park,34.02754,-118.32316,7.3
223269,MDAQMD_SJUSD_VVES,34.49539,-117.40214,5.3
223275,MDAQMD-LUC2,34.41003,-116.90701,1.2
223277,MDAQMD-LVUSD-MHS_2,34.45737,-116.939384,1.4
223283,MDAQMD-PVUSD-FJA_3,33.598324,-114.59295,1.2
223281,MDAQMD_PondersaNursery,34.334343,-117.399155,3.7
223285,MDAQMD-AVUSD_AVHS_2,34.467133,-117.18846,1.5
223289,MDAQMD_SJUSD_HER,34.423653,-117.52304,10.9
223631,Pinecrest,38.19005,-120.00291,1.8
223641,BHG,39.228474,-121.37132,3.0
223961,Prairie Oaks,38.65336,-121.161674,0.8
224015,FS3 East wall Outside,34.02301,-118.17343,9.5
224095,Southwest Community Center - Outdoor,33.7464,-117.890175,7.8
224107,Anaheim Independencia Family Resource - Outdoor,33.805115,-117.97038,6.9
224177,Mountain Ranch,38.19952,-120.56545,1.0
224181,China Garden 116,39.100723,-119.94331,3.4
224187,Berryman,33.996197,-118.40669,6.3
224205,21st Street,34.041855,-118.494835,6.3
224235,Redmond Avenue,37.228577,-121.86504,1.4
224279,Cosmo,33.77968,-116.37333,1.1
224301,Chenery gardens,37.73515,-122.43645,1.2
224539,El Bonito Way,38.058872,-122.14162,0.4
224637,Hartford Ave,34.453705,-118.616905,10.4
224985,500 Westridge,36.91058,-121.78283,1.8
224991,Badger Farm,38.410168,-122.77732,0.0
225291,Table Mountain Facility,34.381927,-117.68164,1.0
225309,Iroquois,38.30809,-120.27215,1.3
225343,Moffett Windmill,37.398327,-122.076614,0.2
225340,Ryans Ln,39.23135,-121.06235,2.2
225361,Mirabel Heights,38.491314,-122.892555,0.0
225379,Long Valley,39.06608,-122.595,0.0
225377,2003 Foxtail,38.494102,-122.70684,0.0
225381,Clyde &amp; Welsh,37.922173,-122.02494,1.0
225389,Lake Hennessey,38.499893,-122.33429,0.0
225399,Baldacci Family Vineyards,38.42071,-122.33808,1.0
225561,Fox and Hounds,34.14103,-118.3722,10.7
225601,Arapahoe Court,37.385082,-122.21737,2.2
225855,Hacienda,38.07477,-122.72218,0.6
225863,GBUAPCD_Starlite2024,37.32581,-118.538635,1.0
225869,GBUAPCD_LonePineMonitor2025,36.607258,-118.05496,0.8
225879,Patio,34.094112,-118.272125,11.1
225883,Robie,38.893913,-121.061356,1.6
225891,HeiHei,37.360573,-122.01814,0.3
225899,GBUAPCD_MonoCity2024,38.04027,-119.14599,0.9
225903,GBUAPCD_FortIndependence2024,36.845776,-118.22825,0.0
225901,GBUAPCD_DV2_2025,36.50895,-116.84707,1.2
225907,GBUAPCD_BishopCityPark,37.36675,-118.39441,5.5
225905,GBUAPCD_BishopHQ2025,37.36082,-118.393936,0.2
225911,GBUAPCD_MammothLakes2025,37.645824,-118.96608,0.1
225915,GBUAPCD_BirchCreek20240808,37.070713,-118.26822,0.5
225913,GBUAPCD_Meadowcreek2025,37.387356,-118.42248,0.6
225921,Oliveto,38.62068,-122.872986,0.0
226015,El Dorado Rd.,37.88306,-122.08312,1.2
226041,Loyola Drive,37.342415,-122.09685,0.1
226123,CSUCI5,34.004696,-120.05016,4.5
226367,Lake Berryessa-Bureau of Reclamation Field Office,38.551235,-122.22964,0.1
226371,Myrtletown Woodsmoke Pollution Monitor,40.787823,-124.12619,1.5
226381,Banana Belt Apple Orchard,37.075752,-119.45824,1.4
226421,Wilsonia,36.73474,-118.95887,5.9
226497,Lower Kelly Hill,37.68321,-122.06098,1.5
226503,cahtocreek,39.673187,-123.4902,0.4
226557,Realm North,38.600704,-122.591644,0.0
226563,Diamond Stadium,33.6539,-117.303085,6.7
227033,Tahoe Donner,39.34749,-120.232414,1.8
227309,Benbough Amphitheater,33.097404,-117.00032,17.8
227325,Cliff Lede Vineyards,38.424103,-122.34473,0.0
227349,Old Fir,37.273857,-122.184685,0.2
227475,Foothill Park,37.235657,-121.85062,0.5
227605,Evelyn Terrace,37.371525,-122.006645,0.3
227637,Monty,38.373497,-122.201225,0.2
227657,Palo Alto Engineer,37.443794,-122.130005,0.1
227663,foodlink,36.290195,-119.13022,3161.5
227747,TEPP DVIR Airport,41.95276,-116.18493,0.2
227765,Lindenwood,37.466885,-122.185394,0.0
227931,Magellan,37.4984,-122.45941,0.0
227959,Muir Beach Pacific Way,37.8667,-122.57198,2.3
227999,BelBelmont,37.503128,-122.31009,0.6
228041,Zyg’s Place,34.248035,-118.884636,12.7
228073,KRW,35.774208,-119.86808,13.0
228279,High Camp,39.19542,-120.261185,0.8
228303,Valencia Hills,34.38722,-118.55509,7.9
228307,Outside the Normandy,38.465443,-122.63979,0.0
228321,Hummingbird house,37.754353,-122.40718,0.7
228459,Kirkland-outside,37.29943,-121.88315,0.9
228569,CAF,36.06776,-114.99786,
228573,Mountain Spirit,39.54365,-119.91962,1.3
228613,Monticello outside,37.522514,-122.34961,0.1
228685,Bigfoot,40.956062,-123.623215,0.5
228721,Linda Mar Beach,37.596714,-122.50178,2.7
228725,E section,38.35411,-122.70222,0.1
228987,Flying Hart Ranch,39.36473,-123.38769,0.0
229009,Brookdale,37.88642,-122.10811,0.5
229021,StoneC2,38.44264,-122.60875,0.0
229265,Greenview,41.550373,-122.90718,4.6
229289,SIX DOG RANCH,39.290466,-123.60306,0.0
229297,Antelope Acres,34.7769,-118.27768,3333.3
229597,Twin Hills Circle,33.933098,-117.19397,8.9
229607,KG6BXW,37.193035,-119.76727,1.0
229643,Sierra Hot Springs,39.575558,-120.34842,1.1
229647,Judith,39.128014,-121.04291,2.3
229707,Success Mine,39.24239,-121.06953,2.1
229913,Top-o-Topanga,34.13766,-118.59635,13.1
230031,CHARA E1,34.22718,-118.05574,21.2
230199,Sierra Institute for Community and Environment,40.07499,-120.83898,0.9
230223,Martis Camp,39.27238,-120.17884,0.6
230625,Rocky Hollow,37.41152,-119.84912,1.2
230663,Del Oro Outside,35.297546,-118.98164,
230683,STEAM Yard,35.377937,-119.01716,1.8
230917,"800 Freeman Lane, GV",39.199623,-121.06409,2.2
231121,Cambridge Ave Palo Alto,37.427174,-122.14593,0.1
231135,"Casa Del Oso, Fern",40.7024,-121.91908,0.2
231181,4575 Paul Sweet,37.018036,-121.98132,0.0
231395,Country View,37.781845,-121.96254,2.7
231427,PL Natural Resources Department,39.83158,-119.35688,0.4
231705,222 8th Ave,37.561924,-122.318756,4.9
231715,J&amp;K,39.302612,-119.778496,1.9
231757,PL WID Station,39.943645,-119.60341,1.1
231905,TFE - Los Alamos Ranch,34.75913,-120.2648,3.5
231921,Bodega Rancho,38.350414,-122.98324,0.2
231927,Southview,38.67034,-121.286964,2.0
231935,Driscolls McArthur Office,41.065742,-121.375595,0.1
231933,Mango,33.68014,-116.27707,4.8
232073,Alpha Omega Winery,38.47057,-122.42841,0.1
232191,West Shore Lake Almanor,40.22328,-121.179115,1.6
232197,CARB-BLDMTN,41.047005,-122.17689,0.0
232203,Twain Harte 00,38.044395,-120.22327,2.1
232241,Camp One,39.872,-121.61179,3.2
232249,Rhode Island and 18th,37.762413,-122.4027,2.3
232259,Caribou,40.08596,-121.14895,2.2
232279,Ely,39.254208,-114.86753,1.2
232287,Dutch Slough Levee,38.011227,-121.65249,0.5
232285,Untethered,38.98541,-119.94436,0.6
232289,FaFam Mountain Lodge,39.240574,-120.74038,0.0
232295,5465TRC,38.80769,-121.25282,1.9
232309,Mt Rose Ski Tahoe,39.32856,-119.88553,0.6
232327,Rose Hill,38.851425,-121.134926,2.7
232365,Garage,39.406693,-119.72036,0.7
232387,In Stead of Reno,39.63184,-119.872055,1.1
232395,Talus and Gypsum,39.560368,-119.830086,0.0
232406,Top of Old County Rd,39.208046,-120.10365,3.5
232465,Poe/cresta,39.82788,-121.4112,1.9
232602,MC30,37.870853,-122.50783,1.5
232661,Blue Oak Dr,37.467724,-120.11659,1.2
232671,RICHARDSON SPRINGS,39.82679,-121.81507,3.0
232669,East River Street,39.33026,-120.17174,1.6
232679,The Summit,40.638996,-121.79891,0.2
232683,CHARA S1,34.22443,-118.057045,18.3
232681,Bohan Dillon,38.573586,-123.2298,0.0
232689,High Desert Montessori School,39.54844,-119.78398,1.3
232693,13041 yana trail oroville ca 95965,39.776524,-121.4994,2.4
232941,Santa Barbara,37.89192,-122.26767,1.8
233115,Old campo,32.64178,-116.46779,16.7
233187,Quail Hollow Ranch,40.34372,-120.417725,0.1
233199,Austin Ridge,39.323975,-120.07188,1.1
233213,A2C2,34.345966,-117.61762,1.5
233335,Cascade Shores - Cats,39.262875,-120.91247,2.2
233337,Red Mountain,33.24608,-117.08424,7.2
233351,Stetson,37.69754,-121.79222,1.2
233373,Buck Mountain Estates,39.09367,-121.073296,1.7
233379,NCSOS Outside,39.218952,-121.02882,2.1
233377,"111 N Res road, McDermitt,Nv",41.9721,-117.62157,1.8
233651,219 Brannan 10th Floor,37.783173,-122.39028,2.1
233653,Ocean Plant,37.772877,-122.51062,15.3
233659,Crocker,36.628696,-121.933205,2.5
233709,Tahoe Donner Marina,39.325584,-120.238174,1.8
233719,Alder Creek Adventure Center,39.36373,-120.25379,1.2
233721,North Washington St.,40.733673,-122.933426,0.2
233807,Mountain Moon Ranch,39.15327,-121.165726,0.0
233821,"Inwood, CA",40.518547,-121.96443,0.0
234095,TD Tennis + Pickleball,39.34487,-120.21589,1.7
234189,Spooner watercraft inspection station,39.10113,-119.9126,0.0
234235,Wolfe Avenue,37.961006,-122.53145,0.1
234383,ACHS,38.16566,-122.238014,0.2
234403,Silverado Vineyard,38.412243,-122.33676,0.7
234401,"Forest Circle, Forest Ranch",39.87575,-121.68354,5.0
234407,RBGUSD,35.41997,-119.25447,2.5
234425,Tule &amp; Tobe's Oasis,38.27409,-122.64848,2.6
234435,Laguna Lake,38.412704,-121.43403,0.7
234515,CRANBERRY AIR,37.35651,-122.058975,0.0
234577,KCAWOODS6-2,37.420116,-122.249306,0.0
235169,Shaffer Elementary School,40.382782,-120.38234,0.5
235187,Cañon Ave,37.803608,-122.21782,1.9
235793,1644 Christina Ct,35.639114,-120.67165,1.8
235871,Valerair,37.72293,-122.438255,4.1
236171,Guildford,33.066093,-117.28129,6.5
236307,Lake Newport,37.803944,-121.33262,0.7
236357,FCC-Normal1,36.767635,-119.800156,0.7
236487,ENSO MEADOWS PURPLE,38.644367,-122.87284,0.0
236495,South Fork-Redbud,36.405544,-118.882576,2.6
236730,DNV_01_Outdoor,37.97747,-122.540344,0.0
236737,DNV_06_outside,38.769547,-121.18334,1.5
236741,Ostrom Road,38.516052,-120.758064,0.6
236745,DNV_02_Outdoor,37.93774,-122.07386,0.0
236755,DNV_07_Outdoor,38.27,-122.05177,0.4
236787,Palmdale AllWest,34.641098,-118.252045,7.7
236785,DNV_14_Outdoor,34.42651,-118.43239,9.9
236789,2930 street side,37.51571,-122.311905,0.6
236857,KRAM-65 Maple Creek outside,40.760468,-123.8698,0.0
237021,15 Mesa Ave,37.74777,-122.4646,1.6
237037,New Idria,36.417637,-120.67252,1.2
237077,"Ramon Drive, Galt, CA.",38.255478,-121.31135,1.1
237145,Van Arsdale,39.38478,-123.11701,0.2
237149,Mount Tiburon Road,37.890053,-122.46409,0.0
237161,DNV_21_Outdoor,37.960407,-122.00458,0.1
237167,DNV_20_Outdoor,36.72937,-119.680725,0.6
237179,Craftsman Village,33.77694,-118.17216,7.2
237271,MOR,38.553497,-121.50486,1.7
237281,13th Street Central,36.62062,-121.91505,2.7
237315,Idyllwild School,33.738438,-116.72049,4.5
237331,Synergy School,37.75084,-122.42023,1.5
237335,Hemet USD - District Office,33.743477,-116.990616,4.1
237333,McSweeny Elem.,33.721737,-116.97684,2.7
237349,Winchester Elem.,33.703293,-117.086426,4.7
237541,Madrone Outside 2,37.911537,-122.56607,0.2
237547,Meadow Club,37.971012,-122.61962,0.0
237569,Zenitram on Adirondack,40.565815,-122.41678,1.5
237693,Valle Vista Elem.,33.741253,-116.894806,2.6
237703,Thunder Gulch,33.6496,-116.24224,3.2
237719,151Arbor,37.52696,-122.515594,4.9
237801,West Valley HS,33.71788,-117.00958,2.7
237839,Country Club Area,34.18283,-118.12736,19.2
238061,La Mancha,33.57917,-117.65927,8.5
238071,Sharon Heights,37.421715,-122.2125,0.0
238073,Marathon Drive,32.798492,-117.1256,7.3
238077,Jeffery pine,39.32136,-120.17625,1.7
238081,Castlerock,33.785725,-117.77218,7.6
238287,KRAM-49-Leavey Ranch,40.87347,-124.00619,1.6
238329,Yerba Vista Ct,37.29886,-121.77725,0.1
238351,Brandon Street,37.82841,-122.24565,2.9
238567,CCA1,36.76182,-121.74768,1.8
238577,ACC2B,36.76936,-121.75101,3.3
238583,Holand,36.93943,-121.76765,2.6
238585,CCA10,36.680626,-121.626656,7.1
238607,PA II Zen Air Quality Sensor,38.348824,-122.00571,2.1
238611,19 Thomas Court,37.97811,-122.543304,0.0
238609,CCA8,36.76238,-121.7468,3.0
238613,Mostardi Platt Las Vegas,36.09037,-115.04578,2.0
238619,Kids by the Sea - Olivenhain,33.04325,-117.23408,6.4
238631,Aguilar Home,36.92286,-121.769875,0.0
238725,GE Aerospace,34.577682,-117.381004,6.2
238763,SAFE-KRAM-86-Red Cap Skunk Hollow,41.290154,-123.548096,1.0
238861,Covey Rd,38.485245,-122.890366,0.0
238903,SAFE-KRAM-99-HYDESVILLE-ELEMENTARY_OUTDOOR,40.548775,-124.093666,1.7
238909,SAFE-KRAM-85-Pearch Creek,41.311825,-123.518524,0.4
238915,SAFE-KRAM-58-HC Elementary Outside 2,41.794617,-123.373665,0.1
238927,KRAM-83 Big Bar,40.739273,-123.20661,0.6
238941,SAFE-KRAM-62-Gym Indoor,41.801487,-123.376755,1.0
238981,MC-22,37.874905,-122.51345,1.3
238989,MC29,37.86984,-122.5142,1.1
239009,MC-26,37.87436,-122.512,1.0
239025,MC-19,37.869305,-122.51117,0.0
239039,MC23,37.87093,-122.511116,1.0
239041,MC-21,37.874393,-122.51171,0.9
239049,MC24,37.87147,-122.514305,1.6
239069,SM,34.167187,-118.0377,17.9
239151,GBUAPCD_LeeViningMonitor2025,37.961983,-119.11991,0.2
239235,US EPA CASTNET LPO010_239235,32.72519,-116.36441,8.0
239251,SAFE-KRAM-57-HC Elementary Outside 1,41.794945,-123.37338,0.5
239261,SAFE-KRAM-38-HC High School-Outside-1,41.79593,-123.37804,1.0
239281,SAFE-KRAM-56-Seiad Elementary 1,41.842136,-123.19344,0.2
239287,SAFE-KRAM-40-HC High School-Outside-2,41.79521,-123.37801,1.1
239289,SAFE-KRAM-55-Seiad Elementary 2,41.842,-123.19292,0.3
239617,Rigdon St,38.321743,-122.32776,0.3
239745,Solana Beach,33.001778,-117.26031,4.9
239753,MC28,37.875706,-122.51427,1.6
239797,W. Keefer,39.817795,-121.90242,2.6
239821,LOS ALISOS S,33.368366,-117.20541,7.7
239965,The Cliffs - Funhouse,39.537483,-119.952866,1.1
239985,Los Feliz Square,34.10861,-118.29374,12.2
240179,Linden,36.760452,-119.80259,0.8
240213,SSF,37.6662,-122.434265,1.2
240281,W88th St - Outdoors,33.956985,-118.40638,8.8
240639,Steve&amp;Barbara,39.360138,-120.099464,1.4
240923,Westwood - Cashmere,34.06745,-118.45832,8.8
240935,Oakhaven,37.811302,-122.2827,2.7
241019,Belvedere Heights,33.984993,-117.309044,11.5
241805,Grass Valley Charter School,39.21591,-121.060104,1.7
241833,Bell Hill Academy,39.215466,-121.06786,2.2
241853,Margaret G Scotten Elementary,39.221966,-121.07652,1.6
241875,111 MVD,38.043987,-122.52442,0.1
241889,35th Sand,33.90045,-118.41531,9.0
241922,MIDDLE MTN RANCH,39.19113,-121.777,2.3
241943,Gateway Neighborhood,41.329,-122.309074,0.4
242355,Lyman Gilmore Middle School,39.221035,-121.074066,1.8
242361,California street monitor,38.157585,-121.69742,0.6
242371,399 Poppy Hill Dr,38.632477,-122.86782,0.0
242391,Montezuma Fire House,38.157764,-121.69289,0.8
242487,Backyard,37.91195,-122.100945,0.0
242525,Pinon Hills - Elsinore Rd,34.42034,-117.63318,2.0
242561,US EPA CASTNET LPO010_242561,32.72511,-116.364296,10.0
242585,US EPA CASTNET LPO010_242585,32.725163,-116.36439,10.5
242939,Serenity Lane,34.45956,-119.77935,9.0
243001,Empire Strikes Back,38.250526,-122.05184,0.7
243069,Foothilll Campus,40.56831,-122.23724,0.5
243105,"Klamath Way, Sea Ranch",38.74377,-123.5101,0.0
243379,828 Beaver Pond,39.279194,-120.11486,0.8
243383,"Silverado Beach, Clearlake, CA",38.987686,-122.69385,0.0
243393,Seacliff Pt Richmond,37.911755,-122.376144,2.4
243401,Serrano,38.67351,-121.068794,1.8
243529,huckleberry,37.130642,-122.11917,0.1
243641,Oma 2,40.886875,-122.38666,0.2
243671,marilyn,34.4489,-119.725525,10.1
243681,Outdoor sensor,34.071854,-118.46221,9.7
243723,Adams,38.551243,-121.76882,2.2
243909,Green Thumb,38.26413,-122.05356,0.2
244053,Mercado La Paloma (Outdoor),34.0173,-118.278366,36.5
244123,lim814-nonsmoker-out,37.48199,-122.184166,0.1
244183,Stony Point,38.365463,-122.74239,0.2
244437,Epana Lane Sensor,38.204895,-121.71821,0.8
244451,Meadowbrook Lane sensor,38.17813,-121.70915,0.0
244621,Motorcycle Hill,37.9274,-122.30883,1.9
244817,Hummingbird Haven,33.961567,-118.40924,6.8
244999,Lim-Inside-kitchen,37.482124,-122.18444,0.0
245003,EPYu2 outdoor,37.366028,-121.99169,0.1
245005,Esmond Backyard,37.943787,-122.32145,1.2
245009,Lake Pillsbury,37.591568,-122.05849,0.8
245027,Wind,39.544678,-119.904854,0.1
245025,West Hollywood,34.08614,-118.37481,9.7
245029,Saint Clair Ave,34.15604,-118.399,10.6
245463,Sentinel Oak II,38.31946,-122.44461,0.0
245515,Outdoors,39.48189,-119.812874,0.2
245937,Sierra Linda Elementary School,34.22594,-119.18847,20.1
245943,San Miguel Special Education,34.1779,-119.18589,9.1
245941,Cabrillo Middle School,34.277752,-119.27996,7.3
245945,Elmhurst Elementary School,34.271942,-119.22632,10.3
245949,Madea creek middle school,34.18351,-118.76445,10.4
245957,Pierpont Elementary School,34.259132,-119.27022,7.6
245961,McKevett Elementary,34.359184,-119.063385,15.1
245965,Kamala Elementary School,34.179092,-119.18379,9.9
245971,Cesar E. Chavez Elementary School,34.206894,-119.16691,9.5
245969,Hueneme Elementary School District FOT,34.14691,-119.1895,6.9
245975,La Mariposa Elementary School,34.233994,-119.008224,12.8
245973,Las Posas Elementary School,34.22687,-119.068954,4.5
245979,Fred L. Williams Elementary,34.16133,-119.16203,8.2
245983,Red oak elementary,34.176228,-118.78276,10.7
245981,Rio Plaza School,34.239304,-119.15785,10.4
245985,DATA Middle School,34.301506,-119.29352,11.6
245991,Oak Hills elementary,34.18045,-118.77668,0.0
245989,OPUSD,34.171806,-118.7644,12.2
245999,Santa Paula District Office,34.346058,-119.078255,16.9
245997,Arroyo West Elementary School,34.265152,-118.90484,10.9
246003,Educational Service Center (District Office),34.301666,-119.29871,11.3
246007,Rose Avenue Elementary School,34.20203,-119.15563,9.1
246005,Rio Rosales School,34.210213,-119.150894,10.8
246051,Las Colinas Middle School,34.234753,-118.99033,11.5
246063,Mountain Meadows Elementary,34.268078,-118.89166,9.1
246061,Renaissance High School,34.354866,-119.07326,15.5
246065,Bernice Curren School,34.21299,-119.18581,10.3
246073,Dr. Manuel M. Lopez Academy of Arts and Sciences,34.187748,-119.18457,9.1
246081,Isbell Middle School,34.349632,-119.06705,14.8
246085,R. J. Frank Academy of Marine Science and Engineering,34.209755,-119.16871,10.4
246093,Flory Academy,34.281208,-118.880356,13.1
246099,Barbara Webster Elementary,34.359535,-119.05812,16.0
246107,Wewerentcrazy,40.60121,-122.36565,0.8
246115,Monte Vista Middle School,34.225773,-119.05442,11.5
246323,Blanchard Elementary,34.34364,-119.0863,14.5
246327,Green Junior High School,34.165253,-119.18157,7.3
246325,Hollywood Beach Elementary,34.173576,-119.23315,4.9
246329,Julien Hathaway Elementary,34.157814,-119.17433,9.1
246337,Santa Paula High School,34.356003,-119.07016,15.8
246355,HFA impact center gym,36.742706,-119.802414,0.0
246395,HFA King of King,36.71642,-119.80082,0.2
246525,Grace Thille Elementary,34.35225,-119.056465,11.8
246529,Dos Caminos Elementary School,34.23774,-119.02116,11.1
246533,Santa Rosa Technology Magnet School,34.24393,-118.87932,10.0
246569,Mediterra,34.110023,-117.129074,8.6
246627,Peach Hill Academy,34.267616,-118.87577,11.3
246759,THELMA BEDELL ELEMENTARY SCHOOL,34.374428,-119.06334,21.9
246757,Art Haycox Elementary School,34.14996,-119.18318,6.8
246895,Walnut Canyon School,34.287724,-118.88588,10.6
246901,Lemonwood Elementary School,34.179092,-119.15387,9.4
247063,Alma del Pueblo,34.42406,-119.70632,18.6
247089,dominguez hills,33.869186,-118.25432,6.9
247281,Walnut,34.14756,-118.09203,11.6
247807,MadocMiddle,37.28245,-121.98234,0.7
247955,Broadway,37.515884,-122.27461,1.0
248033,Crocker Village,38.54928,-121.486305,1.6
248575,South Inglewood,33.937088,-118.34295,7.7
248701,Delmer Diggs,37.803417,-122.20814,1.7
248707,"Rodeo, CA",38.030415,-122.26226,0.2
248775,Avenal community monitor CCEJN,36.000496,-120.11673,2.3
248773,Avenal community monitor CCEJN,36.006294,-120.11819,1.2
249059,Saratoga Springs - Chaparral Ct,39.043293,-119.754074,1.4
249063,SantaLuz,32.99168,-117.15472,10.4
249213,CleanAIRE NC Back Yard,37.927086,-122.09453,0.5
249261,Driftwood,33.97729,-118.464264,11.8
249287,Mtn View,38.94062,-119.6876,0.2
249415,Eureka!,37.63175,-122.48661,3.9
249413,Lafayette,36.910217,-119.81356,1.0
249419,25346 La Loma,37.350803,-122.130615,0.2
249421,Harry Griffin Park,32.787815,-116.98936,7.2
249427,Gold Gulch Rd,37.031773,-122.094,0.2
249455,1 Hackamore,33.754436,-118.33708,7.6
249987,35174 Crows Nest,38.68549,-123.4232,0.9
249991,Hayward Highland,37.665146,-122.07147,0.6
250003,Palomares 2.0,37.67363,-122.00583,2.2
250019,Cas,34.472183,-118.64605,12.3
250173,CalVet Home- Redding,40.50822,-122.31163,0.6
250185,MANZ Visitor Center,36.72761,-118.14846,0.2
250221,Double C Ranch - Castaic,34.51028,-118.636665,11.6
250279,Brookview Dr,37.95478,-122.051285,0.7
250299,Milton Road,37.925083,-120.84029,0.9
250327,Tabor Dr,37.072155,-121.99598,0.5
250345,Holiday Drive HLE,37.15393,-121.60309,0.8
250505,2nd Street,33.879562,-118.40451,9.1
250525,Friends of ORPS,33.813778,-116.450836,2.9
250539,Owl Circle,33.68739,-117.94706,6.2
250569,BnE,37.297894,-121.97901,0.7
250647,Hollywood Park Hotel - Kali - Clayco,33.94849,-118.33811,8.6
250661,Hagrids Hut,36.980785,-119.505035,1.4
250783,SCC,33.740253,-117.664505,9.8
250801,North Temple City Sensor,34.11357,-118.057465,13.7
250829,AMS,33.94432,-116.82987,3.7
250855,Olive Tree,37.344185,-122.12288,0.2
250977,Sofie's Garden,38.11403,-122.60067,0.1
250981,Virginia Foothills,39.40182,-119.72821,0.5
251559,Sycamore Canyon,34.17365,-118.972885,11.0
251633,Valmonte gavilan,33.802174,-118.362885,7.8
251639,Oak &amp; Wayne,34.10739,-118.13976,14.5
251643,Niagara,34.179073,-118.34279,13.5
251641,ER hilltop,34.131023,-118.21003,14.4
251651,Kaye Ballard,33.759502,-116.41764,1.7
251747,MBT,33.4941,-117.72639,5.8
251745,Paradise Cove,34.020428,-118.78969,7.4
251753,Village West,34.10379,-117.723724,8.0
251757,Gateway Adolescent,34.08525,-118.256645,10.8
251767,East Central Pas,34.16338,-118.10317,14.8
251765,Pasadena - Mentone and Stanton,34.174755,-118.15719,17.5
251771,Elm Street Elementary School,34.182663,-119.172455,8.0
251769,Emilie Ritchen School,34.215897,-119.20064,9.2
251777,Norman R. Brekke Elementary,34.214725,-119.16347,9.2
251811,Marina West School,34.18539,-119.20322,6.9
251927,Pacific Ave,34.00667,-118.42652,7.9
252093,Ramona Elementary School,34.204876,-119.17054,10.6
252099,"Dana Point, CA",33.48739,-117.727135,5.7
252101,Rio del Mar - Rio Vista Schools,34.2438,-119.16757,10.6
252157,Building 2 rooftop,34.141556,-118.127495,14.4
252309,Second on 2778 Green,37.795086,-122.44486,2.8
252346,Will Rogers Elementary School,34.271713,-119.262955,7.9
252351,District Education Center,34.199123,-118.85313,12.2
252358,Foothill Technology High School,34.278603,-119.22612,13.4
252362,Buena High School,34.277107,-119.21534,10.2
252367,Rio Lindo School,34.223522,-119.1665,10.5
252399,Portola Elementary School,34.264736,-119.20172,12.8
252403,Ventura Adult and Continuing Education,34.25606,-119.21922,8.8
252491,monitor_outside_01,34.139545,-118.1172,28.3
252489,Goldenrod Trailhead,37.77717,-122.13541,2.2
252747,Rio del Valle School,34.232765,-119.15494,12.3
252745,Rio del Sol School,34.24716,-119.1792,11.6
252759,Ventura High School,34.279488,-119.267525,9.3
252771,Pacific High School,34.268173,-119.24218,0.0
252937,9 whitewood,33.660618,-117.82159,6.8
252949,Citrus Glen Elementary School,34.277344,-119.171875,11.7
252961,Balboa Middle School,34.27527,-119.2088,13.5
252967,Lemon Grove Elementary School,34.26553,-119.253944,8.4
252965,E.P. Foster Elementary School,34.296547,-119.29693,10.5
252971,Poinsettia Elementary School,34.283016,-119.214836,12.8
252973,Junipero Serra Elementary School,34.267307,-119.17377,10.6
252979,Loma Vista Elementary School,34.27862,-119.250175,10.5
253137,Buckcreek,39.491257,-119.86794,0.8
253317,Training Room,33.81303,-118.06901,5.3
253351,Blue House Station,34.15355,-118.15495,17.0
253363,Elizabeth &amp; Los Robles,34.173443,-118.13941,12.4
253365,Little Dume,34.00801,-118.79519,9.7
253369,huggins test,36.80926,-119.74568,0.8
253391,Patio,34.14682,-118.38869,14.1
253399,Atlas Street - El Sereno,34.097996,-118.16358,11.6
253397,Outside of House,34.197823,-118.12489,20.7
253407,Outside,34.105206,-118.37642,12.9
253411,JTD,34.087795,-118.46347,15.1
253415,Monrovia,34.150307,-118.01581,14.4
253445,Burnham Purple Air,34.062717,-118.46034,13.6
253839,"Silverhill Dr - Lafayette, CA",37.948944,-122.10078,0.3
253929,SBCAPCD-CAPCOA-12,34.441933,-119.70932,10.5
253946,GVC_SBCAPCD,34.43406,-119.824104,8.2
253955,SBCAPCD-CAPCOA-7,34.4386,-119.88632,6.0
253965,Liliano,34.16933,-118.03368,15.0
253970,SBCAPCD-CAPCOA-9,34.447178,-119.833336,9.5
253975,Duarte Road San Gabriel,34.121563,-118.079285,11.1
254011,Adobe Creek,38.4316,-121.43728,1.0
254009,Upper Spruce,37.98886,-122.596016,0.0
254075,East Foothills Ridgeview Ct,37.379494,-121.81292,0.4
254191,Hidden Lake,37.44105,-121.9042,0.3
254201,SBCAPCD_SBCC,34.403023,-119.702034,7.5
254223,SBCAPCD_OUSD,34.861664,-120.442696,3.8
254227,Redhawk Ct,38.95074,-121.11601,2.5
254241,Mount Tamalpais School,37.888386,-122.53311,0.7
254253,Courtland,37.285664,-121.82779,0.8
254267,Midtown,37.431427,-122.13243,0.2
254776,Pittsburg Rose Monitor,38.024426,-121.91051,0.5
254813,East Oakland Rose Monitor,37.73012,-122.18621,1.9
254831,Point Richmond Rose Monitor,37.928593,-122.38631,1.5
255321,Branding Iron Court #1,37.732014,-121.869415,1.6
255623,TLS Long Beach,33.779434,-118.22246,9.6
255627,Mid City (Hauser &amp; Washington),34.03941,-118.35993,8.2
255637,East Donas,34.130634,-118.379105,13.4
255649,Ca 21st St Outside,34.042263,-118.494804,7.6
255791,Eucalyptus Path,37.858994,-122.23951,2.3
255861,519 Curtis St.,37.8972,-122.28697,1.8
255915,Backyard,34.163223,-118.09992,16.2
256039,South Pas Hills,34.103123,-118.17044,15.1
256041,Bella Creek,38.342957,-122.71027,0.0
256219,Laurel Canyon,34.121105,-118.3887,14.0
256267,Ocean Park,34.001484,-118.485275,9.2
256271,Upper Mandeville Canyon North,34.123466,-118.50628,13.9
256287,Arizona and Midway,34.013947,-118.406944,8.8
256291,Terrace Grove,37.104416,-121.950966,2.7
256311,Meadow Dr,36.414135,-118.91138,2.4
256389,Rose Bowl (East),34.16337,-118.1637,13.1
256397,ROSSMOYNE,34.164036,-118.23857,13.0
256401,Outside NCal,37.43197,-122.140274,0.0
256409,LA MESA,34.045677,-118.49818,8.4
256413,Sonic LA2,38.476185,-122.67029,15.8
256417,Dundee Heights,34.174904,-118.13589,0.3
256421,Los Angeles Ecovillage,34.07242,-118.29083,10.4
256435,Gems,34.081936,-118.19699,11.0
256447,91/710 Freeway,33.87781,-118.18581,7.4
256473,Elmridge Outside,33.677223,-118.023125,6.9
256479,Hollywell Pl Outside,34.167522,-118.202614,11.2
256493,Mission Hills,34.253353,-118.46088,13.2
256497,Blossom,34.15958,-118.291275,13.0
256531,Library Square,34.154568,-118.44308,11.6
256555,CV_CraneAVE,37.71094,-122.063034,0.0
256561,Beardsley Jr. High,35.408276,-119.03952,1.8
256643,Mt. Mycelium,34.129284,-118.202034,14.3
256653,Rose Scharlin - Outside,34.10041,-118.25393,11.4
256677,26th / Santa Monica,34.03326,-118.47363,7.4
256685,Archwood 2,34.18435,-118.16131,17.0
256739,Ganado,33.739086,-118.3386,5.7
256753,Chilton,34.184273,-118.28594,12.1
256761,Outdoor Classic Plus,34.197563,-118.22745,14.7
256803,Wonderland Park,34.11454,-118.390015,11.4
256839,Hollyvista,34.101208,-118.27743,12.4
256843,On the Mont,34.163918,-118.71191,12.0
256923,California and 7th,33.994522,-118.463684,7.4
256977,N Carmelina Outside,34.06367,-118.48448,11.8
257093,Lincoln-Mendocino,34.193653,-118.15793,18.2
257141,Dryad Rd,34.034534,-118.510254,9.7
257145,2282 Mandaville Cyn,34.078,-118.49999,11.8
257231,1430Q,38.57066,-121.490486,1.6
257355,Wilson,34.111164,-118.13398,11.3
257591,Bungalow Heaven - N Chester,34.16565,-118.12477,17.0
257593,Old Porter Ranch,34.264275,-118.539375,12.5
257599,1199 TOWER GROVE,34.09169,-118.42392,12.3
257607,Blair Hills,34.014862,-118.37567,6.7
257613,LAS CANOAS RD,34.4574,-119.69714,10.5
257643,Mango Way,34.068108,-118.49737,14.1
257641,Piccadilly Path St,34.178394,-118.08855,16.9
257651,Lower Bel Air,34.081745,-118.44605,11.0
257653,180 Eleana Dr,37.074657,-122.07453,0.1
257687,Linda Vista Avenue,34.158714,-118.17078,11.4
257689,St Andrews Dr,36.964336,-121.88147,3.1
257855,Surf Ranch,36.25534,-119.78909,2.8
257853,Market &amp; Montgomery,38.424747,-122.960686,2.0
257857,Mory,34.080036,-118.285385,11.3
257861,Ukiah High School H Building,39.16415,-123.225136,0.0
257867,Woodward Park,37.768333,-121.2154,1.1
257879,W Ave 46,34.100723,-118.209854,10.9
257941,KK,33.992657,-118.43893,9.3
258025,Dennis McKinna School,34.18448,-119.19115,7.4
258031,Fillmore Middle School,34.40265,-118.92115,0.0
258043,Christa McAuliffe School,34.187935,-119.21374,6.2
258041,Sierra High School,34.40519,-118.917534,11.4
258045,Thurgood Marshall Elementary School,34.22207,-119.20803,6.7
258051,FUSD Maintenance Office,34.402527,-118.91939,13.2
258049,Harrington Elementary School,34.175865,-119.1735,9.2
258225,Treehouse,32.767563,-116.94858,9.3
258239,Museum Terrace Apartments,34.06458,-118.35452,12.2
258263,Encino Hills,34.143604,-118.48678,13.3
258282,front porch,34.120335,-118.26629,11.4
258287,2449 Mandeville,34.081234,-118.503075,11.6
258445,Knolls Elementary,34.264046,-118.66799,11.3
258457,Justin Elm,34.276268,-118.75548,11.2
258475,Porchenthal,34.120083,-118.1402,16.3
258483,Bungalow Heaven,34.162334,-118.12227,13.1
258495,WAVERLY,34.13875,-118.15208,14.1
258497,Dana Calderon,37.389606,-122.07291,0.1
258513,Bobbys Air Monitor,34.0633,-118.414185,11.7
258523,Pepperdine athletics outdoor,34.03996,-118.709946,8.4
258527,Backyard,34.15578,-118.09955,0.0
258525,Banana belt,36.987244,-122.01285,2.6
258541,Sunny Heights,34.10691,-118.22383,11.3
258545,29 San Clemente,33.758797,-118.371895,7.5
258637,Dorothy Boswell School,34.279713,-119.225555,11.9
258663,Carl Dwire School,34.188232,-119.21245,6.0
258661,Barstow,34.884457,-116.98102,14.4
258665,Douglas Penfield School,34.286285,-119.160774,8.6
258890,Sheridan Way,34.28878,-119.30476,7.7
258979,Driffill Elementary School,34.192337,-119.18336,5.7
258983,San Cayetano Elementary School,34.403786,-118.90871,13.6
258981,Camarillo Heights STEM Academy,34.24193,-119.04703,11.0
259147,9th and Broadway,34.01896,-118.48861,8.9
259161,N Sparks St,34.180416,-118.327995,14.1
259177,Sierra Madre Camillo,34.17086,-118.04014,5.3
259181,Ross house,37.964073,-122.57172,0.0
259187,Astral/Nichols,34.11726,-118.35694,13.2
259223,2046 Malcolm,34.046715,-118.43126,8.9
259233,Wayne,34.114483,-118.28128,14.3
259237,Pier,34.00306,-118.47445,8.1
259651,Lemoyne and Baxter Streets,34.09009,-118.253204,12.6
259915,Kingman Ave,34.036663,-118.508224,7.8
259917,El Sol and Sacramento,34.189606,-118.16675,18.3
260007,RH,33.886936,-118.407936,9.1
260011,Canton ETC,34.132378,-118.38391,12.4
260023,Ocean Charter School,33.984497,-118.426956,8.2
260081,CHIME Institute's Schwarzenegger Community School,34.165092,-118.56317,11.7
260091,Silver Triangle,33.98755,-118.45636,7.6
260095,Old Mill,34.118267,-118.12834,12.9
260111,Baja Glendora,34.11021,-117.86379,15.9
260141,Rolando,32.76337,-117.05142,8.4
260163,South Cypress,33.794453,-118.02254,6.9
260245,2949 Pacific Ave,37.791794,-122.443855,1.9
260249,Bristol,34.05337,-118.486946,8.5
260269,N. Central,34.156845,-118.12521,15.8
260343,Prez Streets,34.18177,-118.105286,14.1
260355,Carlin G,34.10128,-118.21174,11.6
260605,M.E.M.P.H.I.S.,38.041565,-122.64728,0.0
260655,Merrimac,34.10556,-118.501854,11.7
260657,Skycrest Drive,34.1736,-118.066185,17.0
260661,Casitas &amp; W Harriet,34.194687,-118.163376,14.9
260679,Pavia,34.053314,-118.50381,10.3
260705,Railroad Division,40.962852,-117.73286,1.2
260709,MIT,34.143353,-118.130424,15.4
260723,Commonwealth,34.09462,-118.28599,7.0
260727,Burnham Rd,34.406586,-119.30796,10.8
260725,Schmuir Outdoor,33.646244,-117.95864,5.1
260735,First Pres Nursery School,34.016327,-118.499405,9.3
260745,Northrup,32.901604,-117.158295,4.7
260839,Lil’ Outside Air Sniffer,34.05732,-118.37817,10.0
260855,Carpenter Ave,34.138866,-118.39183,12.0
260863,Corsica Backyard,34.046143,-118.50706,8.2
261063,PA Outside,37.48641,-122.287994,0.3
261061,Topanga,34.0735,-118.603485,12.1
261099,Bel Air—Verano Road,34.094723,-118.46247,13.7
261225,Walden School,34.144768,-118.09438,18.0
261231,Linda Vista - Northwood,38.32457,-122.323395,0.3
261235,South East Corner of Yard,34.121384,-118.50636,16.3
261237,18TH ST,34.035645,-118.49208,7.0
261309,Residence,34.0724,-118.56015,0.0
261363,Chastain Parkway,34.076817,-118.55111,15.1
261473,724 San Vicente Blvd,34.03612,-118.49892,10.7
261483,Outside,38.90979,-121.21078,2.6
261491,Hillside,37.577297,-122.39243,2.3
261489,CowellMace,38.549686,-121.69221,1.7
261639,Canopy,34.1806,-118.10606,13.8
261643,BERKELEY HALL SCHOOL,34.12829,-118.483444,13.6
261651,El Medio Palisair,34.052162,-118.53205,6.9
261667,Ditmars Ln,38.83594,-121.137596,2.2
261711,Cartwright St,34.164856,-118.074646,16.7
261723,Monte Nido (Edenwild),34.08453,-118.68867,12.8
261727,Pasadena Florecita Farms AQ,34.200108,-118.162254,13.9
261737,Old Topanga,34.117947,-118.62393,10.3
261751,Lawndale Dr,34.13415,-118.22714,11.1
261755,HOA3 Palisades Highlands Pool,34.07634,-118.5632,10.0
261765,SM Home,34.00189,-118.47649,5.5
261771,Sue’s Porch,34.19916,-118.148636,18.2
261781,VBM,33.77251,-116.474785,2.2
