state_code,county_code,site_number,parameter_code,poc,parameter_name,open_date,close_date,concurred_exclusions,dominant_source,measurement_scale,measurement_scale_def,monitoring_objective,last_method_code,last_method_description,last_method_begin_date,naaqs_primary_monitor,qa_primary_monitor,monitor_type,networks,monitoring_agency_code,monitoring_agency,si_id,latitude,longitude,datum,lat_lon_accuracy,elevation,probe_height,pl_probe_location,local_site_name,address,state_name,county_name,city_name,cbsa_code,cbsa_name,csa_code,csa_name,tribal_code,tribe_name
06,013,0002,88101,1,PM2.5 - Local Conditions,1999-01-08,,,,NEIGHBORHOOD,500 M TO 4KM,POPULATION EXPOSURE,145,R & P Model 2025 PM-2.5 Sequential Air Sampler w/VSCC - Gravimetric,2019-02-23,,,SLAMS,,0086,Bay Area Air Quality Management District,890,37.936013,-122.026154,WGS84,13.0,26.0,5.9,TOP OF BUILDING,Concord,2956-A TREAT BOULEVARD,California,Contra Costa,Concord,41860,"San Francisco-Oakland-Hayward, CA",488,"San Jose-San Francisco-Oakland, CA",,
06,037,1103,88101,2,PM2.5 - Local Conditions,1999-01-01,,,,NEIGHBORHOOD,500 M TO 4KM,HIGHEST CONCENTRATION,145,R & P Model 2025 PM-2.5 Sequential Air Sampler w/VSCC - Gravimetric,2016-12-16,,,SLAMS,,0972,South Coast Air Quality Management District,1081,34.06659,-118.22688,WGS84,0.0,87.0,,,Los Angeles-North Main Street,"1630 N MAIN ST, LOS ANGELES",California,Los Angeles,Los Angeles,31080,"Los Angeles-Long Beach-Anaheim, CA",348,"Los Angeles-Long Beach, CA",,
06,047,2510,88101,1,PM2.5 - Local Conditions,1999-04-01,2020-12-31,,,NEIGHBORHOOD,500 M TO 4KM,POPULATION EXPOSURE,145,R & P Model 2025 PM-2.5 Sequential Air Sampler w/VSCC - Gravimetric,2014-12-11,,,,,0145,California Air Resources Board,1158,37.30832,-120.480456,NAD83,1.52,58.0,8.7,,Merced-M St,"2334 'M' ST. MERCED, CA",California,Merced,Merced,32900,"Merced, CA",382,"Modesto-Merced, CA",,
06,059,2022,88101,1,PM2.5 - Local Conditions,1999-06-15,,,,NEIGHBORHOOD,500 M TO 4KM,POPULATION EXPOSURE,145,R & P Model 2025 PM-2.5 Sequential Air Sampler w/VSCC - Gravimetric,2026-01-01,Y,Y,SLAMS,,0972,South Coast Air Quality Management District,1212,33.63003,-117.67593,WGS84,10930.56,161.0,4.0,,Mission Viejo,"26081 VIA PERA, MISSION VIEJO, CA 92691",California,Orange,Mission Viejo,31080,"Los Angeles-Long Beach-Anaheim, CA",348,"Los Angeles-Long Beach, CA",,
06,065,8001,88101,1,PM2.5 - Local Conditions,1999-01-01,,,,NEIGHBORHOOD,500 M TO 4KM,HIGHEST CONCENTRATION,145,R & P Model 2025 PM-2.5 Sequential Air Sampler w/VSCC - Gravimetric,2015-04-16,Y,Y,SLAMS,NCORE,0972,South Coast Air Quality Management District,1262,33.99958,-117.41601,WGS84,0.0,250.0,,,Rubidoux,"5888 MISSION BLVD., RUBIDOUX",California,Riverside,Rubidoux,40140,"Riverside-San Bernardino-Ontario, CA",348,"Los Angeles-Long Beach, CA",,
06,067,4001,88101,1,PM2.5 - Local Conditions,1999-02-02,2016-11-16,,,NEIGHBORHOOD,500 M TO 4KM,POPULATION EXPOSURE,145,R & P Model 2025 PM-2.5 Sequential Air Sampler w/VSCC - Gravimetric,2007-05-19,,,,,0145,California Air Resources Board,1280,38.556326,-121.458499,WGS84,0.0,8.0,5.1,,Sacramento Health Department-Stockton Blvd.,"HLTH CTR-2221 STOCKTON BLVD, SACRAMENTO",California,Sacramento,Sacramento,40900,"Sacramento--Roseville--Arden-Arcade, CA",472,"Sacramento-Roseville, CA",,
06,071,2002,88101,1,PM2.5 - Local Conditions,1999-01-01,,,,NEIGHBORHOOD,500 M TO 4KM,POPULATION EXPOSURE,145,R & P Model 2025 PM-2.5 Sequential Air Sampler w/VSCC - Gravimetric,2018-11-30,Y,,SLAMS,,0972,South Coast Air Quality Management District,1321,34.10002,-117.49201,WGS84,0.0,381.0,,,Fontana,"14360 ARROW BLVD., FONTANA",California,San Bernardino,Fontana,40140,"Riverside-San Bernardino-Ontario, CA",348,"Los Angeles-Long Beach, CA",,
06,071,8001,88101,1,PM2.5 - Local Conditions,1999-02-08,,,,NEIGHBORHOOD,500 M TO 4KM,POPULATION EXPOSURE,143,R & P Model 2000 PM-2.5 Air Sampler w/VSCC - Gravimetric,2016-02-26,,,SLAMS,,0972,South Coast Air Quality Management District,1335,34.26464,-116.86147,NAD83,3.04,2056.0,,,Big Bear,"501 W. VALLEY BLVD., BIG BEAR CITY,",California,San Bernardino,Big Bear City,40140,"Riverside-San Bernardino-Ontario, CA",348,"Los Angeles-Long Beach, CA",,
06,099,0005,88101,1,PM2.5 - Local Conditions,1999-01-03,2020-12-07,,,NEIGHBORHOOD,500 M TO 4KM,POPULATION EXPOSURE,143,R & P Model 2000 PM-2.5 Air Sampler w/VSCC - Gravimetric,2013-04-10,,,,,0145,California Air Resources Board,1556,37.642165,-120.994212,NAD83,0.0,27.0,5.5,,Modesto-14th Street,"814 14TH ST., MODESTO",California,Stanislaus,Modesto,33700,"Modesto, CA",382,"Modesto-Merced, CA",,
06,065,8001,88101,3,PM2.5 - Local Conditions,2008-01-01,,All (2008-01-01 - 2008-07-31),,,,OTHER,170,Met One BAM-1020 Mass Monitor w/VSCC - Beta Attenuation,2008-01-01,,,SLAMS,,0972,South Coast Air Quality Management District,1262,33.99958,-117.41601,WGS84,0.0,250.0,,,Rubidoux,"5888 MISSION BLVD., RUBIDOUX",California,Riverside,Rubidoux,40140,"Riverside-San Bernardino-Ontario, CA",348,"Los Angeles-Long Beach, CA",,
06,027,1003,88101,3,PM2.5 - Local Conditions,2009-09-10,,,,NEIGHBORHOOD,500 M TO 4KM,POPULATION EXPOSURE,181,Thermo Scientific TEOM 1400 FDMS or 1405 8500C FDMS w/VSCC - FDMS Gravimetric,2009-09-10,Y,Y,SLAMS,,0458,Great Basin Unified APCD,996,36.487823,-117.871036,WGS84,1.0,1097.0,2.0,TOP OF BUILDING,Keeler,"KEELER, 190 Cerro Gordo Road",California,Inyo,Keeler,13860,"Bishop, CA",,,,
06,085,0002,88101,3,PM2.5 - Local Conditions,2009-10-31,,,AREA,NEIGHBORHOOD,500 M TO 4KM,POPULATION EXPOSURE; REGIONAL TRANSPORT,170,Met One BAM-1020 Mass Monitor w/VSCC - Beta Attenuation,2009-10-31,Y,,SLAMS,,0086,Bay Area Air Quality Management District,1479,36.999571,-121.574684,WGS84,4.0,63.0,3.0,GROUND LEVEL SUPPORT,Gilroy,9TH & PRINCEVILLE,California,Santa Clara,Gilroy,41940,"San Jose-Sunnyvale-Santa Clara, CA",488,"San Jose-San Francisco-Oakland, CA",,
06,019,2009,88101,3,PM2.5 - Local Conditions,2009-10-30,,,AREA,URBAN SCALE,4 KM TO 50 KM,GENERAL/BACKGROUND,170,Met One BAM-1020 Mass Monitor w/VSCC - Beta Attenuation,2009-10-30,Y,,SLAMS,,0945,San Joaquin Valley Unified Air Pollution Control District,95489,36.634225,-120.382331,WGS84,5.0,58.83,4.66,TOP OF BUILDING,Tranquillity,32650 West Adams Avenue Tranquillity CA 93668,California,Fresno,Not in a City,23420,"Fresno, CA",260,"Fresno-Madera, CA",,
06,047,0003,88101,3,PM2.5 - Local Conditions,2009-10-19,2023-12-31,,AREA,NEIGHBORHOOD,500 M TO 4KM,POPULATION EXPOSURE,170,Met One BAM-1020 Mass Monitor w/VSCC - Beta Attenuation,2009-10-19,,,,,0945,San Joaquin Valley Unified Air Pollution Control District,1151,37.281853,-120.433671,NAD83,1.52,86.0,5.0,TOP OF BUILDING,Merced-Coffee,"385 S. COFFEE AVENUE, MERCED, CA 95340",California,Merced,Not in a City,32900,"Merced, CA",382,"Modesto-Merced, CA",,
06,095,0004,88101,3,PM2.5 - Local Conditions,2011-01-01,,,AREA,NEIGHBORHOOD,500 M TO 4KM,HIGHEST CONCENTRATION; POPULATION EXPOSURE; REGIONAL TRANSPORT,170,Met One BAM-1020 Mass Monitor w/VSCC - Beta Attenuation,2011-01-01,Y,Y,SLAMS,,0086,Bay Area Air Quality Management District,1532,38.102507,-122.237976,WGS84,0.0,6.0,5.8,TOP OF BUILDING,Vallejo,304 TUOLUMNE ST.,California,Solano,Vallejo,46700,"Vallejo-Fairfield, CA",488,"San Jose-San Francisco-Oakland, CA",,
06,065,8005,88101,2,PM2.5 - Local Conditions,2012-04-03,,,,NEIGHBORHOOD,500 M TO 4KM,HIGHEST CONCENTRATION,145,R & P Model 2025 PM-2.5 Sequential Air Sampler w/VSCC - Gravimetric,2017-02-02,,,SLAMS,,0972,South Coast Air Quality Management District,92995,33.99636,-117.4924,NAD83,1.0,250.0,,,Mira Loma (Van Buren),5130 POINSETTIA PLACE,California,Riverside,Mira Loma,40140,"Riverside-San Bernardino-Ontario, CA",348,"Los Angeles-Long Beach, CA",,
06,073,1016,88101,2,PM2.5 - Local Conditions,2012-02-18,2023-06-30,,POINT,NEIGHBORHOOD,500 M TO 4KM,GENERAL/BACKGROUND,545,Met One E-SEQ-FRM PM2.5 with VSCC - Gravimetric,2019-09-10,,,,,0942,San Diego County Air Pollution Control District,95699,32.845709,-117.123964,NAD83,1.0,134.0,6.0,TOP OF BUILDING,San Diego - Kearny Villa Rd.,"6125A KEARNY VILLA RD., SAN DIEGO",California,San Diego,San Diego,41740,"San Diego-Carlsbad, CA",,,,
06,095,0004,88101,4,PM2.5 - Local Conditions,2013-01-01,,,AREA,NEIGHBORHOOD,500 M TO 4KM,QUALITY ASSURANCE,170,Met One BAM-1020 Mass Monitor w/VSCC - Beta Attenuation,2013-01-01,,,SLAMS,,0086,Bay Area Air Quality Management District,1532,38.102507,-122.237976,WGS84,0.0,6.0,5.8,TOP OF BUILDING,Vallejo,304 TUOLUMNE ST.,California,Solano,Vallejo,46700,"Vallejo-Fairfield, CA",488,"San Jose-San Francisco-Oakland, CA",,
06,013,0002,88101,3,PM2.5 - Local Conditions,2013-01-01,,,AREA,NEIGHBORHOOD,500 M TO 4KM,POPULATION EXPOSURE,170,Met One BAM-1020 Mass Monitor w/VSCC - Beta Attenuation,2013-01-01,Y,Y,SLAMS,,0086,Bay Area Air Quality Management District,890,37.936013,-122.026154,WGS84,13.0,26.0,6.0,TOP OF BUILDING,Concord,2956-A TREAT BOULEVARD,California,Contra Costa,Concord,41860,"San Francisco-Oakland-Hayward, CA",488,"San Jose-San Francisco-Oakland, CA",,
06,083,2011,88101,1,PM2.5 - Local Conditions,2014-01-01,,,AREA,URBAN SCALE,4 KM TO 50 KM,POPULATION EXPOSURE,170,Met One BAM-1020 Mass Monitor w/VSCC - Beta Attenuation,2014-01-01,Y,,SLAMS,,0948,Santa Barbara County APCD,1468,34.44551,-119.8284,WGS84,15.0,14.0,3.0,TOP OF BUILDING,Goleta,"380 N FAIRVIEW AVENUE, GOLETA",California,Santa Barbara,Goleta,42200,"Santa Maria-Santa Barbara, CA",,,,
06,027,0002,88101,1,PM2.5 - Local Conditions,2015-04-01,,All (2017-10-01 - 2023-07-09),,REGIONAL SCALE,50 TO HUNDREDS KM,GENERAL/BACKGROUND,638,Teledyne T640X at 16.67 LPM w/Network Data Alignment enabled - Broadband spectroscopy,2023-07-10,Y,Y,SLAMS,NCORE,0458,Great Basin Unified APCD,971,37.360684,-118.330783,WGS84,0.0,1257.0,3.0,,WMRC/NCORE,"WMRC/NCORE, 3000 E. LINE ST., BISHOP, CA. 93514",California,Inyo,Not in a City,13860,"Bishop, CA",,,,
06,019,0500,88101,1,PM2.5 - Local Conditions,2016-01-26,,All (2016-01-26 - Present),MOBILE,URBAN SCALE,4 KM TO 50 KM,POPULATION EXPOSURE,170,Met One BAM-1020 Mass Monitor w/VSCC - Beta Attenuation,2016-01-26,Y,Y,TRIBAL,,551,Table Mountain Rancheria,100184,36.985119,-119.658339,WGS84,40.0,207.0,5.1,TOP OF BUILDING,Table Mountain Air Monitoring Site,Milerton Road and Winchell Cove Road,California,Fresno,Not in a City,23420,"Fresno, CA",260,"Fresno-Madera, CA",551,Table Mountain Rancheria
06,037,1602,88101,2,PM2.5 - Local Conditions,2017-05-01,2022-01-17,,,NEIGHBORHOOD,500 M TO 4KM,POPULATION EXPOSURE,143,R & P Model 2000 PM-2.5 Air Sampler w/VSCC - Gravimetric,2017-05-01,,,,,0972,South Coast Air Quality Management District,92493,34.01029,-118.0685,NAD83,1.0,75.0,,,Pico Rivera #2,"4144 SAN GABRIEL RIVER PKWY, PICO RIVERA",California,Los Angeles,Pico Rivera,31080,"Los Angeles-Long Beach-Anaheim, CA",348,"Los Angeles-Long Beach, CA",,
06,033,3002,88101,1,PM2.5 - Local Conditions,2017-07-01,,,,,,POPULATION EXPOSURE,143,R & P Model 2000 PM-2.5 Air Sampler w/VSCC - Gravimetric,2017-07-01,Y,,SLAMS,,0145,California Air Resources Board,104019,39.01893,-122.91333,NAD83,1.0,409.0,,,Lakeport-S. Main Street,"2617 S. Main Street, Lakeport, CA 95453",California,Lake,Lakeport,17340,"Clearlake, CA",,,,
06,057,0005,88101,3,PM2.5 - Local Conditions,2017-12-06,,,,NEIGHBORHOOD,500 M TO 4KM,POPULATION EXPOSURE,209,Met One BAM-1022 Mass Monitor w/ VSCC or TE-PM2.5C - Beta Attenuation,2022-06-01,Y,Y,SLAMS,,0790,Northern Sierra AQMD,1196,39.233477,-121.055608,NAD83,151.82,853.0,3.0,,Grass Valley-Litton Building,"200 LITTON DR.,  GRASS VALLEY, CA",California,Nevada,Grass Valley,46020,"Truckee-Grass Valley, CA",472,"Sacramento-Roseville, CA",,
06,037,0002,88101,21,PM2.5 - Local Conditions,2018-01-02,2022-01-20,,,NEIGHBORHOOD,500 M TO 4KM,POPULATION EXPOSURE,143,R & P Model 2000 PM-2.5 Air Sampler w/VSCC - Gravimetric,2018-01-02,,,,,0972,South Coast Air Quality Management District,1053,34.1365,-117.92391,WGS84,0.0,183.0,,,Azusa,"803 N. LOREN AVE., AZUSA",California,Los Angeles,Azusa,31080,"Los Angeles-Long Beach-Anaheim, CA",348,"Los Angeles-Long Beach, CA",,
06,051,0001,88101,6,PM2.5 - Local Conditions,2018-09-21,2022-04-15,All (2018-09-21 - 2022-04-15),,NEIGHBORHOOD,500 M TO 4KM,POPULATION EXPOSURE,238,Teledyne T640X at 16.67 LPM - Broadband spectroscopy,2018-09-21,,,,,0458,Great Basin Unified APCD,1163,37.64571,-118.96652,WGS84,1.0,2395.0,3.0,,Mammoth Lakes,"MAMMOTH, Corner of Old Mammoth Road and HWY 203,  MAMMOTH LAKES",California,Mono,Mammoth Lakes,,,,,,
06,065,0500,88101,1,PM2.5 - Local Conditions,2019-03-01,,All (2019-03-01 - Present),AREA,NEIGHBORHOOD,500 M TO 4KM,POPULATION EXPOSURE,238,Teledyne T640X at 16.67 LPM - Broadband spectroscopy,2019-03-01,,,TRIBAL,,598,Twenty-Nine Palms Band of Mission Indians,104498,33.71969,-116.1897,NAD83,3.0,-8.0,5.2,TOP OF BUILDING,29 Palms,"84245 Vista Del Norte, Indio, CA   92203",California,Riverside,Indio,40140,"Riverside-San Bernardino-Ontario, CA",348,"Los Angeles-Long Beach, CA",598,Twenty-Nine Palms Band of Mission Indians
06,065,0500,88101,2,PM2.5 - Local Conditions,2020-08-01,,All (2020-08-01 - Present),AREA,NEIGHBORHOOD,500 M TO 4KM,POPULATION EXPOSURE,521,Met One E-FRM PM2.5 with VSCC - Gravimetric,2020-08-01,,,TRIBAL,,598,Twenty-Nine Palms Band of Mission Indians,104498,33.71969,-116.1897,NAD83,3.0,-8.0,5.2,TOP OF BUILDING,29 Palms,"84245 Vista Del Norte, Indio, CA   92203",California,Riverside,Indio,40140,"Riverside-San Bernardino-Ontario, CA",348,"Los Angeles-Long Beach, CA",598,Twenty-Nine Palms Band of Mission Indians
06,079,2020,88101,1,PM2.5 - Local Conditions,2021-01-01,,,,NEIGHBORHOOD,500 M TO 4KM,GENERAL/BACKGROUND; POPULATION EXPOSURE,170,Met One BAM-1020 Mass Monitor w/VSCC - Beta Attenuation,2021-01-01,Y,,SLAMS,,0946,San Luis Obispo County APCD,104767,35.259502,-120.64472,WGS84,30.0,65.5,8.0,TOP OF BUILDING,SLO Roberto,3433 Roberto Ct.,California,San Luis Obispo,San Luis Obispo,42020,"San Luis Obispo-Paso Robles-Arroyo Grande, CA",,,,
06,067,0015,88101,3,PM2.5 - Local Conditions,2020-12-30,,,MOBILE,MICROSCALE,0 M TO 100 M,SOURCE ORIENTED,170,Met One BAM-1020 Mass Monitor w/VSCC - Beta Attenuation,2020-12-30,Y,,SLAMS,NEAR ROAD,0936,Sacramento County APCD,100406,38.593322,-121.503795,WGS84,1.0,12.8,,TOP OF BUILDING,Sacramento-Bercut Drive,"100 Bercut Drive, Sacramento",California,Sacramento,Sacramento,40900,"Sacramento--Roseville--Arden-Arcade, CA",472,"Sacramento-Roseville, CA",,
06,083,1009,88101,1,PM2.5 - Local Conditions,2022-10-01,,,AREA,NEIGHBORHOOD,500 M TO 4KM,POPULATION EXPOSURE,170,Met One BAM-1020 Mass Monitor w/VSCC - Beta Attenuation,2022-10-01,Y,,SLAMS,,0948,Santa Barbara County APCD,104832,34.890667,-120.432844,WGS84,15.0,90.0,,TOP OF BUILDING,Santa Maria,"3700 Orcutt Rd. Santa Maria, CA 93455",California,Santa Barbara,Orcutt,42200,"Santa Maria-Santa Barbara, CA",,,,
06,025,0007,88101,3,PM2.5 - Local Conditions,2021-06-23,,,,NEIGHBORHOOD,500 M TO 4KM,POPULATION EXPOSURE,209,Met One BAM-1022 Mass Monitor w/ VSCC or TE-PM2.5C - Beta Attenuation,2021-06-23,Y,,SLAMS,,0518,Imperial County APCD,91801,32.97833,-115.53917,WGS84,0.01,0.0,,,Brawley-220 Main Street,"220 MAIN ST., STE 204, BRAWLEY",California,Imperial,Brawley,20940,"El Centro, CA",,,,
06,059,2022,88101,3,PM2.5 - Local Conditions,2020-01-01,,,,,,POPULATION EXPOSURE,170,Met One BAM-1020 Mass Monitor w/VSCC - Beta Attenuation,2026-01-01,,,SPM,,0972,South Coast Air Quality Management District,1212,33.63003,-117.67593,WGS84,10930.56,161.0,4.0,TOP OF BUILDING,Mission Viejo,"26081 VIA PERA, MISSION VIEJO, CA 92691",California,Orange,Mission Viejo,31080,"Los Angeles-Long Beach-Anaheim, CA",348,"Los Angeles-Long Beach, CA",,
06,063,1006,88101,3,PM2.5 - Local Conditions,2022-10-01,,,,,,POPULATION EXPOSURE,209,Met One BAM-1022 Mass Monitor w/ VSCC or TE-PM2.5C - Beta Attenuation,2022-10-01,,,SLAMS,,0790,Northern Sierra AQMD,1237,39.939567,-120.944376,NAD83,0.0,3450.0,,,Quincy-N Church Street,"267 N. CHURCH ST., QUINCY, CA. 95971",California,Plumas,Quincy,,,,,,
06,083,9001,88101,1,PM2.5 - Local Conditions,2023-10-01,,,AREA,NEIGHBORHOOD,500 M TO 4KM,GENERAL/BACKGROUND,209,Met One BAM-1022 Mass Monitor w/ VSCC or TE-PM2.5C - Beta Attenuation,2023-10-01,Y,,SPM,,0948,Santa Barbara County APCD,105202,34.39424,-119.514721,WGS84,1.0,20.0,20.0,TOP OF BUILDING,,5351 Carpinteria Avenue,California,Santa Barbara,Carpinteria,42200,"Santa Maria-Santa Barbara, CA",,,,
06,065,2007,88101,1,PM2.5 - Local Conditions,2024-04-03,,,,,,POPULATION EXPOSURE,145,R & P Model 2025 PM-2.5 Sequential Air Sampler w/VSCC - Gravimetric,2024-04-03,Y,Y,SLAMS,,0972,South Coast Air Quality Management District,105237,33.72537,-116.206842,WGS84,2.0,-8.0,,,Indio Amistad High School,"44801 Golf Center Parkway, Indio CA, 92201",California,Riverside,Indio,40140,"Riverside-San Bernardino-Ontario, CA",348,"Los Angeles-Long Beach, CA",,
06,019,5001,88101,1,PM2.5 - Local Conditions,1999-01-01,2020-12-31,,,NEIGHBORHOOD,500 M TO 4KM,HIGHEST CONCENTRATION,145,R & P Model 2025 PM-2.5 Sequential Air Sampler w/VSCC - Gravimetric,2012-10-03,,,,,0145,California Air Resources Board,943,36.819449,-119.716433,NAD83,3.04,86.0,5.3,,Clovis-Villa,"908 N VILLA AVE, CLOVIS",California,Fresno,Clovis,23420,"Fresno, CA",260,"Fresno-Madera, CA",,
06,033,3001,88101,1,PM2.5 - Local Conditions,1999-01-01,2017-07-01,,,,,UNKNOWN,143,R & P Model 2000 PM-2.5 Air Sampler w/VSCC - Gravimetric,2010-06-19,,,,,0593,Lake County AQMD,1046,39.0327,-122.92229,WGS84,0.0,421.0,,,Lakeport-Lakeport Blvd.,"905 LAKEPORT BLVD., LAKEPORT",California,Lake,Lakeport,17340,"Clearlake, CA",,,,
06,037,2005,88101,1,PM2.5 - Local Conditions,1999-01-01,,,,NEIGHBORHOOD,500 M TO 4KM,POPULATION EXPOSURE,145,R & P Model 2025 PM-2.5 Sequential Air Sampler w/VSCC - Gravimetric,2020-02-05,Y,Y,SLAMS,,0972,South Coast Air Quality Management District,1096,34.1326,-118.1272,WGS84,0.0,250.0,,,Pasadena,"752 S. WILSON AVE., PASADENA",California,Los Angeles,Pasadena,31080,"Los Angeles-Long Beach-Anaheim, CA",348,"Los Angeles-Long Beach, CA",,
06,057,1001,88101,2,PM2.5 - Local Conditions,1999-05-12,2015-08-31,,,NEIGHBORHOOD,500 M TO 4KM,POPULATION EXPOSURE,118,R & P Model 2025 PM2.5 Sequential w/WINS - GRAVIMETRIC,2007-10-03,,,,,0145,California Air Resources Board,1199,39.32783,-120.184592,NAD83,0.0,5500.0,7.0,,Truckee-Fire Station,"FS-10049 DONNER PASS RD, TRUCKEE",California,Nevada,Truckee,46020,"Truckee-Grass Valley, CA",472,"Sacramento-Roseville, CA",,
06,061,0006,88101,1,PM2.5 - Local Conditions,1998-12-31,2020-12-07,,,NEIGHBORHOOD,500 M TO 4KM,POPULATION EXPOSURE,143,R & P Model 2000 PM-2.5 Air Sampler w/VSCC - Gravimetric,2014-04-11,,,,,0145,California Air Resources Board,1225,38.74643,-121.26498,NAD83,151.82,48.0,6.1,,Roseville-N Sunrise Ave," 151 NO SUNRISE BLVD, ROSEVILLE, CA",California,Placer,Roseville,40900,"Sacramento--Roseville--Arden-Arcade, CA",472,"Sacramento-Roseville, CA",,
06,063,1006,88101,1,PM2.5 - Local Conditions,1999-03-26,2022-08-12,,,NEIGHBORHOOD,500 M TO 4KM,POPULATION EXPOSURE,145,R & P Model 2025 PM-2.5 Sequential Air Sampler w/VSCC - Gravimetric,2015-12-02,Y,,,,0145,California Air Resources Board,1237,39.939567,-120.944376,NAD83,0.0,3450.0,2.0,,Quincy-N Church Street,"267 N. CHURCH ST., QUINCY, CA. 95971",California,Plumas,Quincy,,,,,,
06,065,5001,88101,1,PM2.5 - Local Conditions,1999-10-10,,,,NEIGHBORHOOD,500 M TO 4KM,POPULATION EXPOSURE,145,R & P Model 2025 PM-2.5 Sequential Air Sampler w/VSCC - Gravimetric,2019-04-10,Y,,SLAMS,,0972,South Coast Air Quality Management District,1259,33.85275,-116.54101,WGS84,0.0,171.0,,,Palm Springs,"FS-590 RACQUET CLUB AVE, PALM SPRINGS",California,Riverside,Palm Springs,40140,"Riverside-San Bernardino-Ontario, CA",348,"Los Angeles-Long Beach, CA",,
06,067,0006,88101,1,PM2.5 - Local Conditions,1999-01-03,2025-06-05,,,NEIGHBORHOOD,500 M TO 4KM,HIGHEST CONCENTRATION; POPULATION EXPOSURE,145,R & P Model 2025 PM-2.5 Sequential Air Sampler w/VSCC - Gravimetric,2007-05-19,,,,,0145,California Air Resources Board,1270,38.613779,-121.368014,WGS84,0.0,8.0,4.4,,Sacramento-Del Paso Manor,"DEL PASO-2701 AVALON DR, SACRAMENTO",California,Sacramento,Arden-Arcade,40900,"Sacramento--Roseville--Arden-Arcade, CA",472,"Sacramento-Roseville, CA",,
06,085,0005,88101,1,PM2.5 - Local Conditions,2002-10-05,,,,NEIGHBORHOOD,500 M TO 4KM,QUALITY ASSURANCE,145,R & P Model 2025 PM-2.5 Sequential Air Sampler w/VSCC - Gravimetric,2008-11-18,,,SLAMS,,0086,Bay Area Air Quality Management District,91424,37.348497,-121.894898,WGS84,20.0,31.0,8.9,TOP OF BUILDING,San Jose - Jackson,158B JACKSON ST,California,Santa Clara,San Jose,41940,"San Jose-Sunnyvale-Santa Clara, CA",488,"San Jose-San Francisco-Oakland, CA",,
06,093,2001,88101,1,PM2.5 - Local Conditions,2005-05-01,2018-06-30,,,NEIGHBORHOOD,500 M TO 4KM,POPULATION EXPOSURE,143,R & P Model 2000 PM-2.5 Air Sampler w/VSCC - Gravimetric,2016-07-28,,,,,0145,California Air Resources Board,1527,41.726892,-122.633579,WGS84,0.0,802.0,2.0,,Yreka,"530 FOOTHILL DR., YREKA",California,Siskiyou,Yreka,,,,,,
06,037,1602,88101,1,PM2.5 - Local Conditions,2005-10-01,,,,NEIGHBORHOOD,500 M TO 4KM,POPULATION EXPOSURE,145,R & P Model 2025 PM-2.5 Sequential Air Sampler w/VSCC - Gravimetric,2022-01-23,Y,,SLAMS,,0972,South Coast Air Quality Management District,92493,34.01029,-118.0685,NAD83,1.0,75.0,,,Pico Rivera #2,"4144 SAN GABRIEL RIVER PKWY, PICO RIVERA",California,Los Angeles,Pico Rivera,31080,"Los Angeles-Long Beach-Anaheim, CA",348,"Los Angeles-Long Beach, CA",,
06,087,0007,88101,3,PM2.5 - Local Conditions,2010-01-01,,,,NEIGHBORHOOD,500 M TO 4KM,POPULATION EXPOSURE,170,Met One BAM-1020 Mass Monitor w/VSCC - Beta Attenuation,2010-01-01,Y,,SLAMS,,0721,Monterey Bay Unified APCD,1500,36.98332,-121.98822,NAD83,13.0,28.0,5.7,TOP OF BUILDING,Santa Cruz,960 Bostwick Lane,California,Santa Cruz,Live Oak,42100,"Santa Cruz-Watsonville, CA",488,"San Jose-San Francisco-Oakland, CA",,
06,099,0005,88101,3,PM2.5 - Local Conditions,2010-05-01,,,,NEIGHBORHOOD,500 M TO 4KM,GENERAL/BACKGROUND,170,Met One BAM-1020 Mass Monitor w/VSCC - Beta Attenuation,2010-05-01,Y,Y,SLAMS,,0145,California Air Resources Board,1556,37.642165,-120.994212,NAD83,0.0,27.0,,,Modesto-14th Street,"814 14TH ST., MODESTO",California,Stanislaus,Modesto,33700,"Modesto, CA",382,"Modesto-Merced, CA",,
06,083,0011,88101,3,PM2.5 - Local Conditions,2010-06-25,,,,NEIGHBORHOOD,500 M TO 4KM,HIGHEST CONCENTRATION,170,Met One BAM-1020 Mass Monitor w/VSCC - Beta Attenuation,2017-08-01,Y,,SLAMS,,0948,Santa Barbara County APCD,91419,34.427775,-119.691218,WGS84,1.0,20.0,,,Santa Barbara,700 E. CANON PERDIDO,California,Santa Barbara,Santa Barbara,42200,"Santa Maria-Santa Barbara, CA",,,,
06,065,0009,88101,2,PM2.5 - Local Conditions,2010-08-12,,,,NEIGHBORHOOD,500 M TO 4KM,GENERAL/BACKGROUND,143,R & P Model 2000 PM-2.5 Air Sampler w/VSCC - Gravimetric,2010-08-12,,,TRIBAL,,586,"Pechanga Band of Luiseno Mission Indians of Pechanga Reservation, CA",95241,33.447867,-117.088649,WGS84,0.5,366.093,15.0,TOP OF BUILDING,Pechanga,"12705 Pechanga Rd., Temecula, CA 92592",California,Riverside,Not in a City,40140,"Riverside-San Bernardino-Ontario, CA",348,"Los Angeles-Long Beach, CA",586,"Pechanga Band of Luiseno Mission Indians of Pechanga Reservation, CA"
06,077,1002,88101,4,PM2.5 - Local Conditions,2010-08-23,2021-01-31,,,NEIGHBORHOOD,500 M TO 4KM,GENERAL/BACKGROUND,170,Met One BAM-1020 Mass Monitor w/VSCC - Beta Attenuation,2010-08-23,,,,,0145,California Air Resources Board,1389,37.950741,-121.268523,WGS84,0.0,19.0,,,Stockton-Hazelton,"HAZELTON-HD, STOCKTON",California,San Joaquin,Stockton,44700,"Stockton-Lodi, CA",488,"San Jose-San Francisco-Oakland, CA",,
06,079,2006,88101,3,PM2.5 - Local Conditions,2011-03-15,2021-01-13,,,NEIGHBORHOOD,500 M TO 4KM,GENERAL/BACKGROUND,170,Met One BAM-1020 Mass Monitor w/VSCC - Beta Attenuation,2011-03-15,,,,,0145,California Air Resources Board,92590,35.25651,-120.6693,NAD83,5.0,66.0,,TOP OF BUILDING,San Luis Obispo,"3220 SOUTH HIGUERA STREET, SAN LUIS OBISPO",California,San Luis Obispo,San Luis Obispo,42020,"San Luis Obispo-Paso Robles-Arroyo Grande, CA",,,,
06,053,0008,88101,3,PM2.5 - Local Conditions,2012-01-01,,,,NEIGHBORHOOD,500 M TO 4KM,POPULATION EXPOSURE,170,Met One BAM-1020 Mass Monitor w/VSCC - Beta Attenuation,2012-01-01,Y,,SPM,,0721,Monterey Bay Unified APCD,94017,36.209286,-121.126371,NAD83,10.0,6.0,,TOP OF BUILDING,King City 2,415 Pearl Street,California,Monterey,King City,41500,"Salinas, CA",,,,
06,053,0002,88101,3,PM2.5 - Local Conditions,2012-01-01,,,,NEIGHBORHOOD,500 M TO 4KM,POPULATION EXPOSURE,170,Met One BAM-1020 Mass Monitor w/VSCC - Beta Attenuation,2012-01-01,Y,,SPM,,0721,Monterey Bay Unified APCD,1178,36.48187,-121.73333,NAD83,0.0,131.0,,TOP OF BUILDING,Carmel Valley,35 Ford Road,California,Monterey,Carmel Valley Village,41500,"Salinas, CA",,,,
06,025,0005,88101,4,PM2.5 - Local Conditions,2014-01-01,2015-12-22,All (2014-01-01 - 2015-12-22),,NEIGHBORHOOD,500 M TO 4KM,POPULATION EXPOSURE,170,Met One BAM-1020 Mass Monitor w/VSCC - Beta Attenuation,2014-01-01,,,,,0145,California Air Resources Board,959,32.67618,-115.48307,NAD83,151.82,1.0,5.0,TOP OF BUILDING,Calexico-Ethel Street,"1029 ETHEL ST, CALEXICO HIGH SCHOOL",California,Imperial,Calexico,20940,"El Centro, CA",,,,
06,079,8002,88101,3,PM2.5 - Local Conditions,2015-02-25,,,AREA,NEIGHBORHOOD,500 M TO 4KM,POPULATION EXPOSURE,170,Met One BAM-1020 Mass Monitor w/VSCC - Beta Attenuation,2015-02-25,Y,Y,SLAMS,,0946,San Luis Obispo County APCD,98674,35.49453,-120.66617,WGS84,30.0,260.0,4.7,TOP OF BUILDING,Atascadero,"5599 Traffic Way, Atascadero CA",California,San Luis Obispo,Atascadero,42020,"San Luis Obispo-Paso Robles-Arroyo Grande, CA",,,,
06,037,4008,88101,3,PM2.5 - Local Conditions,2016-01-01,,,MOBILE,MICROSCALE,0 M TO 100 M,SOURCE ORIENTED,170,Met One BAM-1020 Mass Monitor w/VSCC - Beta Attenuation,2022-03-15,,,SLAMS,NEAR ROAD,0972,South Coast Air Quality Management District,99552,33.859662,-118.200707,NAD83,3.04,12.0,4.5,TOP OF BUILDING,Long Beach-Route 710 Near Road,5895 Long Beach Blvd.,California,Los Angeles,Long Beach,31080,"Los Angeles-Long Beach-Anaheim, CA",348,"Los Angeles-Long Beach, CA",,
06,065,0010,88101,1,PM2.5 - Local Conditions,2018-01-31,2021-07-31,,AREA,REGIONAL SCALE,50 TO HUNDREDS KM,GENERAL/BACKGROUND,170,Met One BAM-1020 Mass Monitor w/VSCC - Beta Attenuation,2018-01-31,Y,,,,0745,National Park Service,104239,33.747236,-115.820124,NAD83,100.0,943.0,,,Joshua Tree NP - Cottonwood Visitor Center,"Joshua Tree National Park, California",California,Riverside,Joshua Tree National Monument,40140,"Riverside-San Bernardino-Ontario, CA",348,"Los Angeles-Long Beach, CA",,
06,001,0015,88101,3,PM2.5 - Local Conditions,2018-04-01,,,MOBILE,MICROSCALE,0 M TO 100 M,POPULATION EXPOSURE; SOURCE ORIENTED,170,Met One BAM-1020 Mass Monitor w/VSCC - Beta Attenuation,2018-04-01,Y,,SLAMS,NEAR ROAD,0086,Bay Area Air Quality Management District,104234,37.701222,-121.903019,NAD83,1.0,101.0,4.6,TOP OF BUILDING,Pleasanton - Owens Ct,Owens Ct.,California,Alameda,Pleasanton,41860,"San Francisco-Oakland-Hayward, CA",488,"San Jose-San Francisco-Oakland, CA",,
06,051,0001,88101,5,PM2.5 - Local Conditions,2019-03-16,,,,NEIGHBORHOOD,500 M TO 4KM,POPULATION EXPOSURE,145,R & P Model 2025 PM-2.5 Sequential Air Sampler w/VSCC - Gravimetric,2019-03-16,Y,,SLAMS,,0458,Great Basin Unified APCD,1163,37.64571,-118.96652,WGS84,1.0,2395.0,3.0,,Mammoth Lakes,"MAMMOTH, Corner of Old Mammoth Road and HWY 203,  MAMMOTH LAKES",California,Mono,Mammoth Lakes,,,,,,
06,007,0008,88101,3,PM2.5 - Local Conditions,2019-07-01,,,AREA,NEIGHBORHOOD,500 M TO 4KM,POPULATION EXPOSURE,170,Met One BAM-1020 Mass Monitor w/VSCC - Beta Attenuation,2019-07-01,Y,,SLAMS,,0145,California Air Resources Board,96599,39.76168,-121.84047,NAD83,62.0,1.0,5.8,TOP OF BUILDING,Chico-East Avenue,"984 East Avenue, Chico",California,Butte,Chico,17020,"Chico, CA",,,,
06,027,1023,88101,1,PM2.5 - Local Conditions,2020-07-01,2025-10-01,All (2020-07-01 - 2025-10-01),AREA,NEIGHBORHOOD,500 M TO 4KM,POPULATION EXPOSURE,236,Teledyne T640 at 5.0 LPM - Broadband spectroscopy,2020-07-01,,,,,549,"Paiute-Shoshone Indians of Bishop Community of Bishop Colony, CA",92502,37.362137,-118.417478,WGS84,3.0,1288.55,,TOP OF BUILDING,Bishop Tribe EMO,50 TU SU LANE,California,Inyo,Bishop,13860,"Bishop, CA",,,549,"Paiute-Shoshone Indians of Bishop Community of Bishop Colony, CA"
06,101,0003,88101,4,PM2.5 - Local Conditions,2021-04-01,,,,,,POPULATION EXPOSURE,170,Met One BAM-1020 Mass Monitor w/VSCC - Beta Attenuation,2021-04-01,,,SLAMS,,0145,California Air Resources Board,1567,39.138773,-121.618549,WGS84,0.0,20.0,,,Yuba City,"773 ALMOND ST, YUBA CITY",California,Sutter,Yuba City,49700,"Yuba City, CA",472,"Sacramento-Roseville, CA",,
06,077,1003,88101,3,PM2.5 - Local Conditions,2021-11-05,,,,NEIGHBORHOOD,500 M TO 4KM,POPULATION EXPOSURE,170,Met One BAM-1020 Mass Monitor w/VSCC - Beta Attenuation,2021-11-05,Y,,SLAMS,,0145,California Air Resources Board,104941,37.961578,-121.281414,WGS84,5.0,10.37,,,Stockton - University Park,"702 N Aurora Street, Stockton, CA 95202",California,San Joaquin,Stockton,44700,"Stockton-Lodi, CA",488,"San Jose-San Francisco-Oakland, CA",,
06,037,4009,88101,3,PM2.5 - Local Conditions,2022-04-01,,,,URBAN SCALE,4 KM TO 50 KM,POPULATION EXPOSURE,170,Met One BAM-1020 Mass Monitor w/VSCC - Beta Attenuation,2022-04-01,Y,Y,SLAMS,,0972,South Coast Air Quality Management District,104683,33.793713,-118.171019,NAD83,3.04,8.0,,TOP OF BUILDING,Signal Hill (LBSH),1710 E. 20th Street,California,Los Angeles,Signal Hill,31080,"Los Angeles-Long Beach-Anaheim, CA",348,"Los Angeles-Long Beach, CA",,
06,027,0002,88101,21,PM2.5 - Local Conditions,2017-10-01,2023-07-09,,,REGIONAL SCALE,50 TO HUNDREDS KM,POPULATION EXPOSURE,738,Teledyne T640X at 16.67 LPM (Corrected) - Broadband spectroscopy,2017-10-01,,,,,0458,Great Basin Unified APCD,971,37.360684,-118.330783,WGS84,0.0,1257.0,3.0,,WMRC/NCORE,"WMRC/NCORE, 3000 E. LINE ST., BISHOP, CA. 93514",California,Inyo,Not in a City,13860,"Bishop, CA",,,,
06,047,2024,88101,3,PM2.5 - Local Conditions,2024-01-01,,,,NEIGHBORHOOD,500 M TO 4KM,POPULATION EXPOSURE,170,Met One BAM-1020 Mass Monitor w/VSCC - Beta Attenuation,2024-01-01,Y,,SLAMS,,0945,San Joaquin Valley Unified Air Pollution Control District,105218,37.289732,-120.429718,WGS84,1.0,57.3,3.6,,Merced-Vierra,"3076 E Childs Ave Merced, CA 95341",California,Merced,Merced,32900,"Merced, CA",382,"Modesto-Merced, CA",,
06,011,1002,88101,1,PM2.5 - Local Conditions,1998-12-16,2020-12-07,,,NEIGHBORHOOD,500 M TO 4KM,POPULATION EXPOSURE,143,R & P Model 2000 PM-2.5 Air Sampler w/VSCC - Gravimetric,2013-12-19,,,,,0145,California Air Resources Board,888,39.18919,-121.99887,NAD83,0.0,17.0,7.6,,Colusa-Sunrise Blvd,"100 SUNRISE BLVD., COLUSA",California,Colusa,Colusa,,,,,,
06,029,0010,88101,1,PM2.5 - Local Conditions,1999-01-01,2020-12-31,,,NEIGHBORHOOD,500 M TO 4KM,POPULATION EXPOSURE,145,R & P Model 2025 PM-2.5 Sequential Air Sampler w/VSCC - Gravimetric,2014-06-10,,,,,0145,California Air Resources Board,1008,35.385574,-119.015009,WGS84,3.04,151.0,5.7,,Bakersfield-Golden / M St,"2820 M St., Bakersfield, CA 93301",California,Kern,Bakersfield,12540,"Bakersfield, CA",,,,
06,037,2005,88101,2,PM2.5 - Local Conditions,1999-01-01,2020-02-04,,,NEIGHBORHOOD,500 M TO 4KM,POPULATION EXPOSURE,155,Thermo Electron Model RAAS2.5-300 Sequential w/VSCC - Gravimetric,2017-05-01,,,,,0972,South Coast Air Quality Management District,1096,34.1326,-118.1272,WGS84,0.0,250.0,,,Pasadena,"752 S. WILSON AVE., PASADENA",California,Los Angeles,Pasadena,31080,"Los Angeles-Long Beach-Anaheim, CA",348,"Los Angeles-Long Beach, CA",,
06,057,1001,88101,1,PM2.5 - Local Conditions,1999-03-31,2022-07-09,,,NEIGHBORHOOD,500 M TO 4KM,POPULATION EXPOSURE,145,R & P Model 2025 PM-2.5 Sequential Air Sampler w/VSCC - Gravimetric,2015-09-26,,,,,0145,California Air Resources Board,1199,39.32783,-120.184592,NAD83,0.0,5500.0,7.0,,Truckee-Fire Station,"FS-10049 DONNER PASS RD, TRUCKEE",California,Nevada,Truckee,46020,"Truckee-Grass Valley, CA",472,"Sacramento-Roseville, CA",,
06,065,2002,88101,1,PM2.5 - Local Conditions,1999-01-01,2022-04-14,,,NEIGHBORHOOD,500 M TO 4KM,POPULATION EXPOSURE,143,R & P Model 2000 PM-2.5 Air Sampler w/VSCC - Gravimetric,2022-01-29,,,,,0972,South Coast Air Quality Management District,1253,33.70853,-116.21537,WGS84,0.0,0.0,,,Indio,"46-990 JACKSON ST., INDIO",California,Riverside,Indio,40140,"Riverside-San Bernardino-Ontario, CA",348,"Los Angeles-Long Beach, CA",,
06,071,9004,88101,1,PM2.5 - Local Conditions,1999-01-01,,,,NEIGHBORHOOD,500 M TO 4KM,POPULATION EXPOSURE,145,R & P Model 2025 PM-2.5 Sequential Air Sampler w/VSCC - Gravimetric,2019-08-22,Y,,SLAMS,,0972,South Coast Air Quality Management District,1340,34.106678,-117.274063,NAD83,0.0,0.0,,,San Bernardino,"24302 4TH ST., SAN BERNARDINO, CA.",California,San Bernardino,San Bernardino,40140,"Riverside-San Bernardino-Ontario, CA",348,"Los Angeles-Long Beach, CA",,
06,113,1003,88101,1,PM2.5 - Local Conditions,1999-01-09,2024-07-07,,,NEIGHBORHOOD,500 M TO 4KM,POPULATION EXPOSURE,145,R & P Model 2025 PM-2.5 Sequential Air Sampler w/VSCC - Gravimetric,2016-07-01,,,,,0145,California Air Resources Board,1637,38.66121,-121.73269,WGS84,151.82,11.0,2.2,,Woodland-Gibson Road,"41929 E. GIBSON ROAD, WOODLAND",California,Yolo,Woodland,40900,"Sacramento--Roseville--Arden-Arcade, CA",472,"Sacramento-Roseville, CA",,
06,073,1010,88101,1,PM2.5 - Local Conditions,2005-07-14,2016-09-30,,AREA,NEIGHBORHOOD,500 M TO 4KM,GENERAL/BACKGROUND,145,R & P Model 2025 PM-2.5 Sequential Air Sampler w/VSCC - Gravimetric,2011-01-01,,,,,0942,San Diego County Air Pollution Control District,92660,32.701492,-117.149653,WGS84,10.0,3.0,6.0,TOP OF BUILDING,San Diego - Beardsley Street,"1110 BEARDSLEY STREET, SAN DIEGO, CA 92112",California,San Diego,San Diego,41740,"San Diego-Carlsbad, CA",,,,
06,065,8005,88101,3,PM2.5 - Local Conditions,2008-01-01,,All (2008-01-01 - 2008-01-01),,NEIGHBORHOOD,500 M TO 4KM,OTHER,170,Met One BAM-1020 Mass Monitor w/VSCC - Beta Attenuation,2018-01-01,,,SLAMS,,0972,South Coast Air Quality Management District,92995,33.99636,-117.4924,NAD83,1.0,250.0,,,Mira Loma (Van Buren),5130 POINSETTIA PLACE,California,Riverside,Mira Loma,40140,"Riverside-San Bernardino-Ontario, CA",348,"Los Angeles-Long Beach, CA",,
06,053,1003,88101,3,PM2.5 - Local Conditions,2010-01-01,,,,NEIGHBORHOOD,500 M TO 4KM,POPULATION EXPOSURE,170,Met One BAM-1020 Mass Monitor w/VSCC - Beta Attenuation,2010-01-01,Y,Y,SLAMS,,0721,Monterey Bay Unified APCD,1185,36.694261,-121.623271,NAD83,13.0,21.6,6.1,TOP OF BUILDING,Salinas 3,867 E. LAUREL Dr,California,Monterey,Salinas,41500,"Salinas, CA",,,,
06,079,2004,88101,1,PM2.5 - Local Conditions,2009-07-01,,,,NEIGHBORHOOD,500 M TO 4KM,SOURCE ORIENTED,170,Met One BAM-1020 Mass Monitor w/VSCC - Beta Attenuation,2009-07-01,Y,Y,SLAMS,,0946,San Luis Obispo County APCD,1406,35.02083,-120.56388,WGS84,15.0,49.0,5.5,,Mesa2,"1300 GUADALUPE RD., NIPOMO, CA., 93444",California,San Luis Obispo,Nipomo,42020,"San Luis Obispo-Paso Robles-Arroyo Grande, CA",,,,
06,075,0005,88101,3,PM2.5 - Local Conditions,2009-10-01,,,,NEIGHBORHOOD,500 M TO 4KM,POPULATION EXPOSURE,170,Met One BAM-1020 Mass Monitor w/VSCC - Beta Attenuation,2009-10-01,Y,,SLAMS,,0086,Bay Area Air Quality Management District,1376,37.765946,-122.399044,WGS84,0.0,5.0,8.3,TOP OF BUILDING,San Francisco,10 ARKANSAS ST.,California,San Francisco,San Francisco,41860,"San Francisco-Oakland-Hayward, CA",488,"San Jose-San Francisco-Oakland, CA",,
06,045,2002,88101,3,PM2.5 - Local Conditions,2009-09-15,2021-02-04,,,NEIGHBORHOOD,500 M TO 4KM,POPULATION EXPOSURE,170,Met One BAM-1020 Mass Monitor w/VSCC - Beta Attenuation,2009-09-15,,,,,0145,California Air Resources Board,95467,39.41174,-123.35264,WGS84,1.0,424.0,2.0,TOP OF BUILDING,Willits-125 East Commercial Street,"WILLITS JUSTICE CENTER, 125 EAST COMMERCIAL STREET, WILLITS, CA 95490",California,Mendocino,Willits,46380,"Ukiah, CA",,,,
06,079,2007,88101,1,PM2.5 - Local Conditions,2010-08-01,,,AREA,NEIGHBORHOOD,500 M TO 4KM,HIGHEST CONCENTRATION; SOURCE ORIENTED,170,Met One BAM-1020 Mass Monitor w/VSCC - Beta Attenuation,2010-08-01,Y,Y,SLAMS,,0946,San Luis Obispo County APCD,95695,35.04673,-120.58777,NAD83,1.0,37.5,5.3,TOP OF BUILDING,CDF,"2391 Willow Road, Arroyo Grande, California",California,San Luis Obispo,Arroyo Grande,42020,"San Luis Obispo-Paso Robles-Arroyo Grande, CA",,,,
06,077,1002,88101,3,PM2.5 - Local Conditions,2010-05-11,2021-11-05,,,NEIGHBORHOOD,500 M TO 4KM,GENERAL/BACKGROUND,170,Met One BAM-1020 Mass Monitor w/VSCC - Beta Attenuation,2010-05-11,,,,,0145,California Air Resources Board,1389,37.950741,-121.268523,WGS84,0.0,19.0,,,Stockton-Hazelton,"HAZELTON-HD, STOCKTON",California,San Joaquin,Stockton,44700,"Stockton-Lodi, CA",488,"San Jose-San Francisco-Oakland, CA",,
06,065,0009,88101,1,PM2.5 - Local Conditions,2010-08-12,,,,NEIGHBORHOOD,500 M TO 4KM,GENERAL/BACKGROUND,170,Met One BAM-1020 Mass Monitor w/VSCC - Beta Attenuation,2010-08-12,Y,Y,TRIBAL,,586,"Pechanga Band of Luiseno Mission Indians of Pechanga Reservation, CA",95241,33.447867,-117.088649,WGS84,0.5,366.093,15.0,TOP OF BUILDING,Pechanga,"12705 Pechanga Rd., Temecula, CA 92592",California,Riverside,Not in a City,40140,"Riverside-San Bernardino-Ontario, CA",348,"Los Angeles-Long Beach, CA",586,"Pechanga Band of Luiseno Mission Indians of Pechanga Reservation, CA"
06,077,2010,88101,3,PM2.5 - Local Conditions,2010-11-16,,,AREA,NEIGHBORHOOD,500 M TO 4KM,POPULATION EXPOSURE,170,Met One BAM-1020 Mass Monitor w/VSCC - Beta Attenuation,2019-09-12,Y,,SLAMS,,0945,San Joaquin Valley Unified Air Pollution Control District,96038,37.793392,-121.247874,NAD83,1.0,11.0,6.0,TOP OF BUILDING,Manteca,"530 Fishback Road Manteca, CA",California,San Joaquin,Manteca,44700,"Stockton-Lodi, CA",488,"San Jose-San Francisco-Oakland, CA",,
06,065,1016,88101,1,PM2.5 - Local Conditions,2011-10-14,,All (2011-10-14 - 2013-12-31); All (2014-01-01 - 2023-12-31),,NEIGHBORHOOD,500 M TO 4KM,GENERAL/BACKGROUND,209,Met One BAM-1022 Mass Monitor w/ VSCC or TE-PM2.5C - Beta Attenuation,2023-09-01,Y,Y,TRIBAL,,582,"Morongo Band of Mission Indians, CA",93490,33.944713,-116.830074,NAD83,1.0,720.0,5.0,TOP OF BUILDING,Morongo Air Monitoring Station,"12160 Santiago Rd. Banning, CA 92220",California,Riverside,Banning,40140,"Riverside-San Bernardino-Ontario, CA",348,"Los Angeles-Long Beach, CA",582,"Morongo Band of Mission Indians, CA"
06,019,0011,88101,1,PM2.5 - Local Conditions,2012-01-01,2020-12-07,,,NEIGHBORHOOD,500 M TO 4KM,POPULATION EXPOSURE,145,R & P Model 2025 PM-2.5 Sequential Air Sampler w/VSCC - Gravimetric,2012-01-01,,,,,0145,California Air Resources Board,96528,36.78538,-119.77321,NAD83,1.0,96.0,,,Fresno - Garland,"3727 N FIRST ST, FRESNO",California,Fresno,Fresno,23420,"Fresno, CA",260,"Fresno-Madera, CA",,
06,065,8001,88101,9,PM2.5 - Local Conditions,2011-08-01,2021-12-31,All (2008-01-01 - 2008-07-31),,NEIGHBORHOOD,500 M TO 4KM,OTHER,170,Met One BAM-1020 Mass Monitor w/VSCC - Beta Attenuation,2016-01-01,,,,,0972,South Coast Air Quality Management District,1262,33.99958,-117.41601,WGS84,0.0,250.0,,,Rubidoux,"5888 MISSION BLVD., RUBIDOUX",California,Riverside,Rubidoux,40140,"Riverside-San Bernardino-Ontario, CA",348,"Los Angeles-Long Beach, CA",,
06,055,0003,88101,3,PM2.5 - Local Conditions,2012-12-13,2018-03-31,,AREA,MIDDLE SCALE,100 M TO 500 M,POPULATION EXPOSURE,170,Met One BAM-1020 Mass Monitor w/VSCC - Beta Attenuation,2012-12-13,,,,,0086,Bay Area Air Quality Management District,1190,38.310942,-122.296189,WGS84,0.0,13.0,5.5,TOP OF BUILDING,Napa,2552 JEFFERSON AVE.,California,Napa,Napa,34900,"Napa, CA",488,"San Jose-San Francisco-Oakland, CA",,
06,067,0012,88101,4,PM2.5 - Local Conditions,2013-04-01,,,AREA,NEIGHBORHOOD,500 M TO 4KM,POPULATION EXPOSURE,170,Met One BAM-1020 Mass Monitor w/VSCC - Beta Attenuation,2013-04-01,,,SLAMS,,0145,California Air Resources Board,1274,38.683304,-121.164457,WGS84,151.82,98.0,5.0,TOP OF BUILDING,Folsom-Natoma St.,"50 NATOMA STREET, FOLSOM",California,Sacramento,Folsom,40900,"Sacramento--Roseville--Arden-Arcade, CA",472,"Sacramento-Roseville, CA",,
06,025,0005,88101,3,PM2.5 - Local Conditions,2014-01-01,,All (2014-01-01 - 2015-12-22),,NEIGHBORHOOD,500 M TO 4KM,POPULATION EXPOSURE,170,Met One BAM-1020 Mass Monitor w/VSCC - Beta Attenuation,2020-12-10,Y,Y,SLAMS,,0145,California Air Resources Board,959,32.67618,-115.48307,NAD83,151.82,1.0,5.0,TOP OF BUILDING,Calexico-Ethel Street,"1029 ETHEL ST, CALEXICO HIGH SCHOOL",California,Imperial,Calexico,20940,"El Centro, CA",,,,
06,067,0010,88101,3,PM2.5 - Local Conditions,2014-05-20,,,,NEIGHBORHOOD,500 M TO 4KM,HIGHEST CONCENTRATION; POPULATION EXPOSURE,170,Met One BAM-1020 Mass Monitor w/VSCC - Beta Attenuation,2020-12-11,Y,Y,SLAMS,,0145,California Air Resources Board,1272,38.56844,-121.49311,NAD83,0.0,0.0,,,Sacramento-1309 T Street,"1309 T ST., SACRAMENTO, CA. 95814",California,Sacramento,Sacramento,40900,"Sacramento--Roseville--Arden-Arcade, CA",472,"Sacramento-Roseville, CA",,
06,039,2010,88101,1,PM2.5 - Local Conditions,2014-06-10,2020-12-10,,,NEIGHBORHOOD,500 M TO 4KM,HIGHEST CONCENTRATION; OTHER,145,R & P Model 2025 PM-2.5 Sequential Air Sampler w/VSCC - Gravimetric,2014-12-17,,,,,0145,California Air Resources Board,95487,36.953256,-120.034203,WGS84,3.0,83.52,,,Madera-City,28261 Avenue 14 Madera CA 93638,California,Madera,Madera,31460,"Madera, CA",260,"Fresno-Madera, CA",,
06,073,1018,88101,1,PM2.5 - Local Conditions,2014-09-01,2016-05-31,,,NEIGHBORHOOD,500 M TO 4KM,GENERAL/BACKGROUND,145,R & P Model 2025 PM-2.5 Sequential Air Sampler w/VSCC - Gravimetric,2015-10-27,,,,,0942,San Diego County Air Pollution Control District,97780,32.817978,-116.968133,WGS84,5.0,119.0,6.0,TOP OF BUILDING,El Cajon - Floyd Smith Dr.,10537 FLOYD SMITH DRIVE,California,San Diego,El Cajon,41740,"San Diego-Carlsbad, CA",,,,
06,001,0013,88101,3,PM2.5 - Local Conditions,2016-07-01,,,MOBILE,MICROSCALE,0 M TO 100 M,POPULATION EXPOSURE; SOURCE ORIENTED,170,Met One BAM-1020 Mass Monitor w/VSCC - Beta Attenuation,2016-07-01,Y,,SLAMS,NEAR ROAD,0086,Bay Area Air Quality Management District,102205,37.864767,-122.302741,NAD83,1.0,2.7,5.0,TOP OF BUILDING,Berkeley- Aquatic Park,1 Bolivar Dr,California,Alameda,Not in a City,41860,"San Francisco-Oakland-Hayward, CA",488,"San Jose-San Francisco-Oakland, CA",,
06,037,1602,88101,21,PM2.5 - Local Conditions,2017-02-01,2022-01-20,,,NEIGHBORHOOD,500 M TO 4KM,POPULATION EXPOSURE,143,R & P Model 2000 PM-2.5 Air Sampler w/VSCC - Gravimetric,2017-02-01,,,,,0972,South Coast Air Quality Management District,92493,34.01029,-118.0685,NAD83,1.0,75.0,,,Pico Rivera #2,"4144 SAN GABRIEL RIVER PKWY, PICO RIVERA",California,Los Angeles,Pico Rivera,31080,"Los Angeles-Long Beach-Anaheim, CA",348,"Los Angeles-Long Beach, CA",,
06,059,0007,88101,2,PM2.5 - Local Conditions,2017-05-01,2018-08-07,,MOBILE,URBAN SCALE,4 KM TO 50 KM,POPULATION EXPOSURE,155,Thermo Electron Model RAAS2.5-300 Sequential w/VSCC - Gravimetric,2017-05-01,,,,,0972,South Coast Air Quality Management District,91686,33.83062,-117.93845,WGS84,20.0,10.0,2.0,OTHER,Anaheim,1630 W. PAMPAS LANE,California,Orange,Anaheim,31080,"Los Angeles-Long Beach-Anaheim, CA",348,"Los Angeles-Long Beach, CA",,
06,029,0018,88101,1,PM2.5 - Local Conditions,2017-11-01,,,AREA,NEIGHBORHOOD,500 M TO 4KM,POPULATION EXPOSURE,170,Met One BAM-1020 Mass Monitor w/VSCC - Beta Attenuation,2017-11-01,Y,,SLAMS,,0575,Kern County APCD,104118,35.642943,-117.715066,NAD83,50.0,717.0,4.5,TOP OF BUILDING,Ridgecrest-Ward,"2051 Ward, Ridgecrest CA",California,Kern,Ridgecrest,12540,"Bakersfield, CA",,,,
06,015,0007,88101,1,PM2.5 - Local Conditions,2016-10-01,2018-10-01,,,NEIGHBORHOOD,500 M TO 4KM,POPULATION EXPOSURE,195,GRIMM EDM Model 180 with naphion dryer - Laser Light Scattering,2016-10-01,,,,,0145,California Air Resources Board,104299,41.75613,-124.20347,NAD83,1.0,13.0,,,Crescent City-Crescent Elk School,"994 G Street, Crescent City, CA 95531",California,Del Norte,Crescent City,18860,"Crescent City, CA",,,,
06,101,0003,88101,3,PM2.5 - Local Conditions,2020-04-10,,,,,,POPULATION EXPOSURE,170,Met One BAM-1020 Mass Monitor w/VSCC - Beta Attenuation,2020-04-10,Y,Y,SLAMS,,0145,California Air Resources Board,1567,39.138773,-121.618549,WGS84,0.0,20.0,,,Yuba City,"773 ALMOND ST, YUBA CITY",California,Sutter,Yuba City,49700,"Yuba City, CA",472,"Sacramento-Roseville, CA",,
06,029,0019,88101,3,PM2.5 - Local Conditions,2020-10-01,2023-02-13,,,NEIGHBORHOOD,500 M TO 4KM,POPULATION EXPOSURE,170,Met One BAM-1020 Mass Monitor w/VSCC - Beta Attenuation,2020-10-01,,,,,0145,California Air Resources Board,104719,35.046528,-118.162833,NAD83,10.0,853.0,8.0,TOP OF BUILDING,Mojave - CA 58 Business,1773 CA-58 BUS,California,Kern,Mojave,12540,"Bakersfield, CA",,,,
06,061,0006,88101,3,PM2.5 - Local Conditions,2020-12-11,,,,,,POPULATION EXPOSURE,170,Met One BAM-1020 Mass Monitor w/VSCC - Beta Attenuation,2020-12-11,Y,,SLAMS,,0145,California Air Resources Board,1225,38.74643,-121.26498,NAD83,151.82,48.0,9.0,TOP OF BUILDING,Roseville-N Sunrise Ave," 151 NO SUNRISE BLVD, ROSEVILLE, CA",California,Placer,Roseville,40900,"Sacramento--Roseville--Arden-Arcade, CA",472,"Sacramento-Roseville, CA",,
06,027,1018,88101,1,PM2.5 - Local Conditions,2021-04-01,,All (2021-04-01 - Present),,,,GENERAL/BACKGROUND,236,Teledyne T640 at 5.0 LPM - Broadband spectroscopy,2021-04-01,,,TRIBAL,,624,"Paiute-Shoshone Indians of the Lone Pine Community of Lone Pine Reservation,CA",92674,36.595556,-118.049167,WGS84,3.0,1128.0,,,Lone Pine Paiute-Shoshone Reservation,1101 E-SHA LANE,California,Inyo,Lone Pine,13860,"Bishop, CA",,,624,"Paiute-Shoshone Indians of the Lone Pine Community of Lone Pine Reservation,CA"
06,089,0004,88101,3,PM2.5 - Local Conditions,2022-06-25,,,,,,POPULATION EXPOSURE,209,Met One BAM-1022 Mass Monitor w/ VSCC or TE-PM2.5C - Beta Attenuation,2022-06-25,Y,Y,SLAMS,,0145,California Air Resources Board,1508,40.55013,-122.38092,NAD83,0.0,149.0,,,Redding - Health Department,"HLTH CTR-2630 BRESLAUER WAY, REDDING",California,Shasta,Redding,39820,"Redding, CA",454,"Redding-Red Bluff, CA",,
06,113,1003,88101,3,PM2.5 - Local Conditions,2021-01-01,,,,NEIGHBORHOOD,500 M TO 4KM,POPULATION EXPOSURE,170,Met One BAM-1020 Mass Monitor w/VSCC - Beta Attenuation,2023-01-01,Y,,SLAMS,,0145,California Air Resources Board,1637,38.66121,-121.73269,WGS84,151.82,11.0,,,Woodland-Gibson Road,"41929 E. GIBSON ROAD, WOODLAND",California,Yolo,Woodland,40900,"Sacramento--Roseville--Arden-Arcade, CA",472,"Sacramento-Roseville, CA",,
06,025,0010,88101,1,PM2.5 - Local Conditions,2021-04-02,,All (2021-04-02 - Present),AREA,NEIGHBORHOOD,500 M TO 4KM,OTHER,238,Teledyne T640X at 16.67 LPM - Broadband spectroscopy,2021-04-02,,,TRIBAL,,595,"Torres-Martinez Cahuilla Indians, California",104851,33.379078,-116.015997,WGS84,10.0,-67.0,4.57,TOP OF BUILDING,Torres Martinez Reservation,3451 Seaview Ave,California,Imperial,Salton Sea Beach,20940,"El Centro, CA",,,595,"Torres-Martinez Cahuilla Indians, California"
06,107,2003,88101,3,PM2.5 - Local Conditions,2022-01-13,,,,NEIGHBORHOOD,500 M TO 4KM,POPULATION EXPOSURE,170,Met One BAM-1020 Mass Monitor w/VSCC - Beta Attenuation,2022-01-13,Y,,SLAMS,,0145,California Air Resources Board,104965,36.30815,-119.3129,WGS84,5.0,98.0,,,Visalia-W. Ashland Avenue,"2005 West Ashland Avenue, Suite G, Visalia, CA, 93277",California,Tulare,Visalia,47300,"Visalia-Porterville, CA",546,"Visalia-Porterville-Hanford, CA",,
06,071,8001,88101,3,PM2.5 - Local Conditions,2022-01-01,,,,NEIGHBORHOOD,500 M TO 4KM,POPULATION EXPOSURE,209,Met One BAM-1022 Mass Monitor w/ VSCC or TE-PM2.5C - Beta Attenuation,2022-01-01,Y,Y,SLAMS,,0972,South Coast Air Quality Management District,1335,34.26464,-116.86147,NAD83,3.04,2056.0,2.0,GROUND LEVEL SUPPORT,Big Bear,"501 W. VALLEY BLVD., BIG BEAR CITY,",California,San Bernardino,Big Bear City,40140,"Riverside-San Bernardino-Ontario, CA",348,"Los Angeles-Long Beach, CA",,
06,073,1022,88101,3,PM2.5 - Local Conditions,2022-08-11,,All (2022-08-11 - 2023-07-06),POINT,NEIGHBORHOOD,500 M TO 4KM,GENERAL/BACKGROUND,638,Teledyne T640X at 16.67 LPM w/Network Data Alignment enabled - Broadband spectroscopy,2023-07-07,Y,Y,SLAMS,NCORE,0942,San Diego County Air Pollution Control District,100976,32.789565,-116.944308,NAD83,4.0,143.0,7.0,TOP OF BUILDING,El Cajon - Lexington Elementary School,533 First Street,California,San Diego,El Cajon,41740,"San Diego-Carlsbad, CA",,,,
06,029,0020,88101,3,PM2.5 - Local Conditions,2023-02-13,,,,NEIGHBORHOOD,500 M TO 4KM,POPULATION EXPOSURE,170,Met One BAM-1020 Mass Monitor w/VSCC - Beta Attenuation,2023-02-13,Y,,SLAMS,,0145,California Air Resources Board,105139,35.04944,-118.18893,WGS84,10.0,853.0,8.0,TOP OF BUILDING,Mojave-Pat Avenue,3200 Pat Avenue,California,Kern,Mojave,12540,"Bakersfield, CA",,,,
06,073,1201,88101,21,PM2.5 - Local Conditions,2005-08-19,,All (2008-10-28 - 2015-04-01); All (2015-04-02 - Present),AREA,NEIGHBORHOOD,500 M TO 4KM,GENERAL/BACKGROUND,736,Teledyne T640 at 5.0 LPM (Corrected) - Broadband spectroscopy,2005-08-19,Y,,TRIBAL,,583,"Pala Band of Luiseno Mission Indians of Pala Reservation, CA",94529,33.362593,-117.09023,WGS84,1.524,109.728,4.55,TOP OF BUILDING,Pala Airpad,"10848 HWY 76, PALA, CA 92059",California,San Diego,Pala,41740,"San Diego-Carlsbad, CA",,,583,"Pala Band of Luiseno Mission Indians of Pala Reservation, CA"
06,029,0014,88101,1,PM2.5 - Local Conditions,1999-01-01,,,,NEIGHBORHOOD,500 M TO 4KM,POPULATION EXPOSURE,145,R & P Model 2025 PM-2.5 Sequential Air Sampler w/VSCC - Gravimetric,2004-07-13,Y,Y,SLAMS,,0145,California Air Resources Board,1012,35.356615,-119.062613,NAD83,151.82,0.0,7.3,,Bakersfield-California,"5558 California Ave., Bakersfield CA 93309",California,Kern,Bakersfield,12540,"Bakersfield, CA",,,,
06,037,9033,88101,1,PM2.5 - Local Conditions,2001-11-01,2022-12-31,,,NEIGHBORHOOD,500 M TO 4KM,POPULATION EXPOSURE,170,Met One BAM-1020 Mass Monitor w/VSCC - Beta Attenuation,2016-01-01,,,,,0709,Mojave Desert AQMD,1123,34.669739,-118.130511,NAD83,151.82,725.0,5.0,TOP OF BUILDING,Lancaster-Division Street,"43301 DIVISION ST., LANCASTER, CA",California,Los Angeles,Lancaster,31080,"Los Angeles-Long Beach-Anaheim, CA",348,"Los Angeles-Long Beach, CA",,
06,067,0006,88101,3,PM2.5 - Local Conditions,2000-05-01,,,AREA,NEIGHBORHOOD,500 M TO 4KM,HIGHEST CONCENTRATION; POPULATION EXPOSURE; REGIONAL TRANSPORT,170,Met One BAM-1020 Mass Monitor w/VSCC - Beta Attenuation,2020-12-21,Y,,SLAMS,NCORE,0145,California Air Resources Board,1270,38.613779,-121.368014,WGS84,0.0,8.0,5.0,TOP OF BUILDING,Sacramento-Del Paso Manor,"DEL PASO-2701 AVALON DR, SACRAMENTO",California,Sacramento,Arden-Arcade,40900,"Sacramento--Roseville--Arden-Arcade, CA",472,"Sacramento-Roseville, CA",,
06,059,0007,88101,1,PM2.5 - Local Conditions,2001-09-01,,,MOBILE,URBAN SCALE,4 KM TO 50 KM,POPULATION EXPOSURE,145,R & P Model 2025 PM-2.5 Sequential Air Sampler w/VSCC - Gravimetric,2018-08-11,Y,Y,SLAMS,,0972,South Coast Air Quality Management District,91686,33.83062,-117.93845,WGS84,20.0,10.0,2.0,OTHER,Anaheim,1630 W. PAMPAS LANE,California,Orange,Anaheim,31080,"Los Angeles-Long Beach-Anaheim, CA",348,"Los Angeles-Long Beach, CA",,
06,029,0015,88101,1,PM2.5 - Local Conditions,1999-06-01,2018-03-16,,,NEIGHBORHOOD,500 M TO 4KM,POPULATION EXPOSURE,118,R & P Model 2025 PM2.5 Sequential w/WINS - GRAVIMETRIC,2006-04-05,,,,,0942,San Diego County Air Pollution Control District,1013,35.62109,-117.67296,WGS84,151.82,701.0,3.0,TOP OF BUILDING,Ridgecrest-California Ave,"100 WEST CALIFORNIA AVE, RIDGECREST, CA",California,Kern,Ridgecrest,12540,"Bakersfield, CA",,,,
06,019,0011,88101,3,PM2.5 - Local Conditions,2012-01-18,,,,NEIGHBORHOOD,500 M TO 4KM,POPULATION EXPOSURE,170,Met One BAM-1020 Mass Monitor w/VSCC - Beta Attenuation,2012-01-18,Y,Y,SLAMS,,0145,California Air Resources Board,96528,36.78538,-119.77321,NAD83,1.0,96.0,,,Fresno - Garland,"3727 N FIRST ST, FRESNO",California,Fresno,Fresno,23420,"Fresno, CA",260,"Fresno-Madera, CA",,
06,001,0011,88101,3,PM2.5 - Local Conditions,2012-12-18,,,AREA,NEIGHBORHOOD,500 M TO 4KM,POPULATION EXPOSURE; SOURCE ORIENTED,170,Met One BAM-1020 Mass Monitor w/VSCC - Beta Attenuation,2012-12-18,Y,,SLAMS,,0086,Bay Area Air Quality Management District,94938,37.814781,-122.282347,WGS84,6.0,0.0,5.2,TOP OF BUILDING,Oakland West,1100 21st Street,California,Alameda,Oakland,41860,"San Francisco-Oakland-Hayward, CA",488,"San Jose-San Francisco-Oakland, CA",,
06,063,1010,88101,1,PM2.5 - Local Conditions,2013-07-01,2023-02-08,,,NEIGHBORHOOD,500 M TO 4KM,POPULATION EXPOSURE,145,R & P Model 2025 PM-2.5 Sequential Air Sampler w/VSCC - Gravimetric,2014-05-24,,,,,0145,California Air Resources Board,97358,39.81336,-120.47069,WGS84,20.0,8.0,,,Portola,"420 Gulling Street, Portola, CA 96122",California,Plumas,Portola,,,,,,
06,111,2002,88101,4,PM2.5 - Local Conditions,2014-03-17,,,,NEIGHBORHOOD,500 M TO 4KM,HIGHEST CONCENTRATION,170,Met One BAM-1020 Mass Monitor w/VSCC - Beta Attenuation,2014-03-17,,,SLAMS,,1118,Ventura County APCD,1617,34.276316,-118.683685,NAD83,0.0,314.0,,TOP OF BUILDING,Simi Valley-Cochran Street,"5400 COCHRAN STREET, SIMI VALLEY, CA  93063",California,Ventura,Simi Valley,37100,"Oxnard-Thousand Oaks-Ventura, CA",348,"Los Angeles-Long Beach, CA",,
06,031,0004,88101,8,PM2.5 - Local Conditions,2017-01-01,,,,NEIGHBORHOOD,500 M TO 4KM,POPULATION EXPOSURE,170,Met One BAM-1020 Mass Monitor w/VSCC - Beta Attenuation,2021-01-12,Y,,SLAMS,,0945,San Joaquin Valley Unified Air Pollution Control District,1035,36.102244,-119.56565,NAD83,3.04,61.0,5.0,TOP OF BUILDING,Corcoran-Patterson,1520 PATTERSON AVE.,California,Kings,Corcoran,25260,"Hanford-Corcoran, CA",546,"Visalia-Porterville-Hanford, CA",,
06,071,0027,88101,3,PM2.5 - Local Conditions,2015-08-01,,,MOBILE,MICROSCALE,0 M TO 100 M,SOURCE ORIENTED,170,Met One BAM-1020 Mass Monitor w/VSCC - Beta Attenuation,2022-03-10,,,SLAMS,NEAR ROAD,0972,South Coast Air Quality Management District,99504,34.030833,-117.61722,WGS84,3.04,258.0,4.5,TOP OF BUILDING,Ontario-Route 60 Near Road,2330 S. Castle Harbour,California,San Bernardino,Ontario,40140,"Riverside-San Bernardino-Ontario, CA",348,"Los Angeles-Long Beach, CA",,
06,051,0005,88101,4,PM2.5 - Local Conditions,2018-04-07,,All (2018-04-07 - 2023-08-01),,NEIGHBORHOOD,500 M TO 4KM,POPULATION EXPOSURE,638,Teledyne T640X at 16.67 LPM w/Network Data Alignment enabled - Broadband spectroscopy,2023-08-02,Y,,SLAMS,,0458,Great Basin Unified APCD,1167,37.962069,-119.120278,WGS84,0.0,2067.0,3.0,TOP OF BUILDING,Lee Vining,"330 Mattly Avenue, LEE VINING, 93541",California,Mono,Not in a City,,,,,,
06,073,1026,88101,1,PM2.5 - Local Conditions,2020-01-01,2023-04-06,,AREA,NEIGHBORHOOD,500 M TO 4KM,POPULATION EXPOSURE,545,Met One E-SEQ-FRM PM2.5 with VSCC - Gravimetric,2020-01-01,,,,,0942,San Diego County Air Pollution Control District,104551,32.710177,-117.142665,NAD83,2.0,34.0,2.0,GROUND LEVEL SUPPORT,San Diego - Sherman Elementary School,450B 24th Street,California,San Diego,San Diego,41740,"San Diego-Carlsbad, CA",,,,
06,011,1002,88101,3,PM2.5 - Local Conditions,2020-12-14,,,,,,POPULATION EXPOSURE,170,Met One BAM-1020 Mass Monitor w/VSCC - Beta Attenuation,2021-07-01,Y,,SLAMS,,0145,California Air Resources Board,888,39.18919,-121.99887,NAD83,0.0,17.0,5.0,TOP OF BUILDING,Colusa-Sunrise Blvd,"100 SUNRISE BLVD., COLUSA",California,Colusa,Colusa,,,,,,
06,065,2007,88101,3,PM2.5 - Local Conditions,2024-01-01,,,AREA,NEIGHBORHOOD,500 M TO 4KM,POPULATION EXPOSURE,170,Met One BAM-1020 Mass Monitor w/VSCC - Beta Attenuation,2024-01-01,,,SPM,,0972,South Coast Air Quality Management District,105237,33.72537,-116.206842,WGS84,2.0,-8.0,1.8,TOP OF BUILDING,Indio Amistad High School,"44801 Golf Center Parkway, Indio CA, 92201",California,Riverside,Indio,40140,"Riverside-San Bernardino-Ontario, CA",348,"Los Angeles-Long Beach, CA",,
06,073,1016,88101,4,PM2.5 - Local Conditions,2023-06-30,,,POINT,NEIGHBORHOOD,500 M TO 4KM,GENERAL/BACKGROUND,638,Teledyne T640X at 16.67 LPM w/Network Data Alignment enabled - Broadband spectroscopy,2023-06-30,,,SLAMS,,0942,San Diego County Air Pollution Control District,95699,32.845709,-117.123964,NAD83,1.0,134.0,6.0,TOP OF BUILDING,San Diego - Kearny Villa Rd.,"6125A KEARNY VILLA RD., SAN DIEGO",California,San Diego,San Diego,41740,"San Diego-Carlsbad, CA",,,,
06,073,1017,88101,3,PM2.5 - Local Conditions,2023-06-30,,,,MICROSCALE,0 M TO 100 M,SOURCE ORIENTED,638,Teledyne T640X at 16.67 LPM w/Network Data Alignment enabled - Broadband spectroscopy,2023-06-30,Y,,SLAMS,NEAR ROAD,0942,San Diego County Air Pollution Control District,99631,32.985428,-117.082198,WGS84,5.0,219.0,2.0,SIDE OF BUILDING,San Diego -Rancho Carmel Drive,11403 Rancho Carmel Drive,California,San Diego,San Diego,41740,"San Diego-Carlsbad, CA",,,,
06,051,0005,88101,24,PM2.5 - Local Conditions,2018-04-07,2023-08-01,,,NEIGHBORHOOD,500 M TO 4KM,POPULATION EXPOSURE,738,Teledyne T640X at 16.67 LPM (Corrected) - Broadband spectroscopy,2018-04-07,,,,,0458,Great Basin Unified APCD,1167,37.962069,-119.120278,WGS84,0.0,2067.0,3.0,TOP OF BUILDING,Lee Vining,"330 Mattly Avenue, LEE VINING, 93541",California,Mono,Not in a City,,,,,,
06,037,1302,88101,3,PM2.5 - Local Conditions,2024-01-01,,,AREA,NEIGHBORHOOD,500 M TO 4KM,HIGHEST CONCENTRATION,170,Met One BAM-1020 Mass Monitor w/VSCC - Beta Attenuation,2024-01-01,,,SLAMS,,0972,South Coast Air Quality Management District,94733,33.901389,-118.205,WGS84,1.0,27.0,1.8,TOP OF BUILDING,Compton,700 North Bullis Road,California,Los Angeles,Compton,31080,"Los Angeles-Long Beach-Anaheim, CA",348,"Los Angeles-Long Beach, CA",,
06,029,0016,88101,1,PM2.5 - Local Conditions,2000-02-18,,,,NEIGHBORHOOD,500 M TO 4KM,POPULATION EXPOSURE,145,R & P Model 2025 PM-2.5 Sequential Air Sampler w/VSCC - Gravimetric,2005-03-01,Y,Y,SLAMS,,0145,California Air Resources Board,1014,35.324636,-118.997627,NAD83,18.22,0.0,2.0,TOP OF BUILDING,Bakersfield-Airport (Planz),"410 E. PLANZ RD. BAKERSFIELD, CA  93307",California,Kern,Bakersfield,12540,"Bakersfield, CA",,,,
06,065,2002,88101,3,PM2.5 - Local Conditions,2000-01-01,2022-04-21,,,,,UNKNOWN,183,Thermo Scientific 5014i or FH62C14-DHS w/VSCC - Beta Attenuation,2020-01-01,,,,,0972,South Coast Air Quality Management District,1253,33.70853,-116.21537,WGS84,0.0,0.0,1.8,TOP OF BUILDING,Indio,"46-990 JACKSON ST., INDIO",California,Riverside,Indio,40140,"Riverside-San Bernardino-Ontario, CA",348,"Los Angeles-Long Beach, CA",,
06,101,0003,88101,1,PM2.5 - Local Conditions,1998-12-19,2020-04-10,,,NEIGHBORHOOD,500 M TO 4KM,POPULATION EXPOSURE,145,R & P Model 2025 PM-2.5 Sequential Air Sampler w/VSCC - Gravimetric,2014-01-30,,,,,0145,California Air Resources Board,1567,39.138773,-121.618549,WGS84,0.0,20.0,6.0,,Yuba City,"773 ALMOND ST, YUBA CITY",California,Sutter,Yuba City,49700,"Yuba City, CA",472,"Sacramento-Roseville, CA",,
06,065,8005,88101,1,PM2.5 - Local Conditions,2005-10-25,,,,NEIGHBORHOOD,500 M TO 4KM,HIGHEST CONCENTRATION,145,R & P Model 2025 PM-2.5 Sequential Air Sampler w/VSCC - Gravimetric,2015-05-19,Y,Y,SLAMS,,0972,South Coast Air Quality Management District,92995,33.99636,-117.4924,NAD83,1.0,250.0,,,Mira Loma (Van Buren),5130 POINSETTIA PLACE,California,Riverside,Mira Loma,40140,"Riverside-San Bernardino-Ontario, CA",348,"Los Angeles-Long Beach, CA",,
06,099,0006,88101,3,PM2.5 - Local Conditions,2008-11-19,,,,NEIGHBORHOOD,500 M TO 4KM,POPULATION EXPOSURE,170,Met One BAM-1020 Mass Monitor w/VSCC - Beta Attenuation,2008-11-19,Y,,SLAMS,,0945,San Joaquin Valley Unified Air Pollution Control District,1557,37.488317,-120.836008,NAD83,1.52,56.0,7.0,TOP OF BUILDING,Turlock," 900 S MINARET STREET, TURLOCK, CA",California,Stanislaus,Turlock,33700,"Modesto, CA",382,"Modesto-Merced, CA",,
06,039,2010,88101,3,PM2.5 - Local Conditions,2010-07-16,,,AREA,NEIGHBORHOOD,500 M TO 4KM,POPULATION EXPOSURE,170,Met One BAM-1020 Mass Monitor w/VSCC - Beta Attenuation,2019-09-21,Y,,SLAMS,,0945,San Joaquin Valley Unified Air Pollution Control District,95487,36.953256,-120.034203,WGS84,3.0,83.52,,TOWER,Madera-City,28261 Avenue 14 Madera CA 93638,California,Madera,Madera,31460,"Madera, CA",260,"Fresno-Madera, CA",,
06,029,0011,88101,3,PM2.5 - Local Conditions,2011-04-01,2020-08-31,,,NEIGHBORHOOD,500 M TO 4KM,HIGHEST CONCENTRATION,170,Met One BAM-1020 Mass Monitor w/VSCC - Beta Attenuation,2011-04-01,,,,,0145,California Air Resources Board,1009,35.050551,-118.147294,WGS84,151.82,853.0,8.0,TOP OF BUILDING,Mojave," 923 POOLE STREET, MOJAVE, CA 93501",California,Kern,Mojave,12540,"Bakersfield, CA",,,,
06,007,0008,88101,1,PM2.5 - Local Conditions,2012-04-27,2019-06-30,,,NEIGHBORHOOD,500 M TO 4KM,POPULATION EXPOSURE,145,R & P Model 2025 PM-2.5 Sequential Air Sampler w/VSCC - Gravimetric,2012-10-26,,,,,0145,California Air Resources Board,96599,39.76168,-121.84047,NAD83,62.0,1.0,,,Chico-East Avenue,"984 East Avenue, Chico",California,Butte,Chico,17020,"Chico, CA",,,,
06,061,0003,88101,1,PM2.5 - Local Conditions,2012-01-01,,,,NEIGHBORHOOD,500 M TO 4KM,POPULATION EXPOSURE,170,Met One BAM-1020 Mass Monitor w/VSCC - Beta Attenuation,2012-01-01,Y,,SLAMS,,0872,Placer County APCD,97049,38.93568,-121.09959,NAD83,1.0,400.0,,,Auburn-Atwood,"11645 Atwood Street, Auburn",California,Placer,Auburn,40900,"Sacramento--Roseville--Arden-Arcade, CA",472,"Sacramento-Roseville, CA",,
06,111,0009,88101,3,PM2.5 - Local Conditions,2011-11-15,,,,NEIGHBORHOOD,500 M TO 4KM,HIGHEST CONCENTRATION,170,Met One BAM-1020 Mass Monitor w/VSCC - Beta Attenuation,2011-11-15,Y,,SLAMS,,1118,Ventura County APCD,1610,34.404281,-118.80998,NAD83,3.04,190.0,,TOP OF BUILDING,Piru - Pacific,"3301 PACIFIC AVENUE, PIRU, CA  93040",California,Ventura,Piru,37100,"Oxnard-Thousand Oaks-Ventura, CA",348,"Los Angeles-Long Beach, CA",,
06,023,1005,88101,2,PM2.5 - Local Conditions,2013-04-01,2018-04-11,,,NEIGHBORHOOD,500 M TO 4KM,POPULATION EXPOSURE,143,R & P Model 2000 PM-2.5 Air Sampler w/VSCC - Gravimetric,2016-04-01,,,,,0086,Bay Area Air Quality Management District,96282,40.71528,-124.20139,WGS84,1.0,172.0,5.3,TOP OF BUILDING,Humboldt Hill,"170 meters SE of Donna Dr. & Humboldt Hill Rd., Eureka, CA",California,Humboldt,Not in a City,21700,"Eureka-Arcata-Fortuna, CA",,,,
06,065,1016,88101,2,PM2.5 - Local Conditions,2013-06-27,,All (2013-06-27 - 2013-12-31); All (2014-01-01 - 2023-12-31),,NEIGHBORHOOD,500 M TO 4KM,GENERAL/BACKGROUND,143,R & P Model 2000 PM-2.5 Air Sampler w/VSCC - Gravimetric,2013-06-27,,,TRIBAL,,582,"Morongo Band of Mission Indians, CA",93490,33.944713,-116.830074,NAD83,1.0,720.0,5.0,TOP OF BUILDING,Morongo Air Monitoring Station,"12160 Santiago Rd. Banning, CA 92220",California,Riverside,Banning,40140,"Riverside-San Bernardino-Ontario, CA",348,"Los Angeles-Long Beach, CA",582,"Morongo Band of Mission Indians, CA"
06,111,2002,88101,3,PM2.5 - Local Conditions,2013-06-29,,,,NEIGHBORHOOD,500 M TO 4KM,HIGHEST CONCENTRATION,170,Met One BAM-1020 Mass Monitor w/VSCC - Beta Attenuation,2013-06-29,Y,Y,SLAMS,,1118,Ventura County APCD,1617,34.276316,-118.683685,NAD83,0.0,314.0,,TOP OF BUILDING,Simi Valley-Cochran Street,"5400 COCHRAN STREET, SIMI VALLEY, CA  93063",California,Ventura,Simi Valley,37100,"Oxnard-Thousand Oaks-Ventura, CA",348,"Los Angeles-Long Beach, CA",,
06,085,0006,88101,3,PM2.5 - Local Conditions,2014-09-01,,,MOBILE,MICROSCALE,0 M TO 100 M,POPULATION EXPOSURE; SOURCE ORIENTED,170,Met One BAM-1020 Mass Monitor w/VSCC - Beta Attenuation,2014-09-01,Y,,SLAMS,NEAR ROAD,0086,Bay Area Air Quality Management District,97784,37.338135,-121.849783,WGS84,3.0,30.9,6.4,TOP OF BUILDING,San Jose - Knox Avenue,1007 Knox Ave,California,Santa Clara,San Jose,41940,"San Jose-Sunnyvale-Santa Clara, CA",488,"San Jose-San Francisco-Oakland, CA",,
06,037,4008,88101,1,PM2.5 - Local Conditions,2015-01-01,,,MOBILE,MICROSCALE,0 M TO 100 M,POPULATION EXPOSURE,145,R & P Model 2025 PM-2.5 Sequential Air Sampler w/VSCC - Gravimetric,2015-01-01,Y,,SLAMS,NEAR ROAD,0972,South Coast Air Quality Management District,99552,33.859662,-118.200707,NAD83,3.04,12.0,4.5,OTHER,Long Beach-Route 710 Near Road,5895 Long Beach Blvd.,California,Los Angeles,Long Beach,31080,"Los Angeles-Long Beach-Anaheim, CA",348,"Los Angeles-Long Beach, CA",,
06,103,0007,88101,3,PM2.5 - Local Conditions,2016-03-01,,,,NEIGHBORHOOD,500 M TO 4KM,GENERAL/BACKGROUND,209,Met One BAM-1022 Mass Monitor w/ VSCC or TE-PM2.5C - Beta Attenuation,2023-04-14,Y,,SLAMS,,0145,California Air Resources Board,99103,40.17093,-122.25556,WGS84,1.0,100.0,,,Red Bluff-Walnut St. District Office,"1834 Walnut Street, Red Bluff, CA 96080",California,Tehama,Red Bluff,39780,"Red Bluff, CA",454,"Redding-Red Bluff, CA",,
06,067,0015,88101,1,PM2.5 - Local Conditions,2016-11-01,2020-12-22,,,MIDDLE SCALE,100 M TO 500 M,SOURCE ORIENTED,145,R & P Model 2025 PM-2.5 Sequential Air Sampler w/VSCC - Gravimetric,2016-11-01,,,,,0145,California Air Resources Board,100406,38.593322,-121.503795,WGS84,1.0,12.8,,,Sacramento-Bercut Drive,"100 Bercut Drive, Sacramento",California,Sacramento,Sacramento,40900,"Sacramento--Roseville--Arden-Arcade, CA",472,"Sacramento-Roseville, CA",,
06,093,2001,88101,3,PM2.5 - Local Conditions,2018-07-01,,,,NEIGHBORHOOD,500 M TO 4KM,POPULATION EXPOSURE,170,Met One BAM-1020 Mass Monitor w/VSCC - Beta Attenuation,2018-07-01,Y,,SLAMS,,0145,California Air Resources Board,1527,41.726892,-122.633579,WGS84,0.0,802.0,,,Yreka,"530 FOOTHILL DR., YREKA",California,Siskiyou,Yreka,,,,,,
06,107,2002,88101,3,PM2.5 - Local Conditions,2020-12-09,2021-12-31,,,,,POPULATION EXPOSURE,170,Met One BAM-1020 Mass Monitor w/VSCC - Beta Attenuation,2020-12-09,,,,,0145,California Air Resources Board,1591,36.332179,-119.291228,WGS84,0.0,97.0,,,Visalia-Church,"310 N CHURCH ST, VISALIA",California,Tulare,Visalia,47300,"Visalia-Porterville, CA",546,"Visalia-Porterville-Hanford, CA",,
06,027,1033,88101,2,PM2.5 - Local Conditions,2020-04-06,,All (2020-04-06 - Present),AREA,MICROSCALE,0 M TO 100 M,GENERAL/BACKGROUND; POPULATION EXPOSURE; SOURCE ORIENTED,236,Teledyne T640 at 5.0 LPM - Broadband spectroscopy,2020-04-06,,,TRIBAL,,530,Big Pine Paiute Tribe of the Owens Valley,104378,37.155494,-118.293547,NAD83,10.0,1236.0,,TOWER,Stn.1 Big Pine Paiute site,School St.,California,Inyo,Big Pine,13860,"Bishop, CA",,,530,Big Pine Paiute Tribe of the Owens Valley
06,045,2003,88101,3,PM2.5 - Local Conditions,2021-02-04,,,POINT,,,POPULATION EXPOSURE,170,Met One BAM-1020 Mass Monitor w/VSCC - Beta Attenuation,2021-02-04,Y,,SLAMS,,0145,California Air Resources Board,104850,39.39861,-123.35872,WGS84,1.0,430.0,,,Willits-Blosser Lane,"1277 Blosser Lane, Willits",California,Mendocino,Willits,46380,"Ukiah, CA",,,,
06,073,1014,88101,3,PM2.5 - Local Conditions,2022-08-02,,All (2022-08-02 - 2023-07-02),AREA,NEIGHBORHOOD,500 M TO 4KM,GENERAL/BACKGROUND,638,Teledyne T640X at 16.67 LPM w/Network Data Alignment enabled - Broadband spectroscopy,2023-07-03,Y,,SLAMS,,0942,San Diego County Air Pollution Control District,94572,32.578165,-116.921374,WGS84,1.0,199.0,4.0,TOP OF BUILDING,Donovan,"480 ALTA RD, OTAY MESA, CA",California,San Diego,Otay Mesa,41740,"San Diego-Carlsbad, CA",,,,
06,057,1001,88101,3,PM2.5 - Local Conditions,2024-07-05,,,,,,POPULATION EXPOSURE,209,Met One BAM-1022 Mass Monitor w/ VSCC or TE-PM2.5C - Beta Attenuation,2024-08-28,Y,,SLAMS,,0790,Northern Sierra AQMD,1199,39.32783,-120.184592,NAD83,0.0,5500.0,,,Truckee-Fire Station,"FS-10049 DONNER PASS RD, TRUCKEE",California,Nevada,Truckee,46020,"Truckee-Grass Valley, CA",472,"Sacramento-Roseville, CA",,
06,073,0001,88101,3,PM2.5 - Local Conditions,2023-06-30,,,,NEIGHBORHOOD,500 M TO 4KM,GENERAL/BACKGROUND,638,Teledyne T640X at 16.67 LPM w/Network Data Alignment enabled - Broadband spectroscopy,2023-06-30,Y,,SLAMS,,0942,San Diego County Air Pollution Control District,1345,32.631242,-117.059088,NAD83,0.0,53.0,6.0,TOP OF BUILDING,Chula Vista,"84 E. 'J' ST., CHULA VISTA",California,San Diego,Chula Vista,41740,"San Diego-Carlsbad, CA",,,,
06,025,0010,88101,21,PM2.5 - Local Conditions,2021-04-02,,All (2021-04-02 - Present),AREA,NEIGHBORHOOD,500 M TO 4KM,OTHER,738,Teledyne T640X at 16.67 LPM (Corrected) - Broadband spectroscopy,2021-04-02,Y,,TRIBAL,,595,"Torres-Martinez Cahuilla Indians, California",104851,33.379078,-116.015997,WGS84,10.0,-67.0,4.57,TOP OF BUILDING,Torres Martinez Reservation,3451 Seaview Ave,California,Imperial,Salton Sea Beach,20940,"El Centro, CA",,,595,"Torres-Martinez Cahuilla Indians, California"
06,025,0005,88101,1,PM2.5 - Local Conditions,1999-01-01,2020-12-09,,,NEIGHBORHOOD,500 M TO 4KM,POPULATION EXPOSURE,145,R & P Model 2025 PM-2.5 Sequential Air Sampler w/VSCC - Gravimetric,2011-01-03,,,,,0942,San Diego County Air Pollution Control District,959,32.67618,-115.48307,NAD83,151.82,1.0,3.0,GROUND LEVEL SUPPORT,Calexico-Ethel Street,"1029 ETHEL ST, CALEXICO HIGH SCHOOL",California,Imperial,Calexico,20940,"El Centro, CA",,,,
06,065,8001,88101,2,PM2.5 - Local Conditions,1999-01-01,,,,NEIGHBORHOOD,500 M TO 4KM,HIGHEST CONCENTRATION,145,R & P Model 2025 PM-2.5 Sequential Air Sampler w/VSCC - Gravimetric,2016-12-10,,,SLAMS,,0972,South Coast Air Quality Management District,1262,33.99958,-117.41601,WGS84,0.0,250.0,,,Rubidoux,"5888 MISSION BLVD., RUBIDOUX",California,Riverside,Rubidoux,40140,"Riverside-San Bernardino-Ontario, CA",348,"Los Angeles-Long Beach, CA",,
06,071,0306,88101,2,PM2.5 - Local Conditions,2000-01-01,,,,NEIGHBORHOOD,500 M TO 4KM,POPULATION EXPOSURE; REGIONAL TRANSPORT,170,Met One BAM-1020 Mass Monitor w/VSCC - Beta Attenuation,2016-01-01,,,SLAMS,,0709,Mojave Desert AQMD,1309,34.510961,-117.32554,NAD83,10930.56,913.0,7.6,TOP OF BUILDING,Victorville-Park Avenue,"14306 PARK AVE., VICTORVILLE, CA",California,San Bernardino,Victorville,40140,"Riverside-San Bernardino-Ontario, CA",348,"Los Angeles-Long Beach, CA",,
06,073,1002,88101,1,PM2.5 - Local Conditions,1999-01-01,2015-08-28,,,NEIGHBORHOOD,500 M TO 4KM,GENERAL/BACKGROUND,145,R & P Model 2025 PM-2.5 Sequential Air Sampler w/VSCC - Gravimetric,2011-07-02,,,,,0942,San Diego County Air Pollution Control District,1353,33.127769,-117.075086,NAD83,0.0,202.0,6.0,TOP OF BUILDING,Escondido,"600 E. VALLEY PKWY., ESCONDIDO",California,San Diego,Escondido,41740,"San Diego-Carlsbad, CA",,,,
06,107,2002,88101,1,PM2.5 - Local Conditions,1999-01-03,2020-12-07,,,NEIGHBORHOOD,500 M TO 4KM,POPULATION EXPOSURE,145,R & P Model 2025 PM-2.5 Sequential Air Sampler w/VSCC - Gravimetric,2011-03-01,,,,,0145,California Air Resources Board,1591,36.332179,-119.291228,WGS84,0.0,97.0,5.7,,Visalia-Church,"310 N CHURCH ST, VISALIA",California,Tulare,Visalia,47300,"Visalia-Porterville, CA",546,"Visalia-Porterville-Hanford, CA",,
06,037,4004,88101,1,PM2.5 - Local Conditions,2003-08-07,2022-04-30,,,NEIGHBORHOOD,500 M TO 4KM,POPULATION EXPOSURE,145,R & P Model 2025 PM-2.5 Sequential Air Sampler w/VSCC - Gravimetric,2018-10-18,,,,,0972,South Coast Air Quality Management District,91659,33.79236,-118.17533,WGS84,0.1,6.0,4.0,TOP OF BUILDING,Long Beach (South),"1305 E. Pacific Coast Hwy., Long Beach",California,Los Angeles,Long Beach,31080,"Los Angeles-Long Beach-Anaheim, CA",348,"Los Angeles-Long Beach, CA",,
06,073,1201,88101,1,PM2.5 - Local Conditions,2005-08-19,,All (2005-08-19 - 2008-10-27); All (2008-10-28 - 2015-04-01); All (2015-04-02 - Present),AREA,NEIGHBORHOOD,500 M TO 4KM,GENERAL/BACKGROUND,236,Teledyne T640 at 5.0 LPM - Broadband spectroscopy,2005-08-19,,,TRIBAL,,583,"Pala Band of Luiseno Mission Indians of Pala Reservation, CA",94529,33.362593,-117.09023,WGS84,1.524,109.728,4.55,TOP OF BUILDING,Pala Airpad,"10848 HWY 76, PALA, CA 92059",California,San Diego,Pala,41740,"San Diego-Carlsbad, CA",,,583,"Pala Band of Luiseno Mission Indians of Pala Reservation, CA"
06,019,5001,88101,3,PM2.5 - Local Conditions,2008-11-25,,,AREA,NEIGHBORHOOD,500 M TO 4KM,HIGHEST CONCENTRATION,170,Met One BAM-1020 Mass Monitor w/VSCC - Beta Attenuation,2020-07-01,Y,,SLAMS,,0945,San Joaquin Valley Unified Air Pollution Control District,943,36.819449,-119.716433,NAD83,3.04,86.0,6.0,TOP OF BUILDING,Clovis-Villa,"908 N VILLA AVE, CLOVIS",California,Fresno,Clovis,23420,"Fresno, CA",260,"Fresno-Madera, CA",,
06,037,1302,88101,1,PM2.5 - Local Conditions,2008-11-02,,,,NEIGHBORHOOD,500 M TO 4KM,POPULATION EXPOSURE,145,R & P Model 2025 PM-2.5 Sequential Air Sampler w/VSCC - Gravimetric,2019-04-01,Y,,SLAMS,,0972,South Coast Air Quality Management District,94733,33.901389,-118.205,WGS84,1.0,27.0,5.0,TOP OF BUILDING,Compton,700 North Bullis Road,California,Los Angeles,Compton,31080,"Los Angeles-Long Beach-Anaheim, CA",348,"Los Angeles-Long Beach, CA",,
06,069,0002,88101,3,PM2.5 - Local Conditions,2010-01-01,,,,NEIGHBORHOOD,500 M TO 4KM,POPULATION EXPOSURE,170,Met One BAM-1020 Mass Monitor w/VSCC - Beta Attenuation,2010-01-01,Y,,SLAMS,,0721,Monterey Bay Unified APCD,1285,36.843425,-121.3621,NAD83,0.0,126.0,6.0,TOP OF BUILDING,Hollister,1979 Fairview Rd,California,San Benito,Hollister,41940,"San Jose-Sunnyvale-Santa Clara, CA",488,"San Jose-San Francisco-Oakland, CA",,
06,001,0009,88101,3,PM2.5 - Local Conditions,2009-10-01,,,AREA,MIDDLE SCALE,100 M TO 500 M,POPULATION EXPOSURE,170,Met One BAM-1020 Mass Monitor w/VSCC - Beta Attenuation,2009-10-01,Y,,SLAMS,,0086,Bay Area Air Quality Management District,93907,37.743065,-122.169935,WGS84,6.0,11.0,8.0,TOP OF BUILDING,Oakland,9925 International Blvd,California,Alameda,Oakland,41860,"San Francisco-Oakland-Hayward, CA",488,"San Jose-San Francisco-Oakland, CA",,
06,019,0011,88101,2,PM2.5 - Local Conditions,2012-01-25,,,,NEIGHBORHOOD,500 M TO 4KM,POPULATION EXPOSURE,145,R & P Model 2025 PM-2.5 Sequential Air Sampler w/VSCC - Gravimetric,2012-01-25,,,SLAMS,,0145,California Air Resources Board,96528,36.78538,-119.77321,NAD83,1.0,96.0,,,Fresno - Garland,"3727 N FIRST ST, FRESNO",California,Fresno,Fresno,23420,"Fresno, CA",260,"Fresno-Madera, CA",,
06,073,1016,88101,1,PM2.5 - Local Conditions,2012-02-18,2023-06-30,,POINT,NEIGHBORHOOD,500 M TO 4KM,GENERAL/BACKGROUND,545,Met One E-SEQ-FRM PM2.5 with VSCC - Gravimetric,2019-09-10,,,,,0942,San Diego County Air Pollution Control District,95699,32.845709,-117.123964,NAD83,1.0,134.0,6.0,TOP OF BUILDING,San Diego - Kearny Villa Rd.,"6125A KEARNY VILLA RD., SAN DIEGO",California,San Diego,San Diego,41740,"San Diego-Carlsbad, CA",,,,
06,085,0005,88101,3,PM2.5 - Local Conditions,2012-10-01,,,,NEIGHBORHOOD,500 M TO 4KM,POPULATION EXPOSURE,170,Met One BAM-1020 Mass Monitor w/VSCC - Beta Attenuation,2012-10-01,Y,Y,SLAMS,NCORE,0086,Bay Area Air Quality Management District,91424,37.348497,-121.894898,WGS84,20.0,31.0,8.7,TOP OF BUILDING,San Jose - Jackson,158B JACKSON ST,California,Santa Clara,San Jose,41940,"San Jose-Sunnyvale-Santa Clara, CA",488,"San Jose-San Francisco-Oakland, CA",,
06,111,3001,88101,3,PM2.5 - Local Conditions,2012-01-26,,,,NEIGHBORHOOD,500 M TO 4KM,POPULATION EXPOSURE,170,Met One BAM-1020 Mass Monitor w/VSCC - Beta Attenuation,2012-01-26,Y,,SLAMS,,1118,Ventura County APCD,1619,34.25239,-119.143182,NAD83,0.0,43.0,,TOP OF BUILDING,El Rio-Rio Mesa School #2,"545 CENTRAL AVENUE, OXNARD, CA  93030",California,Ventura,Not in a City,37100,"Oxnard-Thousand Oaks-Ventura, CA",348,"Los Angeles-Long Beach, CA",,
06,001,0012,88101,3,PM2.5 - Local Conditions,2014-02-01,,,MOBILE,MICROSCALE,0 M TO 100 M,POPULATION EXPOSURE; SOURCE ORIENTED,170,Met One BAM-1020 Mass Monitor w/VSCC - Beta Attenuation,2014-02-01,Y,,SLAMS,NEAR ROAD,0086,Bay Area Air Quality Management District,97584,37.793624,-122.263376,WGS84,1.0,3.9,6.4,TOP OF BUILDING,Laney College,Laney College Eighth St. parking lot Aisle J,California,Alameda,Oakland,41860,"San Francisco-Oakland-Hayward, CA",488,"San Jose-San Francisco-Oakland, CA",,
06,097,0004,88101,3,PM2.5 - Local Conditions,2014-01-09,,,AREA,NEIGHBORHOOD,500 M TO 4KM,POPULATION EXPOSURE,170,Met One BAM-1020 Mass Monitor w/VSCC - Beta Attenuation,2014-01-09,Y,,SLAMS,,0086,Bay Area Air Quality Management District,97616,38.403765,-122.818294,WGS84,2.0,78.0,2.0,TOP OF BUILDING,Sebastopol,"103 Morris Street,",California,Sonoma,Sebastopol,42220,"Santa Rosa, CA",488,"San Jose-San Francisco-Oakland, CA",,
06,063,1010,88101,2,PM2.5 - Local Conditions,2015-10-30,2022-08-09,,,NEIGHBORHOOD,500 M TO 4KM,POPULATION EXPOSURE,145,R & P Model 2025 PM-2.5 Sequential Air Sampler w/VSCC - Gravimetric,2015-10-30,,,,,0145,California Air Resources Board,97358,39.81336,-120.47069,WGS84,20.0,8.0,,,Portola,"420 Gulling Street, Portola, CA 96122",California,Plumas,Portola,,,,,,
06,071,2002,88101,21,PM2.5 - Local Conditions,2016-04-30,2018-11-29,,,,,POPULATION EXPOSURE,143,R & P Model 2000 PM-2.5 Air Sampler w/VSCC - Gravimetric,2016-04-30,,,,,0972,South Coast Air Quality Management District,1321,34.10002,-117.49201,WGS84,0.0,381.0,,,Fontana,"14360 ARROW BLVD., FONTANA",California,San Bernardino,Fontana,40140,"Riverside-San Bernardino-Ontario, CA",348,"Los Angeles-Long Beach, CA",,
06,073,0077,88101,3,PM2.5 - Local Conditions,2020-12-11,,All (2020-12-11 - Present),,REGIONAL SCALE,50 TO HUNDREDS KM,GENERAL/BACKGROUND; WELFARE RELATED IMPACTS,636,Teledyne T640 at 5.0 LPM w/Network Data Alignment enabled - Broadband spectroscopy,2024-11-19,Y,,TRIBAL,,570,"Campo Band of Diegueno Mission Indians of Campo Indian Reservation, CA",94253,32.6509,-116.365,WGS84,2.0,1018.15,,GROUND LEVEL SUPPORT,Campo Indian Reservation,"Campo Kumeyaay Nation, 36190 Church Rd, Ste 4, Campo, CA 91906",California,San Diego,Campo,41740,"San Diego-Carlsbad, CA",,,570,"Campo Band of Diegueno Mission Indians of Campo Indian Reservation, CA"
06,067,0010,88101,2,PM2.5 - Local Conditions,2021-04-01,,,,NEIGHBORHOOD,500 M TO 4KM,POPULATION EXPOSURE,143,R & P Model 2000 PM-2.5 Air Sampler w/VSCC - Gravimetric,2021-04-01,,,SLAMS,,0145,California Air Resources Board,1272,38.56844,-121.49311,NAD83,0.0,0.0,10.0,,Sacramento-1309 T Street,"1309 T ST., SACRAMENTO, CA. 95814",California,Sacramento,Sacramento,40900,"Sacramento--Roseville--Arden-Arcade, CA",472,"Sacramento-Roseville, CA",,
06,019,5025,88101,3,PM2.5 - Local Conditions,2021-01-01,,,AREA,NEIGHBORHOOD,500 M TO 4KM,POPULATION EXPOSURE,170,Met One BAM-1020 Mass Monitor w/VSCC - Beta Attenuation,2022-03-11,Y,,SLAMS,,0945,San Joaquin Valley Unified Air Pollution Control District,944,36.72639,-119.733,WGS84,1.52,100.0,11.3,,Fresno-Pacific,"1716 WINERY, FRESNO CA 93726",California,Fresno,Fresno,23420,"Fresno, CA",260,"Fresno-Madera, CA",,
06,029,0010,88101,4,PM2.5 - Local Conditions,2021-01-01,2022-01-20,,AREA,MICROSCALE,0 M TO 100 M,POPULATION EXPOSURE,209,Met One BAM-1022 Mass Monitor w/ VSCC or TE-PM2.5C - Beta Attenuation,2021-01-01,,,SLAMS,,0945,San Joaquin Valley Unified Air Pollution Control District,1008,35.385574,-119.015009,WGS84,3.04,151.0,5.9,,Bakersfield-Golden / M St,"2820 M St., Bakersfield, CA 93301",California,Kern,Bakersfield,12540,"Bakersfield, CA",,,,
06,025,1003,88101,3,PM2.5 - Local Conditions,2021-11-15,,,,,,POPULATION EXPOSURE,209,Met One BAM-1022 Mass Monitor w/ VSCC or TE-PM2.5C - Beta Attenuation,2021-11-15,Y,,SLAMS,,0145,California Air Resources Board,963,32.79222,-115.56306,WGS84,0.0,0.0,,,El Centro-9th Street,"150 9TH ST., EL CENTRO",California,Imperial,El Centro,20940,"El Centro, CA",,,,
06,063,1010,88101,4,PM2.5 - Local Conditions,2022-10-01,,,,,,POPULATION EXPOSURE,209,Met One BAM-1022 Mass Monitor w/ VSCC or TE-PM2.5C - Beta Attenuation,2022-10-01,Y,,SLAMS,,0790,Northern Sierra AQMD,97358,39.81336,-120.47069,WGS84,20.0,8.0,,,Portola,"420 Gulling Street, Portola, CA 96122",California,Plumas,Portola,,,,,,
06,073,1026,88101,3,PM2.5 - Local Conditions,2022-05-16,,All (2022-05-16 - 2023-07-06),AREA,NEIGHBORHOOD,500 M TO 4KM,POPULATION EXPOSURE,638,Teledyne T640X at 16.67 LPM w/Network Data Alignment enabled - Broadband spectroscopy,2023-07-07,Y,,SLAMS,,0942,San Diego County Air Pollution Control District,104551,32.710177,-117.142665,NAD83,2.0,34.0,2.0,GROUND LEVEL SUPPORT,San Diego - Sherman Elementary School,450B 24th Street,California,San Diego,San Diego,41740,"San Diego-Carlsbad, CA",,,,
06,037,9035,88101,1,PM2.5 - Local Conditions,2023-01-01,,,MOBILE,NEIGHBORHOOD,500 M TO 4KM,POPULATION EXPOSURE,170,Met One BAM-1020 Mass Monitor w/VSCC - Beta Attenuation,2023-01-01,Y,,SLAMS,,0042,Antelope Valley APCD,105123,34.725389,-118.178601,WGS84,151.0,706.5,3.0,TOP OF BUILDING,Lancaster - Fairgrounds,"2551 W. Avenue H Lancaster, CA",California,Los Angeles,Lancaster,31080,"Los Angeles-Long Beach-Anaheim, CA",348,"Los Angeles-Long Beach, CA",,
06,023,1004,88101,2,PM2.5 - Local Conditions,2023-12-02,,,,NEIGHBORHOOD,500 M TO 4KM,POPULATION EXPOSURE,143,R & P Model 2000 PM-2.5 Air Sampler w/VSCC - Gravimetric,2023-12-02,,,SPM,,0086,Bay Area Air Quality Management District,93538,40.77678,-124.17949,NAD83,1.0,21.0,7.1,TOP OF BUILDING,Jacobs,717 SOUTH AVENUE,California,Humboldt,Eureka,21700,"Eureka-Arcata-Fortuna, CA",,,,
06,027,1023,88101,2,PM2.5 - Local Conditions,2025-09-01,,,AREA,NEIGHBORHOOD,500 M TO 4KM,POPULATION EXPOSURE,638,Teledyne T640X at 16.67 LPM w/Network Data Alignment enabled - Broadband spectroscopy,2025-09-01,,,TRIBAL,,549,"Paiute-Shoshone Indians of Bishop Community of Bishop Colony, CA",92502,37.362137,-118.417478,WGS84,3.0,1288.55,,TOP OF BUILDING,Bishop Tribe EMO,50 TU SU LANE,California,Inyo,Bishop,13860,"Bishop, CA",,,549,"Paiute-Shoshone Indians of Bishop Community of Bishop Colony, CA"
06,025,1003,88101,1,PM2.5 - Local Conditions,1999-01-01,2022-01-18,,,NEIGHBORHOOD,500 M TO 4KM,POPULATION EXPOSURE,145,R & P Model 2025 PM-2.5 Sequential Air Sampler w/VSCC - Gravimetric,2016-04-02,,,,,0942,San Diego County Air Pollution Control District,963,32.79222,-115.56306,WGS84,0.0,0.0,3.0,TOP OF BUILDING,El Centro-9th Street,"150 9TH ST., EL CENTRO",California,Imperial,El Centro,20940,"El Centro, CA",,,,
06,027,1003,88101,1,PM2.5 - Local Conditions,1998-09-01,,,,NEIGHBORHOOD,500 M TO 4KM,POPULATION EXPOSURE,145,R & P Model 2025 PM-2.5 Sequential Air Sampler w/VSCC - Gravimetric,2010-10-02,,,SLAMS,,0458,Great Basin Unified APCD,996,36.487823,-117.871036,WGS84,1.0,1097.0,2.0,TOP OF BUILDING,Keeler,"KEELER, 190 Cerro Gordo Road",California,Inyo,Keeler,13860,"Bishop, CA",,,,
06,029,0014,88101,2,PM2.5 - Local Conditions,1999-01-01,,,,NEIGHBORHOOD,500 M TO 4KM,POPULATION EXPOSURE,145,R & P Model 2025 PM-2.5 Sequential Air Sampler w/VSCC - Gravimetric,2004-07-13,,,SLAMS,,0145,California Air Resources Board,1012,35.356615,-119.062613,NAD83,151.82,0.0,,,Bakersfield-California,"5558 California Ave., Bakersfield CA 93309",California,Kern,Bakersfield,12540,"Bakersfield, CA",,,,
06,031,0004,88101,1,PM2.5 - Local Conditions,1999-01-01,2021-01-11,,,NEIGHBORHOOD,500 M TO 4KM,POPULATION EXPOSURE,145,R & P Model 2025 PM-2.5 Sequential Air Sampler w/VSCC - Gravimetric,2015-12-28,,,,,0145,California Air Resources Board,1035,36.102244,-119.56565,NAD83,3.04,61.0,5.0,,Corcoran-Patterson,1520 PATTERSON AVE.,California,Kings,Corcoran,25260,"Hanford-Corcoran, CA",546,"Visalia-Porterville-Hanford, CA",,
06,037,4002,88101,1,PM2.5 - Local Conditions,1999-01-01,2022-06-30,,,NEIGHBORHOOD,500 M TO 4KM,HIGHEST CONCENTRATION,145,R & P Model 2025 PM-2.5 Sequential Air Sampler w/VSCC - Gravimetric,2015-06-24,Y,,,,0972,South Coast Air Quality Management District,1106,33.82376,-118.18921,WGS84,0.0,6.0,,,Long Beach (North),"3648 N. LONG BEACH BLVD., LONG BEACH",California,Los Angeles,Long Beach,31080,"Los Angeles-Long Beach-Anaheim, CA",348,"Los Angeles-Long Beach, CA",,
06,053,1003,88101,2,PM2.5 - Local Conditions,2000-01-01,,,,NEIGHBORHOOD,500 M TO 4KM,POPULATION EXPOSURE,143,R & P Model 2000 PM-2.5 Air Sampler w/VSCC - Gravimetric,2016-04-08,,,SLAMS,,0721,Monterey Bay Unified APCD,1185,36.694261,-121.623271,NAD83,13.0,21.6,6.3,TOP OF BUILDING,Salinas 3,867 E. LAUREL Dr,California,Monterey,Salinas,41500,"Salinas, CA",,,,
06,057,0005,88101,1,PM2.5 - Local Conditions,1998-12-30,2021-09-09,,,NEIGHBORHOOD,500 M TO 4KM,POPULATION EXPOSURE,143,R & P Model 2000 PM-2.5 Air Sampler w/VSCC - Gravimetric,2015-10-03,,,,,0145,California Air Resources Board,1196,39.233477,-121.055608,NAD83,151.82,853.0,12.0,,Grass Valley-Litton Building,"200 LITTON DR.,  GRASS VALLEY, CA",California,Nevada,Grass Valley,46020,"Truckee-Grass Valley, CA",472,"Sacramento-Roseville, CA",,
06,071,0306,88101,1,PM2.5 - Local Conditions,2000-01-01,,,,NEIGHBORHOOD,500 M TO 4KM,POPULATION EXPOSURE; REGIONAL TRANSPORT,170,Met One BAM-1020 Mass Monitor w/VSCC - Beta Attenuation,2016-01-01,Y,Y,SLAMS,,0709,Mojave Desert AQMD,1309,34.510961,-117.32554,NAD83,10930.56,913.0,7.6,TOP OF BUILDING,Victorville-Park Avenue,"14306 PARK AVE., VICTORVILLE, CA",California,San Bernardino,Victorville,40140,"Riverside-San Bernardino-Ontario, CA",348,"Los Angeles-Long Beach, CA",,
06,025,0007,88101,1,PM2.5 - Local Conditions,2003-12-15,2021-05-27,,,NEIGHBORHOOD,500 M TO 4KM,POPULATION EXPOSURE,145,R & P Model 2025 PM-2.5 Sequential Air Sampler w/VSCC - Gravimetric,2016-04-02,,,,,0942,San Diego County Air Pollution Control District,91801,32.97833,-115.53917,WGS84,0.01,0.0,2.29,TOP OF BUILDING,Brawley-220 Main Street,"220 MAIN ST., STE 204, BRAWLEY",California,Imperial,Brawley,20940,"El Centro, CA",,,,
06,037,1103,88101,3,PM2.5 - Local Conditions,2008-01-01,,All (2008-01-01 - 2008-07-31),,,,OTHER,170,Met One BAM-1020 Mass Monitor w/VSCC - Beta Attenuation,2022-01-01,,,SLAMS,,0972,South Coast Air Quality Management District,1081,34.06659,-118.22688,WGS84,0.0,87.0,,,Los Angeles-North Main Street,"1630 N MAIN ST, LOS ANGELES",California,Los Angeles,Los Angeles,31080,"Los Angeles-Long Beach-Anaheim, CA",348,"Los Angeles-Long Beach, CA",,
06,079,8001,88101,3,PM2.5 - Local Conditions,2009-06-01,2015-02-24,,AREA,URBAN SCALE,4 KM TO 50 KM,POPULATION EXPOSURE,170,Met One BAM-1020 Mass Monitor w/VSCC - Beta Attenuation,2009-06-01,,,,,0946,San Luis Obispo County APCD,1415,35.49158,-120.66804,WGS84,15.0,277.0,5.8,TOP OF BUILDING,Atascadero (original site),"6005 LEWIS AVENUE, ATASCADERO, CA 93422",California,San Luis Obispo,Atascadero,42020,"San Luis Obispo-Paso Robles-Arroyo Grande, CA",,,,
06,073,1008,88101,3,PM2.5 - Local Conditions,2009-07-01,,All (2009-07-01 - 2010-04-30); All (2022-08-30 - 2023-07-05),AREA,URBAN SCALE,4 KM TO 50 KM,HIGHEST CONCENTRATION; UPWIND BACKGROUND,638,Teledyne T640X at 16.67 LPM w/Network Data Alignment enabled - Broadband spectroscopy,2023-07-06,Y,,SLAMS,,0942,San Diego County Air Pollution Control District,1359,33.217046,-117.396249,WGS84,5.0,16.0,5.0,TOP OF BUILDING,Camp Pendleton,21441-W B STREET,California,San Diego,Camp Pendleton South,41740,"San Diego-Carlsbad, CA",,,,
06,081,1001,88101,3,PM2.5 - Local Conditions,2009-10-01,,,AREA,NEIGHBORHOOD,500 M TO 4KM,POPULATION EXPOSURE,170,Met One BAM-1020 Mass Monitor w/VSCC - Beta Attenuation,2009-10-01,Y,,SLAMS,,0086,Bay Area Air Quality Management District,1419,37.482934,-122.20337,WGS84,20.0,3.0,5.5,TOP OF BUILDING,Redwood City,897 BARRON AVE.,California,San Mateo,Redwood City,41860,"San Francisco-Oakland-Hayward, CA",488,"San Jose-San Francisco-Oakland, CA",,
06,029,0010,88101,3,PM2.5 - Local Conditions,2006-08-27,,,,NEIGHBORHOOD,500 M TO 4KM,POPULATION EXPOSURE,170,Met One BAM-1020 Mass Monitor w/VSCC - Beta Attenuation,2022-01-21,Y,,SLAMS,,0945,San Joaquin Valley Unified Air Pollution Control District,1008,35.385574,-119.015009,WGS84,3.04,151.0,5.0,TOP OF BUILDING,Bakersfield-Golden / M St,"2820 M St., Bakersfield, CA 93301",California,Kern,Bakersfield,12540,"Bakersfield, CA",,,,
06,031,1004,88101,3,PM2.5 - Local Conditions,2010-01-01,,,AREA,NEIGHBORHOOD,500 M TO 4KM,POPULATION EXPOSURE,170,Met One BAM-1020 Mass Monitor w/VSCC - Beta Attenuation,2020-08-01,Y,,SLAMS,,0945,San Joaquin Valley Unified Air Pollution Control District,1040,36.31567,-119.643447,NAD83,3.04,99.0,4.2,TOP OF BUILDING,Hanford-Irwin,"807 SOUTH IRWIN ST., HANFORD",California,Kings,Hanford,25260,"Hanford-Corcoran, CA",546,"Visalia-Porterville-Hanford, CA",,
06,001,0007,88101,3,PM2.5 - Local Conditions,2011-01-01,,,AREA,NEIGHBORHOOD,500 M TO 4KM,POPULATION EXPOSURE,170,Met One BAM-1020 Mass Monitor w/VSCC - Beta Attenuation,2011-01-01,Y,,SLAMS,,0086,Bay Area Air Quality Management District,860,37.687526,-121.784217,WGS84,109305.56,137.0,5.1,TOP OF BUILDING,Livermore,793 Rincon Ave.,California,Alameda,Livermore,41860,"San Francisco-Oakland-Hayward, CA",488,"San Jose-San Francisco-Oakland, CA",,
06,011,0007,88101,1,PM2.5 - Local Conditions,2011-04-08,,All (2011-04-08 - Present),AREA,MIDDLE SCALE,100 M TO 500 M,POPULATION EXPOSURE,170,Met One BAM-1020 Mass Monitor w/VSCC - Beta Attenuation,2011-04-08,Y,,TRIBAL,,513,"Cortina Indian Rancheria of Wintun Indians, CA",93707,39.021221,-122.281803,WGS84,2.0,696.0,10.0,TOP OF BUILDING,Cortina Indian Rancheria,"CORTINA INDIAN RANCHERIA, SPRING VALLEY RD, WILLIAMS",California,Colusa,Cortina Indian Rancheria,,,,,513,"Cortina Indian Rancheria of Wintun Indians, CA"
06,013,1004,88101,3,PM2.5 - Local Conditions,2012-12-10,,,AREA,MIDDLE SCALE,100 M TO 500 M,POPULATION EXPOSURE,170,Met One BAM-1020 Mass Monitor w/VSCC - Beta Attenuation,2012-12-10,Y,,SLAMS,,0086,Bay Area Air Quality Management District,91266,37.9604,-122.356811,WGS84,20.0,20.0,6.0,TOP OF BUILDING,San Pablo,"1865 D RUMRILL BLVD, San Pablo",California,Contra Costa,San Pablo,41860,"San Francisco-Oakland-Hayward, CA",488,"San Jose-San Francisco-Oakland, CA",,
06,111,0007,88101,3,PM2.5 - Local Conditions,2012-01-07,,,,NEIGHBORHOOD,500 M TO 4KM,POPULATION EXPOSURE,170,Met One BAM-1020 Mass Monitor w/VSCC - Beta Attenuation,2012-01-07,Y,,SLAMS,,1118,Ventura County APCD,1608,34.210169,-118.870509,NAD83,0.0,244.0,,TOP OF BUILDING,Thousand Oaks,"2323 Moorpark Road, Thousand Oaks, CA  91360",California,Ventura,Thousand Oaks,37100,"Oxnard-Thousand Oaks-Ventura, CA",348,"Los Angeles-Long Beach, CA",,
06,111,1004,88101,3,PM2.5 - Local Conditions,2011-11-29,,,,NEIGHBORHOOD,500 M TO 4KM,POPULATION EXPOSURE,170,Met One BAM-1020 Mass Monitor w/VSCC - Beta Attenuation,2011-11-29,Y,Y,SLAMS,,1118,Ventura County APCD,1614,34.44806,-119.2313,NAD83,910.88,262.0,,TOP OF BUILDING,Ojai - East Ojai Ave,"1201 E. OJAI AVENUE, OJAI, CA  93023",California,Ventura,Ojai,37100,"Oxnard-Thousand Oaks-Ventura, CA",348,"Los Angeles-Long Beach, CA",,
06,037,4004,88101,3,PM2.5 - Local Conditions,2012-01-01,2022-04-30,,,URBAN SCALE,4 KM TO 50 KM,OTHER,170,Met One BAM-1020 Mass Monitor w/VSCC - Beta Attenuation,2016-01-01,Y,Y,SLAMS,,0972,South Coast Air Quality Management District,91659,33.79236,-118.17533,WGS84,0.1,6.0,2.0,GROUND LEVEL SUPPORT,Long Beach (South),"1305 E. Pacific Coast Hwy., Long Beach",California,Los Angeles,Long Beach,31080,"Los Angeles-Long Beach-Anaheim, CA",348,"Los Angeles-Long Beach, CA",,
06,087,1005,88101,3,PM2.5 - Local Conditions,2014-10-23,,,AREA,NEIGHBORHOOD,500 M TO 4KM,POPULATION EXPOSURE,170,Met One BAM-1020 Mass Monitor w/VSCC - Beta Attenuation,2014-10-01,Y,,SLAMS,,0721,Monterey Bay Unified APCD,97805,37.06315,-122.083092,NAD83,3.0,108.0,,TOP OF BUILDING,San Lorenzo Valley Middle School,"7179 Hacienda Way, Felton CA 95018",California,Santa Cruz,Not in a City,42100,"Santa Cruz-Watsonville, CA",488,"San Jose-San Francisco-Oakland, CA",,
06,073,1022,88101,1,PM2.5 - Local Conditions,2016-06-01,,,,NEIGHBORHOOD,500 M TO 4KM,GENERAL/BACKGROUND,545,Met One E-SEQ-FRM PM2.5 with VSCC - Gravimetric,2019-10-28,,,SLAMS,NCORE,0942,San Diego County Air Pollution Control District,100976,32.789565,-116.944308,NAD83,4.0,143.0,7.0,TOP OF BUILDING,El Cajon - Lexington Elementary School,533 First Street,California,San Diego,El Cajon,41740,"San Diego-Carlsbad, CA",,,,
06,067,5003,88101,3,PM2.5 - Local Conditions,2017-05-10,,,,URBAN SCALE,4 KM TO 50 KM,UPWIND BACKGROUND,170,Met One BAM-1020 Mass Monitor w/VSCC - Beta Attenuation,2017-05-10,Y,,SLAMS,,0145,California Air Resources Board,1283,38.494475,-121.211131,WGS84,151.82,58.0,,,Sloughhouse,"7250 SLOUGHHOUSE ROAD, SLOUGHHOUSE",California,Sacramento,Not in a City,40900,"Sacramento--Roseville--Arden-Arcade, CA",472,"Sacramento-Roseville, CA",,
06,027,0002,88101,2,PM2.5 - Local Conditions,2017-10-10,,,,NEIGHBORHOOD,500 M TO 4KM,POPULATION EXPOSURE,145,R & P Model 2025 PM-2.5 Sequential Air Sampler w/VSCC - Gravimetric,2017-10-10,,,SLAMS,,0458,Great Basin Unified APCD,971,37.360684,-118.330783,WGS84,0.0,1257.0,3.0,,WMRC/NCORE,"WMRC/NCORE, 3000 E. LINE ST., BISHOP, CA. 93514",California,Inyo,Not in a City,13860,"Bishop, CA",,,,
06,055,0004,88101,3,PM2.5 - Local Conditions,2018-04-01,2021-05-25,,,NEIGHBORHOOD,500 M TO 4KM,POPULATION EXPOSURE,170,Met One BAM-1020 Mass Monitor w/VSCC - Beta Attenuation,2018-04-01,,,,,0086,Bay Area Air Quality Management District,104235,38.278849,-122.275024,NAD83,1.0,10.0,4.9,TOP OF BUILDING,Napa Valley College,Magnolia Drive and Route 221,California,Napa,Napa,34900,"Napa, CA",488,"San Jose-San Francisco-Oakland, CA",,
06,019,2016,88101,3,PM2.5 - Local Conditions,2020-01-01,,,AREA,MICROSCALE,0 M TO 100 M,HIGHEST CONCENTRATION; POPULATION EXPOSURE,170,Met One BAM-1020 Mass Monitor w/VSCC - Beta Attenuation,2020-01-01,Y,,SLAMS,NEAR ROAD,0945,San Joaquin Valley Unified Air Pollution Control District,101123,36.710833,-119.7775,WGS84,1.0,87.0,,OTHER,Fresno-Foundry,2482 Foundry Park Ave,California,Fresno,Fresno,23420,"Fresno, CA",260,"Fresno-Madera, CA",,
06,073,1006,88101,3,PM2.5 - Local Conditions,2022-09-08,,All (2022-09-08 - 2023-07-05),AREA,URBAN SCALE,4 KM TO 50 KM,HIGHEST CONCENTRATION; POPULATION EXPOSURE,638,Teledyne T640X at 16.67 LPM w/Network Data Alignment enabled - Broadband spectroscopy,2023-07-06,Y,,SLAMS,,0942,San Diego County Air Pollution Control District,1357,32.842318,-116.768293,NAD83,0.0,627.0,7.5,TOP OF BUILDING,Alpine,"2300 VICTORIA DR., ALPINE",California,San Diego,Alpine,41740,"San Diego-Carlsbad, CA",,,,
06,023,0006,88101,3,PM2.5 - Local Conditions,2022-10-31,,All (2022-10-31 - Present),AREA,URBAN SCALE,4 KM TO 50 KM,GENERAL/BACKGROUND,170,Met One BAM-1020 Mass Monitor w/VSCC - Beta Attenuation,2022-10-31,,,TRIBAL,,561,"Hoopa Valley Tribe, CA",95819,41.047117,-123.675233,WGS84,1.0,1.0,6.0,TOWER,Hoopa Valley Reservation,"5 Loop Rd Hoopa, CA 95546",California,Humboldt,Not in a City,21700,"Eureka-Arcata-Fortuna, CA",,,561,"Hoopa Valley Tribe, CA"
06,001,0016,88101,3,PM2.5 - Local Conditions,2023-01-01,,,,NEIGHBORHOOD,500 M TO 4KM,HIGHEST CONCENTRATION; POPULATION EXPOSURE,170,Met One BAM-1020 Mass Monitor w/VSCC - Beta Attenuation,2023-01-01,Y,,SLAMS,,0086,Bay Area Air Quality Management District,105203,37.68975,-121.77155,WGS84,2.6,145.5,5.7,TOP OF BUILDING,Livermore Portola,2451 Portola Ave,California,Alameda,Livermore,41860,"San Francisco-Oakland-Hayward, CA",488,"San Jose-San Francisco-Oakland, CA",,
06,073,1025,88101,3,PM2.5 - Local Conditions,2023-09-27,,,MOBILE,MICROSCALE,0 M TO 100 M,SOURCE ORIENTED,638,Teledyne T640X at 16.67 LPM w/Network Data Alignment enabled - Broadband spectroscopy,2023-09-27,Y,,SLAMS,NEAR ROAD,0942,San Diego County Air Pollution Control District,104582,32.552824,-117.047345,WGS84,1.0,18.0,5.0,TOP OF BUILDING,San Ysidro,198 W. San Ysidro Blvd,California,San Diego,San Diego,41740,"San Diego-Carlsbad, CA",,,,
06,073,1022,88101,23,PM2.5 - Local Conditions,2022-08-11,2023-07-06,,POINT,NEIGHBORHOOD,500 M TO 4KM,GENERAL/BACKGROUND,738,Teledyne T640X at 16.67 LPM (Corrected) - Broadband spectroscopy,2022-08-11,,,SLAMS,NCORE,0942,San Diego County Air Pollution Control District,100976,32.789565,-116.944308,NAD83,4.0,143.0,7.0,TOP OF BUILDING,El Cajon - Lexington Elementary School,533 First Street,California,San Diego,El Cajon,41740,"San Diego-Carlsbad, CA",,,,
06,019,5025,88101,1,PM2.5 - Local Conditions,2000-01-01,2020-12-31,,,NEIGHBORHOOD,500 M TO 4KM,POPULATION EXPOSURE,145,R & P Model 2025 PM-2.5 Sequential Air Sampler w/VSCC - Gravimetric,2014-11-20,,,,,0145,California Air Resources Board,944,36.72639,-119.733,WGS84,1.52,100.0,11.5,TOP OF BUILDING,Fresno-Pacific,"1716 WINERY, FRESNO CA 93726",California,Fresno,Fresno,23420,"Fresno, CA",260,"Fresno-Madera, CA",,
06,037,0002,88101,1,PM2.5 - Local Conditions,1999-01-01,2022-09-29,,,NEIGHBORHOOD,500 M TO 4KM,POPULATION EXPOSURE,145,R & P Model 2025 PM-2.5 Sequential Air Sampler w/VSCC - Gravimetric,2022-01-23,,,,,0972,South Coast Air Quality Management District,1053,34.1365,-117.92391,WGS84,0.0,183.0,,,Azusa,"803 N. LOREN AVE., AZUSA",California,Los Angeles,Azusa,31080,"Los Angeles-Long Beach-Anaheim, CA",348,"Los Angeles-Long Beach, CA",,
06,037,1103,88101,1,PM2.5 - Local Conditions,1999-01-01,,,,NEIGHBORHOOD,500 M TO 4KM,HIGHEST CONCENTRATION,145,R & P Model 2025 PM-2.5 Sequential Air Sampler w/VSCC - Gravimetric,2015-03-25,Y,Y,SLAMS,NCORE,0972,South Coast Air Quality Management District,1081,34.06659,-118.22688,WGS84,0.0,87.0,,,Los Angeles-North Main Street,"1630 N MAIN ST, LOS ANGELES",California,Los Angeles,Los Angeles,31080,"Los Angeles-Long Beach-Anaheim, CA",348,"Los Angeles-Long Beach, CA",,
06,037,1201,88101,1,PM2.5 - Local Conditions,1999-01-01,,,,NEIGHBORHOOD,500 M TO 4KM,POPULATION EXPOSURE,145,R & P Model 2025 PM-2.5 Sequential Air Sampler w/VSCC - Gravimetric,2018-08-09,Y,,SLAMS,,0972,South Coast Air Quality Management District,1085,34.19925,-118.53276,WGS84,0.0,226.0,,,Reseda,"18330 GAULT ST., RESEDA",California,Los Angeles,Reseda,31080,"Los Angeles-Long Beach-Anaheim, CA",348,"Los Angeles-Long Beach, CA",,
06,067,0006,88101,2,PM2.5 - Local Conditions,1999-02-17,2025-06-05,,,NEIGHBORHOOD,500 M TO 4KM,HIGHEST CONCENTRATION; POPULATION EXPOSURE,145,R & P Model 2025 PM-2.5 Sequential Air Sampler w/VSCC - Gravimetric,2007-05-19,,,,,0145,California Air Resources Board,1270,38.613779,-121.368014,WGS84,0.0,8.0,4.4,,Sacramento-Del Paso Manor,"DEL PASO-2701 AVALON DR, SACRAMENTO",California,Sacramento,Arden-Arcade,40900,"Sacramento--Roseville--Arden-Arcade, CA",472,"Sacramento-Roseville, CA",,
06,067,0010,88101,1,PM2.5 - Local Conditions,1998-12-13,2020-12-07,,,NEIGHBORHOOD,500 M TO 4KM,POPULATION EXPOSURE,145,R & P Model 2025 PM-2.5 Sequential Air Sampler w/VSCC - Gravimetric,2012-11-08,,,,,0145,California Air Resources Board,1272,38.56844,-121.49311,NAD83,0.0,0.0,10.0,,Sacramento-1309 T Street,"1309 T ST., SACRAMENTO, CA. 95814",California,Sacramento,Sacramento,40900,"Sacramento--Roseville--Arden-Arcade, CA",472,"Sacramento-Roseville, CA",,
06,073,0001,88101,1,PM2.5 - Local Conditions,1999-01-01,2023-06-29,,,NEIGHBORHOOD,500 M TO 4KM,GENERAL/BACKGROUND,545,Met One E-SEQ-FRM PM2.5 with VSCC - Gravimetric,2020-01-01,,,,,0942,San Diego County Air Pollution Control District,1345,32.631242,-117.059088,NAD83,0.0,53.0,6.0,TOP OF BUILDING,Chula Vista,"84 E. 'J' ST., CHULA VISTA",California,San Diego,Chula Vista,41740,"San Diego-Carlsbad, CA",,,,
06,089,0004,88101,1,PM2.5 - Local Conditions,1998-12-19,2025-12-31,,,NEIGHBORHOOD,500 M TO 4KM,POPULATION EXPOSURE,143,R & P Model 2000 PM-2.5 Air Sampler w/VSCC - Gravimetric,2015-01-09,,,,,0145,California Air Resources Board,1508,40.55013,-122.38092,NAD83,0.0,149.0,8.7,,Redding - Health Department,"HLTH CTR-2630 BRESLAUER WAY, REDDING",California,Shasta,Redding,39820,"Redding, CA",454,"Redding-Red Bluff, CA",,
06,023,1004,88101,1,PM2.5 - Local Conditions,2006-12-25,,,,NEIGHBORHOOD,500 M TO 4KM,POPULATION EXPOSURE,143,R & P Model 2000 PM-2.5 Air Sampler w/VSCC - Gravimetric,2016-04-01,Y,Y,SLAMS,,0086,Bay Area Air Quality Management District,93538,40.77678,-124.17949,NAD83,1.0,21.0,7.1,TOP OF BUILDING,Jacobs,717 SOUTH AVENUE,California,Humboldt,Eureka,21700,"Eureka-Arcata-Fortuna, CA",,,,
06,025,0005,88101,2,PM2.5 - Local Conditions,1999-01-01,,,,NEIGHBORHOOD,500 M TO 4KM,POPULATION EXPOSURE,143,R & P Model 2000 PM-2.5 Air Sampler w/VSCC - Gravimetric,2021-04-01,,,SLAMS,,0942,San Diego County Air Pollution Control District,959,32.67618,-115.48307,NAD83,151.82,1.0,3.0,GROUND LEVEL SUPPORT,Calexico-Ethel Street,"1029 ETHEL ST, CALEXICO HIGH SCHOOL",California,Imperial,Calexico,20940,"El Centro, CA",,,,
06,045,0006,88101,3,PM2.5 - Local Conditions,2008-12-31,,,,NEIGHBORHOOD,500 M TO 4KM,POPULATION EXPOSURE,170,Met One BAM-1020 Mass Monitor w/VSCC - Beta Attenuation,2008-12-31,Y,,SLAMS,,0145,California Air Resources Board,1142,39.15047,-123.20655,WGS84,0.0,0.0,8.0,TOP OF BUILDING,Ukiah-Library,"105 N MAIN ST, UKIAH, CA 95482",California,Mendocino,Ukiah,46380,"Ukiah, CA",,,,
06,059,0007,88101,3,PM2.5 - Local Conditions,2008-01-01,,All (2008-01-01 - 2008-07-31),MOBILE,URBAN SCALE,4 KM TO 50 KM,POPULATION EXPOSURE,170,Met One BAM-1020 Mass Monitor w/VSCC - Beta Attenuation,2016-01-01,,,SLAMS,,0972,South Coast Air Quality Management District,91686,33.83062,-117.93845,WGS84,20.0,10.0,4.0,TOP OF BUILDING,Anaheim,1630 W. PAMPAS LANE,California,Orange,Anaheim,31080,"Los Angeles-Long Beach-Anaheim, CA",348,"Los Angeles-Long Beach, CA",,
06,041,0001,88101,3,PM2.5 - Local Conditions,2009-10-27,,,AREA,MIDDLE SCALE,100 M TO 500 M,POPULATION EXPOSURE,170,Met One BAM-1020 Mass Monitor w/VSCC - Beta Attenuation,2009-10-27,Y,,SLAMS,,0086,Bay Area Air Quality Management District,1128,37.97231,-122.520004,WGS84,2.0,3.0,8.6,TOP OF BUILDING,San Rafael,534 4TH ST.,California,Marin,San Rafael,41860,"San Francisco-Oakland-Hayward, CA",488,"San Jose-San Francisco-Oakland, CA",,
06,009,0001,88101,3,PM2.5 - Local Conditions,2010-06-15,,,,NEIGHBORHOOD,500 M TO 4KM,GENERAL/BACKGROUND,170,Met One BAM-1020 Mass Monitor w/VSCC - Beta Attenuation,2010-06-15,Y,,SLAMS,,0145,California Air Resources Board,884,38.20185,-120.680277,NAD83,151.82,0.0,,,San Andreas-Gold Strike Road,"501 GOLD STRIKE ROAD, SAN ANDREAS",California,Calaveras,San Andreas,,,,,,
06,083,1008,88101,3,PM2.5 - Local Conditions,2010-05-23,2021-02-28,,,NEIGHBORHOOD,500 M TO 4KM,POPULATION EXPOSURE,170,Met One BAM-1020 Mass Monitor w/VSCC - Beta Attenuation,2010-05-23,,,,,0145,California Air Resources Board,1434,34.942872,-120.435611,NAD83,151.82,76.0,8.0,TOP OF BUILDING,Santa Maria,906 S BROADWAY - SANTA MARIA,California,Santa Barbara,Santa Maria,42200,"Santa Maria-Santa Barbara, CA",,,,
06,023,1005,88101,1,PM2.5 - Local Conditions,2011-06-23,2018-12-31,All (2011-06-23 - 2013-10-01),,NEIGHBORHOOD,500 M TO 4KM,POPULATION EXPOSURE,195,GRIMM EDM Model 180 with naphion dryer - Laser Light Scattering,2011-06-23,,,,,0145,California Air Resources Board,96282,40.71528,-124.20139,WGS84,1.0,172.0,,,Humboldt Hill,"170 meters SE of Donna Dr. & Humboldt Hill Rd., Eureka, CA",California,Humboldt,Not in a City,21700,"Eureka-Arcata-Fortuna, CA",,,,
06,073,1011,88101,3,PM2.5 - Local Conditions,2012-12-12,2018-07-01,All (2012-12-12 - 2018-07-01),,,,GENERAL/BACKGROUND,170,Met One BAM-1020 Mass Monitor w/VSCC - Beta Attenuation,2012-12-12,,,,,577,"La Posta Band of Dieguento Mission Indians of La Posta Indian Reservation, CA",94157,32.725226,-116.365203,WGS84,1.0,1372.21,,,La Posta Reservation,"8 1/2 Crestwood Road, Boulevard, CA 91905",California,San Diego,Boulevard,41740,"San Diego-Carlsbad, CA",,,577,"La Posta Band of Dieguento Mission Indians of La Posta Indian Reservation, CA"
06,019,0011,88101,4,PM2.5 - Local Conditions,2012-01-01,2020-12-31,,,NEIGHBORHOOD,500 M TO 4KM,POPULATION EXPOSURE,170,Met One BAM-1020 Mass Monitor w/VSCC - Beta Attenuation,2012-01-01,,,,,0145,California Air Resources Board,96528,36.78538,-119.77321,NAD83,1.0,96.0,,,Fresno - Garland,"3727 N FIRST ST, FRESNO",California,Fresno,Fresno,23420,"Fresno, CA",260,"Fresno-Madera, CA",,
06,083,2004,88101,1,PM2.5 - Local Conditions,2015-01-01,,,,NEIGHBORHOOD,500 M TO 4KM,POPULATION EXPOSURE,170,Met One BAM-1020 Mass Monitor w/VSCC - Beta Attenuation,2015-01-01,Y,,SLAMS,,0948,Santa Barbara County APCD,1463,34.63782,-120.4575,WGS84,15.0,41.0,1.0,TOP OF BUILDING,Lompoc H Street,"128 S 'H' ST, LOMPOC",California,Santa Barbara,Lompoc,42200,"Santa Maria-Santa Barbara, CA",,,,
06,067,0012,88101,3,PM2.5 - Local Conditions,2013-04-01,,,AREA,NEIGHBORHOOD,500 M TO 4KM,POPULATION EXPOSURE,170,Met One BAM-1020 Mass Monitor w/VSCC - Beta Attenuation,2013-04-01,Y,Y,SLAMS,,0145,California Air Resources Board,1274,38.683304,-121.164457,WGS84,151.82,98.0,5.0,TOP OF BUILDING,Folsom-Natoma St.,"50 NATOMA STREET, FOLSOM",California,Sacramento,Folsom,40900,"Sacramento--Roseville--Arden-Arcade, CA",472,"Sacramento-Roseville, CA",,
06,071,0027,88101,1,PM2.5 - Local Conditions,2015-01-01,,,MOBILE,MICROSCALE,0 M TO 100 M,POPULATION EXPOSURE,145,R & P Model 2025 PM-2.5 Sequential Air Sampler w/VSCC - Gravimetric,2015-01-01,Y,Y,SLAMS,NEAR ROAD,0972,South Coast Air Quality Management District,99504,34.030833,-117.61722,WGS84,3.04,258.0,4.5,OTHER,Ontario-Route 60 Near Road,2330 S. Castle Harbour,California,San Bernardino,Ontario,40140,"Riverside-San Bernardino-Ontario, CA",348,"Los Angeles-Long Beach, CA",,
06,061,0006,88101,2,PM2.5 - Local Conditions,2015-07-01,2020-12-07,,,NEIGHBORHOOD,500 M TO 4KM,POPULATION EXPOSURE,143,R & P Model 2000 PM-2.5 Air Sampler w/VSCC - Gravimetric,2015-07-01,,,,,0145,California Air Resources Board,1225,38.74643,-121.26498,NAD83,151.82,48.0,6.1,,Roseville-N Sunrise Ave," 151 NO SUNRISE BLVD, ROSEVILLE, CA",California,Placer,Roseville,40900,"Sacramento--Roseville--Arden-Arcade, CA",472,"Sacramento-Roseville, CA",,
06,023,0006,88101,1,PM2.5 - Local Conditions,2013-08-01,,All (2013-08-01 - Present),AREA,NEIGHBORHOOD,500 M TO 4KM,GENERAL/BACKGROUND,182,Thermo Scientific TEOM 1405-DF Dichotomous FDMS - FDMS Gravimetric,2018-12-01,Y,,TRIBAL,,561,"Hoopa Valley Tribe, CA",95819,41.047117,-123.675233,WGS84,1.0,1.0,,GROUND LEVEL SUPPORT,Hoopa Valley Reservation,"5 Loop Rd Hoopa, CA 95546",California,Humboldt,Not in a City,21700,"Eureka-Arcata-Fortuna, CA",,,561,"Hoopa Valley Tribe, CA"
06,073,1017,88101,1,PM2.5 - Local Conditions,2019-06-01,2023-06-29,,,MICROSCALE,0 M TO 100 M,SOURCE ORIENTED,545,Met One E-SEQ-FRM PM2.5 with VSCC - Gravimetric,2019-06-01,,,,,0942,San Diego County Air Pollution Control District,99631,32.985428,-117.082198,WGS84,5.0,219.0,2.0,SIDE OF BUILDING,San Diego -Rancho Carmel Drive,11403 Rancho Carmel Drive,California,San Diego,San Diego,41740,"San Diego-Carlsbad, CA",,,,
06,047,2510,88101,3,PM2.5 - Local Conditions,2021-01-01,,,AREA,NEIGHBORHOOD,500 M TO 4KM,POPULATION EXPOSURE,170,Met One BAM-1020 Mass Monitor w/VSCC - Beta Attenuation,2022-03-04,Y,,SLAMS,,0945,San Joaquin Valley Unified Air Pollution Control District,1158,37.30832,-120.480456,NAD83,1.52,58.0,8.4,,Merced-M St,"2334 'M' ST. MERCED, CA",California,Merced,Merced,32900,"Merced, CA",382,"Modesto-Merced, CA",,
06,107,0009,88101,1,PM2.5 - Local Conditions,2020-12-01,,All (2020-12-01 - Present),,,,HIGHEST CONCENTRATION,170,Met One BAM-1020 Mass Monitor w/VSCC - Beta Attenuation,2020-12-01,Y,,NON-EPA FEDERAL,,0745,National Park Service,1587,36.48947,-118.82915,WGS84,5.0,510.0,,,Sequoia & Kings Canyon NPs - Ash Mountain,SEQUOIA & KINGS CANYON NP,California,Tulare,Not in a City,47300,"Visalia-Porterville, CA",546,"Visalia-Porterville-Hanford, CA",,
06,037,4009,88101,1,PM2.5 - Local Conditions,2022-04-21,,,,NEIGHBORHOOD,500 M TO 4KM,POPULATION EXPOSURE,143,R & P Model 2000 PM-2.5 Air Sampler w/VSCC - Gravimetric,2022-04-21,,,SLAMS,,0972,South Coast Air Quality Management District,104683,33.793713,-118.171019,NAD83,3.04,8.0,,TOP OF BUILDING,Signal Hill (LBSH),1710 E. 20th Street,California,Los Angeles,Signal Hill,31080,"Los Angeles-Long Beach-Anaheim, CA",348,"Los Angeles-Long Beach, CA",,
06,073,1016,88101,3,PM2.5 - Local Conditions,2023-06-30,,,POINT,NEIGHBORHOOD,500 M TO 4KM,GENERAL/BACKGROUND,638,Teledyne T640X at 16.67 LPM w/Network Data Alignment enabled - Broadband spectroscopy,2023-06-30,Y,Y,SLAMS,,0942,San Diego County Air Pollution Control District,95699,32.845709,-117.123964,NAD83,1.0,134.0,6.0,TOP OF BUILDING,San Diego - Kearny Villa Rd.,"6125A KEARNY VILLA RD., SAN DIEGO",California,San Diego,San Diego,41740,"San Diego-Carlsbad, CA",,,,
06,051,0001,88101,26,PM2.5 - Local Conditions,2018-09-21,2022-04-15,,,NEIGHBORHOOD,500 M TO 4KM,POPULATION EXPOSURE,738,Teledyne T640X at 16.67 LPM (Corrected) - Broadband spectroscopy,2018-09-21,,,,,0458,Great Basin Unified APCD,1163,37.64571,-118.96652,WGS84,1.0,2395.0,3.0,,Mammoth Lakes,"MAMMOTH, Corner of Old Mammoth Road and HWY 203,  MAMMOTH LAKES",California,Mono,Mammoth Lakes,,,,,,
06,027,1033,88101,22,PM2.5 - Local Conditions,2020-04-06,,All (2020-04-06 - Present),AREA,MICROSCALE,0 M TO 100 M,,736,Teledyne T640 at 5.0 LPM (Corrected) - Broadband spectroscopy,2020-04-06,Y,,TRIBAL,,530,Big Pine Paiute Tribe of the Owens Valley,104378,37.155494,-118.293547,NAD83,10.0,1236.0,,TOWER,Stn.1 Big Pine Paiute site,School St.,California,Inyo,Big Pine,13860,"Bishop, CA",,,530,Big Pine Paiute Tribe of the Owens Valley
06,065,0500,88101,21,PM2.5 - Local Conditions,2019-03-01,,All (2019-03-01 - Present),AREA,NEIGHBORHOOD,500 M TO 4KM,,738,Teledyne T640X at 16.67 LPM (Corrected) - Broadband spectroscopy,2019-03-01,Y,Y,TRIBAL,,598,Twenty-Nine Palms Band of Mission Indians,104498,33.71969,-116.1897,NAD83,3.0,-8.0,5.2,TOP OF BUILDING,29 Palms,"84245 Vista Del Norte, Indio, CA   92203",California,Riverside,Indio,40140,"Riverside-San Bernardino-Ontario, CA",348,"Los Angeles-Long Beach, CA",598,Twenty-Nine Palms Band of Mission Indians
06,027,1023,88101,21,PM2.5 - Local Conditions,2020-07-01,,All (2020-07-01 - Present),AREA,NEIGHBORHOOD,500 M TO 4KM,,736,Teledyne T640 at 5.0 LPM (Corrected) - Broadband spectroscopy,2020-07-01,Y,,TRIBAL,,549,"Paiute-Shoshone Indians of Bishop Community of Bishop Colony, CA",92502,37.362137,-118.417478,WGS84,3.0,1288.55,,TOP OF BUILDING,Bishop Tribe EMO,50 TU SU LANE,California,Inyo,Bishop,13860,"Bishop, CA",,,549,"Paiute-Shoshone Indians of Bishop Community of Bishop Colony, CA"
06,073,1026,88101,23,PM2.5 - Local Conditions,2022-05-16,2023-07-06,,AREA,NEIGHBORHOOD,500 M TO 4KM,,738,Teledyne T640X at 16.67 LPM (Corrected) - Broadband spectroscopy,2022-05-16,,,SLAMS,,0942,San Diego County Air Pollution Control District,104551,32.710177,-117.142665,NAD83,2.0,34.0,2.0,GROUND LEVEL SUPPORT,San Diego - Sherman Elementary School,450B 24th Street,California,San Diego,San Diego,41740,"San Diego-Carlsbad, CA",,,,
06,027,1018,88101,21,PM2.5 - Local Conditions,2021-04-01,,All (2021-04-01 - Present),,,,,736,Teledyne T640 at 5.0 LPM (Corrected) - Broadband spectroscopy,2021-04-01,Y,,TRIBAL,,624,"Paiute-Shoshone Indians of the Lone Pine Community of Lone Pine Reservation,CA",92674,36.595556,-118.049167,WGS84,3.0,1128.0,,,Lone Pine Paiute-Shoshone Reservation,1101 E-SHA LANE,California,Inyo,Lone Pine,13860,"Bishop, CA",,,624,"Paiute-Shoshone Indians of the Lone Pine Community of Lone Pine Reservation,CA"
06,073,1008,88101,23,PM2.5 - Local Conditions,2009-07-01,2023-07-05,All (2009-07-01 - 2010-04-30),AREA,URBAN SCALE,4 KM TO 50 KM,,738,Teledyne T640X at 16.67 LPM (Corrected) - Broadband spectroscopy,2022-08-30,,,SLAMS,,0942,San Diego County Air Pollution Control District,1359,33.217046,-117.396249,WGS84,5.0,16.0,5.0,TOP OF BUILDING,Camp Pendleton,21441-W B STREET,California,San Diego,Camp Pendleton South,41740,"San Diego-Carlsbad, CA",,,,
06,073,0077,88101,23,PM2.5 - Local Conditions,2020-12-11,2024-11-19,All (2020-12-11 - 2024-11-19),,REGIONAL SCALE,50 TO HUNDREDS KM,,736,Teledyne T640 at 5.0 LPM (Corrected) - Broadband spectroscopy,2020-12-11,,,,,570,"Campo Band of Diegueno Mission Indians of Campo Indian Reservation, CA",94253,32.6509,-116.365,WGS84,2.0,1018.15,,GROUND LEVEL SUPPORT,Campo Indian Reservation,"Campo Kumeyaay Nation, 36190 Church Rd, Ste 4, Campo, CA 91906",California,San Diego,Campo,41740,"San Diego-Carlsbad, CA",,,570,"Campo Band of Diegueno Mission Indians of Campo Indian Reservation, CA"
06,073,1006,88101,23,PM2.5 - Local Conditions,2022-09-08,2023-07-05,,AREA,URBAN SCALE,4 KM TO 50 KM,,738,Teledyne T640X at 16.67 LPM (Corrected) - Broadband spectroscopy,2022-09-08,,,SLAMS,,0942,San Diego County Air Pollution Control District,1357,32.842318,-116.768293,NAD83,0.0,627.0,7.5,TOP OF BUILDING,Alpine,"2300 VICTORIA DR., ALPINE",California,San Diego,Alpine,41740,"San Diego-Carlsbad, CA",,,,
06,073,1014,88101,23,PM2.5 - Local Conditions,2022-08-02,2023-07-02,,AREA,NEIGHBORHOOD,500 M TO 4KM,,738,Teledyne T640X at 16.67 LPM (Corrected) - Broadband spectroscopy,2022-08-02,,,SLAMS,,0942,San Diego County Air Pollution Control District,94572,32.578165,-116.921374,WGS84,1.0,199.0,4.0,TOP OF BUILDING,Donovan,"480 ALTA RD, OTAY MESA, CA",California,San Diego,Otay Mesa,41740,"San Diego-Carlsbad, CA",,,,
