state_code,county_code,site_number,parameter_code,poc,parameter_name,open_date,close_date,concurred_exclusions,dominant_source,measurement_scale,measurement_scale_def,monitoring_objective,last_method_code,last_method_description,last_method_begin_date,naaqs_primary_monitor,qa_primary_monitor,monitor_type,networks,monitoring_agency_code,monitoring_agency,si_id,latitude,longitude,datum,lat_lon_accuracy,elevation,probe_height,pl_probe_location,local_site_name,address,state_name,county_name,city_name,cbsa_code,cbsa_name,csa_code,csa_name,tribal_code,tribe_name,geometry,msa_id,msa_name,index_right,tract_geoid,CNTY_NAME,ACSTOTPOP,PEOPCOLORPCT,LOWINCPCT,UNEMPPCT,LESSHSPCT,LINGISOPCT,PM25
06,013,0002,88101,1,PM2.5 - Local Conditions,1999-01-08,,,,NEIGHBORHOOD,500 M TO 4KM,POPULATION EXPOSURE,145,R & P Model 2025 PM-2.5 Sequential Air Sampler w/VSCC - Gravimetric,2019-02-23,,,SLAMS,,0086,Bay Area Air Quality Management District,890,37.936013,-122.026154,WGS84,13.0,26.0,5.9,TOP OF BUILDING,Concord,2956-A TREAT BOULEVARD,California,Contra Costa,Concord,41860,"San Francisco-Oakland-Hayward, CA",488,"San Jose-San Francisco-Oakland, CA",,,POINT (-122.026154 37.936013),41860,"San Francisco-Oakland-Fremont, CA",9057,06013338201,Contra Costa County,4019,0.327444637969644,0.080571137174911,0.023517382413088,0.028093434343434,0.083440308087291,11.6635234972678
06,037,1103,88101,2,PM2.5 - Local Conditions,1999-01-01,,,,NEIGHBORHOOD,500 M TO 4KM,HIGHEST CONCENTRATION,145,R & P Model 2025 PM-2.5 Sequential Air Sampler w/VSCC - Gravimetric,2016-12-16,,,SLAMS,,0972,South Coast Air Quality Management District,1081,34.06659,-118.22688,WGS84,0.0,87.0,,,Los Angeles-North Main Street,"1630 N MAIN ST, LOS ANGELES",California,Los Angeles,Los Angeles,31080,"Los Angeles-Long Beach-Anaheim, CA",348,"Los Angeles-Long Beach, CA",,,POINT (-118.22688 34.06659),31080,"Los Angeles-Long Beach-Anaheim, CA",5,06037206010,Los Angeles County,3729,0.886564762670957,0.519442209707696,0.16209371042634,0.360350492880613,0.270557029177719,13.3477
06,047,2510,88101,1,PM2.5 - Local Conditions,1999-04-01,2020-12-31,,,NEIGHBORHOOD,500 M TO 4KM,POPULATION EXPOSURE,145,R & P Model 2025 PM-2.5 Sequential Air Sampler w/VSCC - Gravimetric,2014-12-11,,,,,0145,California Air Resources Board,1158,37.30832,-120.480456,NAD83,1.52,58.0,8.7,,Merced-M St,"2334 'M' ST. MERCED, CA",California,Merced,Merced,32900,"Merced, CA",382,"Modesto-Merced, CA",,,POINT (-120.480456 37.30832),32900,"Merced, CA",5416,06047001302,Merced County,2911,0.842665750601168,0.688912809472551,0.254983388704319,0.281705342687534,0.001851851851852,15.5013396174863
06,059,2022,88101,1,PM2.5 - Local Conditions,1999-06-15,,,,NEIGHBORHOOD,500 M TO 4KM,POPULATION EXPOSURE,145,R & P Model 2025 PM-2.5 Sequential Air Sampler w/VSCC - Gravimetric,2026-01-01,Y,Y,SLAMS,,0972,South Coast Air Quality Management District,1212,33.63003,-117.67593,WGS84,10930.56,161.0,4.0,,Mission Viejo,"26081 VIA PERA, MISSION VIEJO, CA 92691",California,Orange,Mission Viejo,31080,"Los Angeles-Long Beach-Anaheim, CA",348,"Los Angeles-Long Beach, CA",,,POINT (-117.67593 33.63003),31080,"Los Angeles-Long Beach-Anaheim, CA",3368,06059032027,Orange County,6442,0.633498913380938,0.194932379916058,0.053763440860215,0.102040816326531,0.077565046637212,11.8307390710383
06,065,8001,88101,1,PM2.5 - Local Conditions,1999-01-01,,,,NEIGHBORHOOD,500 M TO 4KM,HIGHEST CONCENTRATION,145,R & P Model 2025 PM-2.5 Sequential Air Sampler w/VSCC - Gravimetric,2015-04-16,Y,Y,SLAMS,NCORE,0972,South Coast Air Quality Management District,1262,33.99958,-117.41601,WGS84,0.0,250.0,,,Rubidoux,"5888 MISSION BLVD., RUBIDOUX",California,Riverside,Rubidoux,40140,"Riverside-San Bernardino-Ontario, CA",348,"Los Angeles-Long Beach, CA",,,POINT (-117.41601 33.99958),40140,"Riverside-San Bernardino-Ontario, CA",4273,06065040304,Riverside County,4289,0.900909302867801,0.63265306122449,0.121353558926488,0.375836284927194,0.131359851988899,13.8225180327869
06,067,4001,88101,1,PM2.5 - Local Conditions,1999-02-02,2016-11-16,,,NEIGHBORHOOD,500 M TO 4KM,POPULATION EXPOSURE,145,R & P Model 2025 PM-2.5 Sequential Air Sampler w/VSCC - Gravimetric,2007-05-19,,,,,0145,California Air Resources Board,1280,38.556326,-121.458499,WGS84,0.0,8.0,5.1,,Sacramento Health Department-Stockton Blvd.,"HLTH CTR-2221 STOCKTON BLVD, SACRAMENTO",California,Sacramento,Sacramento,40900,"Sacramento--Roseville--Arden-Arcade, CA",472,"Sacramento-Roseville, CA",,,POINT (-121.458499 38.556326),40900,"Sacramento-Roseville-Folsom, CA",217,06067001702,Sacramento County,3715,0.253566621803499,0.313630229419703,0.0,0.073511166253102,0.167300380228137,14.559100273224
06,071,2002,88101,1,PM2.5 - Local Conditions,1999-01-01,,,,NEIGHBORHOOD,500 M TO 4KM,POPULATION EXPOSURE,145,R & P Model 2025 PM-2.5 Sequential Air Sampler w/VSCC - Gravimetric,2018-11-30,Y,,SLAMS,,0972,South Coast Air Quality Management District,1321,34.10002,-117.49201,WGS84,0.0,381.0,,,Fontana,"14360 ARROW BLVD., FONTANA",California,San Bernardino,Fontana,40140,"Riverside-San Bernardino-Ontario, CA",348,"Los Angeles-Long Beach, CA",,,POINT (-117.49201 34.10002),40140,"Riverside-San Bernardino-Ontario, CA",3389,06071002204,San Bernardino County,5942,0.913665432514305,0.365651438240271,0.102101116217991,0.287639804989963,0.116576819407008,13.697675136612
06,071,8001,88101,1,PM2.5 - Local Conditions,1999-02-08,,,,NEIGHBORHOOD,500 M TO 4KM,POPULATION EXPOSURE,143,R & P Model 2000 PM-2.5 Air Sampler w/VSCC - Gravimetric,2016-02-26,,,SLAMS,,0972,South Coast Air Quality Management District,1335,34.26464,-116.86147,NAD83,3.04,2056.0,,,Big Bear,"501 W. VALLEY BLVD., BIG BEAR CITY,",California,San Bernardino,Big Bear City,40140,"Riverside-San Bernardino-Ontario, CA",348,"Los Angeles-Long Beach, CA",,,POINT (-116.86147 34.26464),40140,"Riverside-San Bernardino-Ontario, CA",8081,06071011406,San Bernardino County,2814,0.420398009950249,0.364250177683014,0.098489822718319,0.140546006066734,0.019730941704036,7.54979169398907
06,099,0005,88101,1,PM2.5 - Local Conditions,1999-01-03,2020-12-07,,,NEIGHBORHOOD,500 M TO 4KM,POPULATION EXPOSURE,143,R & P Model 2000 PM-2.5 Air Sampler w/VSCC - Gravimetric,2013-04-10,,,,,0145,California Air Resources Board,1556,37.642165,-120.994212,NAD83,0.0,27.0,5.5,,Modesto-14th Street,"814 14TH ST., MODESTO",California,Stanislaus,Modesto,33700,"Modesto, CA",382,"Modesto-Merced, CA",,,POINT (-120.994212 37.642165),33700,"Modesto, CA",4340,06099001800,Stanislaus County,2308,0.594020797227036,0.665213600697472,0.144973544973545,0.263888888888889,0.124007936507937,15.0817017213115
06,065,8001,88101,3,PM2.5 - Local Conditions,2008-01-01,,All (2008-01-01 - 2008-07-31),,,,OTHER,170,Met One BAM-1020 Mass Monitor w/VSCC - Beta Attenuation,2008-01-01,,,SLAMS,,0972,South Coast Air Quality Management District,1262,33.99958,-117.41601,WGS84,0.0,250.0,,,Rubidoux,"5888 MISSION BLVD., RUBIDOUX",California,Riverside,Rubidoux,40140,"Riverside-San Bernardino-Ontario, CA",348,"Los Angeles-Long Beach, CA",,,POINT (-117.41601 33.99958),40140,"Riverside-San Bernardino-Ontario, CA",4273,06065040304,Riverside County,4289,0.900909302867801,0.63265306122449,0.121353558926488,0.375836284927194,0.131359851988899,13.8225180327869
06,027,1003,88101,3,PM2.5 - Local Conditions,2009-09-10,,,,NEIGHBORHOOD,500 M TO 4KM,POPULATION EXPOSURE,181,Thermo Scientific TEOM 1400 FDMS or 1405 8500C FDMS w/VSCC - FDMS Gravimetric,2009-09-10,Y,Y,SLAMS,,0458,Great Basin Unified APCD,996,36.487823,-117.871036,WGS84,1.0,1097.0,2.0,TOP OF BUILDING,Keeler,"KEELER, 190 Cerro Gordo Road",California,Inyo,Keeler,13860,"Bishop, CA",,,,,POINT (-117.871036 36.487823),13860,"Bishop, CA",5934,06027000800,Inyo County,3058,0.428711576193591,0.366511318242344,0.02052091554854,0.07157217531162,0.025819958129798,6.95654139344262
06,085,0002,88101,3,PM2.5 - Local Conditions,2009-10-31,,,AREA,NEIGHBORHOOD,500 M TO 4KM,POPULATION EXPOSURE; REGIONAL TRANSPORT,170,Met One BAM-1020 Mass Monitor w/VSCC - Beta Attenuation,2009-10-31,Y,,SLAMS,,0086,Bay Area Air Quality Management District,1479,36.999571,-121.574684,WGS84,4.0,63.0,3.0,GROUND LEVEL SUPPORT,Gilroy,9TH & PRINCEVILLE,California,Santa Clara,Gilroy,41940,"San Jose-Sunnyvale-Santa Clara, CA",488,"San Jose-San Francisco-Oakland, CA",,,POINT (-121.574684 36.999571),41940,"San Jose-Sunnyvale-Santa Clara, CA",3495,06085512512,Santa Clara County,4052,0.739634748272458,0.337672481124707,0.100534759358289,0.386324786324786,0.044423440453686,9.803886065573773
06,019,2009,88101,3,PM2.5 - Local Conditions,2009-10-30,,,AREA,URBAN SCALE,4 KM TO 50 KM,GENERAL/BACKGROUND,170,Met One BAM-1020 Mass Monitor w/VSCC - Beta Attenuation,2009-10-30,Y,,SLAMS,,0945,San Joaquin Valley Unified Air Pollution Control District,95489,36.634225,-120.382331,WGS84,5.0,58.83,4.66,TOP OF BUILDING,Tranquillity,32650 West Adams Avenue Tranquillity CA 93668,California,Fresno,Not in a City,23420,"Fresno, CA",260,"Fresno-Madera, CA",,,POINT (-120.382331 36.634225),23420,"Fresno, CA",5213,06019008200,Fresno County,5946,0.963000336360579,0.651698620921628,0.155685920577617,0.473986690865094,0.284891165172855,13.5642234426229
06,047,0003,88101,3,PM2.5 - Local Conditions,2009-10-19,2023-12-31,,AREA,NEIGHBORHOOD,500 M TO 4KM,POPULATION EXPOSURE,170,Met One BAM-1020 Mass Monitor w/VSCC - Beta Attenuation,2009-10-19,,,,,0945,San Joaquin Valley Unified Air Pollution Control District,1151,37.281853,-120.433671,NAD83,1.52,86.0,5.0,TOP OF BUILDING,Merced-Coffee,"385 S. COFFEE AVENUE, MERCED, CA 95340",California,Merced,Not in a City,32900,"Merced, CA",382,"Modesto-Merced, CA",,,POINT (-120.433671 37.281853),32900,"Merced, CA",5418,06047001700,Merced County,7308,0.723864258347017,0.575363113181694,0.038951583545686,0.204230869678767,0.050714615029968,15.432162295082
06,095,0004,88101,3,PM2.5 - Local Conditions,2011-01-01,,,AREA,NEIGHBORHOOD,500 M TO 4KM,HIGHEST CONCENTRATION; POPULATION EXPOSURE; REGIONAL TRANSPORT,170,Met One BAM-1020 Mass Monitor w/VSCC - Beta Attenuation,2011-01-01,Y,Y,SLAMS,,0086,Bay Area Air Quality Management District,1532,38.102507,-122.237976,WGS84,0.0,6.0,5.8,TOP OF BUILDING,Vallejo,304 TUOLUMNE ST.,California,Solano,Vallejo,46700,"Vallejo-Fairfield, CA",488,"San Jose-San Francisco-Oakland, CA",,,POINT (-122.237976 38.102507),46700,"Vallejo, CA",5090,06095251200,Solano County,3266,0.795162278015922,0.291411042944785,0.053865336658354,0.154561558901683,0.150081566068515,11.375743715847
06,065,8005,88101,2,PM2.5 - Local Conditions,2012-04-03,,,,NEIGHBORHOOD,500 M TO 4KM,HIGHEST CONCENTRATION,145,R & P Model 2025 PM-2.5 Sequential Air Sampler w/VSCC - Gravimetric,2017-02-02,,,SLAMS,,0972,South Coast Air Quality Management District,92995,33.99636,-117.4924,NAD83,1.0,250.0,,,Mira Loma (Van Buren),5130 POINSETTIA PLACE,California,Riverside,Mira Loma,40140,"Riverside-San Bernardino-Ontario, CA",348,"Los Angeles-Long Beach, CA",,,POINT (-117.4924 33.99636),40140,"Riverside-San Bernardino-Ontario, CA",7967,06065040403,Riverside County,5518,0.806814063066328,0.139543312794491,0.063165365507452,0.277167947310648,0.029343629343629,14.3894204918033
06,073,1016,88101,2,PM2.5 - Local Conditions,2012-02-18,2023-06-30,,POINT,NEIGHBORHOOD,500 M TO 4KM,GENERAL/BACKGROUND,545,Met One E-SEQ-FRM PM2.5 with VSCC - Gravimetric,2019-09-10,,,,,0942,San Diego County Air Pollution Control District,95699,32.845709,-117.123964,NAD83,1.0,134.0,6.0,TOP OF BUILDING,San Diego - Kearny Villa Rd.,"6125A KEARNY VILLA RD., SAN DIEGO",California,San Diego,San Diego,41740,"San Diego-Carlsbad, CA",,,,,POINT (-117.123964 32.845709),41740,"San Diego-Chula Vista-Carlsbad, CA",6228,06073009400,San Diego County,4873,0.575415555099528,0.331225680933852,0.092009685230024,0.0,0.0,11.8629721311475
06,095,0004,88101,4,PM2.5 - Local Conditions,2013-01-01,,,AREA,NEIGHBORHOOD,500 M TO 4KM,QUALITY ASSURANCE,170,Met One BAM-1020 Mass Monitor w/VSCC - Beta Attenuation,2013-01-01,,,SLAMS,,0086,Bay Area Air Quality Management District,1532,38.102507,-122.237976,WGS84,0.0,6.0,5.8,TOP OF BUILDING,Vallejo,304 TUOLUMNE ST.,California,Solano,Vallejo,46700,"Vallejo-Fairfield, CA",488,"San Jose-San Francisco-Oakland, CA",,,POINT (-122.237976 38.102507),46700,"Vallejo, CA",5090,06095251200,Solano County,3266,0.795162278015922,0.291411042944785,0.053865336658354,0.154561558901683,0.150081566068515,11.375743715847
06,013,0002,88101,3,PM2.5 - Local Conditions,2013-01-01,,,AREA,NEIGHBORHOOD,500 M TO 4KM,POPULATION EXPOSURE,170,Met One BAM-1020 Mass Monitor w/VSCC - Beta Attenuation,2013-01-01,Y,Y,SLAMS,,0086,Bay Area Air Quality Management District,890,37.936013,-122.026154,WGS84,13.0,26.0,6.0,TOP OF BUILDING,Concord,2956-A TREAT BOULEVARD,California,Contra Costa,Concord,41860,"San Francisco-Oakland-Hayward, CA",488,"San Jose-San Francisco-Oakland, CA",,,POINT (-122.026154 37.936013),41860,"San Francisco-Oakland-Fremont, CA",9057,06013338201,Contra Costa County,4019,0.327444637969644,0.080571137174911,0.023517382413088,0.028093434343434,0.083440308087291,11.6635234972678
06,083,2011,88101,1,PM2.5 - Local Conditions,2014-01-01,,,AREA,URBAN SCALE,4 KM TO 50 KM,POPULATION EXPOSURE,170,Met One BAM-1020 Mass Monitor w/VSCC - Beta Attenuation,2014-01-01,Y,,SLAMS,,0948,Santa Barbara County APCD,1468,34.44551,-119.8284,WGS84,15.0,14.0,3.0,TOP OF BUILDING,Goleta,"380 N FAIRVIEW AVENUE, GOLETA",California,Santa Barbara,Goleta,42200,"Santa Maria-Santa Barbara, CA",,,,,POINT (-119.8284 34.44551),42200,"Santa Maria-Santa Barbara, CA",8522,06083002914,Santa Barbara County,3097,0.343235389086212,0.122053600258314,0.075155279503106,0.024865312888521,0.023404255319149,7.95333647540984
06,027,0002,88101,1,PM2.5 - Local Conditions,2015-04-01,,All (2017-10-01 - 2023-07-09),,REGIONAL SCALE,50 TO HUNDREDS KM,GENERAL/BACKGROUND,638,Teledyne T640X at 16.67 LPM w/Network Data Alignment enabled - Broadband spectroscopy,2023-07-10,Y,Y,SLAMS,NCORE,0458,Great Basin Unified APCD,971,37.360684,-118.330783,WGS84,0.0,1257.0,3.0,,WMRC/NCORE,"WMRC/NCORE, 3000 E. LINE ST., BISHOP, CA. 93514",California,Inyo,Not in a City,13860,"Bishop, CA",,,,,POINT (-118.330783 37.360684),13860,"Bishop, CA",4651,06027000100,Inyo County,3073,0.484542792059876,0.395045632333768,0.088419405320814,0.152820512820513,0.0,11.4054780601093
06,019,0500,88101,1,PM2.5 - Local Conditions,2016-01-26,,All (2016-01-26 - Present),MOBILE,URBAN SCALE,4 KM TO 50 KM,POPULATION EXPOSURE,170,Met One BAM-1020 Mass Monitor w/VSCC - Beta Attenuation,2016-01-26,Y,Y,TRIBAL,,551,Table Mountain Rancheria,100184,36.985119,-119.658339,WGS84,40.0,207.0,5.1,TOP OF BUILDING,Table Mountain Air Monitoring Site,Milerton Road and Winchell Cove Road,California,Fresno,Not in a City,23420,"Fresno, CA",260,"Fresno-Madera, CA",551,Table Mountain Rancheria,POINT (-119.658339 36.985119),23420,"Fresno, CA",5867,06019006405,Fresno County,5395,0.246339202965709,0.133642261353105,0.028301886792453,0.058239749281797,0.008238928939238,19.6991996448087
06,037,1602,88101,2,PM2.5 - Local Conditions,2017-05-01,2022-01-17,,,NEIGHBORHOOD,500 M TO 4KM,POPULATION EXPOSURE,143,R & P Model 2000 PM-2.5 Air Sampler w/VSCC - Gravimetric,2017-05-01,,,,,0972,South Coast Air Quality Management District,92493,34.01029,-118.0685,NAD83,1.0,75.0,,,Pico Rivera #2,"4144 SAN GABRIEL RIVER PKWY, PICO RIVERA",California,Los Angeles,Pico Rivera,31080,"Los Angeles-Long Beach-Anaheim, CA",348,"Los Angeles-Long Beach, CA",,,POINT (-118.0685 34.01029),31080,"Los Angeles-Long Beach-Anaheim, CA",725,06037500403,Los Angeles County,3497,0.965970832141836,0.163568773234201,0.03921568627451,0.214229867083659,0.08310502283105,14.4358860655738
06,033,3002,88101,1,PM2.5 - Local Conditions,2017-07-01,,,,,,POPULATION EXPOSURE,143,R & P Model 2000 PM-2.5 Air Sampler w/VSCC - Gravimetric,2017-07-01,Y,,SLAMS,,0145,California Air Resources Board,104019,39.01893,-122.91333,NAD83,1.0,409.0,,,Lakeport-S. Main Street,"2617 S. Main Street, Lakeport, CA 95453",California,Lake,Lakeport,17340,"Clearlake, CA",,,,,POINT (-122.91333 39.01893),17340,"Clearlake, CA",5202,06033000402,Lake County,2452,0.31810766721044,0.267536704730832,0.108333333333333,0.073170731707317,0.0,9.83838961748634
06,057,0005,88101,3,PM2.5 - Local Conditions,2017-12-06,,,,NEIGHBORHOOD,500 M TO 4KM,POPULATION EXPOSURE,209,Met One BAM-1022 Mass Monitor w/ VSCC or TE-PM2.5C - Beta Attenuation,2022-06-01,Y,Y,SLAMS,,0790,Northern Sierra AQMD,1196,39.233477,-121.055608,NAD83,151.82,853.0,3.0,,Grass Valley-Litton Building,"200 LITTON DR.,  GRASS VALLEY, CA",California,Nevada,Grass Valley,46020,"Truckee-Grass Valley, CA",472,"Sacramento-Roseville, CA",,,POINT (-121.055608 39.233477),46020,"Truckee-Grass Valley, CA",558,06057000504,Nevada County,5054,0.148595172140879,0.250374812593703,0.048924731182796,0.076646090534979,0.0,12.2049346994536
06,037,0002,88101,21,PM2.5 - Local Conditions,2018-01-02,2022-01-20,,,NEIGHBORHOOD,500 M TO 4KM,POPULATION EXPOSURE,143,R & P Model 2000 PM-2.5 Air Sampler w/VSCC - Gravimetric,2018-01-02,,,,,0972,South Coast Air Quality Management District,1053,34.1365,-117.92391,WGS84,0.0,183.0,,,Azusa,"803 N. LOREN AVE., AZUSA",California,Los Angeles,Azusa,31080,"Los Angeles-Long Beach-Anaheim, CA",348,"Los Angeles-Long Beach, CA",,,POINT (-117.92391 34.1365),31080,"Los Angeles-Long Beach-Anaheim, CA",2921,06037400603,Los Angeles County,4999,0.758351670334067,0.111312764670296,0.064925899788285,0.089830051254384,0.069972451790634,12.5293040983607
06,065,0500,88101,1,PM2.5 - Local Conditions,2019-03-01,,All (2019-03-01 - Present),AREA,NEIGHBORHOOD,500 M TO 4KM,POPULATION EXPOSURE,238,Teledyne T640X at 16.67 LPM - Broadband spectroscopy,2019-03-01,,,TRIBAL,,598,Twenty-Nine Palms Band of Mission Indians,104498,33.71969,-116.1897,NAD83,3.0,-8.0,5.2,TOP OF BUILDING,29 Palms,"84245 Vista Del Norte, Indio, CA   92203",California,Riverside,Indio,40140,"Riverside-San Bernardino-Ontario, CA",348,"Los Angeles-Long Beach, CA",598,Twenty-Nine Palms Band of Mission Indians,POINT (-116.1897 33.71969),40140,"Riverside-San Bernardino-Ontario, CA",739,06065940400,Riverside County,5985,0.981119465329992,0.36888963547791,0.096059821685361,0.450891849175886,0.487075519513431,8.96611256830601
06,065,0500,88101,2,PM2.5 - Local Conditions,2020-08-01,,All (2020-08-01 - Present),AREA,NEIGHBORHOOD,500 M TO 4KM,POPULATION EXPOSURE,521,Met One E-FRM PM2.5 with VSCC - Gravimetric,2020-08-01,,,TRIBAL,,598,Twenty-Nine Palms Band of Mission Indians,104498,33.71969,-116.1897,NAD83,3.0,-8.0,5.2,TOP OF BUILDING,29 Palms,"84245 Vista Del Norte, Indio, CA   92203",California,Riverside,Indio,40140,"Riverside-San Bernardino-Ontario, CA",348,"Los Angeles-Long Beach, CA",598,Twenty-Nine Palms Band of Mission Indians,POINT (-116.1897 33.71969),40140,"Riverside-San Bernardino-Ontario, CA",739,06065940400,Riverside County,5985,0.981119465329992,0.36888963547791,0.096059821685361,0.450891849175886,0.487075519513431,8.96611256830601
06,079,2020,88101,1,PM2.5 - Local Conditions,2021-01-01,,,,NEIGHBORHOOD,500 M TO 4KM,GENERAL/BACKGROUND; POPULATION EXPOSURE,170,Met One BAM-1020 Mass Monitor w/VSCC - Beta Attenuation,2021-01-01,Y,,SLAMS,,0946,San Luis Obispo County APCD,104767,35.259502,-120.64472,WGS84,30.0,65.5,8.0,TOP OF BUILDING,SLO Roberto,3433 Roberto Ct.,California,San Luis Obispo,San Luis Obispo,42020,"San Luis Obispo-Paso Robles-Arroyo Grande, CA",,,,,POINT (-120.64472 35.259502),42020,"San Luis Obispo-Paso Robles, CA",1543,06079011104,San Luis Obispo County,1853,0.329735563950351,0.257608695652174,0.036855036855037,0.072234762979684,0.058100558659218,8.55104398907104
06,067,0015,88101,3,PM2.5 - Local Conditions,2020-12-30,,,MOBILE,MICROSCALE,0 M TO 100 M,SOURCE ORIENTED,170,Met One BAM-1020 Mass Monitor w/VSCC - Beta Attenuation,2020-12-30,Y,,SLAMS,NEAR ROAD,0936,Sacramento County APCD,100406,38.593322,-121.503795,WGS84,1.0,12.8,,TOP OF BUILDING,Sacramento-Bercut Drive,"100 Bercut Drive, Sacramento",California,Sacramento,Sacramento,40900,"Sacramento--Roseville--Arden-Arcade, CA",472,"Sacramento-Roseville, CA",,,POINT (-121.503795 38.593322),40900,"Sacramento-Roseville-Folsom, CA",7592,06067005301,Sacramento County,2077,0.559460760712566,0.603883495145631,0.094713656387665,0.197094125078964,0.017191977077364,14.6921398907104
06,083,1009,88101,1,PM2.5 - Local Conditions,2022-10-01,,,AREA,NEIGHBORHOOD,500 M TO 4KM,POPULATION EXPOSURE,170,Met One BAM-1020 Mass Monitor w/VSCC - Beta Attenuation,2022-10-01,Y,,SLAMS,,0948,Santa Barbara County APCD,104832,34.890667,-120.432844,WGS84,15.0,90.0,,TOP OF BUILDING,Santa Maria,"3700 Orcutt Rd. Santa Maria, CA 93455",California,Santa Barbara,Orcutt,42200,"Santa Maria-Santa Barbara, CA",,,,,POINT (-120.432844 34.890667),42200,"Santa Maria-Santa Barbara, CA",8569,06083002008,Santa Barbara County,7204,0.532759578012215,0.081976339596381,0.031129476584022,0.098429550984296,0.024978466838932,8.30600327868853
06,025,0007,88101,3,PM2.5 - Local Conditions,2021-06-23,,,,NEIGHBORHOOD,500 M TO 4KM,POPULATION EXPOSURE,209,Met One BAM-1022 Mass Monitor w/ VSCC or TE-PM2.5C - Beta Attenuation,2021-06-23,Y,,SLAMS,,0518,Imperial County APCD,91801,32.97833,-115.53917,WGS84,0.01,0.0,,,Brawley-220 Main Street,"220 MAIN ST., STE 204, BRAWLEY",California,Imperial,Brawley,20940,"El Centro, CA",,,,,POINT (-115.53917 32.97833),20940,"El Centro, CA",1171,06025010600,Imperial County,7833,0.789480403421422,0.35039420964198,0.058634772462077,0.110591583655214,0.14065840102608,10.1937696721311
06,059,2022,88101,3,PM2.5 - Local Conditions,2020-01-01,,,,,,POPULATION EXPOSURE,170,Met One BAM-1020 Mass Monitor w/VSCC - Beta Attenuation,2026-01-01,,,SPM,,0972,South Coast Air Quality Management District,1212,33.63003,-117.67593,WGS84,10930.56,161.0,4.0,TOP OF BUILDING,Mission Viejo,"26081 VIA PERA, MISSION VIEJO, CA 92691",California,Orange,Mission Viejo,31080,"Los Angeles-Long Beach-Anaheim, CA",348,"Los Angeles-Long Beach, CA",,,POINT (-117.67593 33.63003),31080,"Los Angeles-Long Beach-Anaheim, CA",3368,06059032027,Orange County,6442,0.633498913380938,0.194932379916058,0.053763440860215,0.102040816326531,0.077565046637212,11.8307390710383
06,083,9001,88101,1,PM2.5 - Local Conditions,2023-10-01,,,AREA,NEIGHBORHOOD,500 M TO 4KM,GENERAL/BACKGROUND,209,Met One BAM-1022 Mass Monitor w/ VSCC or TE-PM2.5C - Beta Attenuation,2023-10-01,Y,,SPM,,0948,Santa Barbara County APCD,105202,34.39424,-119.514721,WGS84,1.0,20.0,20.0,TOP OF BUILDING,,5351 Carpinteria Avenue,California,Santa Barbara,Carpinteria,42200,"Santa Maria-Santa Barbara, CA",,,,,POINT (-119.514721 34.39424),42200,"Santa Maria-Santa Barbara, CA",2761,06083001604,Santa Barbara County,4466,0.44961934617107,0.145711719802425,0.077625570776256,0.121617418351477,0.047139830508475,7.90970677595628
06,065,2007,88101,1,PM2.5 - Local Conditions,2024-04-03,,,,,,POPULATION EXPOSURE,145,R & P Model 2025 PM-2.5 Sequential Air Sampler w/VSCC - Gravimetric,2024-04-03,Y,Y,SLAMS,,0972,South Coast Air Quality Management District,105237,33.72537,-116.206842,WGS84,2.0,-8.0,,,Indio Amistad High School,"44801 Golf Center Parkway, Indio CA, 92201",California,Riverside,Indio,40140,"Riverside-San Bernardino-Ontario, CA",348,"Los Angeles-Long Beach, CA",,,POINT (-116.206842 33.72537),40140,"Riverside-San Bernardino-Ontario, CA",2293,06065045303,Riverside County,2320,0.923275862068966,0.479310344827586,0.128299120234604,0.42204628501827,0.461630695443645,8.99519863387978
06,019,5001,88101,1,PM2.5 - Local Conditions,1999-01-01,2020-12-31,,,NEIGHBORHOOD,500 M TO 4KM,HIGHEST CONCENTRATION,145,R & P Model 2025 PM-2.5 Sequential Air Sampler w/VSCC - Gravimetric,2012-10-03,,,,,0145,California Air Resources Board,943,36.819449,-119.716433,NAD83,3.04,86.0,5.3,,Clovis-Villa,"908 N VILLA AVE, CLOVIS",California,Fresno,Clovis,23420,"Fresno, CA",260,"Fresno-Madera, CA",,,POINT (-119.716433 36.819449),23420,"Fresno, CA",8678,06019005607,Fresno County,4732,0.524725274725275,0.512468300929839,0.040520984081042,0.097141000649773,0.039618138424821,19.422912295082
06,033,3001,88101,1,PM2.5 - Local Conditions,1999-01-01,2017-07-01,,,,,UNKNOWN,143,R & P Model 2000 PM-2.5 Air Sampler w/VSCC - Gravimetric,2010-06-19,,,,,0593,Lake County AQMD,1046,39.0327,-122.92229,WGS84,0.0,421.0,,,Lakeport-Lakeport Blvd.,"905 LAKEPORT BLVD., LAKEPORT",California,Lake,Lakeport,17340,"Clearlake, CA",,,,,POINT (-122.92229 39.0327),17340,"Clearlake, CA",5202,06033000402,Lake County,2452,0.31810766721044,0.267536704730832,0.108333333333333,0.073170731707317,0.0,9.83838961748634
06,037,2005,88101,1,PM2.5 - Local Conditions,1999-01-01,,,,NEIGHBORHOOD,500 M TO 4KM,POPULATION EXPOSURE,145,R & P Model 2025 PM-2.5 Sequential Air Sampler w/VSCC - Gravimetric,2020-02-05,Y,Y,SLAMS,,0972,South Coast Air Quality Management District,1096,34.1326,-118.1272,WGS84,0.0,250.0,,,Pasadena,"752 S. WILSON AVE., PASADENA",California,Los Angeles,Pasadena,31080,"Los Angeles-Long Beach-Anaheim, CA",348,"Los Angeles-Long Beach, CA",,,POINT (-118.1272 34.1326),31080,"Los Angeles-Long Beach-Anaheim, CA",6352,06037463500,Los Angeles County,6063,0.525812304139865,0.245038317940656,0.081451612903226,0.000762195121951,0.051588939331407,12.629300273224
06,057,1001,88101,2,PM2.5 - Local Conditions,1999-05-12,2015-08-31,,,NEIGHBORHOOD,500 M TO 4KM,POPULATION EXPOSURE,118,R & P Model 2025 PM2.5 Sequential w/WINS - GRAVIMETRIC,2007-10-03,,,,,0145,California Air Resources Board,1199,39.32783,-120.184592,NAD83,0.0,5500.0,7.0,,Truckee-Fire Station,"FS-10049 DONNER PASS RD, TRUCKEE",California,Nevada,Truckee,46020,"Truckee-Grass Valley, CA",472,"Sacramento-Roseville, CA",,,POINT (-120.184592 39.32783),46020,"Truckee-Grass Valley, CA",561,06057001209,Nevada County,1489,0.253861652115514,0.06178643384822,0.032745591939547,0.122764227642276,0.122270742358079,9.5797106557377
06,061,0006,88101,1,PM2.5 - Local Conditions,1998-12-31,2020-12-07,,,NEIGHBORHOOD,500 M TO 4KM,POPULATION EXPOSURE,143,R & P Model 2000 PM-2.5 Air Sampler w/VSCC - Gravimetric,2014-04-11,,,,,0145,California Air Resources Board,1225,38.74643,-121.26498,NAD83,151.82,48.0,6.1,,Roseville-N Sunrise Ave," 151 NO SUNRISE BLVD, ROSEVILLE, CA",California,Placer,Roseville,40900,"Sacramento--Roseville--Arden-Arcade, CA",472,"Sacramento-Roseville, CA",,,POINT (-121.26498 38.74643),40900,"Sacramento-Roseville-Folsom, CA",2716,06061020717,Placer County,5344,0.499064371257485,0.120134730538922,0.088317322590641,0.024768644529124,0.027124773960217,14.2068404371585
06,065,5001,88101,1,PM2.5 - Local Conditions,1999-10-10,,,,NEIGHBORHOOD,500 M TO 4KM,POPULATION EXPOSURE,145,R & P Model 2025 PM-2.5 Sequential Air Sampler w/VSCC - Gravimetric,2019-04-10,Y,,SLAMS,,0972,South Coast Air Quality Management District,1259,33.85275,-116.54101,WGS84,0.0,171.0,,,Palm Springs,"FS-590 RACQUET CLUB AVE, PALM SPRINGS",California,Riverside,Palm Springs,40140,"Riverside-San Bernardino-Ontario, CA",348,"Los Angeles-Long Beach, CA",,,POINT (-116.54101 33.85275),40140,"Riverside-San Bernardino-Ontario, CA",2236,06065941300,Riverside County,2896,0.349792817679558,0.291091160220994,0.093484419263456,0.061520825372564,0.050600885515497,8.17014155737705
06,067,0006,88101,1,PM2.5 - Local Conditions,1999-01-03,2025-06-05,,,NEIGHBORHOOD,500 M TO 4KM,HIGHEST CONCENTRATION; POPULATION EXPOSURE,145,R & P Model 2025 PM-2.5 Sequential Air Sampler w/VSCC - Gravimetric,2007-05-19,,,,,0145,California Air Resources Board,1270,38.613779,-121.368014,WGS84,0.0,8.0,4.4,,Sacramento-Del Paso Manor,"DEL PASO-2701 AVALON DR, SACRAMENTO",California,Sacramento,Arden-Arcade,40900,"Sacramento--Roseville--Arden-Arcade, CA",472,"Sacramento-Roseville, CA",,,POINT (-121.368014 38.613779),40900,"Sacramento-Roseville-Folsom, CA",4743,06067006002,Sacramento County,5021,0.350726946823342,0.408945686900958,0.091749907510174,0.186289900575615,0.0426272292301,14.6781510928962
06,085,0005,88101,1,PM2.5 - Local Conditions,2002-10-05,,,,NEIGHBORHOOD,500 M TO 4KM,QUALITY ASSURANCE,145,R & P Model 2025 PM-2.5 Sequential Air Sampler w/VSCC - Gravimetric,2008-11-18,,,SLAMS,,0086,Bay Area Air Quality Management District,91424,37.348497,-121.894898,WGS84,20.0,31.0,8.9,TOP OF BUILDING,San Jose - Jackson,158B JACKSON ST,California,Santa Clara,San Jose,41940,"San Jose-Sunnyvale-Santa Clara, CA",488,"San Jose-San Francisco-Oakland, CA",,,POINT (-121.894898 37.348497),41940,"San Jose-Sunnyvale-Santa Clara, CA",2118,06085501101,Santa Clara County,4369,0.742046234836347,0.229553264604811,0.04374286801065,0.075035663338088,0.173662119622246,11.4445707650273
06,037,1602,88101,1,PM2.5 - Local Conditions,2005-10-01,,,,NEIGHBORHOOD,500 M TO 4KM,POPULATION EXPOSURE,145,R & P Model 2025 PM-2.5 Sequential Air Sampler w/VSCC - Gravimetric,2022-01-23,Y,,SLAMS,,0972,South Coast Air Quality Management District,92493,34.01029,-118.0685,NAD83,1.0,75.0,,,Pico Rivera #2,"4144 SAN GABRIEL RIVER PKWY, PICO RIVERA",California,Los Angeles,Pico Rivera,31080,"Los Angeles-Long Beach-Anaheim, CA",348,"Los Angeles-Long Beach, CA",,,POINT (-118.0685 34.01029),31080,"Los Angeles-Long Beach-Anaheim, CA",725,06037500403,Los Angeles County,3497,0.965970832141836,0.163568773234201,0.03921568627451,0.214229867083659,0.08310502283105,14.4358860655738
06,087,0007,88101,3,PM2.5 - Local Conditions,2010-01-01,,,,NEIGHBORHOOD,500 M TO 4KM,POPULATION EXPOSURE,170,Met One BAM-1020 Mass Monitor w/VSCC - Beta Attenuation,2010-01-01,Y,,SLAMS,,0721,Monterey Bay Unified APCD,1500,36.98332,-121.98822,NAD83,13.0,28.0,5.7,TOP OF BUILDING,Santa Cruz,960 Bostwick Lane,California,Santa Cruz,Live Oak,42100,"Santa Cruz-Watsonville, CA",488,"San Jose-San Francisco-Oakland, CA",,,POINT (-121.98822 36.98332),42100,"Santa Cruz-Watsonville, CA",3099,06087121401,Santa Cruz County,2967,0.402426693629929,0.275587703435805,0.07447528774543,0.065500224315837,0.007077856420627,8.76527978142076
06,099,0005,88101,3,PM2.5 - Local Conditions,2010-05-01,,,,NEIGHBORHOOD,500 M TO 4KM,GENERAL/BACKGROUND,170,Met One BAM-1020 Mass Monitor w/VSCC - Beta Attenuation,2010-05-01,Y,Y,SLAMS,,0145,California Air Resources Board,1556,37.642165,-120.994212,NAD83,0.0,27.0,,,Modesto-14th Street,"814 14TH ST., MODESTO",California,Stanislaus,Modesto,33700,"Modesto, CA",382,"Modesto-Merced, CA",,,POINT (-120.994212 37.642165),33700,"Modesto, CA",4340,06099001800,Stanislaus County,2308,0.594020797227036,0.665213600697472,0.144973544973545,0.263888888888889,0.124007936507937,15.0817017213115
06,083,0011,88101,3,PM2.5 - Local Conditions,2010-06-25,,,,NEIGHBORHOOD,500 M TO 4KM,HIGHEST CONCENTRATION,170,Met One BAM-1020 Mass Monitor w/VSCC - Beta Attenuation,2017-08-01,Y,,SLAMS,,0948,Santa Barbara County APCD,91419,34.427775,-119.691218,WGS84,1.0,20.0,,,Santa Barbara,700 E. CANON PERDIDO,California,Santa Barbara,Santa Barbara,42200,"Santa Maria-Santa Barbara, CA",,,,,POINT (-119.691218 34.427775),42200,"Santa Maria-Santa Barbara, CA",8702,06083000801,Santa Barbara County,3957,0.764468031336871,0.335355066969927,0.031738730450782,0.270566727605119,0.056737588652482,8.25399174863388
06,065,0009,88101,2,PM2.5 - Local Conditions,2010-08-12,,,,NEIGHBORHOOD,500 M TO 4KM,GENERAL/BACKGROUND,143,R & P Model 2000 PM-2.5 Air Sampler w/VSCC - Gravimetric,2010-08-12,,,TRIBAL,,586,"Pechanga Band of Luiseno Mission Indians of Pechanga Reservation, CA",95241,33.447867,-117.088649,WGS84,0.5,366.093,15.0,TOP OF BUILDING,Pechanga,"12705 Pechanga Rd., Temecula, CA 92592",California,Riverside,Not in a City,40140,"Riverside-San Bernardino-Ontario, CA",348,"Los Angeles-Long Beach, CA",586,"Pechanga Band of Luiseno Mission Indians of Pechanga Reservation, CA",POINT (-117.088649 33.447867),40140,"Riverside-San Bernardino-Ontario, CA",4331,06065043203,Riverside County,2904,0.419765840220386,0.172865013774105,0.040268456375839,0.010179350460494,0.0,10.0171259562842
06,077,1002,88101,4,PM2.5 - Local Conditions,2010-08-23,2021-01-31,,,NEIGHBORHOOD,500 M TO 4KM,GENERAL/BACKGROUND,170,Met One BAM-1020 Mass Monitor w/VSCC - Beta Attenuation,2010-08-23,,,,,0145,California Air Resources Board,1389,37.950741,-121.268523,WGS84,0.0,19.0,,,Stockton-Hazelton,"HAZELTON-HD, STOCKTON",California,San Joaquin,Stockton,44700,"Stockton-Lodi, CA",488,"San Jose-San Francisco-Oakland, CA",,,POINT (-121.268523 37.950741),44700,"Stockton-Lodi, CA",3812,06077001900,San Joaquin County,5577,0.948897256589564,0.442571899615314,0.078154784597789,0.4900410076157,0.266571632216679,14.5888112021858
06,079,2006,88101,3,PM2.5 - Local Conditions,2011-03-15,2021-01-13,,,NEIGHBORHOOD,500 M TO 4KM,GENERAL/BACKGROUND,170,Met One BAM-1020 Mass Monitor w/VSCC - Beta Attenuation,2011-03-15,,,,,0145,California Air Resources Board,92590,35.25651,-120.6693,NAD83,5.0,66.0,,TOP OF BUILDING,San Luis Obispo,"3220 SOUTH HIGUERA STREET, SAN LUIS OBISPO",California,San Luis Obispo,San Luis Obispo,42020,"San Luis Obispo-Paso Robles-Arroyo Grande, CA",,,,,POINT (-120.6693 35.25651),42020,"San Luis Obispo-Paso Robles, CA",5941,06079011103,San Luis Obispo County,3422,0.334015195791935,0.288388417665984,0.005635245901639,0.057589469354175,0.046153846153846,8.53641693989071
06,053,0008,88101,3,PM2.5 - Local Conditions,2012-01-01,,,,NEIGHBORHOOD,500 M TO 4KM,POPULATION EXPOSURE,170,Met One BAM-1020 Mass Monitor w/VSCC - Beta Attenuation,2012-01-01,Y,,SPM,,0721,Monterey Bay Unified APCD,94017,36.209286,-121.126371,NAD83,10.0,6.0,,TOP OF BUILDING,King City 2,415 Pearl Street,California,Monterey,King City,41500,"Salinas, CA",,,,,POINT (-121.126371 36.209286),41500,"Salinas, CA",5462,06053011302,Monterey County,5573,0.890184819666248,0.592874373724253,0.031297324583544,0.429215170859932,0.333073322932917,8.6153343989071
06,053,0002,88101,3,PM2.5 - Local Conditions,2012-01-01,,,,NEIGHBORHOOD,500 M TO 4KM,POPULATION EXPOSURE,170,Met One BAM-1020 Mass Monitor w/VSCC - Beta Attenuation,2012-01-01,Y,,SPM,,0721,Monterey Bay Unified APCD,1178,36.48187,-121.73333,NAD83,0.0,131.0,,TOP OF BUILDING,Carmel Valley,35 Ford Road,California,Monterey,Carmel Valley Village,41500,"Salinas, CA",,,,,POINT (-121.73333 36.48187),41500,"Salinas, CA",1672,06053011001,Monterey County,3428,0.110560093348891,0.158957845433255,0.057588482303539,0.042529989094875,0.0,7.61871795081967
06,025,0005,88101,4,PM2.5 - Local Conditions,2014-01-01,2015-12-22,All (2014-01-01 - 2015-12-22),,NEIGHBORHOOD,500 M TO 4KM,POPULATION EXPOSURE,170,Met One BAM-1020 Mass Monitor w/VSCC - Beta Attenuation,2014-01-01,,,,,0145,California Air Resources Board,959,32.67618,-115.48307,NAD83,151.82,1.0,5.0,TOP OF BUILDING,Calexico-Ethel Street,"1029 ETHEL ST, CALEXICO HIGH SCHOOL",California,Imperial,Calexico,20940,"El Centro, CA",,,,,POINT (-115.48307 32.67618),20940,"El Centro, CA",2385,06025012004,Imperial County,4256,0.980968045112782,0.508928571428571,0.219453761379971,0.327814569536424,0.509353741496599,10.7327918032787
06,079,8002,88101,3,PM2.5 - Local Conditions,2015-02-25,,,AREA,NEIGHBORHOOD,500 M TO 4KM,POPULATION EXPOSURE,170,Met One BAM-1020 Mass Monitor w/VSCC - Beta Attenuation,2015-02-25,Y,Y,SLAMS,,0946,San Luis Obispo County APCD,98674,35.49453,-120.66617,WGS84,30.0,260.0,4.7,TOP OF BUILDING,Atascadero,"5599 Traffic Way, Atascadero CA",California,San Luis Obispo,Atascadero,42020,"San Luis Obispo-Paso Robles-Arroyo Grande, CA",,,,,POINT (-120.66617 35.49453),42020,"San Luis Obispo-Paso Robles, CA",6358,06079012502,San Luis Obispo County,5840,0.300513698630137,0.348466678088059,0.053701938353988,0.033202614379085,0.018766756032172,9.199059836065572
06,037,4008,88101,3,PM2.5 - Local Conditions,2016-01-01,,,MOBILE,MICROSCALE,0 M TO 100 M,SOURCE ORIENTED,170,Met One BAM-1020 Mass Monitor w/VSCC - Beta Attenuation,2022-03-15,,,SLAMS,NEAR ROAD,0972,South Coast Air Quality Management District,99552,33.859662,-118.200707,NAD83,3.04,12.0,4.5,TOP OF BUILDING,Long Beach-Route 710 Near Road,5895 Long Beach Blvd.,California,Los Angeles,Long Beach,31080,"Los Angeles-Long Beach-Anaheim, CA",348,"Los Angeles-Long Beach, CA",,,POINT (-118.200707 33.859662),31080,"Los Angeles-Long Beach-Anaheim, CA",7175,06037571701,Los Angeles County,6655,0.90473328324568,0.529082096334444,0.098800505050505,0.270190170412448,0.149628783552256,14.1475278688525
06,065,0010,88101,1,PM2.5 - Local Conditions,2018-01-31,2021-07-31,,AREA,REGIONAL SCALE,50 TO HUNDREDS KM,GENERAL/BACKGROUND,170,Met One BAM-1020 Mass Monitor w/VSCC - Beta Attenuation,2018-01-31,Y,,,,0745,National Park Service,104239,33.747236,-115.820124,NAD83,100.0,943.0,,,Joshua Tree NP - Cottonwood Visitor Center,"Joshua Tree National Park, California",California,Riverside,Joshua Tree National Monument,40140,"Riverside-San Bernardino-Ontario, CA",348,"Los Angeles-Long Beach, CA",,,POINT (-115.820124 33.747236),40140,"Riverside-San Bernardino-Ontario, CA",4192,06065046900,Riverside County,1835,0.631062670299728,0.625962596259626,0.154034229828851,0.227655986509275,0.008090614886731,6.96782158469945
06,001,0015,88101,3,PM2.5 - Local Conditions,2018-04-01,,,MOBILE,MICROSCALE,0 M TO 100 M,POPULATION EXPOSURE; SOURCE ORIENTED,170,Met One BAM-1020 Mass Monitor w/VSCC - Beta Attenuation,2018-04-01,Y,,SLAMS,NEAR ROAD,0086,Bay Area Air Quality Management District,104234,37.701222,-121.903019,NAD83,1.0,101.0,4.6,TOP OF BUILDING,Pleasanton - Owens Ct,Owens Ct.,California,Alameda,Pleasanton,41860,"San Francisco-Oakland-Hayward, CA",488,"San Jose-San Francisco-Oakland, CA",,,POINT (-121.903019 37.701222),41860,"San Francisco-Oakland-Fremont, CA",8538,06001450743,Alameda County,7435,0.800134498991258,0.119569603227976,0.045159847976749,0.026995533113226,0.090395480225989,11.6440090163934
06,007,0008,88101,3,PM2.5 - Local Conditions,2019-07-01,,,AREA,NEIGHBORHOOD,500 M TO 4KM,POPULATION EXPOSURE,170,Met One BAM-1020 Mass Monitor w/VSCC - Beta Attenuation,2019-07-01,Y,,SLAMS,,0145,California Air Resources Board,96599,39.76168,-121.84047,NAD83,62.0,1.0,5.8,TOP OF BUILDING,Chico-East Avenue,"984 East Avenue, Chico",California,Butte,Chico,17020,"Chico, CA",,,,,POINT (-121.84047 39.76168),17020,"Chico, CA",6942,06007000104,Butte County,5873,0.354163119359782,0.326996197718631,0.068085106382979,0.102624058196934,0.060717571297148,15.9461994535519
06,027,1023,88101,1,PM2.5 - Local Conditions,2020-07-01,2025-10-01,All (2020-07-01 - 2025-10-01),AREA,NEIGHBORHOOD,500 M TO 4KM,POPULATION EXPOSURE,236,Teledyne T640 at 5.0 LPM - Broadband spectroscopy,2020-07-01,,,,,549,"Paiute-Shoshone Indians of Bishop Community of Bishop Colony, CA",92502,37.362137,-118.417478,WGS84,3.0,1288.55,,TOP OF BUILDING,Bishop Tribe EMO,50 TU SU LANE,California,Inyo,Bishop,13860,"Bishop, CA",,,549,"Paiute-Shoshone Indians of Bishop Community of Bishop Colony, CA",POINT (-118.417478 37.362137),13860,"Bishop, CA",4652,06027000400,Inyo County,5735,0.485789014821273,0.243358129649309,0.04922042188933,0.048960739030023,0.007172517931295,14.5820884699454
06,101,0003,88101,4,PM2.5 - Local Conditions,2021-04-01,,,,,,POPULATION EXPOSURE,170,Met One BAM-1020 Mass Monitor w/VSCC - Beta Attenuation,2021-04-01,,,SLAMS,,0145,California Air Resources Board,1567,39.138773,-121.618549,WGS84,0.0,20.0,,,Yuba City,"773 ALMOND ST, YUBA CITY",California,Sutter,Yuba City,49700,"Yuba City, CA",472,"Sacramento-Roseville, CA",,,POINT (-121.618549 39.138773),49700,"Yuba City, CA",6383,06101050202,Sutter County,4123,0.659713800630609,0.372753763963089,0.081746031746032,0.297385620915033,0.136036625245258,15.8829953551913
06,077,1003,88101,3,PM2.5 - Local Conditions,2021-11-05,,,,NEIGHBORHOOD,500 M TO 4KM,POPULATION EXPOSURE,170,Met One BAM-1020 Mass Monitor w/VSCC - Beta Attenuation,2021-11-05,Y,,SLAMS,,0145,California Air Resources Board,104941,37.961578,-121.281414,WGS84,5.0,10.37,,,Stockton - University Park,"702 N Aurora Street, Stockton, CA 95202",California,San Joaquin,Stockton,44700,"Stockton-Lodi, CA",488,"San Jose-San Francisco-Oakland, CA",,,POINT (-121.281414 37.961578),44700,"Stockton-Lodi, CA",3729,06077000402,San Joaquin County,4373,0.830779785044592,0.631921824104234,0.021924482338611,0.269066286528867,0.053561863952866,14.5131519125683
06,037,4009,88101,3,PM2.5 - Local Conditions,2022-04-01,,,,URBAN SCALE,4 KM TO 50 KM,POPULATION EXPOSURE,170,Met One BAM-1020 Mass Monitor w/VSCC - Beta Attenuation,2022-04-01,Y,Y,SLAMS,,0972,South Coast Air Quality Management District,104683,33.793713,-118.171019,NAD83,3.04,8.0,,TOP OF BUILDING,Signal Hill (LBSH),1710 E. 20th Street,California,Los Angeles,Signal Hill,31080,"Los Angeles-Long Beach-Anaheim, CA",348,"Los Angeles-Long Beach, CA",,,POINT (-118.171019 33.793713),31080,"Los Angeles-Long Beach-Anaheim, CA",7400,06037573402,Los Angeles County,6929,0.780487804878049,0.33609656777196,0.052330122363968,0.103921958988652,0.105997736703131,13.8081147540984
06,027,0002,88101,21,PM2.5 - Local Conditions,2017-10-01,2023-07-09,,,REGIONAL SCALE,50 TO HUNDREDS KM,POPULATION EXPOSURE,738,Teledyne T640X at 16.67 LPM (Corrected) - Broadband spectroscopy,2017-10-01,,,,,0458,Great Basin Unified APCD,971,37.360684,-118.330783,WGS84,0.0,1257.0,3.0,,WMRC/NCORE,"WMRC/NCORE, 3000 E. LINE ST., BISHOP, CA. 93514",California,Inyo,Not in a City,13860,"Bishop, CA",,,,,POINT (-118.330783 37.360684),13860,"Bishop, CA",4651,06027000100,Inyo County,3073,0.484542792059876,0.395045632333768,0.088419405320814,0.152820512820513,0.0,11.4054780601093
06,047,2024,88101,3,PM2.5 - Local Conditions,2024-01-01,,,,NEIGHBORHOOD,500 M TO 4KM,POPULATION EXPOSURE,170,Met One BAM-1020 Mass Monitor w/VSCC - Beta Attenuation,2024-01-01,Y,,SLAMS,,0945,San Joaquin Valley Unified Air Pollution Control District,105218,37.289732,-120.429718,WGS84,1.0,57.3,3.6,,Merced-Vierra,"3076 E Childs Ave Merced, CA 95341",California,Merced,Merced,32900,"Merced, CA",382,"Modesto-Merced, CA",,,POINT (-120.429718 37.289732),32900,"Merced, CA",130,06047002601,Merced County,2592,0.810570987654321,0.222608024691358,0.103274559193955,0.21680790960452,0.112462006079027,15.485200273224
06,029,0010,88101,1,PM2.5 - Local Conditions,1999-01-01,2020-12-31,,,NEIGHBORHOOD,500 M TO 4KM,POPULATION EXPOSURE,145,R & P Model 2025 PM-2.5 Sequential Air Sampler w/VSCC - Gravimetric,2014-06-10,,,,,0145,California Air Resources Board,1008,35.385574,-119.015009,WGS84,3.04,151.0,5.7,,Bakersfield-Golden / M St,"2820 M St., Bakersfield, CA 93301",California,Kern,Bakersfield,12540,"Bakersfield, CA",,,,,POINT (-119.015009 35.385574),12540,"Bakersfield-Delano, CA",3274,06029000603,Kern County,2272,0.747799295774648,0.744652406417112,0.28099173553719,0.483346872461414,0.047158403869407,16.7374199453552
06,037,2005,88101,2,PM2.5 - Local Conditions,1999-01-01,2020-02-04,,,NEIGHBORHOOD,500 M TO 4KM,POPULATION EXPOSURE,155,Thermo Electron Model RAAS2.5-300 Sequential w/VSCC - Gravimetric,2017-05-01,,,,,0972,South Coast Air Quality Management District,1096,34.1326,-118.1272,WGS84,0.0,250.0,,,Pasadena,"752 S. WILSON AVE., PASADENA",California,Los Angeles,Pasadena,31080,"Los Angeles-Long Beach-Anaheim, CA",348,"Los Angeles-Long Beach, CA",,,POINT (-118.1272 34.1326),31080,"Los Angeles-Long Beach-Anaheim, CA",6352,06037463500,Los Angeles County,6063,0.525812304139865,0.245038317940656,0.081451612903226,0.000762195121951,0.051588939331407,12.629300273224
06,057,1001,88101,1,PM2.5 - Local Conditions,1999-03-31,2022-07-09,,,NEIGHBORHOOD,500 M TO 4KM,POPULATION EXPOSURE,145,R & P Model 2025 PM-2.5 Sequential Air Sampler w/VSCC - Gravimetric,2015-09-26,,,,,0145,California Air Resources Board,1199,39.32783,-120.184592,NAD83,0.0,5500.0,7.0,,Truckee-Fire Station,"FS-10049 DONNER PASS RD, TRUCKEE",California,Nevada,Truckee,46020,"Truckee-Grass Valley, CA",472,"Sacramento-Roseville, CA",,,POINT (-120.184592 39.32783),46020,"Truckee-Grass Valley, CA",561,06057001209,Nevada County,1489,0.253861652115514,0.06178643384822,0.032745591939547,0.122764227642276,0.122270742358079,9.5797106557377
06,065,2002,88101,1,PM2.5 - Local Conditions,1999-01-01,2022-04-14,,,NEIGHBORHOOD,500 M TO 4KM,POPULATION EXPOSURE,143,R & P Model 2000 PM-2.5 Air Sampler w/VSCC - Gravimetric,2022-01-29,,,,,0972,South Coast Air Quality Management District,1253,33.70853,-116.21537,WGS84,0.0,0.0,,,Indio,"46-990 JACKSON ST., INDIO",California,Riverside,Indio,40140,"Riverside-San Bernardino-Ontario, CA",348,"Los Angeles-Long Beach, CA",,,POINT (-116.21537 33.70853),40140,"Riverside-San Bernardino-Ontario, CA",4400,06065049502,Riverside County,3182,0.979572595851666,0.573852922690132,0.221585482330468,0.369218174375767,0.613324624428478,9.061847814207653
06,071,9004,88101,1,PM2.5 - Local Conditions,1999-01-01,,,,NEIGHBORHOOD,500 M TO 4KM,POPULATION EXPOSURE,145,R & P Model 2025 PM-2.5 Sequential Air Sampler w/VSCC - Gravimetric,2019-08-22,Y,,SLAMS,,0972,South Coast Air Quality Management District,1340,34.106678,-117.274063,NAD83,0.0,0.0,,,San Bernardino,"24302 4TH ST., SAN BERNARDINO, CA.",California,San Bernardino,San Bernardino,40140,"Riverside-San Bernardino-Ontario, CA",348,"Los Angeles-Long Beach, CA",,,POINT (-117.274063 34.106678),40140,"Riverside-San Bernardino-Ontario, CA",7912,06071006502,San Bernardino County,3270,0.944648318042813,0.730061349693252,0.031204644412192,0.453293413173653,0.015222482435597,11.9186442622951
06,113,1003,88101,1,PM2.5 - Local Conditions,1999-01-09,2024-07-07,,,NEIGHBORHOOD,500 M TO 4KM,POPULATION EXPOSURE,145,R & P Model 2025 PM-2.5 Sequential Air Sampler w/VSCC - Gravimetric,2016-07-01,,,,,0145,California Air Resources Board,1637,38.66121,-121.73269,WGS84,151.82,11.0,2.2,,Woodland-Gibson Road,"41929 E. GIBSON ROAD, WOODLAND",California,Yolo,Woodland,40900,"Sacramento--Roseville--Arden-Arcade, CA",472,"Sacramento-Roseville, CA",,,POINT (-121.73269 38.66121),40900,"Sacramento-Roseville-Folsom, CA",189,06113011208,Yolo County,7761,0.540523128462827,0.081427015250545,0.041729135432284,0.110066253472964,0.068044788975022,14.1518032786885
06,073,1010,88101,1,PM2.5 - Local Conditions,2005-07-14,2016-09-30,,AREA,NEIGHBORHOOD,500 M TO 4KM,GENERAL/BACKGROUND,145,R & P Model 2025 PM-2.5 Sequential Air Sampler w/VSCC - Gravimetric,2011-01-01,,,,,0942,San Diego County Air Pollution Control District,92660,32.701492,-117.149653,WGS84,10.0,3.0,6.0,TOP OF BUILDING,San Diego - Beardsley Street,"1110 BEARDSLEY STREET, SAN DIEGO, CA 92112",California,San Diego,San Diego,41740,"San Diego-Carlsbad, CA",,,,,POINT (-117.149653 32.701492),41740,"San Diego-Chula Vista-Carlsbad, CA",2112,06073005103,San Diego County,2732,0.633235724743777,0.735196763515999,0.261261261261261,0.24616100511866,0.068115942028986,11.6233636612022
06,065,8005,88101,3,PM2.5 - Local Conditions,2008-01-01,,All (2008-01-01 - 2008-01-01),,NEIGHBORHOOD,500 M TO 4KM,OTHER,170,Met One BAM-1020 Mass Monitor w/VSCC - Beta Attenuation,2018-01-01,,,SLAMS,,0972,South Coast Air Quality Management District,92995,33.99636,-117.4924,NAD83,1.0,250.0,,,Mira Loma (Van Buren),5130 POINSETTIA PLACE,California,Riverside,Mira Loma,40140,"Riverside-San Bernardino-Ontario, CA",348,"Los Angeles-Long Beach, CA",,,POINT (-117.4924 33.99636),40140,"Riverside-San Bernardino-Ontario, CA",7967,06065040403,Riverside County,5518,0.806814063066328,0.139543312794491,0.063165365507452,0.277167947310648,0.029343629343629,14.3894204918033
06,053,1003,88101,3,PM2.5 - Local Conditions,2010-01-01,,,,NEIGHBORHOOD,500 M TO 4KM,POPULATION EXPOSURE,170,Met One BAM-1020 Mass Monitor w/VSCC - Beta Attenuation,2010-01-01,Y,Y,SLAMS,,0721,Monterey Bay Unified APCD,1185,36.694261,-121.623271,NAD83,13.0,21.6,6.1,TOP OF BUILDING,Salinas 3,867 E. LAUREL Dr,California,Monterey,Salinas,41500,"Salinas, CA",,,,,POINT (-121.623271 36.694261),41500,"Salinas, CA",7765,06053010608,Monterey County,3584,0.940848214285714,0.354285714285714,0.016276041666667,0.583255813953488,0.364820846905537,7.99084931693989
06,079,2004,88101,1,PM2.5 - Local Conditions,2009-07-01,,,,NEIGHBORHOOD,500 M TO 4KM,SOURCE ORIENTED,170,Met One BAM-1020 Mass Monitor w/VSCC - Beta Attenuation,2009-07-01,Y,Y,SLAMS,,0946,San Luis Obispo County APCD,1406,35.02083,-120.56388,WGS84,15.0,49.0,5.5,,Mesa2,"1300 GUADALUPE RD., NIPOMO, CA., 93444",California,San Luis Obispo,Nipomo,42020,"San Luis Obispo-Paso Robles-Arroyo Grande, CA",,,,,POINT (-120.56388 35.02083),42020,"San Luis Obispo-Paso Robles, CA",1544,06079012306,San Luis Obispo County,5099,0.164542067071975,0.10200078462142,0.010780508840017,0.037704918032787,0.025078369905956,8.70751229508197
06,075,0005,88101,3,PM2.5 - Local Conditions,2009-10-01,,,,NEIGHBORHOOD,500 M TO 4KM,POPULATION EXPOSURE,170,Met One BAM-1020 Mass Monitor w/VSCC - Beta Attenuation,2009-10-01,Y,,SLAMS,,0086,Bay Area Air Quality Management District,1376,37.765946,-122.399044,WGS84,0.0,5.0,8.3,TOP OF BUILDING,San Francisco,10 ARKANSAS ST.,California,San Francisco,San Francisco,41860,"San Francisco-Oakland-Hayward, CA",488,"San Jose-San Francisco-Oakland, CA",,,POINT (-122.399044 37.765946),41860,"San Francisco-Oakland-Fremont, CA",6648,06075060702,San Francisco County,1945,0.528020565552699,0.267997898055702,0.051824817518248,0.028676021964613,0.149514563106796,10.3922740437158
06,045,2002,88101,3,PM2.5 - Local Conditions,2009-09-15,2021-02-04,,,NEIGHBORHOOD,500 M TO 4KM,POPULATION EXPOSURE,170,Met One BAM-1020 Mass Monitor w/VSCC - Beta Attenuation,2009-09-15,,,,,0145,California Air Resources Board,95467,39.41174,-123.35264,WGS84,1.0,424.0,2.0,TOP OF BUILDING,Willits-125 East Commercial Street,"WILLITS JUSTICE CENTER, 125 EAST COMMERCIAL STREET, WILLITS, CA 95490",California,Mendocino,Willits,46380,"Ukiah, CA",,,,,POINT (-123.35264 39.41174),46380,"Ukiah, CA",1875,06045010700,Mendocino County,7115,0.306113843991567,0.333285998295939,0.103274559193955,0.130827383452331,0.030113845023871,10.795081420765
06,079,2007,88101,1,PM2.5 - Local Conditions,2010-08-01,,,AREA,NEIGHBORHOOD,500 M TO 4KM,HIGHEST CONCENTRATION; SOURCE ORIENTED,170,Met One BAM-1020 Mass Monitor w/VSCC - Beta Attenuation,2010-08-01,Y,Y,SLAMS,,0946,San Luis Obispo County APCD,95695,35.04673,-120.58777,NAD83,1.0,37.5,5.3,TOP OF BUILDING,CDF,"2391 Willow Road, Arroyo Grande, California",California,San Luis Obispo,Arroyo Grande,42020,"San Luis Obispo-Paso Robles-Arroyo Grande, CA",,,,,POINT (-120.58777 35.04673),42020,"San Luis Obispo-Paso Robles, CA",1544,06079012306,San Luis Obispo County,5099,0.164542067071975,0.10200078462142,0.010780508840017,0.037704918032787,0.025078369905956,8.70751229508197
06,077,1002,88101,3,PM2.5 - Local Conditions,2010-05-11,2021-11-05,,,NEIGHBORHOOD,500 M TO 4KM,GENERAL/BACKGROUND,170,Met One BAM-1020 Mass Monitor w/VSCC - Beta Attenuation,2010-05-11,,,,,0145,California Air Resources Board,1389,37.950741,-121.268523,WGS84,0.0,19.0,,,Stockton-Hazelton,"HAZELTON-HD, STOCKTON",California,San Joaquin,Stockton,44700,"Stockton-Lodi, CA",488,"San Jose-San Francisco-Oakland, CA",,,POINT (-121.268523 37.950741),44700,"Stockton-Lodi, CA",3812,06077001900,San Joaquin County,5577,0.948897256589564,0.442571899615314,0.078154784597789,0.4900410076157,0.266571632216679,14.5888112021858
06,065,0009,88101,1,PM2.5 - Local Conditions,2010-08-12,,,,NEIGHBORHOOD,500 M TO 4KM,GENERAL/BACKGROUND,170,Met One BAM-1020 Mass Monitor w/VSCC - Beta Attenuation,2010-08-12,Y,Y,TRIBAL,,586,"Pechanga Band of Luiseno Mission Indians of Pechanga Reservation, CA",95241,33.447867,-117.088649,WGS84,0.5,366.093,15.0,TOP OF BUILDING,Pechanga,"12705 Pechanga Rd., Temecula, CA 92592",California,Riverside,Not in a City,40140,"Riverside-San Bernardino-Ontario, CA",348,"Los Angeles-Long Beach, CA",586,"Pechanga Band of Luiseno Mission Indians of Pechanga Reservation, CA",POINT (-117.088649 33.447867),40140,"Riverside-San Bernardino-Ontario, CA",4331,06065043203,Riverside County,2904,0.419765840220386,0.172865013774105,0.040268456375839,0.010179350460494,0.0,10.0171259562842
06,077,2010,88101,3,PM2.5 - Local Conditions,2010-11-16,,,AREA,NEIGHBORHOOD,500 M TO 4KM,POPULATION EXPOSURE,170,Met One BAM-1020 Mass Monitor w/VSCC - Beta Attenuation,2019-09-12,Y,,SLAMS,,0945,San Joaquin Valley Unified Air Pollution Control District,96038,37.793392,-121.247874,NAD83,1.0,11.0,6.0,TOP OF BUILDING,Manteca,"530 Fishback Road Manteca, CA",California,San Joaquin,Manteca,44700,"Stockton-Lodi, CA",488,"San Jose-San Francisco-Oakland, CA",,,POINT (-121.247874 37.793392),44700,"Stockton-Lodi, CA",778,06077005122,San Joaquin County,7781,0.782804266803753,0.10310349305285,0.062137531068766,0.095369583687341,0.068800764452938,14.4675776229508
06,065,1016,88101,1,PM2.5 - Local Conditions,2011-10-14,,All (2011-10-14 - 2013-12-31); All (2014-01-01 - 2023-12-31),,NEIGHBORHOOD,500 M TO 4KM,GENERAL/BACKGROUND,209,Met One BAM-1022 Mass Monitor w/ VSCC or TE-PM2.5C - Beta Attenuation,2023-09-01,Y,Y,TRIBAL,,582,"Morongo Band of Mission Indians, CA",93490,33.944713,-116.830074,NAD83,1.0,720.0,5.0,TOP OF BUILDING,Morongo Air Monitoring Station,"12160 Santiago Rd. Banning, CA 92220",California,Riverside,Banning,40140,"Riverside-San Bernardino-Ontario, CA",348,"Los Angeles-Long Beach, CA",582,"Morongo Band of Mission Indians, CA",POINT (-116.830074 33.944713),40140,"Riverside-San Bernardino-Ontario, CA",5536,06065043813,Riverside County,3983,0.626663319106201,0.287440221495092,0.030898876404494,0.213706954760297,0.018248175182482,8.48123040983607
06,019,0011,88101,1,PM2.5 - Local Conditions,2012-01-01,2020-12-07,,,NEIGHBORHOOD,500 M TO 4KM,POPULATION EXPOSURE,145,R & P Model 2025 PM-2.5 Sequential Air Sampler w/VSCC - Gravimetric,2012-01-01,,,,,0145,California Air Resources Board,96528,36.78538,-119.77321,NAD83,1.0,96.0,,,Fresno - Garland,"3727 N FIRST ST, FRESNO",California,Fresno,Fresno,23420,"Fresno, CA",260,"Fresno-Madera, CA",,,POINT (-119.77321 36.78538),23420,"Fresno, CA",8798,06019005100,Fresno County,6523,0.811129848229342,0.557282760764806,0.172770700636943,0.318158567774936,0.04811320754717,19.42447568306009
06,065,8001,88101,9,PM2.5 - Local Conditions,2011-08-01,2021-12-31,All (2008-01-01 - 2008-07-31),,NEIGHBORHOOD,500 M TO 4KM,OTHER,170,Met One BAM-1020 Mass Monitor w/VSCC - Beta Attenuation,2016-01-01,,,,,0972,South Coast Air Quality Management District,1262,33.99958,-117.41601,WGS84,0.0,250.0,,,Rubidoux,"5888 MISSION BLVD., RUBIDOUX",California,Riverside,Rubidoux,40140,"Riverside-San Bernardino-Ontario, CA",348,"Los Angeles-Long Beach, CA",,,POINT (-117.41601 33.99958),40140,"Riverside-San Bernardino-Ontario, CA",4273,06065040304,Riverside County,4289,0.900909302867801,0.63265306122449,0.121353558926488,0.375836284927194,0.131359851988899,13.8225180327869
06,055,0003,88101,3,PM2.5 - Local Conditions,2012-12-13,2018-03-31,,AREA,MIDDLE SCALE,100 M TO 500 M,POPULATION EXPOSURE,170,Met One BAM-1020 Mass Monitor w/VSCC - Beta Attenuation,2012-12-13,,,,,0086,Bay Area Air Quality Management District,1190,38.310942,-122.296189,WGS84,0.0,13.0,5.5,TOP OF BUILDING,Napa,2552 JEFFERSON AVE.,California,Napa,Napa,34900,"Napa, CA",488,"San Jose-San Francisco-Oakland, CA",,,POINT (-122.296189 38.310942),34900,"Napa, CA",2755,06055200504,Napa County,5956,0.57102081934184,0.221501227639425,0.031521110468479,0.225552050473186,0.087631218621634,10.6077316939891
06,067,0012,88101,4,PM2.5 - Local Conditions,2013-04-01,,,AREA,NEIGHBORHOOD,500 M TO 4KM,POPULATION EXPOSURE,170,Met One BAM-1020 Mass Monitor w/VSCC - Beta Attenuation,2013-04-01,,,SLAMS,,0145,California Air Resources Board,1274,38.683304,-121.164457,WGS84,151.82,98.0,5.0,TOP OF BUILDING,Folsom-Natoma St.,"50 NATOMA STREET, FOLSOM",California,Sacramento,Folsom,40900,"Sacramento--Roseville--Arden-Arcade, CA",472,"Sacramento-Roseville, CA",,,POINT (-121.164457 38.683304),40900,"Sacramento-Roseville-Folsom, CA",8392,06067008404,Sacramento County,4427,0.347639484978541,0.360617938667282,0.083159214375261,0.038484848484848,0.032276995305164,13.6407469945355
06,025,0005,88101,3,PM2.5 - Local Conditions,2014-01-01,,All (2014-01-01 - 2015-12-22),,NEIGHBORHOOD,500 M TO 4KM,POPULATION EXPOSURE,170,Met One BAM-1020 Mass Monitor w/VSCC - Beta Attenuation,2020-12-10,Y,Y,SLAMS,,0145,California Air Resources Board,959,32.67618,-115.48307,NAD83,151.82,1.0,5.0,TOP OF BUILDING,Calexico-Ethel Street,"1029 ETHEL ST, CALEXICO HIGH SCHOOL",California,Imperial,Calexico,20940,"El Centro, CA",,,,,POINT (-115.48307 32.67618),20940,"El Centro, CA",2385,06025012004,Imperial County,4256,0.980968045112782,0.508928571428571,0.219453761379971,0.327814569536424,0.509353741496599,10.7327918032787
06,067,0010,88101,3,PM2.5 - Local Conditions,2014-05-20,,,,NEIGHBORHOOD,500 M TO 4KM,HIGHEST CONCENTRATION; POPULATION EXPOSURE,170,Met One BAM-1020 Mass Monitor w/VSCC - Beta Attenuation,2020-12-11,Y,Y,SLAMS,,0145,California Air Resources Board,1272,38.56844,-121.49311,NAD83,0.0,0.0,,,Sacramento-1309 T Street,"1309 T ST., SACRAMENTO, CA. 95814",California,Sacramento,Sacramento,40900,"Sacramento--Roseville--Arden-Arcade, CA",472,"Sacramento-Roseville, CA",,,POINT (-121.49311 38.56844),40900,"Sacramento-Roseville-Folsom, CA",7806,06067002000,Sacramento County,2910,0.528865979381443,0.255605381165919,0.062022090059473,0.128205128205128,0.09171974522293,14.6037355191257
06,039,2010,88101,1,PM2.5 - Local Conditions,2014-06-10,2020-12-10,,,NEIGHBORHOOD,500 M TO 4KM,HIGHEST CONCENTRATION; OTHER,145,R & P Model 2025 PM-2.5 Sequential Air Sampler w/VSCC - Gravimetric,2014-12-17,,,,,0145,California Air Resources Board,95487,36.953256,-120.034203,WGS84,3.0,83.52,,,Madera-City,28261 Avenue 14 Madera CA 93638,California,Madera,Madera,31460,"Madera, CA",260,"Fresno-Madera, CA",,,POINT (-120.034203 36.953256),23420,"Fresno, CA",287,06039000517,Madera County,2635,0.728273244781784,0.265793167992513,0.024008350730689,0.233580810965163,0.116935483870968,17.9268404371585
06,073,1018,88101,1,PM2.5 - Local Conditions,2014-09-01,2016-05-31,,,NEIGHBORHOOD,500 M TO 4KM,GENERAL/BACKGROUND,145,R & P Model 2025 PM-2.5 Sequential Air Sampler w/VSCC - Gravimetric,2015-10-27,,,,,0942,San Diego County Air Pollution Control District,97780,32.817978,-116.968133,WGS84,5.0,119.0,6.0,TOP OF BUILDING,El Cajon - Floyd Smith Dr.,10537 FLOYD SMITH DRIVE,California,San Diego,El Cajon,41740,"San Diego-Carlsbad, CA",,,,,POINT (-116.968133 32.817978),41740,"San Diego-Chula Vista-Carlsbad, CA",1240,06073016202,San Diego County,4266,0.57079231129864,0.225322391559203,0.104532462229481,0.121235521235521,0.041216216216216,11.3066650273224
06,001,0013,88101,3,PM2.5 - Local Conditions,2016-07-01,,,MOBILE,MICROSCALE,0 M TO 100 M,POPULATION EXPOSURE; SOURCE ORIENTED,170,Met One BAM-1020 Mass Monitor w/VSCC - Beta Attenuation,2016-07-01,Y,,SLAMS,NEAR ROAD,0086,Bay Area Air Quality Management District,102205,37.864767,-122.302741,NAD83,1.0,2.7,5.0,TOP OF BUILDING,Berkeley- Aquatic Park,1 Bolivar Dr,California,Alameda,Not in a City,41860,"San Francisco-Oakland-Hayward, CA",488,"San Jose-San Francisco-Oakland, CA",,,POINT (-122.302741 37.864767),41860,"San Francisco-Oakland-Fremont, CA",5919,06001422000,Alameda County,2453,0.505095801059927,0.172910662824208,0.022349570200573,0.054401582591494,0.018565400843882,11.1089715846995
06,037,1602,88101,21,PM2.5 - Local Conditions,2017-02-01,2022-01-20,,,NEIGHBORHOOD,500 M TO 4KM,POPULATION EXPOSURE,143,R & P Model 2000 PM-2.5 Air Sampler w/VSCC - Gravimetric,2017-02-01,,,,,0972,South Coast Air Quality Management District,92493,34.01029,-118.0685,NAD83,1.0,75.0,,,Pico Rivera #2,"4144 SAN GABRIEL RIVER PKWY, PICO RIVERA",California,Los Angeles,Pico Rivera,31080,"Los Angeles-Long Beach-Anaheim, CA",348,"Los Angeles-Long Beach, CA",,,POINT (-118.0685 34.01029),31080,"Los Angeles-Long Beach-Anaheim, CA",725,06037500403,Los Angeles County,3497,0.965970832141836,0.163568773234201,0.03921568627451,0.214229867083659,0.08310502283105,14.4358860655738
06,059,0007,88101,2,PM2.5 - Local Conditions,2017-05-01,2018-08-07,,MOBILE,URBAN SCALE,4 KM TO 50 KM,POPULATION EXPOSURE,155,Thermo Electron Model RAAS2.5-300 Sequential w/VSCC - Gravimetric,2017-05-01,,,,,0972,South Coast Air Quality Management District,91686,33.83062,-117.93845,WGS84,20.0,10.0,2.0,OTHER,Anaheim,1630 W. PAMPAS LANE,California,Orange,Anaheim,31080,"Los Angeles-Long Beach-Anaheim, CA",348,"Los Angeles-Long Beach, CA",,,POINT (-117.93845 33.83062),31080,"Los Angeles-Long Beach-Anaheim, CA",3338,06059087105,Orange County,5636,0.843683463449255,0.311586452762923,0.069347688410386,0.17781875658588,0.181246426529445,13.9910461748634
06,029,0018,88101,1,PM2.5 - Local Conditions,2017-11-01,,,AREA,NEIGHBORHOOD,500 M TO 4KM,POPULATION EXPOSURE,170,Met One BAM-1020 Mass Monitor w/VSCC - Beta Attenuation,2017-11-01,Y,,SLAMS,,0575,Kern County APCD,104118,35.642943,-117.715066,NAD83,50.0,717.0,4.5,TOP OF BUILDING,Ridgecrest-Ward,"2051 Ward, Ridgecrest CA",California,Kern,Ridgecrest,12540,"Bakersfield, CA",,,,,POINT (-117.715066 35.642943),12540,"Bakersfield-Delano, CA",3585,06029005509,Kern County,4481,0.370899352823031,0.244979919678715,0.102424542305789,0.119316349564657,0.040840840840841,8.49743983606557
06,015,0007,88101,1,PM2.5 - Local Conditions,2016-10-01,2018-10-01,,,NEIGHBORHOOD,500 M TO 4KM,POPULATION EXPOSURE,195,GRIMM EDM Model 180 with naphion dryer - Laser Light Scattering,2016-10-01,,,,,0145,California Air Resources Board,104299,41.75613,-124.20347,NAD83,1.0,13.0,,,Crescent City-Crescent Elk School,"994 G Street, Crescent City, CA 95531",California,Del Norte,Crescent City,18860,"Crescent City, CA",,,,,POINT (-124.20347 41.75613),18860,"Crescent City, CA",4592,06015000101,Del Norte County,4391,0.373718970621726,0.490714948932219,0.081706063720452,0.230889724310777,0.027624309392265,8.5499393442623
06,101,0003,88101,3,PM2.5 - Local Conditions,2020-04-10,,,,,,POPULATION EXPOSURE,170,Met One BAM-1020 Mass Monitor w/VSCC - Beta Attenuation,2020-04-10,Y,Y,SLAMS,,0145,California Air Resources Board,1567,39.138773,-121.618549,WGS84,0.0,20.0,,,Yuba City,"773 ALMOND ST, YUBA CITY",California,Sutter,Yuba City,49700,"Yuba City, CA",472,"Sacramento-Roseville, CA",,,POINT (-121.618549 39.138773),49700,"Yuba City, CA",6383,06101050202,Sutter County,4123,0.659713800630609,0.372753763963089,0.081746031746032,0.297385620915033,0.136036625245258,15.8829953551913
06,029,0019,88101,3,PM2.5 - Local Conditions,2020-10-01,2023-02-13,,,NEIGHBORHOOD,500 M TO 4KM,POPULATION EXPOSURE,170,Met One BAM-1020 Mass Monitor w/VSCC - Beta Attenuation,2020-10-01,,,,,0145,California Air Resources Board,104719,35.046528,-118.162833,NAD83,10.0,853.0,8.0,TOP OF BUILDING,Mojave - CA 58 Business,1773 CA-58 BUS,California,Kern,Mojave,12540,"Bakersfield, CA",,,,,POINT (-118.162833 35.046528),12540,"Bakersfield-Delano, CA",8307,06029005900,Kern County,3570,0.803361344537815,0.484926052332196,0.072248480756246,0.198317839752103,0.111594202898551,9.37160521857924
06,061,0006,88101,3,PM2.5 - Local Conditions,2020-12-11,,,,,,POPULATION EXPOSURE,170,Met One BAM-1020 Mass Monitor w/VSCC - Beta Attenuation,2020-12-11,Y,,SLAMS,,0145,California Air Resources Board,1225,38.74643,-121.26498,NAD83,151.82,48.0,9.0,TOP OF BUILDING,Roseville-N Sunrise Ave," 151 NO SUNRISE BLVD, ROSEVILLE, CA",California,Placer,Roseville,40900,"Sacramento--Roseville--Arden-Arcade, CA",472,"Sacramento-Roseville, CA",,,POINT (-121.26498 38.74643),40900,"Sacramento-Roseville-Folsom, CA",2716,06061020717,Placer County,5344,0.499064371257485,0.120134730538922,0.088317322590641,0.024768644529124,0.027124773960217,14.2068404371585
06,027,1018,88101,1,PM2.5 - Local Conditions,2021-04-01,,All (2021-04-01 - Present),,,,GENERAL/BACKGROUND,236,Teledyne T640 at 5.0 LPM - Broadband spectroscopy,2021-04-01,,,TRIBAL,,624,"Paiute-Shoshone Indians of the Lone Pine Community of Lone Pine Reservation,CA",92674,36.595556,-118.049167,WGS84,3.0,1128.0,,,Lone Pine Paiute-Shoshone Reservation,1101 E-SHA LANE,California,Inyo,Lone Pine,13860,"Bishop, CA",,,624,"Paiute-Shoshone Indians of the Lone Pine Community of Lone Pine Reservation,CA",POINT (-118.049167 36.595556),13860,"Bishop, CA",5934,06027000800,Inyo County,3058,0.428711576193591,0.366511318242344,0.02052091554854,0.07157217531162,0.025819958129798,6.95654139344262
06,089,0004,88101,3,PM2.5 - Local Conditions,2022-06-25,,,,,,POPULATION EXPOSURE,209,Met One BAM-1022 Mass Monitor w/ VSCC or TE-PM2.5C - Beta Attenuation,2022-06-25,Y,Y,SLAMS,,0145,California Air Resources Board,1508,40.55013,-122.38092,NAD83,0.0,149.0,,,Redding - Health Department,"HLTH CTR-2630 BRESLAUER WAY, REDDING",California,Shasta,Redding,39820,"Redding, CA",454,"Redding-Red Bluff, CA",,,POINT (-122.38092 40.55013),39820,"Redding, CA",1709,06089010400,Shasta County,4830,0.239130434782609,0.301424382069543,0.070658682634731,0.056077599272507,0.010353227771011,11.5835510928962
06,113,1003,88101,3,PM2.5 - Local Conditions,2021-01-01,,,,NEIGHBORHOOD,500 M TO 4KM,POPULATION EXPOSURE,170,Met One BAM-1020 Mass Monitor w/VSCC - Beta Attenuation,2023-01-01,Y,,SLAMS,,0145,California Air Resources Board,1637,38.66121,-121.73269,WGS84,151.82,11.0,,,Woodland-Gibson Road,"41929 E. GIBSON ROAD, WOODLAND",California,Yolo,Woodland,40900,"Sacramento--Roseville--Arden-Arcade, CA",472,"Sacramento-Roseville, CA",,,POINT (-121.73269 38.66121),40900,"Sacramento-Roseville-Folsom, CA",189,06113011208,Yolo County,7761,0.540523128462827,0.081427015250545,0.041729135432284,0.110066253472964,0.068044788975022,14.1518032786885
06,025,0010,88101,1,PM2.5 - Local Conditions,2021-04-02,,All (2021-04-02 - Present),AREA,NEIGHBORHOOD,500 M TO 4KM,OTHER,238,Teledyne T640X at 16.67 LPM - Broadband spectroscopy,2021-04-02,,,TRIBAL,,595,"Torres-Martinez Cahuilla Indians, California",104851,33.379078,-116.015997,WGS84,10.0,-67.0,4.57,TOP OF BUILDING,Torres Martinez Reservation,3451 Seaview Ave,California,Imperial,Salton Sea Beach,20940,"El Centro, CA",,,595,"Torres-Martinez Cahuilla Indians, California",POINT (-116.015997 33.379078),20940,"El Centro, CA",1173,06025012302,Imperial County,6170,0.795623987034036,0.521076523994812,0.115682281059063,0.361061946902655,0.377231257437525,8.70777103825137
06,107,2003,88101,3,PM2.5 - Local Conditions,2022-01-13,,,,NEIGHBORHOOD,500 M TO 4KM,POPULATION EXPOSURE,170,Met One BAM-1020 Mass Monitor w/VSCC - Beta Attenuation,2022-01-13,Y,,SLAMS,,0145,California Air Resources Board,104965,36.30815,-119.3129,WGS84,5.0,98.0,,,Visalia-W. Ashland Avenue,"2005 West Ashland Avenue, Suite G, Visalia, CA, 93277",California,Tulare,Visalia,47300,"Visalia-Porterville, CA",546,"Visalia-Porterville-Hanford, CA",,,POINT (-119.3129 36.30815),47300,"Visalia, CA",658,06107001901,Tulare County,3456,0.524594907407407,0.240451388888889,0.054088050314465,0.079584775086505,0.009143807148795,21.5743081967213
06,071,8001,88101,3,PM2.5 - Local Conditions,2022-01-01,,,,NEIGHBORHOOD,500 M TO 4KM,POPULATION EXPOSURE,209,Met One BAM-1022 Mass Monitor w/ VSCC or TE-PM2.5C - Beta Attenuation,2022-01-01,Y,Y,SLAMS,,0972,South Coast Air Quality Management District,1335,34.26464,-116.86147,NAD83,3.04,2056.0,2.0,GROUND LEVEL SUPPORT,Big Bear,"501 W. VALLEY BLVD., BIG BEAR CITY,",California,San Bernardino,Big Bear City,40140,"Riverside-San Bernardino-Ontario, CA",348,"Los Angeles-Long Beach, CA",,,POINT (-116.86147 34.26464),40140,"Riverside-San Bernardino-Ontario, CA",8081,06071011406,San Bernardino County,2814,0.420398009950249,0.364250177683014,0.098489822718319,0.140546006066734,0.019730941704036,7.54979169398907
06,073,1022,88101,3,PM2.5 - Local Conditions,2022-08-11,,All (2022-08-11 - 2023-07-06),POINT,NEIGHBORHOOD,500 M TO 4KM,GENERAL/BACKGROUND,638,Teledyne T640X at 16.67 LPM w/Network Data Alignment enabled - Broadband spectroscopy,2023-07-07,Y,Y,SLAMS,NCORE,0942,San Diego County Air Pollution Control District,100976,32.789565,-116.944308,NAD83,4.0,143.0,7.0,TOP OF BUILDING,El Cajon - Lexington Elementary School,533 First Street,California,San Diego,El Cajon,41740,"San Diego-Carlsbad, CA",,,,,POINT (-116.944308 32.789565),41740,"San Diego-Chula Vista-Carlsbad, CA",5958,06073015704,San Diego County,4483,0.548070488512157,0.481597144769128,0.060579064587973,0.14141765114663,0.13277428371768,11.0631155737705
06,029,0020,88101,3,PM2.5 - Local Conditions,2023-02-13,,,,NEIGHBORHOOD,500 M TO 4KM,POPULATION EXPOSURE,170,Met One BAM-1020 Mass Monitor w/VSCC - Beta Attenuation,2023-02-13,Y,,SLAMS,,0145,California Air Resources Board,105139,35.04944,-118.18893,WGS84,10.0,853.0,8.0,TOP OF BUILDING,Mojave-Pat Avenue,3200 Pat Avenue,California,Kern,Mojave,12540,"Bakersfield, CA",,,,,POINT (-118.18893 35.04944),12540,"Bakersfield-Delano, CA",8307,06029005900,Kern County,3570,0.803361344537815,0.484926052332196,0.072248480756246,0.198317839752103,0.111594202898551,9.37160521857924
06,073,1201,88101,21,PM2.5 - Local Conditions,2005-08-19,,All (2008-10-28 - 2015-04-01); All (2015-04-02 - Present),AREA,NEIGHBORHOOD,500 M TO 4KM,GENERAL/BACKGROUND,736,Teledyne T640 at 5.0 LPM (Corrected) - Broadband spectroscopy,2005-08-19,Y,,TRIBAL,,583,"Pala Band of Luiseno Mission Indians of Pala Reservation, CA",94529,33.362593,-117.09023,WGS84,1.524,109.728,4.55,TOP OF BUILDING,Pala Airpad,"10848 HWY 76, PALA, CA 92059",California,San Diego,Pala,41740,"San Diego-Carlsbad, CA",,,583,"Pala Band of Luiseno Mission Indians of Pala Reservation, CA",POINT (-117.09023 33.362593),41740,"San Diego-Chula Vista-Carlsbad, CA",2309,06073019109,San Diego County,4485,0.450167224080267,0.187193217313699,0.040878122634368,0.026186579378069,0.0,12.0194079234973
06,029,0014,88101,1,PM2.5 - Local Conditions,1999-01-01,,,,NEIGHBORHOOD,500 M TO 4KM,POPULATION EXPOSURE,145,R & P Model 2025 PM-2.5 Sequential Air Sampler w/VSCC - Gravimetric,2004-07-13,Y,Y,SLAMS,,0145,California Air Resources Board,1012,35.356615,-119.062613,NAD83,151.82,0.0,7.3,,Bakersfield-California,"5558 California Ave., Bakersfield CA 93309",California,Kern,Bakersfield,12540,"Bakersfield, CA",,,,,POINT (-119.062613 35.356615),12540,"Bakersfield-Delano, CA",3586,06029001804,Kern County,3490,0.543266475644699,0.254207777132908,0.04147764095917,0.042096574494428,0.031029619181946,17.0414614754098
06,037,9033,88101,1,PM2.5 - Local Conditions,2001-11-01,2022-12-31,,,NEIGHBORHOOD,500 M TO 4KM,POPULATION EXPOSURE,170,Met One BAM-1020 Mass Monitor w/VSCC - Beta Attenuation,2016-01-01,,,,,0709,Mojave Desert AQMD,1123,34.669739,-118.130511,NAD83,151.82,725.0,5.0,TOP OF BUILDING,Lancaster-Division Street,"43301 DIVISION ST., LANCASTER, CA",California,Los Angeles,Lancaster,31080,"Los Angeles-Long Beach-Anaheim, CA",348,"Los Angeles-Long Beach, CA",,,POINT (-118.130511 34.669739),31080,"Los Angeles-Long Beach-Anaheim, CA",1215,06037900504,Los Angeles County,7051,0.831938732094738,0.339942938659059,0.103262591067469,0.103625730994152,0.020530796194291,9.43018770491803
06,067,0006,88101,3,PM2.5 - Local Conditions,2000-05-01,,,AREA,NEIGHBORHOOD,500 M TO 4KM,HIGHEST CONCENTRATION; POPULATION EXPOSURE; REGIONAL TRANSPORT,170,Met One BAM-1020 Mass Monitor w/VSCC - Beta Attenuation,2020-12-21,Y,,SLAMS,NCORE,0145,California Air Resources Board,1270,38.613779,-121.368014,WGS84,0.0,8.0,5.0,TOP OF BUILDING,Sacramento-Del Paso Manor,"DEL PASO-2701 AVALON DR, SACRAMENTO",California,Sacramento,Arden-Arcade,40900,"Sacramento--Roseville--Arden-Arcade, CA",472,"Sacramento-Roseville, CA",,,POINT (-121.368014 38.613779),40900,"Sacramento-Roseville-Folsom, CA",4743,06067006002,Sacramento County,5021,0.350726946823342,0.408945686900958,0.091749907510174,0.186289900575615,0.0426272292301,14.6781510928962
06,059,0007,88101,1,PM2.5 - Local Conditions,2001-09-01,,,MOBILE,URBAN SCALE,4 KM TO 50 KM,POPULATION EXPOSURE,145,R & P Model 2025 PM-2.5 Sequential Air Sampler w/VSCC - Gravimetric,2018-08-11,Y,Y,SLAMS,,0972,South Coast Air Quality Management District,91686,33.83062,-117.93845,WGS84,20.0,10.0,2.0,OTHER,Anaheim,1630 W. PAMPAS LANE,California,Orange,Anaheim,31080,"Los Angeles-Long Beach-Anaheim, CA",348,"Los Angeles-Long Beach, CA",,,POINT (-117.93845 33.83062),31080,"Los Angeles-Long Beach-Anaheim, CA",3338,06059087105,Orange County,5636,0.843683463449255,0.311586452762923,0.069347688410386,0.17781875658588,0.181246426529445,13.9910461748634
06,029,0015,88101,1,PM2.5 - Local Conditions,1999-06-01,2018-03-16,,,NEIGHBORHOOD,500 M TO 4KM,POPULATION EXPOSURE,118,R & P Model 2025 PM2.5 Sequential w/WINS - GRAVIMETRIC,2006-04-05,,,,,0942,San Diego County Air Pollution Control District,1013,35.62109,-117.67296,WGS84,151.82,701.0,3.0,TOP OF BUILDING,Ridgecrest-California Ave,"100 WEST CALIFORNIA AVE, RIDGECREST, CA",California,Kern,Ridgecrest,12540,"Bakersfield, CA",,,,,POINT (-117.67296 35.62109),12540,"Bakersfield-Delano, CA",2890,06029005408,Kern County,5024,0.388136942675159,0.320901475867571,0.041300527240773,0.115937295885042,0.039066463723998,8.46194647540984
06,019,0011,88101,3,PM2.5 - Local Conditions,2012-01-18,,,,NEIGHBORHOOD,500 M TO 4KM,POPULATION EXPOSURE,170,Met One BAM-1020 Mass Monitor w/VSCC - Beta Attenuation,2012-01-18,Y,Y,SLAMS,,0145,California Air Resources Board,96528,36.78538,-119.77321,NAD83,1.0,96.0,,,Fresno - Garland,"3727 N FIRST ST, FRESNO",California,Fresno,Fresno,23420,"Fresno, CA",260,"Fresno-Madera, CA",,,POINT (-119.77321 36.78538),23420,"Fresno, CA",8798,06019005100,Fresno County,6523,0.811129848229342,0.557282760764806,0.172770700636943,0.318158567774936,0.04811320754717,19.42447568306009
06,001,0011,88101,3,PM2.5 - Local Conditions,2012-12-18,,,AREA,NEIGHBORHOOD,500 M TO 4KM,POPULATION EXPOSURE; SOURCE ORIENTED,170,Met One BAM-1020 Mass Monitor w/VSCC - Beta Attenuation,2012-12-18,Y,,SLAMS,,0086,Bay Area Air Quality Management District,94938,37.814781,-122.282347,WGS84,6.0,0.0,5.2,TOP OF BUILDING,Oakland West,1100 21st Street,California,Alameda,Oakland,41860,"San Francisco-Oakland-Hayward, CA",488,"San Jose-San Francisco-Oakland, CA",,,POINT (-122.282347 37.814781),41860,"San Francisco-Oakland-Fremont, CA",5783,06001402400,Alameda County,2623,0.866946244757911,0.550713459313536,0.106269113149847,0.185634800202327,0.164251207729469,10.9923551912568
06,111,2002,88101,4,PM2.5 - Local Conditions,2014-03-17,,,,NEIGHBORHOOD,500 M TO 4KM,HIGHEST CONCENTRATION,170,Met One BAM-1020 Mass Monitor w/VSCC - Beta Attenuation,2014-03-17,,,SLAMS,,1118,Ventura County APCD,1617,34.276316,-118.683685,NAD83,0.0,314.0,,TOP OF BUILDING,Simi Valley-Cochran Street,"5400 COCHRAN STREET, SIMI VALLEY, CA  93063",California,Ventura,Simi Valley,37100,"Oxnard-Thousand Oaks-Ventura, CA",348,"Los Angeles-Long Beach, CA",,,POINT (-118.683685 34.276316),37100,"Oxnard-Thousand Oaks-Ventura, CA",5490,06111008307,Ventura County,3377,0.502517026946994,0.100266983091071,0.046839472487494,0.14163961038961,0.027065527065527,8.42979704918033
06,031,0004,88101,8,PM2.5 - Local Conditions,2017-01-01,,,,NEIGHBORHOOD,500 M TO 4KM,POPULATION EXPOSURE,170,Met One BAM-1020 Mass Monitor w/VSCC - Beta Attenuation,2021-01-12,Y,,SLAMS,,0945,San Joaquin Valley Unified Air Pollution Control District,1035,36.102244,-119.56565,NAD83,3.04,61.0,5.0,TOP OF BUILDING,Corcoran-Patterson,1520 PATTERSON AVE.,California,Kings,Corcoran,25260,"Hanford-Corcoran, CA",546,"Visalia-Porterville-Hanford, CA",,,POINT (-119.56565 36.102244),25260,"Hanford-Corcoran, CA",377,06031001500,Kings County,6029,0.868137336208326,0.48555592878737,0.052426343154246,0.370647482014388,0.241230769230769,18.5840366120219
06,071,0027,88101,3,PM2.5 - Local Conditions,2015-08-01,,,MOBILE,MICROSCALE,0 M TO 100 M,SOURCE ORIENTED,170,Met One BAM-1020 Mass Monitor w/VSCC - Beta Attenuation,2022-03-10,,,SLAMS,NEAR ROAD,0972,South Coast Air Quality Management District,99504,34.030833,-117.61722,WGS84,3.04,258.0,4.5,TOP OF BUILDING,Ontario-Route 60 Near Road,2330 S. Castle Harbour,California,San Bernardino,Ontario,40140,"Riverside-San Bernardino-Ontario, CA",348,"Los Angeles-Long Beach, CA",,,POINT (-117.61722 34.030833),40140,"Riverside-San Bernardino-Ontario, CA",6430,06071001803,San Bernardino County,3474,0.828727691421992,0.161824520627542,0.0509977827051,0.306309904153355,0.071316614420063,14.4492994535519
06,073,1026,88101,1,PM2.5 - Local Conditions,2020-01-01,2023-04-06,,AREA,NEIGHBORHOOD,500 M TO 4KM,POPULATION EXPOSURE,545,Met One E-SEQ-FRM PM2.5 with VSCC - Gravimetric,2020-01-01,,,,,0942,San Diego County Air Pollution Control District,104551,32.710177,-117.142665,NAD83,2.0,34.0,2.0,GROUND LEVEL SUPPORT,San Diego - Sherman Elementary School,450B 24th Street,California,San Diego,San Diego,41740,"San Diego-Carlsbad, CA",,,,,POINT (-117.142665 32.710177),41740,"San Diego-Chula Vista-Carlsbad, CA",6552,06073004700,San Diego County,1446,0.678423236514523,0.23314606741573,0.041938490214352,0.067425569176883,0.058238636363636,11.7049519125683
06,065,2007,88101,3,PM2.5 - Local Conditions,2024-01-01,,,AREA,NEIGHBORHOOD,500 M TO 4KM,POPULATION EXPOSURE,170,Met One BAM-1020 Mass Monitor w/VSCC - Beta Attenuation,2024-01-01,,,SPM,,0972,South Coast Air Quality Management District,105237,33.72537,-116.206842,WGS84,2.0,-8.0,1.8,TOP OF BUILDING,Indio Amistad High School,"44801 Golf Center Parkway, Indio CA, 92201",California,Riverside,Indio,40140,"Riverside-San Bernardino-Ontario, CA",348,"Los Angeles-Long Beach, CA",,,POINT (-116.206842 33.72537),40140,"Riverside-San Bernardino-Ontario, CA",2293,06065045303,Riverside County,2320,0.923275862068966,0.479310344827586,0.128299120234604,0.42204628501827,0.461630695443645,8.99519863387978
06,073,1016,88101,4,PM2.5 - Local Conditions,2023-06-30,,,POINT,NEIGHBORHOOD,500 M TO 4KM,GENERAL/BACKGROUND,638,Teledyne T640X at 16.67 LPM w/Network Data Alignment enabled - Broadband spectroscopy,2023-06-30,,,SLAMS,,0942,San Diego County Air Pollution Control District,95699,32.845709,-117.123964,NAD83,1.0,134.0,6.0,TOP OF BUILDING,San Diego - Kearny Villa Rd.,"6125A KEARNY VILLA RD., SAN DIEGO",California,San Diego,San Diego,41740,"San Diego-Carlsbad, CA",,,,,POINT (-117.123964 32.845709),41740,"San Diego-Chula Vista-Carlsbad, CA",6228,06073009400,San Diego County,4873,0.575415555099528,0.331225680933852,0.092009685230024,0.0,0.0,11.8629721311475
06,073,1017,88101,3,PM2.5 - Local Conditions,2023-06-30,,,,MICROSCALE,0 M TO 100 M,SOURCE ORIENTED,638,Teledyne T640X at 16.67 LPM w/Network Data Alignment enabled - Broadband spectroscopy,2023-06-30,Y,,SLAMS,NEAR ROAD,0942,San Diego County Air Pollution Control District,99631,32.985428,-117.082198,WGS84,5.0,219.0,2.0,SIDE OF BUILDING,San Diego -Rancho Carmel Drive,11403 Rancho Carmel Drive,California,San Diego,San Diego,41740,"San Diego-Carlsbad, CA",,,,,POINT (-117.082198 32.985428),41740,"San Diego-Chula Vista-Carlsbad, CA",8723,06073017056,San Diego County,4534,0.598588442876048,0.062887307780583,0.052954719877206,0.070835803200948,0.042786615469007,11.7823969945355
06,037,1302,88101,3,PM2.5 - Local Conditions,2024-01-01,,,AREA,NEIGHBORHOOD,500 M TO 4KM,HIGHEST CONCENTRATION,170,Met One BAM-1020 Mass Monitor w/VSCC - Beta Attenuation,2024-01-01,,,SLAMS,,0972,South Coast Air Quality Management District,94733,33.901389,-118.205,WGS84,1.0,27.0,1.8,TOP OF BUILDING,Compton,700 North Bullis Road,California,Los Angeles,Compton,31080,"Los Angeles-Long Beach-Anaheim, CA",348,"Los Angeles-Long Beach, CA",,,POINT (-118.205 33.901389),31080,"Los Angeles-Long Beach-Anaheim, CA",7448,06037542000,Los Angeles County,5231,1.0,0.323647486140317,0.066194690265487,0.308330947609505,0.067612687813022,14.4338745901639
06,029,0016,88101,1,PM2.5 - Local Conditions,2000-02-18,,,,NEIGHBORHOOD,500 M TO 4KM,POPULATION EXPOSURE,145,R & P Model 2025 PM-2.5 Sequential Air Sampler w/VSCC - Gravimetric,2005-03-01,Y,Y,SLAMS,,0145,California Air Resources Board,1014,35.324636,-118.997627,NAD83,18.22,0.0,2.0,TOP OF BUILDING,Bakersfield-Airport (Planz),"410 E. PLANZ RD. BAKERSFIELD, CA  93307",California,Kern,Bakersfield,12540,"Bakersfield, CA",,,,,POINT (-118.997627 35.324636),12540,"Bakersfield-Delano, CA",5657,06029003103,Kern County,4204,0.873215984776403,0.632116788321168,0.101958525345622,0.41219723183391,0.077747989276139,15.9909170218579
06,065,2002,88101,3,PM2.5 - Local Conditions,2000-01-01,2022-04-21,,,,,UNKNOWN,183,Thermo Scientific 5014i or FH62C14-DHS w/VSCC - Beta Attenuation,2020-01-01,,,,,0972,South Coast Air Quality Management District,1253,33.70853,-116.21537,WGS84,0.0,0.0,1.8,TOP OF BUILDING,Indio,"46-990 JACKSON ST., INDIO",California,Riverside,Indio,40140,"Riverside-San Bernardino-Ontario, CA",348,"Los Angeles-Long Beach, CA",,,POINT (-116.21537 33.70853),40140,"Riverside-San Bernardino-Ontario, CA",4400,06065049502,Riverside County,3182,0.979572595851666,0.573852922690132,0.221585482330468,0.369218174375767,0.613324624428478,9.061847814207653
06,101,0003,88101,1,PM2.5 - Local Conditions,1998-12-19,2020-04-10,,,NEIGHBORHOOD,500 M TO 4KM,POPULATION EXPOSURE,145,R & P Model 2025 PM-2.5 Sequential Air Sampler w/VSCC - Gravimetric,2014-01-30,,,,,0145,California Air Resources Board,1567,39.138773,-121.618549,WGS84,0.0,20.0,6.0,,Yuba City,"773 ALMOND ST, YUBA CITY",California,Sutter,Yuba City,49700,"Yuba City, CA",472,"Sacramento-Roseville, CA",,,POINT (-121.618549 39.138773),49700,"Yuba City, CA",6383,06101050202,Sutter County,4123,0.659713800630609,0.372753763963089,0.081746031746032,0.297385620915033,0.136036625245258,15.8829953551913
06,065,8005,88101,1,PM2.5 - Local Conditions,2005-10-25,,,,NEIGHBORHOOD,500 M TO 4KM,HIGHEST CONCENTRATION,145,R & P Model 2025 PM-2.5 Sequential Air Sampler w/VSCC - Gravimetric,2015-05-19,Y,Y,SLAMS,,0972,South Coast Air Quality Management District,92995,33.99636,-117.4924,NAD83,1.0,250.0,,,Mira Loma (Van Buren),5130 POINSETTIA PLACE,California,Riverside,Mira Loma,40140,"Riverside-San Bernardino-Ontario, CA",348,"Los Angeles-Long Beach, CA",,,POINT (-117.4924 33.99636),40140,"Riverside-San Bernardino-Ontario, CA",7967,06065040403,Riverside County,5518,0.806814063066328,0.139543312794491,0.063165365507452,0.277167947310648,0.029343629343629,14.3894204918033
06,099,0006,88101,3,PM2.5 - Local Conditions,2008-11-19,,,,NEIGHBORHOOD,500 M TO 4KM,POPULATION EXPOSURE,170,Met One BAM-1020 Mass Monitor w/VSCC - Beta Attenuation,2008-11-19,Y,,SLAMS,,0945,San Joaquin Valley Unified Air Pollution Control District,1557,37.488317,-120.836008,NAD83,1.52,56.0,7.0,TOP OF BUILDING,Turlock," 900 S MINARET STREET, TURLOCK, CA",California,Stanislaus,Turlock,33700,"Modesto, CA",382,"Modesto-Merced, CA",,,POINT (-120.836008 37.488317),33700,"Modesto, CA",4234,06099003904,Stanislaus County,4375,0.568914285714286,0.435657142857143,0.152610441767068,0.214814814814815,0.07662192393736,15.5203266393443
06,039,2010,88101,3,PM2.5 - Local Conditions,2010-07-16,,,AREA,NEIGHBORHOOD,500 M TO 4KM,POPULATION EXPOSURE,170,Met One BAM-1020 Mass Monitor w/VSCC - Beta Attenuation,2019-09-21,Y,,SLAMS,,0945,San Joaquin Valley Unified Air Pollution Control District,95487,36.953256,-120.034203,WGS84,3.0,83.52,,TOWER,Madera-City,28261 Avenue 14 Madera CA 93638,California,Madera,Madera,31460,"Madera, CA",260,"Fresno-Madera, CA",,,POINT (-120.034203 36.953256),23420,"Fresno, CA",287,06039000517,Madera County,2635,0.728273244781784,0.265793167992513,0.024008350730689,0.233580810965163,0.116935483870968,17.9268404371585
06,029,0011,88101,3,PM2.5 - Local Conditions,2011-04-01,2020-08-31,,,NEIGHBORHOOD,500 M TO 4KM,HIGHEST CONCENTRATION,170,Met One BAM-1020 Mass Monitor w/VSCC - Beta Attenuation,2011-04-01,,,,,0145,California Air Resources Board,1009,35.050551,-118.147294,WGS84,151.82,853.0,8.0,TOP OF BUILDING,Mojave," 923 POOLE STREET, MOJAVE, CA 93501",California,Kern,Mojave,12540,"Bakersfield, CA",,,,,POINT (-118.147294 35.050551),12540,"Bakersfield-Delano, CA",8307,06029005900,Kern County,3570,0.803361344537815,0.484926052332196,0.072248480756246,0.198317839752103,0.111594202898551,9.37160521857924
06,007,0008,88101,1,PM2.5 - Local Conditions,2012-04-27,2019-06-30,,,NEIGHBORHOOD,500 M TO 4KM,POPULATION EXPOSURE,145,R & P Model 2025 PM-2.5 Sequential Air Sampler w/VSCC - Gravimetric,2012-10-26,,,,,0145,California Air Resources Board,96599,39.76168,-121.84047,NAD83,62.0,1.0,,,Chico-East Avenue,"984 East Avenue, Chico",California,Butte,Chico,17020,"Chico, CA",,,,,POINT (-121.84047 39.76168),17020,"Chico, CA",6942,06007000104,Butte County,5873,0.354163119359782,0.326996197718631,0.068085106382979,0.102624058196934,0.060717571297148,15.9461994535519
06,061,0003,88101,1,PM2.5 - Local Conditions,2012-01-01,,,,NEIGHBORHOOD,500 M TO 4KM,POPULATION EXPOSURE,170,Met One BAM-1020 Mass Monitor w/VSCC - Beta Attenuation,2012-01-01,Y,,SLAMS,,0872,Placer County APCD,97049,38.93568,-121.09959,NAD83,1.0,400.0,,,Auburn-Atwood,"11645 Atwood Street, Auburn",California,Placer,Auburn,40900,"Sacramento--Roseville--Arden-Arcade, CA",472,"Sacramento-Roseville, CA",,,POINT (-121.09959 38.93568),40900,"Sacramento-Roseville-Folsom, CA",2842,06061021501,Placer County,5191,0.262762473511847,0.218034152436485,0.049071618037135,0.087092882991556,0.032114624505929,12.9702464480874
06,111,0009,88101,3,PM2.5 - Local Conditions,2011-11-15,,,,NEIGHBORHOOD,500 M TO 4KM,HIGHEST CONCENTRATION,170,Met One BAM-1020 Mass Monitor w/VSCC - Beta Attenuation,2011-11-15,Y,,SLAMS,,1118,Ventura County APCD,1610,34.404281,-118.80998,NAD83,3.04,190.0,,TOP OF BUILDING,Piru - Pacific,"3301 PACIFIC AVENUE, PIRU, CA  93040",California,Ventura,Piru,37100,"Oxnard-Thousand Oaks-Ventura, CA",348,"Los Angeles-Long Beach, CA",,,POINT (-118.80998 34.404281),37100,"Oxnard-Thousand Oaks-Ventura, CA",5563,06111009700,Ventura County,3032,0.772427440633245,0.27026132980483,0.087306917394224,0.282919847328244,0.148870636550308,6.8164793442623
06,023,1005,88101,2,PM2.5 - Local Conditions,2013-04-01,2018-04-11,,,NEIGHBORHOOD,500 M TO 4KM,POPULATION EXPOSURE,143,R & P Model 2000 PM-2.5 Air Sampler w/VSCC - Gravimetric,2016-04-01,,,,,0086,Bay Area Air Quality Management District,96282,40.71528,-124.20139,WGS84,1.0,172.0,5.3,TOP OF BUILDING,Humboldt Hill,"170 meters SE of Donna Dr. & Humboldt Hill Rd., Eureka, CA",California,Humboldt,Not in a City,21700,"Eureka-Arcata-Fortuna, CA",,,,,POINT (-124.20139 40.71528),21700,"Eureka-Arcata, CA",3350,06023010701,Humboldt County,4568,0.313922942206655,0.27877532228361,0.048109965635739,0.127089246294544,0.016373559733172,9.025401912568308
06,065,1016,88101,2,PM2.5 - Local Conditions,2013-06-27,,All (2013-06-27 - 2013-12-31); All (2014-01-01 - 2023-12-31),,NEIGHBORHOOD,500 M TO 4KM,GENERAL/BACKGROUND,143,R & P Model 2000 PM-2.5 Air Sampler w/VSCC - Gravimetric,2013-06-27,,,TRIBAL,,582,"Morongo Band of Mission Indians, CA",93490,33.944713,-116.830074,NAD83,1.0,720.0,5.0,TOP OF BUILDING,Morongo Air Monitoring Station,"12160 Santiago Rd. Banning, CA 92220",California,Riverside,Banning,40140,"Riverside-San Bernardino-Ontario, CA",348,"Los Angeles-Long Beach, CA",582,"Morongo Band of Mission Indians, CA",POINT (-116.830074 33.944713),40140,"Riverside-San Bernardino-Ontario, CA",5536,06065043813,Riverside County,3983,0.626663319106201,0.287440221495092,0.030898876404494,0.213706954760297,0.018248175182482,8.48123040983607
06,111,2002,88101,3,PM2.5 - Local Conditions,2013-06-29,,,,NEIGHBORHOOD,500 M TO 4KM,HIGHEST CONCENTRATION,170,Met One BAM-1020 Mass Monitor w/VSCC - Beta Attenuation,2013-06-29,Y,Y,SLAMS,,1118,Ventura County APCD,1617,34.276316,-118.683685,NAD83,0.0,314.0,,TOP OF BUILDING,Simi Valley-Cochran Street,"5400 COCHRAN STREET, SIMI VALLEY, CA  93063",California,Ventura,Simi Valley,37100,"Oxnard-Thousand Oaks-Ventura, CA",348,"Los Angeles-Long Beach, CA",,,POINT (-118.683685 34.276316),37100,"Oxnard-Thousand Oaks-Ventura, CA",5490,06111008307,Ventura County,3377,0.502517026946994,0.100266983091071,0.046839472487494,0.14163961038961,0.027065527065527,8.42979704918033
06,085,0006,88101,3,PM2.5 - Local Conditions,2014-09-01,,,MOBILE,MICROSCALE,0 M TO 100 M,POPULATION EXPOSURE; SOURCE ORIENTED,170,Met One BAM-1020 Mass Monitor w/VSCC - Beta Attenuation,2014-09-01,Y,,SLAMS,NEAR ROAD,0086,Bay Area Air Quality Management District,97784,37.338135,-121.849783,WGS84,3.0,30.9,6.4,TOP OF BUILDING,San Jose - Knox Avenue,1007 Knox Ave,California,Santa Clara,San Jose,41940,"San Jose-Sunnyvale-Santa Clara, CA",488,"San Jose-San Francisco-Oakland, CA",,,POINT (-121.849783 37.338135),41940,"San Jose-Sunnyvale-Santa Clara, CA",3644,06085503602,Santa Clara County,5255,0.946146527117031,0.262226450999049,0.080633802816901,0.349393939393939,0.20583596214511,11.472756284153
06,037,4008,88101,1,PM2.5 - Local Conditions,2015-01-01,,,MOBILE,MICROSCALE,0 M TO 100 M,POPULATION EXPOSURE,145,R & P Model 2025 PM-2.5 Sequential Air Sampler w/VSCC - Gravimetric,2015-01-01,Y,,SLAMS,NEAR ROAD,0972,South Coast Air Quality Management District,99552,33.859662,-118.200707,NAD83,3.04,12.0,4.5,OTHER,Long Beach-Route 710 Near Road,5895 Long Beach Blvd.,California,Los Angeles,Long Beach,31080,"Los Angeles-Long Beach-Anaheim, CA",348,"Los Angeles-Long Beach, CA",,,POINT (-118.200707 33.859662),31080,"Los Angeles-Long Beach-Anaheim, CA",7175,06037571701,Los Angeles County,6655,0.90473328324568,0.529082096334444,0.098800505050505,0.270190170412448,0.149628783552256,14.1475278688525
06,103,0007,88101,3,PM2.5 - Local Conditions,2016-03-01,,,,NEIGHBORHOOD,500 M TO 4KM,GENERAL/BACKGROUND,209,Met One BAM-1022 Mass Monitor w/ VSCC or TE-PM2.5C - Beta Attenuation,2023-04-14,Y,,SLAMS,,0145,California Air Resources Board,99103,40.17093,-122.25556,WGS84,1.0,100.0,,,Red Bluff-Walnut St. District Office,"1834 Walnut Street, Red Bluff, CA 96080",California,Tehama,Red Bluff,39780,"Red Bluff, CA",454,"Redding-Red Bluff, CA",,,POINT (-122.25556 40.17093),39780,"Red Bluff, CA",1123,06103000500,Tehama County,5385,0.319220055710306,0.400229577195332,0.030262572318647,0.128015895543571,0.0,13.0895802459016
06,067,0015,88101,1,PM2.5 - Local Conditions,2016-11-01,2020-12-22,,,MIDDLE SCALE,100 M TO 500 M,SOURCE ORIENTED,145,R & P Model 2025 PM-2.5 Sequential Air Sampler w/VSCC - Gravimetric,2016-11-01,,,,,0145,California Air Resources Board,100406,38.593322,-121.503795,WGS84,1.0,12.8,,,Sacramento-Bercut Drive,"100 Bercut Drive, Sacramento",California,Sacramento,Sacramento,40900,"Sacramento--Roseville--Arden-Arcade, CA",472,"Sacramento-Roseville, CA",,,POINT (-121.503795 38.593322),40900,"Sacramento-Roseville-Folsom, CA",7592,06067005301,Sacramento County,2077,0.559460760712566,0.603883495145631,0.094713656387665,0.197094125078964,0.017191977077364,14.6921398907104
06,107,2002,88101,3,PM2.5 - Local Conditions,2020-12-09,2021-12-31,,,,,POPULATION EXPOSURE,170,Met One BAM-1020 Mass Monitor w/VSCC - Beta Attenuation,2020-12-09,,,,,0145,California Air Resources Board,1591,36.332179,-119.291228,WGS84,0.0,97.0,,,Visalia-Church,"310 N CHURCH ST, VISALIA",California,Tulare,Visalia,47300,"Visalia-Porterville, CA",546,"Visalia-Porterville-Hanford, CA",,,POINT (-119.291228 36.332179),47300,"Visalia, CA",9043,06107001200,Tulare County,1179,0.484308736217133,0.47922192749779,0.062634989200864,0.213447171824973,0.1184,21.570508196721292
06,027,1033,88101,2,PM2.5 - Local Conditions,2020-04-06,,All (2020-04-06 - Present),AREA,MICROSCALE,0 M TO 100 M,GENERAL/BACKGROUND; POPULATION EXPOSURE; SOURCE ORIENTED,236,Teledyne T640 at 5.0 LPM - Broadband spectroscopy,2020-04-06,,,TRIBAL,,530,Big Pine Paiute Tribe of the Owens Valley,104378,37.155494,-118.293547,NAD83,10.0,1236.0,,TOWER,Stn.1 Big Pine Paiute site,School St.,California,Inyo,Big Pine,13860,"Bishop, CA",,,530,Big Pine Paiute Tribe of the Owens Valley,POINT (-118.293547 37.155494),13860,"Bishop, CA",4650,06027000500,Inyo County,2519,0.366018261214768,0.251010509296686,0.043676069153776,0.05420054200542,0.007619047619048,9.260227595628407
06,045,2003,88101,3,PM2.5 - Local Conditions,2021-02-04,,,POINT,,,POPULATION EXPOSURE,170,Met One BAM-1020 Mass Monitor w/VSCC - Beta Attenuation,2021-02-04,Y,,SLAMS,,0145,California Air Resources Board,104850,39.39861,-123.35872,WGS84,1.0,430.0,,,Willits-Blosser Lane,"1277 Blosser Lane, Willits",California,Mendocino,Willits,46380,"Ukiah, CA",,,,,POINT (-123.35872 39.39861),46380,"Ukiah, CA",1875,06045010700,Mendocino County,7115,0.306113843991567,0.333285998295939,0.103274559193955,0.130827383452331,0.030113845023871,10.795081420765
06,073,1014,88101,3,PM2.5 - Local Conditions,2022-08-02,,All (2022-08-02 - 2023-07-02),AREA,NEIGHBORHOOD,500 M TO 4KM,GENERAL/BACKGROUND,638,Teledyne T640X at 16.67 LPM w/Network Data Alignment enabled - Broadband spectroscopy,2023-07-03,Y,,SLAMS,,0942,San Diego County Air Pollution Control District,94572,32.578165,-116.921374,WGS84,1.0,199.0,4.0,TOP OF BUILDING,Donovan,"480 ALTA RD, OTAY MESA, CA",California,San Diego,Otay Mesa,41740,"San Diego-Carlsbad, CA",,,,,POINT (-116.921374 32.578165),41740,"San Diego-Chula Vista-Carlsbad, CA",2630,06073010016,San Diego County,3200,0.74125,0.0,0.0,0.372389033942559,0.0,11.103281420765
06,057,1001,88101,3,PM2.5 - Local Conditions,2024-07-05,,,,,,POPULATION EXPOSURE,209,Met One BAM-1022 Mass Monitor w/ VSCC or TE-PM2.5C - Beta Attenuation,2024-08-28,Y,,SLAMS,,0790,Northern Sierra AQMD,1199,39.32783,-120.184592,NAD83,0.0,5500.0,,,Truckee-Fire Station,"FS-10049 DONNER PASS RD, TRUCKEE",California,Nevada,Truckee,46020,"Truckee-Grass Valley, CA",472,"Sacramento-Roseville, CA",,,POINT (-120.184592 39.32783),46020,"Truckee-Grass Valley, CA",561,06057001209,Nevada County,1489,0.253861652115514,0.06178643384822,0.032745591939547,0.122764227642276,0.122270742358079,9.5797106557377
06,073,0001,88101,3,PM2.5 - Local Conditions,2023-06-30,,,,NEIGHBORHOOD,500 M TO 4KM,GENERAL/BACKGROUND,638,Teledyne T640X at 16.67 LPM w/Network Data Alignment enabled - Broadband spectroscopy,2023-06-30,Y,,SLAMS,,0942,San Diego County Air Pollution Control District,1345,32.631242,-117.059088,NAD83,0.0,53.0,6.0,TOP OF BUILDING,Chula Vista,"84 E. 'J' ST., CHULA VISTA",California,San Diego,Chula Vista,41740,"San Diego-Carlsbad, CA",,,,,POINT (-117.059088 32.631242),41740,"San Diego-Chula Vista-Carlsbad, CA",934,06073013401,San Diego County,4419,0.671871464132157,0.133105802047782,0.106120434353406,0.083123425692695,0.074626865671642,11.5339510928962
06,025,0010,88101,21,PM2.5 - Local Conditions,2021-04-02,,All (2021-04-02 - Present),AREA,NEIGHBORHOOD,500 M TO 4KM,OTHER,738,Teledyne T640X at 16.67 LPM (Corrected) - Broadband spectroscopy,2021-04-02,Y,,TRIBAL,,595,"Torres-Martinez Cahuilla Indians, California",104851,33.379078,-116.015997,WGS84,10.0,-67.0,4.57,TOP OF BUILDING,Torres Martinez Reservation,3451 Seaview Ave,California,Imperial,Salton Sea Beach,20940,"El Centro, CA",,,595,"Torres-Martinez Cahuilla Indians, California",POINT (-116.015997 33.379078),20940,"El Centro, CA",1173,06025012302,Imperial County,6170,0.795623987034036,0.521076523994812,0.115682281059063,0.361061946902655,0.377231257437525,8.70777103825137
06,025,0005,88101,1,PM2.5 - Local Conditions,1999-01-01,2020-12-09,,,NEIGHBORHOOD,500 M TO 4KM,POPULATION EXPOSURE,145,R & P Model 2025 PM-2.5 Sequential Air Sampler w/VSCC - Gravimetric,2011-01-03,,,,,0942,San Diego County Air Pollution Control District,959,32.67618,-115.48307,NAD83,151.82,1.0,3.0,GROUND LEVEL SUPPORT,Calexico-Ethel Street,"1029 ETHEL ST, CALEXICO HIGH SCHOOL",California,Imperial,Calexico,20940,"El Centro, CA",,,,,POINT (-115.48307 32.67618),20940,"El Centro, CA",2385,06025012004,Imperial County,4256,0.980968045112782,0.508928571428571,0.219453761379971,0.327814569536424,0.509353741496599,10.7327918032787
06,065,8001,88101,2,PM2.5 - Local Conditions,1999-01-01,,,,NEIGHBORHOOD,500 M TO 4KM,HIGHEST CONCENTRATION,145,R & P Model 2025 PM-2.5 Sequential Air Sampler w/VSCC - Gravimetric,2016-12-10,,,SLAMS,,0972,South Coast Air Quality Management District,1262,33.99958,-117.41601,WGS84,0.0,250.0,,,Rubidoux,"5888 MISSION BLVD., RUBIDOUX",California,Riverside,Rubidoux,40140,"Riverside-San Bernardino-Ontario, CA",348,"Los Angeles-Long Beach, CA",,,POINT (-117.41601 33.99958),40140,"Riverside-San Bernardino-Ontario, CA",4273,06065040304,Riverside County,4289,0.900909302867801,0.63265306122449,0.121353558926488,0.375836284927194,0.131359851988899,13.8225180327869
06,071,0306,88101,2,PM2.5 - Local Conditions,2000-01-01,,,,NEIGHBORHOOD,500 M TO 4KM,POPULATION EXPOSURE; REGIONAL TRANSPORT,170,Met One BAM-1020 Mass Monitor w/VSCC - Beta Attenuation,2016-01-01,,,SLAMS,,0709,Mojave Desert AQMD,1309,34.510961,-117.32554,NAD83,10930.56,913.0,7.6,TOP OF BUILDING,Victorville-Park Avenue,"14306 PARK AVE., VICTORVILLE, CA",California,San Bernardino,Victorville,40140,"Riverside-San Bernardino-Ontario, CA",348,"Los Angeles-Long Beach, CA",,,POINT (-117.32554 34.510961),40140,"Riverside-San Bernardino-Ontario, CA",7957,06071009914,San Bernardino County,2685,0.757914338919926,0.701554797117937,0.077047850770479,0.118549511854951,0.037986704653371,9.96293770491803
06,073,1002,88101,1,PM2.5 - Local Conditions,1999-01-01,2015-08-28,,,NEIGHBORHOOD,500 M TO 4KM,GENERAL/BACKGROUND,145,R & P Model 2025 PM-2.5 Sequential Air Sampler w/VSCC - Gravimetric,2011-07-02,,,,,0942,San Diego County Air Pollution Control District,1353,33.127769,-117.075086,NAD83,0.0,202.0,6.0,TOP OF BUILDING,Escondido,"600 E. VALLEY PKWY., ESCONDIDO",California,San Diego,Escondido,41740,"San Diego-Carlsbad, CA",,,,,POINT (-117.075086 33.127769),41740,"San Diego-Chula Vista-Carlsbad, CA",8733,06073020213,San Diego County,4266,0.880684481950305,0.514533520862635,0.13618458075408,0.309503784693019,0.211067193675889,11.8914601092896
06,107,2002,88101,1,PM2.5 - Local Conditions,1999-01-03,2020-12-07,,,NEIGHBORHOOD,500 M TO 4KM,POPULATION EXPOSURE,145,R & P Model 2025 PM-2.5 Sequential Air Sampler w/VSCC - Gravimetric,2011-03-01,,,,,0145,California Air Resources Board,1591,36.332179,-119.291228,WGS84,0.0,97.0,5.7,,Visalia-Church,"310 N CHURCH ST, VISALIA",California,Tulare,Visalia,47300,"Visalia-Porterville, CA",546,"Visalia-Porterville-Hanford, CA",,,POINT (-119.291228 36.332179),47300,"Visalia, CA",9043,06107001200,Tulare County,1179,0.484308736217133,0.47922192749779,0.062634989200864,0.213447171824973,0.1184,21.570508196721292
06,037,4004,88101,1,PM2.5 - Local Conditions,2003-08-07,2022-04-30,,,NEIGHBORHOOD,500 M TO 4KM,POPULATION EXPOSURE,145,R & P Model 2025 PM-2.5 Sequential Air Sampler w/VSCC - Gravimetric,2018-10-18,,,,,0972,South Coast Air Quality Management District,91659,33.79236,-118.17533,WGS84,0.1,6.0,4.0,TOP OF BUILDING,Long Beach (South),"1305 E. Pacific Coast Hwy., Long Beach",California,Los Angeles,Long Beach,31080,"Los Angeles-Long Beach-Anaheim, CA",348,"Los Angeles-Long Beach, CA",,,POINT (-118.17533 33.79236),31080,"Los Angeles-Long Beach-Anaheim, CA",7316,06037573300,Los Angeles County,3856,0.963174273858921,0.702830188679245,0.110889774236388,0.427167113494191,0.122244488977956,13.6995989071038
06,073,1201,88101,1,PM2.5 - Local Conditions,2005-08-19,,All (2005-08-19 - 2008-10-27); All (2008-10-28 - 2015-04-01); All (2015-04-02 - Present),AREA,NEIGHBORHOOD,500 M TO 4KM,GENERAL/BACKGROUND,236,Teledyne T640 at 5.0 LPM - Broadband spectroscopy,2005-08-19,,,TRIBAL,,583,"Pala Band of Luiseno Mission Indians of Pala Reservation, CA",94529,33.362593,-117.09023,WGS84,1.524,109.728,4.55,TOP OF BUILDING,Pala Airpad,"10848 HWY 76, PALA, CA 92059",California,San Diego,Pala,41740,"San Diego-Carlsbad, CA",,,583,"Pala Band of Luiseno Mission Indians of Pala Reservation, CA",POINT (-117.09023 33.362593),41740,"San Diego-Chula Vista-Carlsbad, CA",2309,06073019109,San Diego County,4485,0.450167224080267,0.187193217313699,0.040878122634368,0.026186579378069,0.0,12.0194079234973
06,019,5001,88101,3,PM2.5 - Local Conditions,2008-11-25,,,AREA,NEIGHBORHOOD,500 M TO 4KM,HIGHEST CONCENTRATION,170,Met One BAM-1020 Mass Monitor w/VSCC - Beta Attenuation,2020-07-01,Y,,SLAMS,,0945,San Joaquin Valley Unified Air Pollution Control District,943,36.819449,-119.716433,NAD83,3.04,86.0,6.0,TOP OF BUILDING,Clovis-Villa,"908 N VILLA AVE, CLOVIS",California,Fresno,Clovis,23420,"Fresno, CA",260,"Fresno-Madera, CA",,,POINT (-119.716433 36.819449),23420,"Fresno, CA",8678,06019005607,Fresno County,4732,0.524725274725275,0.512468300929839,0.040520984081042,0.097141000649773,0.039618138424821,19.422912295082
06,037,1302,88101,1,PM2.5 - Local Conditions,2008-11-02,,,,NEIGHBORHOOD,500 M TO 4KM,POPULATION EXPOSURE,145,R & P Model 2025 PM-2.5 Sequential Air Sampler w/VSCC - Gravimetric,2019-04-01,Y,,SLAMS,,0972,South Coast Air Quality Management District,94733,33.901389,-118.205,WGS84,1.0,27.0,5.0,TOP OF BUILDING,Compton,700 North Bullis Road,California,Los Angeles,Compton,31080,"Los Angeles-Long Beach-Anaheim, CA",348,"Los Angeles-Long Beach, CA",,,POINT (-118.205 33.901389),31080,"Los Angeles-Long Beach-Anaheim, CA",7448,06037542000,Los Angeles County,5231,1.0,0.323647486140317,0.066194690265487,0.308330947609505,0.067612687813022,14.4338745901639
06,069,0002,88101,3,PM2.5 - Local Conditions,2010-01-01,,,,NEIGHBORHOOD,500 M TO 4KM,POPULATION EXPOSURE,170,Met One BAM-1020 Mass Monitor w/VSCC - Beta Attenuation,2010-01-01,Y,,SLAMS,,0721,Monterey Bay Unified APCD,1285,36.843425,-121.3621,NAD83,0.0,126.0,6.0,TOP OF BUILDING,Hollister,1979 Fairview Rd,California,San Benito,Hollister,41940,"San Jose-Sunnyvale-Santa Clara, CA",488,"San Jose-San Francisco-Oakland, CA",,,POINT (-121.3621 36.843425),41940,"San Jose-Sunnyvale-Santa Clara, CA",598,06069000802,San Benito County,4219,0.465987200758474,0.123160892263882,0.059265811587793,0.082813013473546,0.046886446886447,8.71582863387978
06,001,0009,88101,3,PM2.5 - Local Conditions,2009-10-01,,,AREA,MIDDLE SCALE,100 M TO 500 M,POPULATION EXPOSURE,170,Met One BAM-1020 Mass Monitor w/VSCC - Beta Attenuation,2009-10-01,Y,,SLAMS,,0086,Bay Area Air Quality Management District,93907,37.743065,-122.169935,WGS84,6.0,11.0,8.0,TOP OF BUILDING,Oakland,9925 International Blvd,California,Alameda,Oakland,41860,"San Francisco-Oakland-Hayward, CA",488,"San Jose-San Francisco-Oakland, CA",,,POINT (-122.169935 37.743065),41860,"San Francisco-Oakland-Fremont, CA",3183,06001409300,Alameda County,5743,0.977537872192234,0.440899581589958,0.050661625708885,0.255820556501987,0.083772700644405,11.2897669398907
06,019,0011,88101,2,PM2.5 - Local Conditions,2012-01-25,,,,NEIGHBORHOOD,500 M TO 4KM,POPULATION EXPOSURE,145,R & P Model 2025 PM-2.5 Sequential Air Sampler w/VSCC - Gravimetric,2012-01-25,,,SLAMS,,0145,California Air Resources Board,96528,36.78538,-119.77321,NAD83,1.0,96.0,,,Fresno - Garland,"3727 N FIRST ST, FRESNO",California,Fresno,Fresno,23420,"Fresno, CA",260,"Fresno-Madera, CA",,,POINT (-119.77321 36.78538),23420,"Fresno, CA",8798,06019005100,Fresno County,6523,0.811129848229342,0.557282760764806,0.172770700636943,0.318158567774936,0.04811320754717,19.42447568306009
06,073,1016,88101,1,PM2.5 - Local Conditions,2012-02-18,2023-06-30,,POINT,NEIGHBORHOOD,500 M TO 4KM,GENERAL/BACKGROUND,545,Met One E-SEQ-FRM PM2.5 with VSCC - Gravimetric,2019-09-10,,,,,0942,San Diego County Air Pollution Control District,95699,32.845709,-117.123964,NAD83,1.0,134.0,6.0,TOP OF BUILDING,San Diego - Kearny Villa Rd.,"6125A KEARNY VILLA RD., SAN DIEGO",California,San Diego,San Diego,41740,"San Diego-Carlsbad, CA",,,,,POINT (-117.123964 32.845709),41740,"San Diego-Chula Vista-Carlsbad, CA",6228,06073009400,San Diego County,4873,0.575415555099528,0.331225680933852,0.092009685230024,0.0,0.0,11.8629721311475
06,085,0005,88101,3,PM2.5 - Local Conditions,2012-10-01,,,,NEIGHBORHOOD,500 M TO 4KM,POPULATION EXPOSURE,170,Met One BAM-1020 Mass Monitor w/VSCC - Beta Attenuation,2012-10-01,Y,Y,SLAMS,NCORE,0086,Bay Area Air Quality Management District,91424,37.348497,-121.894898,WGS84,20.0,31.0,8.7,TOP OF BUILDING,San Jose - Jackson,158B JACKSON ST,California,Santa Clara,San Jose,41940,"San Jose-Sunnyvale-Santa Clara, CA",488,"San Jose-San Francisco-Oakland, CA",,,POINT (-121.894898 37.348497),41940,"San Jose-Sunnyvale-Santa Clara, CA",2118,06085501101,Santa Clara County,4369,0.742046234836347,0.229553264604811,0.04374286801065,0.075035663338088,0.173662119622246,11.4445707650273
06,111,3001,88101,3,PM2.5 - Local Conditions,2012-01-26,,,,NEIGHBORHOOD,500 M TO 4KM,POPULATION EXPOSURE,170,Met One BAM-1020 Mass Monitor w/VSCC - Beta Attenuation,2012-01-26,Y,,SLAMS,,1118,Ventura County APCD,1619,34.25239,-119.143182,NAD83,0.0,43.0,,TOP OF BUILDING,El Rio-Rio Mesa School #2,"545 CENTRAL AVENUE, OXNARD, CA  93030",California,Ventura,Not in a City,37100,"Oxnard-Thousand Oaks-Ventura, CA",348,"Los Angeles-Long Beach, CA",,,POINT (-119.143182 34.25239),37100,"Oxnard-Thousand Oaks-Ventura, CA",5579,06111009300,Ventura County,6039,0.516145057128664,0.166609175577785,0.051600261267146,0.121327014218009,0.071820175438596,7.89819540983607
06,001,0012,88101,3,PM2.5 - Local Conditions,2014-02-01,,,MOBILE,MICROSCALE,0 M TO 100 M,POPULATION EXPOSURE; SOURCE ORIENTED,170,Met One BAM-1020 Mass Monitor w/VSCC - Beta Attenuation,2014-02-01,Y,,SLAMS,NEAR ROAD,0086,Bay Area Air Quality Management District,97584,37.793624,-122.263376,WGS84,1.0,3.9,6.4,TOP OF BUILDING,Laney College,Laney College Eighth St. parking lot Aisle J,California,Alameda,Oakland,41860,"San Francisco-Oakland-Hayward, CA",488,"San Jose-San Francisco-Oakland, CA",,,POINT (-122.263376 37.793624),41860,"San Francisco-Oakland-Fremont, CA",321,06001403302,Alameda County,2556,0.484741784037559,0.05829420970266,0.006132075471698,0.008340649692713,0.010593220338983,11.0206838797814
06,097,0004,88101,3,PM2.5 - Local Conditions,2014-01-09,,,AREA,NEIGHBORHOOD,500 M TO 4KM,POPULATION EXPOSURE,170,Met One BAM-1020 Mass Monitor w/VSCC - Beta Attenuation,2014-01-09,Y,,SLAMS,,0086,Bay Area Air Quality Management District,97616,38.403765,-122.818294,WGS84,2.0,78.0,2.0,TOP OF BUILDING,Sebastopol,"103 Morris Street,",California,Sonoma,Sebastopol,42220,"Santa Rosa, CA",488,"San Jose-San Francisco-Oakland, CA",,,POINT (-122.818294 38.403765),42220,"Santa Rosa-Petaluma, CA",1020,06097153406,Sonoma County,2388,0.292713567839196,0.136859781696054,0.03778866340098,0.02391171060699,0.075490196078431,8.83739508196721
06,071,2002,88101,21,PM2.5 - Local Conditions,2016-04-30,2018-11-29,,,,,POPULATION EXPOSURE,143,R & P Model 2000 PM-2.5 Air Sampler w/VSCC - Gravimetric,2016-04-30,,,,,0972,South Coast Air Quality Management District,1321,34.10002,-117.49201,WGS84,0.0,381.0,,,Fontana,"14360 ARROW BLVD., FONTANA",California,San Bernardino,Fontana,40140,"Riverside-San Bernardino-Ontario, CA",348,"Los Angeles-Long Beach, CA",,,POINT (-117.49201 34.10002),40140,"Riverside-San Bernardino-Ontario, CA",3389,06071002204,San Bernardino County,5942,0.913665432514305,0.365651438240271,0.102101116217991,0.287639804989963,0.116576819407008,13.697675136612
06,073,0077,88101,3,PM2.5 - Local Conditions,2020-12-11,,All (2020-12-11 - Present),,REGIONAL SCALE,50 TO HUNDREDS KM,GENERAL/BACKGROUND; WELFARE RELATED IMPACTS,636,Teledyne T640 at 5.0 LPM w/Network Data Alignment enabled - Broadband spectroscopy,2024-11-19,Y,,TRIBAL,,570,"Campo Band of Diegueno Mission Indians of Campo Indian Reservation, CA",94253,32.6509,-116.365,WGS84,2.0,1018.15,,GROUND LEVEL SUPPORT,Campo Indian Reservation,"Campo Kumeyaay Nation, 36190 Church Rd, Ste 4, Campo, CA 91906",California,San Diego,Campo,41740,"San Diego-Carlsbad, CA",,,570,"Campo Band of Diegueno Mission Indians of Campo Indian Reservation, CA",POINT (-116.365 32.6509),41740,"San Diego-Chula Vista-Carlsbad, CA",2629,06073021102,San Diego County,2809,0.444642221431114,0.360239162929746,0.104938271604938,0.055337690631808,0.0,7.88967431693989
06,067,0010,88101,2,PM2.5 - Local Conditions,2021-04-01,,,,NEIGHBORHOOD,500 M TO 4KM,POPULATION EXPOSURE,143,R & P Model 2000 PM-2.5 Air Sampler w/VSCC - Gravimetric,2021-04-01,,,SLAMS,,0145,California Air Resources Board,1272,38.56844,-121.49311,NAD83,0.0,0.0,10.0,,Sacramento-1309 T Street,"1309 T ST., SACRAMENTO, CA. 95814",California,Sacramento,Sacramento,40900,"Sacramento--Roseville--Arden-Arcade, CA",472,"Sacramento-Roseville, CA",,,POINT (-121.49311 38.56844),40900,"Sacramento-Roseville-Folsom, CA",7806,06067002000,Sacramento County,2910,0.528865979381443,0.255605381165919,0.062022090059473,0.128205128205128,0.09171974522293,14.6037355191257
06,019,5025,88101,3,PM2.5 - Local Conditions,2021-01-01,,,AREA,NEIGHBORHOOD,500 M TO 4KM,POPULATION EXPOSURE,170,Met One BAM-1020 Mass Monitor w/VSCC - Beta Attenuation,2022-03-11,Y,,SLAMS,,0945,San Joaquin Valley Unified Air Pollution Control District,944,36.72639,-119.733,WGS84,1.52,100.0,11.3,,Fresno-Pacific,"1716 WINERY, FRESNO CA 93726",California,Fresno,Fresno,23420,"Fresno, CA",260,"Fresno-Madera, CA",,,POINT (-119.733 36.72639),23420,"Fresno, CA",6945,06019001408,Fresno County,2360,0.720762711864407,0.379329301814184,0.169014084507042,0.257142857142857,0.151603498542274,19.92294043715849
06,029,0010,88101,4,PM2.5 - Local Conditions,2021-01-01,2022-01-20,,AREA,MICROSCALE,0 M TO 100 M,POPULATION EXPOSURE,209,Met One BAM-1022 Mass Monitor w/ VSCC or TE-PM2.5C - Beta Attenuation,2021-01-01,,,SLAMS,,0945,San Joaquin Valley Unified Air Pollution Control District,1008,35.385574,-119.015009,WGS84,3.04,151.0,5.9,,Bakersfield-Golden / M St,"2820 M St., Bakersfield, CA 93301",California,Kern,Bakersfield,12540,"Bakersfield, CA",,,,,POINT (-119.015009 35.385574),12540,"Bakersfield-Delano, CA",3274,06029000603,Kern County,2272,0.747799295774648,0.744652406417112,0.28099173553719,0.483346872461414,0.047158403869407,16.7374199453552
06,025,1003,88101,3,PM2.5 - Local Conditions,2021-11-15,,,,,,POPULATION EXPOSURE,209,Met One BAM-1022 Mass Monitor w/ VSCC or TE-PM2.5C - Beta Attenuation,2021-11-15,Y,,SLAMS,,0145,California Air Resources Board,963,32.79222,-115.56306,WGS84,0.0,0.0,,,El Centro-9th Street,"150 9TH ST., EL CENTRO",California,Imperial,El Centro,20940,"El Centro, CA",,,,,POINT (-115.56306 32.79222),20940,"El Centro, CA",6526,06025011600,Imperial County,5628,0.941719971570718,0.35998578535892,0.078926905132193,0.311714869997079,0.163413273842722,10.6290571038251
06,073,1026,88101,3,PM2.5 - Local Conditions,2022-05-16,,All (2022-05-16 - 2023-07-06),AREA,NEIGHBORHOOD,500 M TO 4KM,POPULATION EXPOSURE,638,Teledyne T640X at 16.67 LPM w/Network Data Alignment enabled - Broadband spectroscopy,2023-07-07,Y,,SLAMS,,0942,San Diego County Air Pollution Control District,104551,32.710177,-117.142665,NAD83,2.0,34.0,2.0,GROUND LEVEL SUPPORT,San Diego - Sherman Elementary School,450B 24th Street,California,San Diego,San Diego,41740,"San Diego-Carlsbad, CA",,,,,POINT (-117.142665 32.710177),41740,"San Diego-Chula Vista-Carlsbad, CA",6552,06073004700,San Diego County,1446,0.678423236514523,0.23314606741573,0.041938490214352,0.067425569176883,0.058238636363636,11.7049519125683
06,037,9035,88101,1,PM2.5 - Local Conditions,2023-01-01,,,MOBILE,NEIGHBORHOOD,500 M TO 4KM,POPULATION EXPOSURE,170,Met One BAM-1020 Mass Monitor w/VSCC - Beta Attenuation,2023-01-01,Y,,SLAMS,,0042,Antelope Valley APCD,105123,34.725389,-118.178601,WGS84,151.0,706.5,3.0,TOP OF BUILDING,Lancaster - Fairgrounds,"2551 W. Avenue H Lancaster, CA",California,Los Angeles,Lancaster,31080,"Los Angeles-Long Beach-Anaheim, CA",348,"Los Angeles-Long Beach, CA",,,POINT (-118.178601 34.725389),31080,"Los Angeles-Long Beach-Anaheim, CA",953,06037900901,Los Angeles County,3033,0.641608968018464,0.453011250827267,0.100862068965517,0.115907746895328,0.037037037037037,9.174461202185793
06,023,1004,88101,2,PM2.5 - Local Conditions,2023-12-02,,,,NEIGHBORHOOD,500 M TO 4KM,POPULATION EXPOSURE,143,R & P Model 2000 PM-2.5 Air Sampler w/VSCC - Gravimetric,2023-12-02,,,SPM,,0086,Bay Area Air Quality Management District,93538,40.77678,-124.17949,NAD83,1.0,21.0,7.1,TOP OF BUILDING,Jacobs,717 SOUTH AVENUE,California,Humboldt,Eureka,21700,"Eureka-Arcata-Fortuna, CA",,,,,POINT (-124.17949 40.77678),21700,"Eureka-Arcata, CA",5358,06023000300,Humboldt County,4852,0.347073371805441,0.373454245671888,0.066520787746171,0.126895450917797,0.00763358778626,9.11117464480874
06,027,1023,88101,2,PM2.5 - Local Conditions,2025-09-01,,,AREA,NEIGHBORHOOD,500 M TO 4KM,POPULATION EXPOSURE,638,Teledyne T640X at 16.67 LPM w/Network Data Alignment enabled - Broadband spectroscopy,2025-09-01,,,TRIBAL,,549,"Paiute-Shoshone Indians of Bishop Community of Bishop Colony, CA",92502,37.362137,-118.417478,WGS84,3.0,1288.55,,TOP OF BUILDING,Bishop Tribe EMO,50 TU SU LANE,California,Inyo,Bishop,13860,"Bishop, CA",,,549,"Paiute-Shoshone Indians of Bishop Community of Bishop Colony, CA",POINT (-118.417478 37.362137),13860,"Bishop, CA",4652,06027000400,Inyo County,5735,0.485789014821273,0.243358129649309,0.04922042188933,0.048960739030023,0.007172517931295,14.5820884699454
06,025,1003,88101,1,PM2.5 - Local Conditions,1999-01-01,2022-01-18,,,NEIGHBORHOOD,500 M TO 4KM,POPULATION EXPOSURE,145,R & P Model 2025 PM-2.5 Sequential Air Sampler w/VSCC - Gravimetric,2016-04-02,,,,,0942,San Diego County Air Pollution Control District,963,32.79222,-115.56306,WGS84,0.0,0.0,3.0,TOP OF BUILDING,El Centro-9th Street,"150 9TH ST., EL CENTRO",California,Imperial,El Centro,20940,"El Centro, CA",,,,,POINT (-115.56306 32.79222),20940,"El Centro, CA",6526,06025011600,Imperial County,5628,0.941719971570718,0.35998578535892,0.078926905132193,0.311714869997079,0.163413273842722,10.6290571038251
06,027,1003,88101,1,PM2.5 - Local Conditions,1998-09-01,,,,NEIGHBORHOOD,500 M TO 4KM,POPULATION EXPOSURE,145,R & P Model 2025 PM-2.5 Sequential Air Sampler w/VSCC - Gravimetric,2010-10-02,,,SLAMS,,0458,Great Basin Unified APCD,996,36.487823,-117.871036,WGS84,1.0,1097.0,2.0,TOP OF BUILDING,Keeler,"KEELER, 190 Cerro Gordo Road",California,Inyo,Keeler,13860,"Bishop, CA",,,,,POINT (-117.871036 36.487823),13860,"Bishop, CA",5934,06027000800,Inyo County,3058,0.428711576193591,0.366511318242344,0.02052091554854,0.07157217531162,0.025819958129798,6.95654139344262
06,029,0014,88101,2,PM2.5 - Local Conditions,1999-01-01,,,,NEIGHBORHOOD,500 M TO 4KM,POPULATION EXPOSURE,145,R & P Model 2025 PM-2.5 Sequential Air Sampler w/VSCC - Gravimetric,2004-07-13,,,SLAMS,,0145,California Air Resources Board,1012,35.356615,-119.062613,NAD83,151.82,0.0,,,Bakersfield-California,"5558 California Ave., Bakersfield CA 93309",California,Kern,Bakersfield,12540,"Bakersfield, CA",,,,,POINT (-119.062613 35.356615),12540,"Bakersfield-Delano, CA",3586,06029001804,Kern County,3490,0.543266475644699,0.254207777132908,0.04147764095917,0.042096574494428,0.031029619181946,17.0414614754098
06,031,0004,88101,1,PM2.5 - Local Conditions,1999-01-01,2021-01-11,,,NEIGHBORHOOD,500 M TO 4KM,POPULATION EXPOSURE,145,R & P Model 2025 PM-2.5 Sequential Air Sampler w/VSCC - Gravimetric,2015-12-28,,,,,0145,California Air Resources Board,1035,36.102244,-119.56565,NAD83,3.04,61.0,5.0,,Corcoran-Patterson,1520 PATTERSON AVE.,California,Kings,Corcoran,25260,"Hanford-Corcoran, CA",546,"Visalia-Porterville-Hanford, CA",,,POINT (-119.56565 36.102244),25260,"Hanford-Corcoran, CA",377,06031001500,Kings County,6029,0.868137336208326,0.48555592878737,0.052426343154246,0.370647482014388,0.241230769230769,18.5840366120219
06,037,4002,88101,1,PM2.5 - Local Conditions,1999-01-01,2022-06-30,,,NEIGHBORHOOD,500 M TO 4KM,HIGHEST CONCENTRATION,145,R & P Model 2025 PM-2.5 Sequential Air Sampler w/VSCC - Gravimetric,2015-06-24,Y,,,,0972,South Coast Air Quality Management District,1106,33.82376,-118.18921,WGS84,0.0,6.0,,,Long Beach (North),"3648 N. LONG BEACH BLVD., LONG BEACH",California,Los Angeles,Long Beach,31080,"Los Angeles-Long Beach-Anaheim, CA",348,"Los Angeles-Long Beach, CA",,,POINT (-118.18921 33.82376),31080,"Los Angeles-Long Beach-Anaheim, CA",1051,06037577900,Los Angeles County,5669,0.634503439760099,0.206041394741749,0.045954045954046,0.089740748947485,0.026993355481728,13.8822885245902
06,053,1003,88101,2,PM2.5 - Local Conditions,2000-01-01,,,,NEIGHBORHOOD,500 M TO 4KM,POPULATION EXPOSURE,143,R & P Model 2000 PM-2.5 Air Sampler w/VSCC - Gravimetric,2016-04-08,,,SLAMS,,0721,Monterey Bay Unified APCD,1185,36.694261,-121.623271,NAD83,13.0,21.6,6.3,TOP OF BUILDING,Salinas 3,867 E. LAUREL Dr,California,Monterey,Salinas,41500,"Salinas, CA",,,,,POINT (-121.623271 36.694261),41500,"Salinas, CA",7765,06053010608,Monterey County,3584,0.940848214285714,0.354285714285714,0.016276041666667,0.583255813953488,0.364820846905537,7.99084931693989
06,057,0005,88101,1,PM2.5 - Local Conditions,1998-12-30,2021-09-09,,,NEIGHBORHOOD,500 M TO 4KM,POPULATION EXPOSURE,143,R & P Model 2000 PM-2.5 Air Sampler w/VSCC - Gravimetric,2015-10-03,,,,,0145,California Air Resources Board,1196,39.233477,-121.055608,NAD83,151.82,853.0,12.0,,Grass Valley-Litton Building,"200 LITTON DR.,  GRASS VALLEY, CA",California,Nevada,Grass Valley,46020,"Truckee-Grass Valley, CA",472,"Sacramento-Roseville, CA",,,POINT (-121.055608 39.233477),46020,"Truckee-Grass Valley, CA",558,06057000504,Nevada County,5054,0.148595172140879,0.250374812593703,0.048924731182796,0.076646090534979,0.0,12.2049346994536
06,071,0306,88101,1,PM2.5 - Local Conditions,2000-01-01,,,,NEIGHBORHOOD,500 M TO 4KM,POPULATION EXPOSURE; REGIONAL TRANSPORT,170,Met One BAM-1020 Mass Monitor w/VSCC - Beta Attenuation,2016-01-01,Y,Y,SLAMS,,0709,Mojave Desert AQMD,1309,34.510961,-117.32554,NAD83,10930.56,913.0,7.6,TOP OF BUILDING,Victorville-Park Avenue,"14306 PARK AVE., VICTORVILLE, CA",California,San Bernardino,Victorville,40140,"Riverside-San Bernardino-Ontario, CA",348,"Los Angeles-Long Beach, CA",,,POINT (-117.32554 34.510961),40140,"Riverside-San Bernardino-Ontario, CA",7957,06071009914,San Bernardino County,2685,0.757914338919926,0.701554797117937,0.077047850770479,0.118549511854951,0.037986704653371,9.96293770491803
06,025,0007,88101,1,PM2.5 - Local Conditions,2003-12-15,2021-05-27,,,NEIGHBORHOOD,500 M TO 4KM,POPULATION EXPOSURE,145,R & P Model 2025 PM-2.5 Sequential Air Sampler w/VSCC - Gravimetric,2016-04-02,,,,,0942,San Diego County Air Pollution Control District,91801,32.97833,-115.53917,WGS84,0.01,0.0,2.29,TOP OF BUILDING,Brawley-220 Main Street,"220 MAIN ST., STE 204, BRAWLEY",California,Imperial,Brawley,20940,"El Centro, CA",,,,,POINT (-115.53917 32.97833),20940,"El Centro, CA",1171,06025010600,Imperial County,7833,0.789480403421422,0.35039420964198,0.058634772462077,0.110591583655214,0.14065840102608,10.1937696721311
06,037,1103,88101,3,PM2.5 - Local Conditions,2008-01-01,,All (2008-01-01 - 2008-07-31),,,,OTHER,170,Met One BAM-1020 Mass Monitor w/VSCC - Beta Attenuation,2022-01-01,,,SLAMS,,0972,South Coast Air Quality Management District,1081,34.06659,-118.22688,WGS84,0.0,87.0,,,Los Angeles-North Main Street,"1630 N MAIN ST, LOS ANGELES",California,Los Angeles,Los Angeles,31080,"Los Angeles-Long Beach-Anaheim, CA",348,"Los Angeles-Long Beach, CA",,,POINT (-118.22688 34.06659),31080,"Los Angeles-Long Beach-Anaheim, CA",5,06037206010,Los Angeles County,3729,0.886564762670957,0.519442209707696,0.16209371042634,0.360350492880613,0.270557029177719,13.3477
06,079,8001,88101,3,PM2.5 - Local Conditions,2009-06-01,2015-02-24,,AREA,URBAN SCALE,4 KM TO 50 KM,POPULATION EXPOSURE,170,Met One BAM-1020 Mass Monitor w/VSCC - Beta Attenuation,2009-06-01,,,,,0946,San Luis Obispo County APCD,1415,35.49158,-120.66804,WGS84,15.0,277.0,5.8,TOP OF BUILDING,Atascadero (original site),"6005 LEWIS AVENUE, ATASCADERO, CA 93422",California,San Luis Obispo,Atascadero,42020,"San Luis Obispo-Paso Robles-Arroyo Grande, CA",,,,,POINT (-120.66804 35.49158),42020,"San Luis Obispo-Paso Robles, CA",6358,06079012502,San Luis Obispo County,5840,0.300513698630137,0.348466678088059,0.053701938353988,0.033202614379085,0.018766756032172,9.199059836065572
06,073,1008,88101,3,PM2.5 - Local Conditions,2009-07-01,,All (2009-07-01 - 2010-04-30); All (2022-08-30 - 2023-07-05),AREA,URBAN SCALE,4 KM TO 50 KM,HIGHEST CONCENTRATION; UPWIND BACKGROUND,638,Teledyne T640X at 16.67 LPM w/Network Data Alignment enabled - Broadband spectroscopy,2023-07-06,Y,,SLAMS,,0942,San Diego County Air Pollution Control District,1359,33.217046,-117.396249,WGS84,5.0,16.0,5.0,TOP OF BUILDING,Camp Pendleton,21441-W B STREET,California,San Diego,Camp Pendleton South,41740,"San Diego-Carlsbad, CA",,,,,POINT (-117.396249 33.217046),41740,"San Diego-Chula Vista-Carlsbad, CA",6059,06073018700,San Diego County,38907,0.532192150512761,0.402879034130485,0.170945395273024,0.014278869190225,0.03600987367504,11.6086221311475
06,081,1001,88101,3,PM2.5 - Local Conditions,2009-10-01,,,AREA,NEIGHBORHOOD,500 M TO 4KM,POPULATION EXPOSURE,170,Met One BAM-1020 Mass Monitor w/VSCC - Beta Attenuation,2009-10-01,Y,,SLAMS,,0086,Bay Area Air Quality Management District,1419,37.482934,-122.20337,WGS84,20.0,3.0,5.5,TOP OF BUILDING,Redwood City,897 BARRON AVE.,California,San Mateo,Redwood City,41860,"San Francisco-Oakland-Hayward, CA",488,"San Jose-San Francisco-Oakland, CA",,,POINT (-122.20337 37.482934),41860,"San Francisco-Oakland-Fremont, CA",6806,06081610500,San Mateo County,4729,0.893212095580461,0.206809050539226,0.070559610705596,0.344496124031008,0.109386548410939,10.1879740437158
06,029,0010,88101,3,PM2.5 - Local Conditions,2006-08-27,,,,NEIGHBORHOOD,500 M TO 4KM,POPULATION EXPOSURE,170,Met One BAM-1020 Mass Monitor w/VSCC - Beta Attenuation,2022-01-21,Y,,SLAMS,,0945,San Joaquin Valley Unified Air Pollution Control District,1008,35.385574,-119.015009,WGS84,3.04,151.0,5.0,TOP OF BUILDING,Bakersfield-Golden / M St,"2820 M St., Bakersfield, CA 93301",California,Kern,Bakersfield,12540,"Bakersfield, CA",,,,,POINT (-119.015009 35.385574),12540,"Bakersfield-Delano, CA",3274,06029000603,Kern County,2272,0.747799295774648,0.744652406417112,0.28099173553719,0.483346872461414,0.047158403869407,16.7374199453552
06,031,1004,88101,3,PM2.5 - Local Conditions,2010-01-01,,,AREA,NEIGHBORHOOD,500 M TO 4KM,POPULATION EXPOSURE,170,Met One BAM-1020 Mass Monitor w/VSCC - Beta Attenuation,2020-08-01,Y,,SLAMS,,0945,San Joaquin Valley Unified Air Pollution Control District,1040,36.31567,-119.643447,NAD83,3.04,99.0,4.2,TOP OF BUILDING,Hanford-Irwin,"807 SOUTH IRWIN ST., HANFORD",California,Kings,Hanford,25260,"Hanford-Corcoran, CA",546,"Visalia-Porterville-Hanford, CA",,,POINT (-119.643447 36.31567),25260,"Hanford-Corcoran, CA",376,06031001100,Kings County,6373,0.943197865997176,0.68248978308708,0.121972699251431,0.458428899082569,0.2526790750141,19.7471975409836
06,001,0007,88101,3,PM2.5 - Local Conditions,2011-01-01,,,AREA,NEIGHBORHOOD,500 M TO 4KM,POPULATION EXPOSURE,170,Met One BAM-1020 Mass Monitor w/VSCC - Beta Attenuation,2011-01-01,Y,,SLAMS,,0086,Bay Area Air Quality Management District,860,37.687526,-121.784217,WGS84,109305.56,137.0,5.1,TOP OF BUILDING,Livermore,793 Rincon Ave.,California,Alameda,Livermore,41860,"San Francisco-Oakland-Hayward, CA",488,"San Jose-San Francisco-Oakland, CA",,,POINT (-121.784217 37.687526),41860,"San Francisco-Oakland-Fremont, CA",8539,06001451404,Alameda County,6631,0.683607299049917,0.228371597993006,0.054198473282443,0.17639046538025,0.111835973904939,11.5149950819672
06,013,1004,88101,3,PM2.5 - Local Conditions,2012-12-10,,,AREA,MIDDLE SCALE,100 M TO 500 M,POPULATION EXPOSURE,170,Met One BAM-1020 Mass Monitor w/VSCC - Beta Attenuation,2012-12-10,Y,,SLAMS,,0086,Bay Area Air Quality Management District,91266,37.9604,-122.356811,WGS84,20.0,20.0,6.0,TOP OF BUILDING,San Pablo,"1865 D RUMRILL BLVD, San Pablo",California,Contra Costa,San Pablo,41860,"San Francisco-Oakland-Hayward, CA",488,"San Jose-San Francisco-Oakland, CA",,,POINT (-122.356811 37.9604),41860,"San Francisco-Oakland-Fremont, CA",8600,06013368002,Contra Costa County,4102,0.948074110190151,0.325694783032667,0.062295081967213,0.247114151346729,0.17402376910017,10.840825136612
06,111,0007,88101,3,PM2.5 - Local Conditions,2012-01-07,,,,NEIGHBORHOOD,500 M TO 4KM,POPULATION EXPOSURE,170,Met One BAM-1020 Mass Monitor w/VSCC - Beta Attenuation,2012-01-07,Y,,SLAMS,,1118,Ventura County APCD,1608,34.210169,-118.870509,NAD83,0.0,244.0,,TOP OF BUILDING,Thousand Oaks,"2323 Moorpark Road, Thousand Oaks, CA  91360",California,Ventura,Thousand Oaks,37100,"Oxnard-Thousand Oaks-Ventura, CA",348,"Los Angeles-Long Beach, CA",,,POINT (-118.870509 34.210169),37100,"Oxnard-Thousand Oaks-Ventura, CA",4854,06111006600,Ventura County,4373,0.32975074319689,0.110391113168248,0.039078156312625,0.042588312974579,0.0,8.19701836065574
06,111,1004,88101,3,PM2.5 - Local Conditions,2011-11-29,,,,NEIGHBORHOOD,500 M TO 4KM,POPULATION EXPOSURE,170,Met One BAM-1020 Mass Monitor w/VSCC - Beta Attenuation,2011-11-29,Y,Y,SLAMS,,1118,Ventura County APCD,1614,34.44806,-119.2313,NAD83,910.88,262.0,,TOP OF BUILDING,Ojai - East Ojai Ave,"1201 E. OJAI AVENUE, OJAI, CA  93023",California,Ventura,Ojai,37100,"Oxnard-Thousand Oaks-Ventura, CA",348,"Los Angeles-Long Beach, CA",,,POINT (-119.2313 34.44806),37100,"Oxnard-Thousand Oaks-Ventura, CA",4933,06111000902,Ventura County,2768,0.254335260115607,0.276734104046243,0.0390625,0.058093346573982,0.018672199170124,7.11128095628415
06,037,4004,88101,3,PM2.5 - Local Conditions,2012-01-01,2022-04-30,,,URBAN SCALE,4 KM TO 50 KM,OTHER,170,Met One BAM-1020 Mass Monitor w/VSCC - Beta Attenuation,2016-01-01,Y,Y,SLAMS,,0972,South Coast Air Quality Management District,91659,33.79236,-118.17533,WGS84,0.1,6.0,2.0,GROUND LEVEL SUPPORT,Long Beach (South),"1305 E. Pacific Coast Hwy., Long Beach",California,Los Angeles,Long Beach,31080,"Los Angeles-Long Beach-Anaheim, CA",348,"Los Angeles-Long Beach, CA",,,POINT (-118.17533 33.79236),31080,"Los Angeles-Long Beach-Anaheim, CA",7316,06037573300,Los Angeles County,3856,0.963174273858921,0.702830188679245,0.110889774236388,0.427167113494191,0.122244488977956,13.6995989071038
06,087,1005,88101,3,PM2.5 - Local Conditions,2014-10-23,,,AREA,NEIGHBORHOOD,500 M TO 4KM,POPULATION EXPOSURE,170,Met One BAM-1020 Mass Monitor w/VSCC - Beta Attenuation,2014-10-01,Y,,SLAMS,,0721,Monterey Bay Unified APCD,97805,37.06315,-122.083092,NAD83,3.0,108.0,,TOP OF BUILDING,San Lorenzo Valley Middle School,"7179 Hacienda Way, Felton CA 95018",California,Santa Cruz,Not in a City,42100,"Santa Cruz-Watsonville, CA",488,"San Jose-San Francisco-Oakland, CA",,,POINT (-122.083092 37.06315),42100,"Santa Cruz-Watsonville, CA",2695,06087120302,Santa Cruz County,3729,0.128452668275677,0.221164309031556,0.124935199585277,0.01468253968254,0.0,9.1830831147541
06,073,1022,88101,1,PM2.5 - Local Conditions,2016-06-01,,,,NEIGHBORHOOD,500 M TO 4KM,GENERAL/BACKGROUND,545,Met One E-SEQ-FRM PM2.5 with VSCC - Gravimetric,2019-10-28,,,SLAMS,NCORE,0942,San Diego County Air Pollution Control District,100976,32.789565,-116.944308,NAD83,4.0,143.0,7.0,TOP OF BUILDING,El Cajon - Lexington Elementary School,533 First Street,California,San Diego,El Cajon,41740,"San Diego-Carlsbad, CA",,,,,POINT (-116.944308 32.789565),41740,"San Diego-Chula Vista-Carlsbad, CA",5958,06073015704,San Diego County,4483,0.548070488512157,0.481597144769128,0.060579064587973,0.14141765114663,0.13277428371768,11.0631155737705
06,067,5003,88101,3,PM2.5 - Local Conditions,2017-05-10,,,,URBAN SCALE,4 KM TO 50 KM,UPWIND BACKGROUND,170,Met One BAM-1020 Mass Monitor w/VSCC - Beta Attenuation,2017-05-10,Y,,SLAMS,,0145,California Air Resources Board,1283,38.494475,-121.211131,WGS84,151.82,58.0,,,Sloughhouse,"7250 SLOUGHHOUSE ROAD, SLOUGHHOUSE",California,Sacramento,Not in a City,40900,"Sacramento--Roseville--Arden-Arcade, CA",472,"Sacramento-Roseville, CA",,,POINT (-121.211131 38.494475),40900,"Sacramento-Roseville-Folsom, CA",259,06067008602,Sacramento County,1683,0.488413547237077,0.112104949314252,0.075965130759651,0.096987509184423,0.08974358974359,12.9765467213115
06,027,0002,88101,2,PM2.5 - Local Conditions,2017-10-10,,,,NEIGHBORHOOD,500 M TO 4KM,POPULATION EXPOSURE,145,R & P Model 2025 PM-2.5 Sequential Air Sampler w/VSCC - Gravimetric,2017-10-10,,,SLAMS,,0458,Great Basin Unified APCD,971,37.360684,-118.330783,WGS84,0.0,1257.0,3.0,,WMRC/NCORE,"WMRC/NCORE, 3000 E. LINE ST., BISHOP, CA. 93514",California,Inyo,Not in a City,13860,"Bishop, CA",,,,,POINT (-118.330783 37.360684),13860,"Bishop, CA",4651,06027000100,Inyo County,3073,0.484542792059876,0.395045632333768,0.088419405320814,0.152820512820513,0.0,11.4054780601093
06,055,0004,88101,3,PM2.5 - Local Conditions,2018-04-01,2021-05-25,,,NEIGHBORHOOD,500 M TO 4KM,POPULATION EXPOSURE,170,Met One BAM-1020 Mass Monitor w/VSCC - Beta Attenuation,2018-04-01,,,,,0086,Bay Area Air Quality Management District,104235,38.278849,-122.275024,NAD83,1.0,10.0,4.9,TOP OF BUILDING,Napa Valley College,Magnolia Drive and Route 221,California,Napa,Napa,34900,"Napa, CA",488,"San Jose-San Francisco-Oakland, CA",,,POINT (-122.275024 38.278849),34900,"Napa, CA",4626,06055200900,Napa County,438,0.504566210045662,1.0,0.0,0.490765171503958,0.0,10.7045322404372
06,019,2016,88101,3,PM2.5 - Local Conditions,2020-01-01,,,AREA,MICROSCALE,0 M TO 100 M,HIGHEST CONCENTRATION; POPULATION EXPOSURE,170,Met One BAM-1020 Mass Monitor w/VSCC - Beta Attenuation,2020-01-01,Y,,SLAMS,NEAR ROAD,0945,San Joaquin Valley Unified Air Pollution Control District,101123,36.710833,-119.7775,WGS84,1.0,87.0,,OTHER,Fresno-Foundry,2482 Foundry Park Ave,California,Fresno,Fresno,23420,"Fresno, CA",260,"Fresno-Madera, CA",,,POINT (-119.7775 36.710833),23420,"Fresno, CA",2997,06019001100,Fresno County,3166,0.959570435881238,0.787811104020421,0.038223140495868,0.47401484865791,0.199029126213592,19.7573478142077
06,073,1006,88101,3,PM2.5 - Local Conditions,2022-09-08,,All (2022-09-08 - 2023-07-05),AREA,URBAN SCALE,4 KM TO 50 KM,HIGHEST CONCENTRATION; POPULATION EXPOSURE,638,Teledyne T640X at 16.67 LPM w/Network Data Alignment enabled - Broadband spectroscopy,2023-07-06,Y,,SLAMS,,0942,San Diego County Air Pollution Control District,1357,32.842318,-116.768293,NAD83,0.0,627.0,7.5,TOP OF BUILDING,Alpine,"2300 VICTORIA DR., ALPINE",California,San Diego,Alpine,41740,"San Diego-Carlsbad, CA",,,,,POINT (-116.768293 32.842318),41740,"San Diego-Chula Vista-Carlsbad, CA",5403,06073021206,San Diego County,3602,0.252637423653526,0.218269778030734,0.042142857142857,0.027061310782241,0.021885521885522,9.62286448087432
06,023,0006,88101,3,PM2.5 - Local Conditions,2022-10-31,,All (2022-10-31 - Present),AREA,URBAN SCALE,4 KM TO 50 KM,GENERAL/BACKGROUND,170,Met One BAM-1020 Mass Monitor w/VSCC - Beta Attenuation,2022-10-31,,,TRIBAL,,561,"Hoopa Valley Tribe, CA",95819,41.047117,-123.675233,WGS84,1.0,1.0,6.0,TOWER,Hoopa Valley Reservation,"5 Loop Rd Hoopa, CA 95546",California,Humboldt,Not in a City,21700,"Eureka-Arcata-Fortuna, CA",,,561,"Hoopa Valley Tribe, CA",POINT (-123.675233 41.047117),21700,"Eureka-Arcata, CA",2710,06023940000,Humboldt County,2503,0.929684378745505,0.538554703270085,0.17752808988764,0.096296296296296,0.042062415196744,10.1889431693989
06,001,0016,88101,3,PM2.5 - Local Conditions,2023-01-01,,,,NEIGHBORHOOD,500 M TO 4KM,HIGHEST CONCENTRATION; POPULATION EXPOSURE,170,Met One BAM-1020 Mass Monitor w/VSCC - Beta Attenuation,2023-01-01,Y,,SLAMS,,0086,Bay Area Air Quality Management District,105203,37.68975,-121.77155,WGS84,2.6,145.5,5.7,TOP OF BUILDING,Livermore Portola,2451 Portola Ave,California,Alameda,Livermore,41860,"San Francisco-Oakland-Hayward, CA",488,"San Jose-San Francisco-Oakland, CA",,,POINT (-121.77155 37.68975),41860,"San Francisco-Oakland-Fremont, CA",5996,06001451401,Alameda County,6166,0.606552059682128,0.232410423452769,0.037562851227447,0.127784026996625,0.086222222222222,11.5889306010929
06,073,1025,88101,3,PM2.5 - Local Conditions,2023-09-27,,,MOBILE,MICROSCALE,0 M TO 100 M,SOURCE ORIENTED,638,Teledyne T640X at 16.67 LPM w/Network Data Alignment enabled - Broadband spectroscopy,2023-09-27,Y,,SLAMS,NEAR ROAD,0942,San Diego County Air Pollution Control District,104582,32.552824,-117.047345,WGS84,1.0,18.0,5.0,TOP OF BUILDING,San Ysidro,198 W. San Ysidro Blvd,California,San Diego,San Diego,41740,"San Diego-Carlsbad, CA",,,,,POINT (-117.047345 32.552824),41740,"San Diego-Chula Vista-Carlsbad, CA",6730,06073010013,San Diego County,5372,0.985294117647059,0.542680643953575,0.080104321907601,0.497640767536961,0.36480411046885,11.2042710382514
06,073,1022,88101,23,PM2.5 - Local Conditions,2022-08-11,2023-07-06,,POINT,NEIGHBORHOOD,500 M TO 4KM,GENERAL/BACKGROUND,738,Teledyne T640X at 16.67 LPM (Corrected) - Broadband spectroscopy,2022-08-11,,,SLAMS,NCORE,0942,San Diego County Air Pollution Control District,100976,32.789565,-116.944308,NAD83,4.0,143.0,7.0,TOP OF BUILDING,El Cajon - Lexington Elementary School,533 First Street,California,San Diego,El Cajon,41740,"San Diego-Carlsbad, CA",,,,,POINT (-116.944308 32.789565),41740,"San Diego-Chula Vista-Carlsbad, CA",5958,06073015704,San Diego County,4483,0.548070488512157,0.481597144769128,0.060579064587973,0.14141765114663,0.13277428371768,11.0631155737705
06,019,5025,88101,1,PM2.5 - Local Conditions,2000-01-01,2020-12-31,,,NEIGHBORHOOD,500 M TO 4KM,POPULATION EXPOSURE,145,R & P Model 2025 PM-2.5 Sequential Air Sampler w/VSCC - Gravimetric,2014-11-20,,,,,0145,California Air Resources Board,944,36.72639,-119.733,WGS84,1.52,100.0,11.5,TOP OF BUILDING,Fresno-Pacific,"1716 WINERY, FRESNO CA 93726",California,Fresno,Fresno,23420,"Fresno, CA",260,"Fresno-Madera, CA",,,POINT (-119.733 36.72639),23420,"Fresno, CA",6945,06019001408,Fresno County,2360,0.720762711864407,0.379329301814184,0.169014084507042,0.257142857142857,0.151603498542274,19.92294043715849
06,037,0002,88101,1,PM2.5 - Local Conditions,1999-01-01,2022-09-29,,,NEIGHBORHOOD,500 M TO 4KM,POPULATION EXPOSURE,145,R & P Model 2025 PM-2.5 Sequential Air Sampler w/VSCC - Gravimetric,2022-01-23,,,,,0972,South Coast Air Quality Management District,1053,34.1365,-117.92391,WGS84,0.0,183.0,,,Azusa,"803 N. LOREN AVE., AZUSA",California,Los Angeles,Azusa,31080,"Los Angeles-Long Beach-Anaheim, CA",348,"Los Angeles-Long Beach, CA",,,POINT (-117.92391 34.1365),31080,"Los Angeles-Long Beach-Anaheim, CA",2921,06037400603,Los Angeles County,4999,0.758351670334067,0.111312764670296,0.064925899788285,0.089830051254384,0.069972451790634,12.5293040983607
06,037,1103,88101,1,PM2.5 - Local Conditions,1999-01-01,,,,NEIGHBORHOOD,500 M TO 4KM,HIGHEST CONCENTRATION,145,R & P Model 2025 PM-2.5 Sequential Air Sampler w/VSCC - Gravimetric,2015-03-25,Y,Y,SLAMS,NCORE,0972,South Coast Air Quality Management District,1081,34.06659,-118.22688,WGS84,0.0,87.0,,,Los Angeles-North Main Street,"1630 N MAIN ST, LOS ANGELES",California,Los Angeles,Los Angeles,31080,"Los Angeles-Long Beach-Anaheim, CA",348,"Los Angeles-Long Beach, CA",,,POINT (-118.22688 34.06659),31080,"Los Angeles-Long Beach-Anaheim, CA",5,06037206010,Los Angeles County,3729,0.886564762670957,0.519442209707696,0.16209371042634,0.360350492880613,0.270557029177719,13.3477
06,037,1201,88101,1,PM2.5 - Local Conditions,1999-01-01,,,,NEIGHBORHOOD,500 M TO 4KM,POPULATION EXPOSURE,145,R & P Model 2025 PM-2.5 Sequential Air Sampler w/VSCC - Gravimetric,2018-08-09,Y,,SLAMS,,0972,South Coast Air Quality Management District,1085,34.19925,-118.53276,WGS84,0.0,226.0,,,Reseda,"18330 GAULT ST., RESEDA",California,Los Angeles,Reseda,31080,"Los Angeles-Long Beach-Anaheim, CA",348,"Los Angeles-Long Beach, CA",,,POINT (-118.53276 34.19925),31080,"Los Angeles-Long Beach-Anaheim, CA",21,06037132301,Los Angeles County,3689,0.86283545676335,0.33923630326508,0.057574327512978,0.206543967280164,0.228381374722838,10.0652038251366
06,067,0006,88101,2,PM2.5 - Local Conditions,1999-02-17,2025-06-05,,,NEIGHBORHOOD,500 M TO 4KM,HIGHEST CONCENTRATION; POPULATION EXPOSURE,145,R & P Model 2025 PM-2.5 Sequential Air Sampler w/VSCC - Gravimetric,2007-05-19,,,,,0145,California Air Resources Board,1270,38.613779,-121.368014,WGS84,0.0,8.0,4.4,,Sacramento-Del Paso Manor,"DEL PASO-2701 AVALON DR, SACRAMENTO",California,Sacramento,Arden-Arcade,40900,"Sacramento--Roseville--Arden-Arcade, CA",472,"Sacramento-Roseville, CA",,,POINT (-121.368014 38.613779),40900,"Sacramento-Roseville-Folsom, CA",4743,06067006002,Sacramento County,5021,0.350726946823342,0.408945686900958,0.091749907510174,0.186289900575615,0.0426272292301,14.6781510928962
06,067,0010,88101,1,PM2.5 - Local Conditions,1998-12-13,2020-12-07,,,NEIGHBORHOOD,500 M TO 4KM,POPULATION EXPOSURE,145,R & P Model 2025 PM-2.5 Sequential Air Sampler w/VSCC - Gravimetric,2012-11-08,,,,,0145,California Air Resources Board,1272,38.56844,-121.49311,NAD83,0.0,0.0,10.0,,Sacramento-1309 T Street,"1309 T ST., SACRAMENTO, CA. 95814",California,Sacramento,Sacramento,40900,"Sacramento--Roseville--Arden-Arcade, CA",472,"Sacramento-Roseville, CA",,,POINT (-121.49311 38.56844),40900,"Sacramento-Roseville-Folsom, CA",7806,06067002000,Sacramento County,2910,0.528865979381443,0.255605381165919,0.062022090059473,0.128205128205128,0.09171974522293,14.6037355191257
06,073,0001,88101,1,PM2.5 - Local Conditions,1999-01-01,2023-06-29,,,NEIGHBORHOOD,500 M TO 4KM,GENERAL/BACKGROUND,545,Met One E-SEQ-FRM PM2.5 with VSCC - Gravimetric,2020-01-01,,,,,0942,San Diego County Air Pollution Control District,1345,32.631242,-117.059088,NAD83,0.0,53.0,6.0,TOP OF BUILDING,Chula Vista,"84 E. 'J' ST., CHULA VISTA",California,San Diego,Chula Vista,41740,"San Diego-Carlsbad, CA",,,,,POINT (-117.059088 32.631242),41740,"San Diego-Chula Vista-Carlsbad, CA",934,06073013401,San Diego County,4419,0.671871464132157,0.133105802047782,0.106120434353406,0.083123425692695,0.074626865671642,11.5339510928962
06,089,0004,88101,1,PM2.5 - Local Conditions,1998-12-19,2025-12-31,,,NEIGHBORHOOD,500 M TO 4KM,POPULATION EXPOSURE,143,R & P Model 2000 PM-2.5 Air Sampler w/VSCC - Gravimetric,2015-01-09,,,,,0145,California Air Resources Board,1508,40.55013,-122.38092,NAD83,0.0,149.0,8.7,,Redding - Health Department,"HLTH CTR-2630 BRESLAUER WAY, REDDING",California,Shasta,Redding,39820,"Redding, CA",454,"Redding-Red Bluff, CA",,,POINT (-122.38092 40.55013),39820,"Redding, CA",1709,06089010400,Shasta County,4830,0.239130434782609,0.301424382069543,0.070658682634731,0.056077599272507,0.010353227771011,11.5835510928962
06,023,1004,88101,1,PM2.5 - Local Conditions,2006-12-25,,,,NEIGHBORHOOD,500 M TO 4KM,POPULATION EXPOSURE,143,R & P Model 2000 PM-2.5 Air Sampler w/VSCC - Gravimetric,2016-04-01,Y,Y,SLAMS,,0086,Bay Area Air Quality Management District,93538,40.77678,-124.17949,NAD83,1.0,21.0,7.1,TOP OF BUILDING,Jacobs,717 SOUTH AVENUE,California,Humboldt,Eureka,21700,"Eureka-Arcata-Fortuna, CA",,,,,POINT (-124.17949 40.77678),21700,"Eureka-Arcata, CA",5358,06023000300,Humboldt County,4852,0.347073371805441,0.373454245671888,0.066520787746171,0.126895450917797,0.00763358778626,9.11117464480874
06,025,0005,88101,2,PM2.5 - Local Conditions,1999-01-01,,,,NEIGHBORHOOD,500 M TO 4KM,POPULATION EXPOSURE,143,R & P Model 2000 PM-2.5 Air Sampler w/VSCC - Gravimetric,2021-04-01,,,SLAMS,,0942,San Diego County Air Pollution Control District,959,32.67618,-115.48307,NAD83,151.82,1.0,3.0,GROUND LEVEL SUPPORT,Calexico-Ethel Street,"1029 ETHEL ST, CALEXICO HIGH SCHOOL",California,Imperial,Calexico,20940,"El Centro, CA",,,,,POINT (-115.48307 32.67618),20940,"El Centro, CA",2385,06025012004,Imperial County,4256,0.980968045112782,0.508928571428571,0.219453761379971,0.327814569536424,0.509353741496599,10.7327918032787
06,045,0006,88101,3,PM2.5 - Local Conditions,2008-12-31,,,,NEIGHBORHOOD,500 M TO 4KM,POPULATION EXPOSURE,170,Met One BAM-1020 Mass Monitor w/VSCC - Beta Attenuation,2008-12-31,Y,,SLAMS,,0145,California Air Resources Board,1142,39.15047,-123.20655,WGS84,0.0,0.0,8.0,TOP OF BUILDING,Ukiah-Library,"105 N MAIN ST, UKIAH, CA 95482",California,Mendocino,Ukiah,46380,"Ukiah, CA",,,,,POINT (-123.20655 39.15047),46380,"Ukiah, CA",1855,06045011600,Mendocino County,5637,0.546567323044172,0.3677663601947,0.086180713743356,0.193649141072358,0.100735970561178,9.84882295081967
06,059,0007,88101,3,PM2.5 - Local Conditions,2008-01-01,,All (2008-01-01 - 2008-07-31),MOBILE,URBAN SCALE,4 KM TO 50 KM,POPULATION EXPOSURE,170,Met One BAM-1020 Mass Monitor w/VSCC - Beta Attenuation,2016-01-01,,,SLAMS,,0972,South Coast Air Quality Management District,91686,33.83062,-117.93845,WGS84,20.0,10.0,4.0,TOP OF BUILDING,Anaheim,1630 W. PAMPAS LANE,California,Orange,Anaheim,31080,"Los Angeles-Long Beach-Anaheim, CA",348,"Los Angeles-Long Beach, CA",,,POINT (-117.93845 33.83062),31080,"Los Angeles-Long Beach-Anaheim, CA",3338,06059087105,Orange County,5636,0.843683463449255,0.311586452762923,0.069347688410386,0.17781875658588,0.181246426529445,13.9910461748634
06,041,0001,88101,3,PM2.5 - Local Conditions,2009-10-27,,,AREA,MIDDLE SCALE,100 M TO 500 M,POPULATION EXPOSURE,170,Met One BAM-1020 Mass Monitor w/VSCC - Beta Attenuation,2009-10-27,Y,,SLAMS,,0086,Bay Area Air Quality Management District,1128,37.97231,-122.520004,WGS84,2.0,3.0,8.6,TOP OF BUILDING,San Rafael,534 4TH ST.,California,Marin,San Rafael,41860,"San Francisco-Oakland-Hayward, CA",488,"San Jose-San Francisco-Oakland, CA",,,POINT (-122.520004 37.97231),41860,"San Francisco-Oakland-Fremont, CA",6009,06041110100,Marin County,5703,0.270559354725583,0.128415300546448,0.069163163928162,0.039371980676329,0.01292546316243,9.55742868852459
06,083,1008,88101,3,PM2.5 - Local Conditions,2010-05-23,2021-02-28,,,NEIGHBORHOOD,500 M TO 4KM,POPULATION EXPOSURE,170,Met One BAM-1020 Mass Monitor w/VSCC - Beta Attenuation,2010-05-23,,,,,0145,California Air Resources Board,1434,34.942872,-120.435611,NAD83,151.82,76.0,8.0,TOP OF BUILDING,Santa Maria,906 S BROADWAY - SANTA MARIA,California,Santa Barbara,Santa Maria,42200,"Santa Maria-Santa Barbara, CA",,,,,POINT (-120.435611 34.942872),42200,"Santa Maria-Santa Barbara, CA",8595,06083002102,Santa Barbara County,2368,0.715793918918919,0.350907519446845,0.040719696969697,0.235336194563662,0.042028985507246,8.40444306010929
06,023,1005,88101,1,PM2.5 - Local Conditions,2011-06-23,2018-12-31,All (2011-06-23 - 2013-10-01),,NEIGHBORHOOD,500 M TO 4KM,POPULATION EXPOSURE,195,GRIMM EDM Model 180 with naphion dryer - Laser Light Scattering,2011-06-23,,,,,0145,California Air Resources Board,96282,40.71528,-124.20139,WGS84,1.0,172.0,,,Humboldt Hill,"170 meters SE of Donna Dr. & Humboldt Hill Rd., Eureka, CA",California,Humboldt,Not in a City,21700,"Eureka-Arcata-Fortuna, CA",,,,,POINT (-124.20139 40.71528),21700,"Eureka-Arcata, CA",3350,06023010701,Humboldt County,4568,0.313922942206655,0.27877532228361,0.048109965635739,0.127089246294544,0.016373559733172,9.025401912568308
06,073,1011,88101,3,PM2.5 - Local Conditions,2012-12-12,2018-07-01,All (2012-12-12 - 2018-07-01),,,,GENERAL/BACKGROUND,170,Met One BAM-1020 Mass Monitor w/VSCC - Beta Attenuation,2012-12-12,,,,,577,"La Posta Band of Dieguento Mission Indians of La Posta Indian Reservation, CA",94157,32.725226,-116.365203,WGS84,1.0,1372.21,,,La Posta Reservation,"8 1/2 Crestwood Road, Boulevard, CA 91905",California,San Diego,Boulevard,41740,"San Diego-Carlsbad, CA",,,577,"La Posta Band of Dieguento Mission Indians of La Posta Indian Reservation, CA",POINT (-116.365203 32.725226),41740,"San Diego-Chula Vista-Carlsbad, CA",2629,06073021102,San Diego County,2809,0.444642221431114,0.360239162929746,0.104938271604938,0.055337690631808,0.0,7.88967431693989
06,019,0011,88101,4,PM2.5 - Local Conditions,2012-01-01,2020-12-31,,,NEIGHBORHOOD,500 M TO 4KM,POPULATION EXPOSURE,170,Met One BAM-1020 Mass Monitor w/VSCC - Beta Attenuation,2012-01-01,,,,,0145,California Air Resources Board,96528,36.78538,-119.77321,NAD83,1.0,96.0,,,Fresno - Garland,"3727 N FIRST ST, FRESNO",California,Fresno,Fresno,23420,"Fresno, CA",260,"Fresno-Madera, CA",,,POINT (-119.77321 36.78538),23420,"Fresno, CA",8798,06019005100,Fresno County,6523,0.811129848229342,0.557282760764806,0.172770700636943,0.318158567774936,0.04811320754717,19.42447568306009
06,083,2004,88101,1,PM2.5 - Local Conditions,2015-01-01,,,,NEIGHBORHOOD,500 M TO 4KM,POPULATION EXPOSURE,170,Met One BAM-1020 Mass Monitor w/VSCC - Beta Attenuation,2015-01-01,Y,,SLAMS,,0948,Santa Barbara County APCD,1463,34.63782,-120.4575,WGS84,15.0,41.0,1.0,TOP OF BUILDING,Lompoc H Street,"128 S 'H' ST, LOMPOC",California,Santa Barbara,Lompoc,42200,"Santa Maria-Santa Barbara, CA",,,,,POINT (-120.4575 34.63782),42200,"Santa Maria-Santa Barbara, CA",8508,06083002708,Santa Barbara County,2514,0.529832935560859,0.250398724082935,0.074074074074074,0.168035030103996,0.053794428434198,7.52346409836066
06,067,0012,88101,3,PM2.5 - Local Conditions,2013-04-01,,,AREA,NEIGHBORHOOD,500 M TO 4KM,POPULATION EXPOSURE,170,Met One BAM-1020 Mass Monitor w/VSCC - Beta Attenuation,2013-04-01,Y,Y,SLAMS,,0145,California Air Resources Board,1274,38.683304,-121.164457,WGS84,151.82,98.0,5.0,TOP OF BUILDING,Folsom-Natoma St.,"50 NATOMA STREET, FOLSOM",California,Sacramento,Folsom,40900,"Sacramento--Roseville--Arden-Arcade, CA",472,"Sacramento-Roseville, CA",,,POINT (-121.164457 38.683304),40900,"Sacramento-Roseville-Folsom, CA",8392,06067008404,Sacramento County,4427,0.347639484978541,0.360617938667282,0.083159214375261,0.038484848484848,0.032276995305164,13.6407469945355
06,071,0027,88101,1,PM2.5 - Local Conditions,2015-01-01,,,MOBILE,MICROSCALE,0 M TO 100 M,POPULATION EXPOSURE,145,R & P Model 2025 PM-2.5 Sequential Air Sampler w/VSCC - Gravimetric,2015-01-01,Y,Y,SLAMS,NEAR ROAD,0972,South Coast Air Quality Management District,99504,34.030833,-117.61722,WGS84,3.04,258.0,4.5,OTHER,Ontario-Route 60 Near Road,2330 S. Castle Harbour,California,San Bernardino,Ontario,40140,"Riverside-San Bernardino-Ontario, CA",348,"Los Angeles-Long Beach, CA",,,POINT (-117.61722 34.030833),40140,"Riverside-San Bernardino-Ontario, CA",6430,06071001803,San Bernardino County,3474,0.828727691421992,0.161824520627542,0.0509977827051,0.306309904153355,0.071316614420063,14.4492994535519
06,061,0006,88101,2,PM2.5 - Local Conditions,2015-07-01,2020-12-07,,,NEIGHBORHOOD,500 M TO 4KM,POPULATION EXPOSURE,143,R & P Model 2000 PM-2.5 Air Sampler w/VSCC - Gravimetric,2015-07-01,,,,,0145,California Air Resources Board,1225,38.74643,-121.26498,NAD83,151.82,48.0,6.1,,Roseville-N Sunrise Ave," 151 NO SUNRISE BLVD, ROSEVILLE, CA",California,Placer,Roseville,40900,"Sacramento--Roseville--Arden-Arcade, CA",472,"Sacramento-Roseville, CA",,,POINT (-121.26498 38.74643),40900,"Sacramento-Roseville-Folsom, CA",2716,06061020717,Placer County,5344,0.499064371257485,0.120134730538922,0.088317322590641,0.024768644529124,0.027124773960217,14.2068404371585
06,023,0006,88101,1,PM2.5 - Local Conditions,2013-08-01,,All (2013-08-01 - Present),AREA,NEIGHBORHOOD,500 M TO 4KM,GENERAL/BACKGROUND,182,Thermo Scientific TEOM 1405-DF Dichotomous FDMS - FDMS Gravimetric,2018-12-01,Y,,TRIBAL,,561,"Hoopa Valley Tribe, CA",95819,41.047117,-123.675233,WGS84,1.0,1.0,,GROUND LEVEL SUPPORT,Hoopa Valley Reservation,"5 Loop Rd Hoopa, CA 95546",California,Humboldt,Not in a City,21700,"Eureka-Arcata-Fortuna, CA",,,561,"Hoopa Valley Tribe, CA",POINT (-123.675233 41.047117),21700,"Eureka-Arcata, CA",2710,06023940000,Humboldt County,2503,0.929684378745505,0.538554703270085,0.17752808988764,0.096296296296296,0.042062415196744,10.1889431693989
06,073,1017,88101,1,PM2.5 - Local Conditions,2019-06-01,2023-06-29,,,MICROSCALE,0 M TO 100 M,SOURCE ORIENTED,545,Met One E-SEQ-FRM PM2.5 with VSCC - Gravimetric,2019-06-01,,,,,0942,San Diego County Air Pollution Control District,99631,32.985428,-117.082198,WGS84,5.0,219.0,2.0,SIDE OF BUILDING,San Diego -Rancho Carmel Drive,11403 Rancho Carmel Drive,California,San Diego,San Diego,41740,"San Diego-Carlsbad, CA",,,,,POINT (-117.082198 32.985428),41740,"San Diego-Chula Vista-Carlsbad, CA",8723,06073017056,San Diego County,4534,0.598588442876048,0.062887307780583,0.052954719877206,0.070835803200948,0.042786615469007,11.7823969945355
06,047,2510,88101,3,PM2.5 - Local Conditions,2021-01-01,,,AREA,NEIGHBORHOOD,500 M TO 4KM,POPULATION EXPOSURE,170,Met One BAM-1020 Mass Monitor w/VSCC - Beta Attenuation,2022-03-04,Y,,SLAMS,,0945,San Joaquin Valley Unified Air Pollution Control District,1158,37.30832,-120.480456,NAD83,1.52,58.0,8.4,,Merced-M St,"2334 'M' ST. MERCED, CA",California,Merced,Merced,32900,"Merced, CA",382,"Modesto-Merced, CA",,,POINT (-120.480456 37.30832),32900,"Merced, CA",5416,06047001302,Merced County,2911,0.842665750601168,0.688912809472551,0.254983388704319,0.281705342687534,0.001851851851852,15.5013396174863
06,107,0009,88101,1,PM2.5 - Local Conditions,2020-12-01,,All (2020-12-01 - Present),,,,HIGHEST CONCENTRATION,170,Met One BAM-1020 Mass Monitor w/VSCC - Beta Attenuation,2020-12-01,Y,,NON-EPA FEDERAL,,0745,National Park Service,1587,36.48947,-118.82915,WGS84,5.0,510.0,,,Sequoia & Kings Canyon NPs - Ash Mountain,SEQUOIA & KINGS CANYON NP,California,Tulare,Not in a City,47300,"Visalia-Porterville, CA",546,"Visalia-Porterville-Hanford, CA",,,POINT (-118.82915 36.48947),47300,"Visalia, CA",996,06107000102,Tulare County,2357,0.522698345354264,0.234196011879508,0.077962577962578,0.115966386554622,0.039800995024876,15.2550922404372
06,037,4009,88101,1,PM2.5 - Local Conditions,2022-04-21,,,,NEIGHBORHOOD,500 M TO 4KM,POPULATION EXPOSURE,143,R & P Model 2000 PM-2.5 Air Sampler w/VSCC - Gravimetric,2022-04-21,,,SLAMS,,0972,South Coast Air Quality Management District,104683,33.793713,-118.171019,NAD83,3.04,8.0,,TOP OF BUILDING,Signal Hill (LBSH),1710 E. 20th Street,California,Los Angeles,Signal Hill,31080,"Los Angeles-Long Beach-Anaheim, CA",348,"Los Angeles-Long Beach, CA",,,POINT (-118.171019 33.793713),31080,"Los Angeles-Long Beach-Anaheim, CA",7400,06037573402,Los Angeles County,6929,0.780487804878049,0.33609656777196,0.052330122363968,0.103921958988652,0.105997736703131,13.8081147540984
06,073,1016,88101,3,PM2.5 - Local Conditions,2023-06-30,,,POINT,NEIGHBORHOOD,500 M TO 4KM,GENERAL/BACKGROUND,638,Teledyne T640X at 16.67 LPM w/Network Data Alignment enabled - Broadband spectroscopy,2023-06-30,Y,Y,SLAMS,,0942,San Diego County Air Pollution Control District,95699,32.845709,-117.123964,NAD83,1.0,134.0,6.0,TOP OF BUILDING,San Diego - Kearny Villa Rd.,"6125A KEARNY VILLA RD., SAN DIEGO",California,San Diego,San Diego,41740,"San Diego-Carlsbad, CA",,,,,POINT (-117.123964 32.845709),41740,"San Diego-Chula Vista-Carlsbad, CA",6228,06073009400,San Diego County,4873,0.575415555099528,0.331225680933852,0.092009685230024,0.0,0.0,11.8629721311475
06,027,1033,88101,22,PM2.5 - Local Conditions,2020-04-06,,All (2020-04-06 - Present),AREA,MICROSCALE,0 M TO 100 M,,736,Teledyne T640 at 5.0 LPM (Corrected) - Broadband spectroscopy,2020-04-06,Y,,TRIBAL,,530,Big Pine Paiute Tribe of the Owens Valley,104378,37.155494,-118.293547,NAD83,10.0,1236.0,,TOWER,Stn.1 Big Pine Paiute site,School St.,California,Inyo,Big Pine,13860,"Bishop, CA",,,530,Big Pine Paiute Tribe of the Owens Valley,POINT (-118.293547 37.155494),13860,"Bishop, CA",4650,06027000500,Inyo County,2519,0.366018261214768,0.251010509296686,0.043676069153776,0.05420054200542,0.007619047619048,9.260227595628407
06,065,0500,88101,21,PM2.5 - Local Conditions,2019-03-01,,All (2019-03-01 - Present),AREA,NEIGHBORHOOD,500 M TO 4KM,,738,Teledyne T640X at 16.67 LPM (Corrected) - Broadband spectroscopy,2019-03-01,Y,Y,TRIBAL,,598,Twenty-Nine Palms Band of Mission Indians,104498,33.71969,-116.1897,NAD83,3.0,-8.0,5.2,TOP OF BUILDING,29 Palms,"84245 Vista Del Norte, Indio, CA   92203",California,Riverside,Indio,40140,"Riverside-San Bernardino-Ontario, CA",348,"Los Angeles-Long Beach, CA",598,Twenty-Nine Palms Band of Mission Indians,POINT (-116.1897 33.71969),40140,"Riverside-San Bernardino-Ontario, CA",739,06065940400,Riverside County,5985,0.981119465329992,0.36888963547791,0.096059821685361,0.450891849175886,0.487075519513431,8.96611256830601
06,027,1023,88101,21,PM2.5 - Local Conditions,2020-07-01,,All (2020-07-01 - Present),AREA,NEIGHBORHOOD,500 M TO 4KM,,736,Teledyne T640 at 5.0 LPM (Corrected) - Broadband spectroscopy,2020-07-01,Y,,TRIBAL,,549,"Paiute-Shoshone Indians of Bishop Community of Bishop Colony, CA",92502,37.362137,-118.417478,WGS84,3.0,1288.55,,TOP OF BUILDING,Bishop Tribe EMO,50 TU SU LANE,California,Inyo,Bishop,13860,"Bishop, CA",,,549,"Paiute-Shoshone Indians of Bishop Community of Bishop Colony, CA",POINT (-118.417478 37.362137),13860,"Bishop, CA",4652,06027000400,Inyo County,5735,0.485789014821273,0.243358129649309,0.04922042188933,0.048960739030023,0.007172517931295,14.5820884699454
06,073,1026,88101,23,PM2.5 - Local Conditions,2022-05-16,2023-07-06,,AREA,NEIGHBORHOOD,500 M TO 4KM,,738,Teledyne T640X at 16.67 LPM (Corrected) - Broadband spectroscopy,2022-05-16,,,SLAMS,,0942,San Diego County Air Pollution Control District,104551,32.710177,-117.142665,NAD83,2.0,34.0,2.0,GROUND LEVEL SUPPORT,San Diego - Sherman Elementary School,450B 24th Street,California,San Diego,San Diego,41740,"San Diego-Carlsbad, CA",,,,,POINT (-117.142665 32.710177),41740,"San Diego-Chula Vista-Carlsbad, CA",6552,06073004700,San Diego County,1446,0.678423236514523,0.23314606741573,0.041938490214352,0.067425569176883,0.058238636363636,11.7049519125683
06,027,1018,88101,21,PM2.5 - Local Conditions,2021-04-01,,All (2021-04-01 - Present),,,,,736,Teledyne T640 at 5.0 LPM (Corrected) - Broadband spectroscopy,2021-04-01,Y,,TRIBAL,,624,"Paiute-Shoshone Indians of the Lone Pine Community of Lone Pine Reservation,CA",92674,36.595556,-118.049167,WGS84,3.0,1128.0,,,Lone Pine Paiute-Shoshone Reservation,1101 E-SHA LANE,California,Inyo,Lone Pine,13860,"Bishop, CA",,,624,"Paiute-Shoshone Indians of the Lone Pine Community of Lone Pine Reservation,CA",POINT (-118.049167 36.595556),13860,"Bishop, CA",5934,06027000800,Inyo County,3058,0.428711576193591,0.366511318242344,0.02052091554854,0.07157217531162,0.025819958129798,6.95654139344262
06,073,1008,88101,23,PM2.5 - Local Conditions,2009-07-01,2023-07-05,All (2009-07-01 - 2010-04-30),AREA,URBAN SCALE,4 KM TO 50 KM,,738,Teledyne T640X at 16.67 LPM (Corrected) - Broadband spectroscopy,2022-08-30,,,SLAMS,,0942,San Diego County Air Pollution Control District,1359,33.217046,-117.396249,WGS84,5.0,16.0,5.0,TOP OF BUILDING,Camp Pendleton,21441-W B STREET,California,San Diego,Camp Pendleton South,41740,"San Diego-Carlsbad, CA",,,,,POINT (-117.396249 33.217046),41740,"San Diego-Chula Vista-Carlsbad, CA",6059,06073018700,San Diego County,38907,0.532192150512761,0.402879034130485,0.170945395273024,0.014278869190225,0.03600987367504,11.6086221311475
06,073,0077,88101,23,PM2.5 - Local Conditions,2020-12-11,2024-11-19,All (2020-12-11 - 2024-11-19),,REGIONAL SCALE,50 TO HUNDREDS KM,,736,Teledyne T640 at 5.0 LPM (Corrected) - Broadband spectroscopy,2020-12-11,,,,,570,"Campo Band of Diegueno Mission Indians of Campo Indian Reservation, CA",94253,32.6509,-116.365,WGS84,2.0,1018.15,,GROUND LEVEL SUPPORT,Campo Indian Reservation,"Campo Kumeyaay Nation, 36190 Church Rd, Ste 4, Campo, CA 91906",California,San Diego,Campo,41740,"San Diego-Carlsbad, CA",,,570,"Campo Band of Diegueno Mission Indians of Campo Indian Reservation, CA",POINT (-116.365 32.6509),41740,"San Diego-Chula Vista-Carlsbad, CA",2629,06073021102,San Diego County,2809,0.444642221431114,0.360239162929746,0.104938271604938,0.055337690631808,0.0,7.88967431693989
06,073,1006,88101,23,PM2.5 - Local Conditions,2022-09-08,2023-07-05,,AREA,URBAN SCALE,4 KM TO 50 KM,,738,Teledyne T640X at 16.67 LPM (Corrected) - Broadband spectroscopy,2022-09-08,,,SLAMS,,0942,San Diego County Air Pollution Control District,1357,32.842318,-116.768293,NAD83,0.0,627.0,7.5,TOP OF BUILDING,Alpine,"2300 VICTORIA DR., ALPINE",California,San Diego,Alpine,41740,"San Diego-Carlsbad, CA",,,,,POINT (-116.768293 32.842318),41740,"San Diego-Chula Vista-Carlsbad, CA",5403,06073021206,San Diego County,3602,0.252637423653526,0.218269778030734,0.042142857142857,0.027061310782241,0.021885521885522,9.62286448087432
06,073,1014,88101,23,PM2.5 - Local Conditions,2022-08-02,2023-07-02,,AREA,NEIGHBORHOOD,500 M TO 4KM,,738,Teledyne T640X at 16.67 LPM (Corrected) - Broadband spectroscopy,2022-08-02,,,SLAMS,,0942,San Diego County Air Pollution Control District,94572,32.578165,-116.921374,WGS84,1.0,199.0,4.0,TOP OF BUILDING,Donovan,"480 ALTA RD, OTAY MESA, CA",California,San Diego,Otay Mesa,41740,"San Diego-Carlsbad, CA",,,,,POINT (-116.921374 32.578165),41740,"San Diego-Chula Vista-Carlsbad, CA",2630,06073010016,San Diego County,3200,0.74125,0.0,0.0,0.372389033942559,0.0,11.103281420765
