{
"type": "FeatureCollection",
"name": "california_aqs_monitors_with_msa",
"crs": { "type": "name", "properties": { "name": "urn:ogc:def:crs:OGC:1.3:CRS84" } },
"features": [
{ "type": "Feature", "properties": { "state_code": "06", "county_code": "013", "site_number": "0002", "parameter_code": "88101", "poc": 1, "parameter_name": "PM2.5 - Local Conditions", "open_date": "1999-01-08T00:00:00", "close_date": null, "concurred_exclusions": null, "dominant_source": null, "measurement_scale": "NEIGHBORHOOD", "measurement_scale_def": "500 M TO 4KM", "monitoring_objective": "POPULATION EXPOSURE", "last_method_code": "145", "last_method_description": "R & P Model 2025 PM-2.5 Sequential Air Sampler w/VSCC - Gravimetric", "last_method_begin_date": "2019-02-23", "naaqs_primary_monitor": null, "qa_primary_monitor": null, "monitor_type": "SLAMS", "networks": null, "monitoring_agency_code": "0086", "monitoring_agency": "Bay Area Air Quality Management District", "si_id": 890, "latitude": 37.936013, "longitude": -122.026154, "datum": "WGS84", "lat_lon_accuracy": 13.0, "elevation": 26.0, "probe_height": 5.9, "pl_probe_location": "TOP OF BUILDING", "local_site_name": "Concord", "address": "2956-A TREAT BOULEVARD", "state_name": "California", "county_name": "Contra Costa", "city_name": "Concord", "cbsa_code": "41860", "cbsa_name": "San Francisco-Oakland-Hayward, CA", "csa_code": "488", "csa_name": "San Jose-San Francisco-Oakland, CA", "tribal_code": null, "tribe_name": null, "index_right": 13.0, "CSAFP": "488", "CBSAFP": "41860", "GEOIDFQ": "310M700US41860", "GEOID": "41860", "NAME": "San Francisco-Oakland-Fremont, CA", "NAMELSAD": "San Francisco-Oakland-Fremont, CA Metro Area", "LSAD": "M1", "ALAND": 6396759028.0, "AWATER": 2476945717.0 }, "geometry": { "type": "Point", "coordinates": [ -122.026154, 37.936013 ] } },
{ "type": "Feature", "properties": { "state_code": "06", "county_code": "037", "site_number": "1103", "parameter_code": "88101", "poc": 2, "parameter_name": "PM2.5 - Local Conditions", "open_date": "1999-01-01T00:00:00", "close_date": null, "concurred_exclusions": null, "dominant_source": null, "measurement_scale": "NEIGHBORHOOD", "measurement_scale_def": "500 M TO 4KM", "monitoring_objective": "HIGHEST CONCENTRATION", "last_method_code": "145", "last_method_description": "R & P Model 2025 PM-2.5 Sequential Air Sampler w/VSCC - Gravimetric", "last_method_begin_date": "2016-12-16", "naaqs_primary_monitor": null, "qa_primary_monitor": null, "monitor_type": "SLAMS", "networks": null, "monitoring_agency_code": "0972", "monitoring_agency": "South Coast Air Quality Management District", "si_id": 1081, "latitude": 34.06659, "longitude": -118.22688, "datum": "WGS84", "lat_lon_accuracy": 0.0, "elevation": 87.0, "probe_height": null, "pl_probe_location": null, "local_site_name": "Los Angeles-North Main Street", "address": "1630 N MAIN ST, LOS ANGELES", "state_name": "California", "county_name": "Los Angeles", "city_name": "Los Angeles", "cbsa_code": "31080", "cbsa_name": "Los Angeles-Long Beach-Anaheim, CA", "csa_code": "348", "csa_name": "Los Angeles-Long Beach, CA", "tribal_code": null, "tribe_name": null, "index_right": 18.0, "CSAFP": "348", "CBSAFP": "31080", "GEOIDFQ": "310M700US31080", "GEOID": "31080", "NAME": "Los Angeles-Long Beach-Anaheim, CA", "NAMELSAD": "Los Angeles-Long Beach-Anaheim, CA Metro Area", "LSAD": "M1", "ALAND": 12569524354.0, "AWATER": 2191222299.0 }, "geometry": { "type": "Point", "coordinates": [ -118.22688, 34.06659 ] } },
{ "type": "Feature", "properties": { "state_code": "06", "county_code": "047", "site_number": "2510", "parameter_code": "88101", "poc": 1, "parameter_name": "PM2.5 - Local Conditions", "open_date": "1999-04-01T00:00:00", "close_date": "2020-12-31T00:00:00", "concurred_exclusions": null, "dominant_source": null, "measurement_scale": "NEIGHBORHOOD", "measurement_scale_def": "500 M TO 4KM", "monitoring_objective": "POPULATION EXPOSURE", "last_method_code": "145", "last_method_description": "R & P Model 2025 PM-2.5 Sequential Air Sampler w/VSCC - Gravimetric", "last_method_begin_date": "2014-12-11", "naaqs_primary_monitor": null, "qa_primary_monitor": null, "monitor_type": null, "networks": null, "monitoring_agency_code": "0145", "monitoring_agency": "California Air Resources Board", "si_id": 1158, "latitude": 37.30832, "longitude": -120.480456, "datum": "NAD83", "lat_lon_accuracy": 1.52, "elevation": 58.0, "probe_height": 8.7, "pl_probe_location": null, "local_site_name": "Merced-M St", "address": "2334 'M' ST. MERCED, CA", "state_name": "California", "county_name": "Merced", "city_name": "Merced", "cbsa_code": "32900", "cbsa_name": "Merced, CA", "csa_code": "382", "csa_name": "Modesto-Merced, CA", "tribal_code": null, "tribe_name": null, "index_right": 24.0, "CSAFP": "488", "CBSAFP": "32900", "GEOIDFQ": "310M700US32900", "GEOID": "32900", "NAME": "Merced, CA", "NAMELSAD": "Merced, CA Metro Area", "LSAD": "M1", "ALAND": 5019407136.0, "AWATER": 105277636.0 }, "geometry": { "type": "Point", "coordinates": [ -120.480456, 37.30832 ] } },
{ "type": "Feature", "properties": { "state_code": "06", "county_code": "059", "site_number": "2022", "parameter_code": "88101", "poc": 1, "parameter_name": "PM2.5 - Local Conditions", "open_date": "1999-06-15T00:00:00", "close_date": null, "concurred_exclusions": null, "dominant_source": null, "measurement_scale": "NEIGHBORHOOD", "measurement_scale_def": "500 M TO 4KM", "monitoring_objective": "POPULATION EXPOSURE", "last_method_code": "145", "last_method_description": "R & P Model 2025 PM-2.5 Sequential Air Sampler w/VSCC - Gravimetric", "last_method_begin_date": "2026-01-01", "naaqs_primary_monitor": "Y", "qa_primary_monitor": "Y", "monitor_type": "SLAMS", "networks": null, "monitoring_agency_code": "0972", "monitoring_agency": "South Coast Air Quality Management District", "si_id": 1212, "latitude": 33.63003, "longitude": -117.67593, "datum": "WGS84", "lat_lon_accuracy": 10930.56, "elevation": 161.0, "probe_height": 4.0, "pl_probe_location": null, "local_site_name": "Mission Viejo", "address": "26081 VIA PERA, MISSION VIEJO, CA 92691", "state_name": "California", "county_name": "Orange", "city_name": "Mission Viejo", "cbsa_code": "31080", "cbsa_name": "Los Angeles-Long Beach-Anaheim, CA", "csa_code": "348", "csa_name": "Los Angeles-Long Beach, CA", "tribal_code": null, "tribe_name": null, "index_right": 18.0, "CSAFP": "348", "CBSAFP": "31080", "GEOIDFQ": "310M700US31080", "GEOID": "31080", "NAME": "Los Angeles-Long Beach-Anaheim, CA", "NAMELSAD": "Los Angeles-Long Beach-Anaheim, CA Metro Area", "LSAD": "M1", "ALAND": 12569524354.0, "AWATER": 2191222299.0 }, "geometry": { "type": "Point", "coordinates": [ -117.67593, 33.63003 ] } },
{ "type": "Feature", "properties": { "state_code": "06", "county_code": "065", "site_number": "8001", "parameter_code": "88101", "poc": 1, "parameter_name": "PM2.5 - Local Conditions", "open_date": "1999-01-01T00:00:00", "close_date": null, "concurred_exclusions": null, "dominant_source": null, "measurement_scale": "NEIGHBORHOOD", "measurement_scale_def": "500 M TO 4KM", "monitoring_objective": "HIGHEST CONCENTRATION", "last_method_code": "145", "last_method_description": "R & P Model 2025 PM-2.5 Sequential Air Sampler w/VSCC - Gravimetric", "last_method_begin_date": "2015-04-16", "naaqs_primary_monitor": "Y", "qa_primary_monitor": "Y", "monitor_type": "SLAMS", "networks": "NCORE", "monitoring_agency_code": "0972", "monitoring_agency": "South Coast Air Quality Management District", "si_id": 1262, "latitude": 33.99958, "longitude": -117.41601, "datum": "WGS84", "lat_lon_accuracy": 0.0, "elevation": 250.0, "probe_height": null, "pl_probe_location": null, "local_site_name": "Rubidoux", "address": "5888 MISSION BLVD., RUBIDOUX", "state_name": "California", "county_name": "Riverside", "city_name": "Rubidoux", "cbsa_code": "40140", "cbsa_name": "Riverside-San Bernardino-Ontario, CA", "csa_code": "348", "csa_name": "Los Angeles-Long Beach, CA", "tribal_code": null, "tribe_name": null, "index_right": 21.0, "CSAFP": "348", "CBSAFP": "40140", "GEOIDFQ": "310M700US40140", "GEOID": "40140", "NAME": "Riverside-San Bernardino-Ontario, CA", "NAMELSAD": "Riverside-San Bernardino-Ontario, CA Metro Area", "LSAD": "M1", "ALAND": 70648193821.0, "AWATER": 339279578.0 }, "geometry": { "type": "Point", "coordinates": [ -117.41601, 33.99958 ] } },
{ "type": "Feature", "properties": { "state_code": "06", "county_code": "067", "site_number": "4001", "parameter_code": "88101", "poc": 1, "parameter_name": "PM2.5 - Local Conditions", "open_date": "1999-02-02T00:00:00", "close_date": "2016-11-16T00:00:00", "concurred_exclusions": null, "dominant_source": null, "measurement_scale": "NEIGHBORHOOD", "measurement_scale_def": "500 M TO 4KM", "monitoring_objective": "POPULATION EXPOSURE", "last_method_code": "145", "last_method_description": "R & P Model 2025 PM-2.5 Sequential Air Sampler w/VSCC - Gravimetric", "last_method_begin_date": "2007-05-19", "naaqs_primary_monitor": null, "qa_primary_monitor": null, "monitor_type": null, "networks": null, "monitoring_agency_code": "0145", "monitoring_agency": "California Air Resources Board", "si_id": 1280, "latitude": 38.556326, "longitude": -121.458499, "datum": "WGS84", "lat_lon_accuracy": 0.0, "elevation": 8.0, "probe_height": 5.1, "pl_probe_location": null, "local_site_name": "Sacramento Health Department-Stockton Blvd.", "address": "HLTH CTR-2221 STOCKTON BLVD, SACRAMENTO", "state_name": "California", "county_name": "Sacramento", "city_name": "Sacramento", "cbsa_code": "40900", "cbsa_name": "Sacramento--Roseville--Arden-Arcade, CA", "csa_code": "472", "csa_name": "Sacramento-Roseville, CA", "tribal_code": null, "tribe_name": null, "index_right": 11.0, "CSAFP": "472", "CBSAFP": "40900", "GEOIDFQ": "310M700US40900", "GEOID": "40900", "NAME": "Sacramento-Roseville-Folsom, CA", "NAMELSAD": "Sacramento-Roseville-Folsom, CA Metro Area", "LSAD": "M1", "ALAND": 13191282211.0, "AWATER": 548045435.0 }, "geometry": { "type": "Point", "coordinates": [ -121.458499, 38.556326 ] } },
{ "type": "Feature", "properties": { "state_code": "06", "county_code": "071", "site_number": "2002", "parameter_code": "88101", "poc": 1, "parameter_name": "PM2.5 - Local Conditions", "open_date": "1999-01-01T00:00:00", "close_date": null, "concurred_exclusions": null, "dominant_source": null, "measurement_scale": "NEIGHBORHOOD", "measurement_scale_def": "500 M TO 4KM", "monitoring_objective": "POPULATION EXPOSURE", "last_method_code": "145", "last_method_description": "R & P Model 2025 PM-2.5 Sequential Air Sampler w/VSCC - Gravimetric", "last_method_begin_date": "2018-11-30", "naaqs_primary_monitor": "Y", "qa_primary_monitor": null, "monitor_type": "SLAMS", "networks": null, "monitoring_agency_code": "0972", "monitoring_agency": "South Coast Air Quality Management District", "si_id": 1321, "latitude": 34.10002, "longitude": -117.49201, "datum": "WGS84", "lat_lon_accuracy": 0.0, "elevation": 381.0, "probe_height": null, "pl_probe_location": null, "local_site_name": "Fontana", "address": "14360 ARROW BLVD., FONTANA", "state_name": "California", "county_name": "San Bernardino", "city_name": "Fontana", "cbsa_code": "40140", "cbsa_name": "Riverside-San Bernardino-Ontario, CA", "csa_code": "348", "csa_name": "Los Angeles-Long Beach, CA", "tribal_code": null, "tribe_name": null, "index_right": 21.0, "CSAFP": "348", "CBSAFP": "40140", "GEOIDFQ": "310M700US40140", "GEOID": "40140", "NAME": "Riverside-San Bernardino-Ontario, CA", "NAMELSAD": "Riverside-San Bernardino-Ontario, CA Metro Area", "LSAD": "M1", "ALAND": 70648193821.0, "AWATER": 339279578.0 }, "geometry": { "type": "Point", "coordinates": [ -117.49201, 34.10002 ] } },
{ "type": "Feature", "properties": { "state_code": "06", "county_code": "071", "site_number": "8001", "parameter_code": "88101", "poc": 1, "parameter_name": "PM2.5 - Local Conditions", "open_date": "1999-02-08T00:00:00", "close_date": null, "concurred_exclusions": null, "dominant_source": null, "measurement_scale": "NEIGHBORHOOD", "measurement_scale_def": "500 M TO 4KM", "monitoring_objective": "POPULATION EXPOSURE", "last_method_code": "143", "last_method_description": "R & P Model 2000 PM-2.5 Air Sampler w/VSCC - Gravimetric", "last_method_begin_date": "2016-02-26", "naaqs_primary_monitor": null, "qa_primary_monitor": null, "monitor_type": "SLAMS", "networks": null, "monitoring_agency_code": "0972", "monitoring_agency": "South Coast Air Quality Management District", "si_id": 1335, "latitude": 34.26464, "longitude": -116.86147, "datum": "NAD83", "lat_lon_accuracy": 3.04, "elevation": 2056.0, "probe_height": null, "pl_probe_location": null, "local_site_name": "Big Bear", "address": "501 W. VALLEY BLVD., BIG BEAR CITY,", "state_name": "California", "county_name": "San Bernardino", "city_name": "Big Bear City", "cbsa_code": "40140", "cbsa_name": "Riverside-San Bernardino-Ontario, CA", "csa_code": "348", "csa_name": "Los Angeles-Long Beach, CA", "tribal_code": null, "tribe_name": null, "index_right": 21.0, "CSAFP": "348", "CBSAFP": "40140", "GEOIDFQ": "310M700US40140", "GEOID": "40140", "NAME": "Riverside-San Bernardino-Ontario, CA", "NAMELSAD": "Riverside-San Bernardino-Ontario, CA Metro Area", "LSAD": "M1", "ALAND": 70648193821.0, "AWATER": 339279578.0 }, "geometry": { "type": "Point", "coordinates": [ -116.86147, 34.26464 ] } },
{ "type": "Feature", "properties": { "state_code": "06", "county_code": "099", "site_number": "0005", "parameter_code": "88101", "poc": 1, "parameter_name": "PM2.5 - Local Conditions", "open_date": "1999-01-03T00:00:00", "close_date": "2020-12-07T00:00:00", "concurred_exclusions": null, "dominant_source": null, "measurement_scale": "NEIGHBORHOOD", "measurement_scale_def": "500 M TO 4KM", "monitoring_objective": "POPULATION EXPOSURE", "last_method_code": "143", "last_method_description": "R & P Model 2000 PM-2.5 Air Sampler w/VSCC - Gravimetric", "last_method_begin_date": "2013-04-10", "naaqs_primary_monitor": null, "qa_primary_monitor": null, "monitor_type": null, "networks": null, "monitoring_agency_code": "0145", "monitoring_agency": "California Air Resources Board", "si_id": 1556, "latitude": 37.642165, "longitude": -120.994212, "datum": "NAD83", "lat_lon_accuracy": 0.0, "elevation": 27.0, "probe_height": 5.5, "pl_probe_location": null, "local_site_name": "Modesto-14th Street", "address": "814 14TH ST., MODESTO", "state_name": "California", "county_name": "Stanislaus", "city_name": "Modesto", "cbsa_code": "33700", "cbsa_name": "Modesto, CA", "csa_code": "382", "csa_name": "Modesto-Merced, CA", "tribal_code": null, "tribe_name": null, "index_right": 9.0, "CSAFP": "488", "CBSAFP": "33700", "GEOIDFQ": "310M700US33700", "GEOID": "33700", "NAME": "Modesto, CA", "NAMELSAD": "Modesto, CA Metro Area", "LSAD": "M1", "ALAND": 3875010967.0, "AWATER": 46378776.0 }, "geometry": { "type": "Point", "coordinates": [ -120.994212, 37.642165 ] } },
{ "type": "Feature", "properties": { "state_code": "06", "county_code": "065", "site_number": "8001", "parameter_code": "88101", "poc": 3, "parameter_name": "PM2.5 - Local Conditions", "open_date": "2008-01-01T00:00:00", "close_date": null, "concurred_exclusions": "All (2008-01-01 - 2008-07-31)", "dominant_source": null, "measurement_scale": null, "measurement_scale_def": null, "monitoring_objective": "OTHER", "last_method_code": "170", "last_method_description": "Met One BAM-1020 Mass Monitor w/VSCC - Beta Attenuation", "last_method_begin_date": "2008-01-01", "naaqs_primary_monitor": null, "qa_primary_monitor": null, "monitor_type": "SLAMS", "networks": null, "monitoring_agency_code": "0972", "monitoring_agency": "South Coast Air Quality Management District", "si_id": 1262, "latitude": 33.99958, "longitude": -117.41601, "datum": "WGS84", "lat_lon_accuracy": 0.0, "elevation": 250.0, "probe_height": null, "pl_probe_location": null, "local_site_name": "Rubidoux", "address": "5888 MISSION BLVD., RUBIDOUX", "state_name": "California", "county_name": "Riverside", "city_name": "Rubidoux", "cbsa_code": "40140", "cbsa_name": "Riverside-San Bernardino-Ontario, CA", "csa_code": "348", "csa_name": "Los Angeles-Long Beach, CA", "tribal_code": null, "tribe_name": null, "index_right": 21.0, "CSAFP": "348", "CBSAFP": "40140", "GEOIDFQ": "310M700US40140", "GEOID": "40140", "NAME": "Riverside-San Bernardino-Ontario, CA", "NAMELSAD": "Riverside-San Bernardino-Ontario, CA Metro Area", "LSAD": "M1", "ALAND": 70648193821.0, "AWATER": 339279578.0 }, "geometry": { "type": "Point", "coordinates": [ -117.41601, 33.99958 ] } },
{ "type": "Feature", "properties": { "state_code": "06", "county_code": "027", "site_number": "1003", "parameter_code": "88101", "poc": 3, "parameter_name": "PM2.5 - Local Conditions", "open_date": "2009-09-10T00:00:00", "close_date": null, "concurred_exclusions": null, "dominant_source": null, "measurement_scale": "NEIGHBORHOOD", "measurement_scale_def": "500 M TO 4KM", "monitoring_objective": "POPULATION EXPOSURE", "last_method_code": "181", "last_method_description": "Thermo Scientific TEOM 1400 FDMS or 1405 8500C FDMS w/VSCC - FDMS Gravimetric", "last_method_begin_date": "2009-09-10", "naaqs_primary_monitor": "Y", "qa_primary_monitor": "Y", "monitor_type": "SLAMS", "networks": null, "monitoring_agency_code": "0458", "monitoring_agency": "Great Basin Unified APCD", "si_id": 996, "latitude": 36.487823, "longitude": -117.871036, "datum": "WGS84", "lat_lon_accuracy": 1.0, "elevation": 1097.0, "probe_height": 2.0, "pl_probe_location": "TOP OF BUILDING", "local_site_name": "Keeler", "address": "KEELER, 190 Cerro Gordo Road", "state_name": "California", "county_name": "Inyo", "city_name": "Keeler", "cbsa_code": "13860", "cbsa_name": "Bishop, CA", "csa_code": null, "csa_name": null, "tribal_code": null, "tribe_name": null, "index_right": 30.0, "CSAFP": null, "CBSAFP": "13860", "GEOIDFQ": "310M700US13860", "GEOID": "13860", "NAME": "Bishop, CA", "NAMELSAD": "Bishop, CA Micro Area", "LSAD": "M2", "ALAND": 26410783052.0, "AWATER": 77280938.0 }, "geometry": { "type": "Point", "coordinates": [ -117.871036, 36.487823 ] } },
{ "type": "Feature", "properties": { "state_code": "06", "county_code": "085", "site_number": "0002", "parameter_code": "88101", "poc": 3, "parameter_name": "PM2.5 - Local Conditions", "open_date": "2009-10-31T00:00:00", "close_date": null, "concurred_exclusions": null, "dominant_source": "AREA", "measurement_scale": "NEIGHBORHOOD", "measurement_scale_def": "500 M TO 4KM", "monitoring_objective": "POPULATION EXPOSURE; REGIONAL TRANSPORT", "last_method_code": "170", "last_method_description": "Met One BAM-1020 Mass Monitor w/VSCC - Beta Attenuation", "last_method_begin_date": "2009-10-31", "naaqs_primary_monitor": "Y", "qa_primary_monitor": null, "monitor_type": "SLAMS", "networks": null, "monitoring_agency_code": "0086", "monitoring_agency": "Bay Area Air Quality Management District", "si_id": 1479, "latitude": 36.999571, "longitude": -121.574684, "datum": "WGS84", "lat_lon_accuracy": 4.0, "elevation": 63.0, "probe_height": 3.0, "pl_probe_location": "GROUND LEVEL SUPPORT", "local_site_name": "Gilroy", "address": "9TH & PRINCEVILLE", "state_name": "California", "county_name": "Santa Clara", "city_name": "Gilroy", "cbsa_code": "41940", "cbsa_name": "San Jose-Sunnyvale-Santa Clara, CA", "csa_code": "488", "csa_name": "San Jose-San Francisco-Oakland, CA", "tribal_code": null, "tribe_name": null, "index_right": 26.0, "CSAFP": "488", "CBSAFP": "41940", "GEOIDFQ": "310M700US41940", "GEOID": "41940", "NAME": "San Jose-Sunnyvale-Santa Clara, CA", "NAMELSAD": "San Jose-Sunnyvale-Santa Clara, CA Metro Area", "LSAD": "M1", "ALAND": 6940482586.0, "AWATER": 38316367.0 }, "geometry": { "type": "Point", "coordinates": [ -121.574684, 36.999571 ] } },
{ "type": "Feature", "properties": { "state_code": "06", "county_code": "019", "site_number": "2009", "parameter_code": "88101", "poc": 3, "parameter_name": "PM2.5 - Local Conditions", "open_date": "2009-10-30T00:00:00", "close_date": null, "concurred_exclusions": null, "dominant_source": "AREA", "measurement_scale": "URBAN SCALE", "measurement_scale_def": "4 KM TO 50 KM", "monitoring_objective": "GENERAL/BACKGROUND", "last_method_code": "170", "last_method_description": "Met One BAM-1020 Mass Monitor w/VSCC - Beta Attenuation", "last_method_begin_date": "2009-10-30", "naaqs_primary_monitor": "Y", "qa_primary_monitor": null, "monitor_type": "SLAMS", "networks": null, "monitoring_agency_code": "0945", "monitoring_agency": "San Joaquin Valley Unified Air Pollution Control District", "si_id": 95489, "latitude": 36.634225, "longitude": -120.382331, "datum": "WGS84", "lat_lon_accuracy": 5.0, "elevation": 58.83, "probe_height": 4.66, "pl_probe_location": "TOP OF BUILDING", "local_site_name": "Tranquillity", "address": "32650 West Adams Avenue Tranquillity CA 93668", "state_name": "California", "county_name": "Fresno", "city_name": "Not in a City", "cbsa_code": "23420", "cbsa_name": "Fresno, CA", "csa_code": "260", "csa_name": "Fresno-Madera, CA", "tribal_code": null, "tribe_name": null, "index_right": 7.0, "CSAFP": "260", "CBSAFP": "23420", "GEOIDFQ": "310M700US23420", "GEOID": "23420", "NAME": "Fresno, CA", "NAMELSAD": "Fresno, CA Metro Area", "LSAD": "M1", "ALAND": 20966706477.0, "AWATER": 178903286.0 }, "geometry": { "type": "Point", "coordinates": [ -120.382331, 36.634225 ] } },
{ "type": "Feature", "properties": { "state_code": "06", "county_code": "047", "site_number": "0003", "parameter_code": "88101", "poc": 3, "parameter_name": "PM2.5 - Local Conditions", "open_date": "2009-10-19T00:00:00", "close_date": "2023-12-31T00:00:00", "concurred_exclusions": null, "dominant_source": "AREA", "measurement_scale": "NEIGHBORHOOD", "measurement_scale_def": "500 M TO 4KM", "monitoring_objective": "POPULATION EXPOSURE", "last_method_code": "170", "last_method_description": "Met One BAM-1020 Mass Monitor w/VSCC - Beta Attenuation", "last_method_begin_date": "2009-10-19", "naaqs_primary_monitor": null, "qa_primary_monitor": null, "monitor_type": null, "networks": null, "monitoring_agency_code": "0945", "monitoring_agency": "San Joaquin Valley Unified Air Pollution Control District", "si_id": 1151, "latitude": 37.281853, "longitude": -120.433671, "datum": "NAD83", "lat_lon_accuracy": 1.52, "elevation": 86.0, "probe_height": 5.0, "pl_probe_location": "TOP OF BUILDING", "local_site_name": "Merced-Coffee", "address": "385 S. COFFEE AVENUE, MERCED, CA 95340", "state_name": "California", "county_name": "Merced", "city_name": "Not in a City", "cbsa_code": "32900", "cbsa_name": "Merced, CA", "csa_code": "382", "csa_name": "Modesto-Merced, CA", "tribal_code": null, "tribe_name": null, "index_right": 24.0, "CSAFP": "488", "CBSAFP": "32900", "GEOIDFQ": "310M700US32900", "GEOID": "32900", "NAME": "Merced, CA", "NAMELSAD": "Merced, CA Metro Area", "LSAD": "M1", "ALAND": 5019407136.0, "AWATER": 105277636.0 }, "geometry": { "type": "Point", "coordinates": [ -120.433671, 37.281853 ] } },
{ "type": "Feature", "properties": { "state_code": "06", "county_code": "095", "site_number": "0004", "parameter_code": "88101", "poc": 3, "parameter_name": "PM2.5 - Local Conditions", "open_date": "2011-01-01T00:00:00", "close_date": null, "concurred_exclusions": null, "dominant_source": "AREA", "measurement_scale": "NEIGHBORHOOD", "measurement_scale_def": "500 M TO 4KM", "monitoring_objective": "HIGHEST CONCENTRATION; POPULATION EXPOSURE; REGIONAL TRANSPORT", "last_method_code": "170", "last_method_description": "Met One BAM-1020 Mass Monitor w/VSCC - Beta Attenuation", "last_method_begin_date": "2011-01-01", "naaqs_primary_monitor": "Y", "qa_primary_monitor": "Y", "monitor_type": "SLAMS", "networks": null, "monitoring_agency_code": "0086", "monitoring_agency": "Bay Area Air Quality Management District", "si_id": 1532, "latitude": 38.102507, "longitude": -122.237976, "datum": "WGS84", "lat_lon_accuracy": 0.0, "elevation": 6.0, "probe_height": 5.8, "pl_probe_location": "TOP OF BUILDING", "local_site_name": "Vallejo", "address": "304 TUOLUMNE ST.", "state_name": "California", "county_name": "Solano", "city_name": "Vallejo", "cbsa_code": "46700", "cbsa_name": "Vallejo-Fairfield, CA", "csa_code": "488", "csa_name": "San Jose-San Francisco-Oakland, CA", "tribal_code": null, "tribe_name": null, "index_right": 20.0, "CSAFP": "488", "CBSAFP": "46700", "GEOIDFQ": "310M700US46700", "GEOID": "46700", "NAME": "Vallejo, CA", "NAMELSAD": "Vallejo, CA Metro Area", "LSAD": "M1", "ALAND": 2128287413.0, "AWATER": 218614922.0 }, "geometry": { "type": "Point", "coordinates": [ -122.237976, 38.102507 ] } },
{ "type": "Feature", "properties": { "state_code": "06", "county_code": "065", "site_number": "8005", "parameter_code": "88101", "poc": 2, "parameter_name": "PM2.5 - Local Conditions", "open_date": "2012-04-03T00:00:00", "close_date": null, "concurred_exclusions": null, "dominant_source": null, "measurement_scale": "NEIGHBORHOOD", "measurement_scale_def": "500 M TO 4KM", "monitoring_objective": "HIGHEST CONCENTRATION", "last_method_code": "145", "last_method_description": "R & P Model 2025 PM-2.5 Sequential Air Sampler w/VSCC - Gravimetric", "last_method_begin_date": "2017-02-02", "naaqs_primary_monitor": null, "qa_primary_monitor": null, "monitor_type": "SLAMS", "networks": null, "monitoring_agency_code": "0972", "monitoring_agency": "South Coast Air Quality Management District", "si_id": 92995, "latitude": 33.99636, "longitude": -117.4924, "datum": "NAD83", "lat_lon_accuracy": 1.0, "elevation": 250.0, "probe_height": null, "pl_probe_location": null, "local_site_name": "Mira Loma (Van Buren)", "address": "5130 POINSETTIA PLACE", "state_name": "California", "county_name": "Riverside", "city_name": "Mira Loma", "cbsa_code": "40140", "cbsa_name": "Riverside-San Bernardino-Ontario, CA", "csa_code": "348", "csa_name": "Los Angeles-Long Beach, CA", "tribal_code": null, "tribe_name": null, "index_right": 21.0, "CSAFP": "348", "CBSAFP": "40140", "GEOIDFQ": "310M700US40140", "GEOID": "40140", "NAME": "Riverside-San Bernardino-Ontario, CA", "NAMELSAD": "Riverside-San Bernardino-Ontario, CA Metro Area", "LSAD": "M1", "ALAND": 70648193821.0, "AWATER": 339279578.0 }, "geometry": { "type": "Point", "coordinates": [ -117.4924, 33.99636 ] } },
{ "type": "Feature", "properties": { "state_code": "06", "county_code": "073", "site_number": "1016", "parameter_code": "88101", "poc": 2, "parameter_name": "PM2.5 - Local Conditions", "open_date": "2012-02-18T00:00:00", "close_date": "2023-06-30T00:00:00", "concurred_exclusions": null, "dominant_source": "POINT", "measurement_scale": "NEIGHBORHOOD", "measurement_scale_def": "500 M TO 4KM", "monitoring_objective": "GENERAL/BACKGROUND", "last_method_code": "545", "last_method_description": "Met One E-SEQ-FRM PM2.5 with VSCC - Gravimetric", "last_method_begin_date": "2019-09-10", "naaqs_primary_monitor": null, "qa_primary_monitor": null, "monitor_type": null, "networks": null, "monitoring_agency_code": "0942", "monitoring_agency": "San Diego County Air Pollution Control District", "si_id": 95699, "latitude": 32.845709, "longitude": -117.123964, "datum": "NAD83", "lat_lon_accuracy": 1.0, "elevation": 134.0, "probe_height": 6.0, "pl_probe_location": "TOP OF BUILDING", "local_site_name": "San Diego - Kearny Villa Rd.", "address": "6125A KEARNY VILLA RD., SAN DIEGO", "state_name": "California", "county_name": "San Diego", "city_name": "San Diego", "cbsa_code": "41740", "cbsa_name": "San Diego-Carlsbad, CA", "csa_code": null, "csa_name": null, "tribal_code": null, "tribe_name": null, "index_right": 19.0, "CSAFP": null, "CBSAFP": "41740", "GEOIDFQ": "310M700US41740", "GEOID": "41740", "NAME": "San Diego-Chula Vista-Carlsbad, CA", "NAMELSAD": "San Diego-Chula Vista-Carlsbad, CA Metro Area", "LSAD": "M1", "ALAND": 10905046431.0, "AWATER": 816535836.0 }, "geometry": { "type": "Point", "coordinates": [ -117.123964, 32.845709 ] } },
{ "type": "Feature", "properties": { "state_code": "06", "county_code": "095", "site_number": "0004", "parameter_code": "88101", "poc": 4, "parameter_name": "PM2.5 - Local Conditions", "open_date": "2013-01-01T00:00:00", "close_date": null, "concurred_exclusions": null, "dominant_source": "AREA", "measurement_scale": "NEIGHBORHOOD", "measurement_scale_def": "500 M TO 4KM", "monitoring_objective": "QUALITY ASSURANCE", "last_method_code": "170", "last_method_description": "Met One BAM-1020 Mass Monitor w/VSCC - Beta Attenuation", "last_method_begin_date": "2013-01-01", "naaqs_primary_monitor": null, "qa_primary_monitor": null, "monitor_type": "SLAMS", "networks": null, "monitoring_agency_code": "0086", "monitoring_agency": "Bay Area Air Quality Management District", "si_id": 1532, "latitude": 38.102507, "longitude": -122.237976, "datum": "WGS84", "lat_lon_accuracy": 0.0, "elevation": 6.0, "probe_height": 5.8, "pl_probe_location": "TOP OF BUILDING", "local_site_name": "Vallejo", "address": "304 TUOLUMNE ST.", "state_name": "California", "county_name": "Solano", "city_name": "Vallejo", "cbsa_code": "46700", "cbsa_name": "Vallejo-Fairfield, CA", "csa_code": "488", "csa_name": "San Jose-San Francisco-Oakland, CA", "tribal_code": null, "tribe_name": null, "index_right": 20.0, "CSAFP": "488", "CBSAFP": "46700", "GEOIDFQ": "310M700US46700", "GEOID": "46700", "NAME": "Vallejo, CA", "NAMELSAD": "Vallejo, CA Metro Area", "LSAD": "M1", "ALAND": 2128287413.0, "AWATER": 218614922.0 }, "geometry": { "type": "Point", "coordinates": [ -122.237976, 38.102507 ] } },
{ "type": "Feature", "properties": { "state_code": "06", "county_code": "013", "site_number": "0002", "parameter_code": "88101", "poc": 3, "parameter_name": "PM2.5 - Local Conditions", "open_date": "2013-01-01T00:00:00", "close_date": null, "concurred_exclusions": null, "dominant_source": "AREA", "measurement_scale": "NEIGHBORHOOD", "measurement_scale_def": "500 M TO 4KM", "monitoring_objective": "POPULATION EXPOSURE", "last_method_code": "170", "last_method_description": "Met One BAM-1020 Mass Monitor w/VSCC - Beta Attenuation", "last_method_begin_date": "2013-01-01", "naaqs_primary_monitor": "Y", "qa_primary_monitor": "Y", "monitor_type": "SLAMS", "networks": null, "monitoring_agency_code": "0086", "monitoring_agency": "Bay Area Air Quality Management District", "si_id": 890, "latitude": 37.936013, "longitude": -122.026154, "datum": "WGS84", "lat_lon_accuracy": 13.0, "elevation": 26.0, "probe_height": 6.0, "pl_probe_location": "TOP OF BUILDING", "local_site_name": "Concord", "address": "2956-A TREAT BOULEVARD", "state_name": "California", "county_name": "Contra Costa", "city_name": "Concord", "cbsa_code": "41860", "cbsa_name": "San Francisco-Oakland-Hayward, CA", "csa_code": "488", "csa_name": "San Jose-San Francisco-Oakland, CA", "tribal_code": null, "tribe_name": null, "index_right": 13.0, "CSAFP": "488", "CBSAFP": "41860", "GEOIDFQ": "310M700US41860", "GEOID": "41860", "NAME": "San Francisco-Oakland-Fremont, CA", "NAMELSAD": "San Francisco-Oakland-Fremont, CA Metro Area", "LSAD": "M1", "ALAND": 6396759028.0, "AWATER": 2476945717.0 }, "geometry": { "type": "Point", "coordinates": [ -122.026154, 37.936013 ] } },
{ "type": "Feature", "properties": { "state_code": "06", "county_code": "083", "site_number": "2011", "parameter_code": "88101", "poc": 1, "parameter_name": "PM2.5 - Local Conditions", "open_date": "2014-01-01T00:00:00", "close_date": null, "concurred_exclusions": null, "dominant_source": "AREA", "measurement_scale": "URBAN SCALE", "measurement_scale_def": "4 KM TO 50 KM", "monitoring_objective": "POPULATION EXPOSURE", "last_method_code": "170", "last_method_description": "Met One BAM-1020 Mass Monitor w/VSCC - Beta Attenuation", "last_method_begin_date": "2014-01-01", "naaqs_primary_monitor": "Y", "qa_primary_monitor": null, "monitor_type": "SLAMS", "networks": null, "monitoring_agency_code": "0948", "monitoring_agency": "Santa Barbara County APCD", "si_id": 1468, "latitude": 34.44551, "longitude": -119.8284, "datum": "WGS84", "lat_lon_accuracy": 15.0, "elevation": 14.0, "probe_height": 3.0, "pl_probe_location": "TOP OF BUILDING", "local_site_name": "Goleta", "address": "380 N FAIRVIEW AVENUE, GOLETA", "state_name": "California", "county_name": "Santa Barbara", "city_name": "Goleta", "cbsa_code": "42200", "cbsa_name": "Santa Maria-Santa Barbara, CA", "csa_code": null, "csa_name": null, "tribal_code": null, "tribe_name": null, "index_right": 28.0, "CSAFP": null, "CBSAFP": "42200", "GEOIDFQ": "310M700US42200", "GEOID": "42200", "NAME": "Santa Maria-Santa Barbara, CA", "NAMELSAD": "Santa Maria-Santa Barbara, CA Metro Area", "LSAD": "M1", "ALAND": 7080874935.0, "AWATER": 2729198796.0 }, "geometry": { "type": "Point", "coordinates": [ -119.8284, 34.44551 ] } },
{ "type": "Feature", "properties": { "state_code": "06", "county_code": "027", "site_number": "0002", "parameter_code": "88101", "poc": 1, "parameter_name": "PM2.5 - Local Conditions", "open_date": "2015-04-01T00:00:00", "close_date": null, "concurred_exclusions": "All (2017-10-01 - 2023-07-09)", "dominant_source": null, "measurement_scale": "REGIONAL SCALE", "measurement_scale_def": "50 TO HUNDREDS KM", "monitoring_objective": "GENERAL/BACKGROUND", "last_method_code": "638", "last_method_description": "Teledyne T640X at 16.67 LPM w/Network Data Alignment enabled - Broadband spectroscopy", "last_method_begin_date": "2023-07-10", "naaqs_primary_monitor": "Y", "qa_primary_monitor": "Y", "monitor_type": "SLAMS", "networks": "NCORE", "monitoring_agency_code": "0458", "monitoring_agency": "Great Basin Unified APCD", "si_id": 971, "latitude": 37.360684, "longitude": -118.330783, "datum": "WGS84", "lat_lon_accuracy": 0.0, "elevation": 1257.0, "probe_height": 3.0, "pl_probe_location": null, "local_site_name": "WMRC/NCORE", "address": "WMRC/NCORE, 3000 E. LINE ST., BISHOP, CA. 93514", "state_name": "California", "county_name": "Inyo", "city_name": "Not in a City", "cbsa_code": "13860", "cbsa_name": "Bishop, CA", "csa_code": null, "csa_name": null, "tribal_code": null, "tribe_name": null, "index_right": 30.0, "CSAFP": null, "CBSAFP": "13860", "GEOIDFQ": "310M700US13860", "GEOID": "13860", "NAME": "Bishop, CA", "NAMELSAD": "Bishop, CA Micro Area", "LSAD": "M2", "ALAND": 26410783052.0, "AWATER": 77280938.0 }, "geometry": { "type": "Point", "coordinates": [ -118.330783, 37.360684 ] } },
{ "type": "Feature", "properties": { "state_code": "06", "county_code": "019", "site_number": "0500", "parameter_code": "88101", "poc": 1, "parameter_name": "PM2.5 - Local Conditions", "open_date": "2016-01-26T00:00:00", "close_date": null, "concurred_exclusions": "All (2016-01-26 - Present)", "dominant_source": "MOBILE", "measurement_scale": "URBAN SCALE", "measurement_scale_def": "4 KM TO 50 KM", "monitoring_objective": "POPULATION EXPOSURE", "last_method_code": "170", "last_method_description": "Met One BAM-1020 Mass Monitor w/VSCC - Beta Attenuation", "last_method_begin_date": "2016-01-26", "naaqs_primary_monitor": "Y", "qa_primary_monitor": "Y", "monitor_type": "TRIBAL", "networks": null, "monitoring_agency_code": "551", "monitoring_agency": "Table Mountain Rancheria", "si_id": 100184, "latitude": 36.985119, "longitude": -119.658339, "datum": "WGS84", "lat_lon_accuracy": 40.0, "elevation": 207.0, "probe_height": 5.1, "pl_probe_location": "TOP OF BUILDING", "local_site_name": "Table Mountain Air Monitoring Site", "address": "Milerton Road and Winchell Cove Road", "state_name": "California", "county_name": "Fresno", "city_name": "Not in a City", "cbsa_code": "23420", "cbsa_name": "Fresno, CA", "csa_code": "260", "csa_name": "Fresno-Madera, CA", "tribal_code": "551", "tribe_name": "Table Mountain Rancheria", "index_right": 7.0, "CSAFP": "260", "CBSAFP": "23420", "GEOIDFQ": "310M700US23420", "GEOID": "23420", "NAME": "Fresno, CA", "NAMELSAD": "Fresno, CA Metro Area", "LSAD": "M1", "ALAND": 20966706477.0, "AWATER": 178903286.0 }, "geometry": { "type": "Point", "coordinates": [ -119.658339, 36.985119 ] } },
{ "type": "Feature", "properties": { "state_code": "06", "county_code": "037", "site_number": "1602", "parameter_code": "88101", "poc": 2, "parameter_name": "PM2.5 - Local Conditions", "open_date": "2017-05-01T00:00:00", "close_date": "2022-01-17T00:00:00", "concurred_exclusions": null, "dominant_source": null, "measurement_scale": "NEIGHBORHOOD", "measurement_scale_def": "500 M TO 4KM", "monitoring_objective": "POPULATION EXPOSURE", "last_method_code": "143", "last_method_description": "R & P Model 2000 PM-2.5 Air Sampler w/VSCC - Gravimetric", "last_method_begin_date": "2017-05-01", "naaqs_primary_monitor": null, "qa_primary_monitor": null, "monitor_type": null, "networks": null, "monitoring_agency_code": "0972", "monitoring_agency": "South Coast Air Quality Management District", "si_id": 92493, "latitude": 34.01029, "longitude": -118.0685, "datum": "NAD83", "lat_lon_accuracy": 1.0, "elevation": 75.0, "probe_height": null, "pl_probe_location": null, "local_site_name": "Pico Rivera #2", "address": "4144 SAN GABRIEL RIVER PKWY, PICO RIVERA", "state_name": "California", "county_name": "Los Angeles", "city_name": "Pico Rivera", "cbsa_code": "31080", "cbsa_name": "Los Angeles-Long Beach-Anaheim, CA", "csa_code": "348", "csa_name": "Los Angeles-Long Beach, CA", "tribal_code": null, "tribe_name": null, "index_right": 18.0, "CSAFP": "348", "CBSAFP": "31080", "GEOIDFQ": "310M700US31080", "GEOID": "31080", "NAME": "Los Angeles-Long Beach-Anaheim, CA", "NAMELSAD": "Los Angeles-Long Beach-Anaheim, CA Metro Area", "LSAD": "M1", "ALAND": 12569524354.0, "AWATER": 2191222299.0 }, "geometry": { "type": "Point", "coordinates": [ -118.0685, 34.01029 ] } },
{ "type": "Feature", "properties": { "state_code": "06", "county_code": "033", "site_number": "3002", "parameter_code": "88101", "poc": 1, "parameter_name": "PM2.5 - Local Conditions", "open_date": "2017-07-01T00:00:00", "close_date": null, "concurred_exclusions": null, "dominant_source": null, "measurement_scale": null, "measurement_scale_def": null, "monitoring_objective": "POPULATION EXPOSURE", "last_method_code": "143", "last_method_description": "R & P Model 2000 PM-2.5 Air Sampler w/VSCC - Gravimetric", "last_method_begin_date": "2017-07-01", "naaqs_primary_monitor": "Y", "qa_primary_monitor": null, "monitor_type": "SLAMS", "networks": null, "monitoring_agency_code": "0145", "monitoring_agency": "California Air Resources Board", "si_id": 104019, "latitude": 39.01893, "longitude": -122.91333, "datum": "NAD83", "lat_lon_accuracy": 1.0, "elevation": 409.0, "probe_height": null, "pl_probe_location": null, "local_site_name": "Lakeport-S. Main Street", "address": "2617 S. Main Street, Lakeport, CA 95453", "state_name": "California", "county_name": "Lake", "city_name": "Lakeport", "cbsa_code": "17340", "cbsa_name": "Clearlake, CA", "csa_code": null, "csa_name": null, "tribal_code": null, "tribe_name": null, "index_right": 5.0, "CSAFP": null, "CBSAFP": "17340", "GEOIDFQ": "310M700US17340", "GEOID": "17340", "NAME": "Clearlake, CA", "NAMELSAD": "Clearlake, CA Micro Area", "LSAD": "M2", "ALAND": 3250693464.0, "AWATER": 189054363.0 }, "geometry": { "type": "Point", "coordinates": [ -122.91333, 39.01893 ] } },
{ "type": "Feature", "properties": { "state_code": "06", "county_code": "057", "site_number": "0005", "parameter_code": "88101", "poc": 3, "parameter_name": "PM2.5 - Local Conditions", "open_date": "2017-12-06T00:00:00", "close_date": null, "concurred_exclusions": null, "dominant_source": null, "measurement_scale": "NEIGHBORHOOD", "measurement_scale_def": "500 M TO 4KM", "monitoring_objective": "POPULATION EXPOSURE", "last_method_code": "209", "last_method_description": "Met One BAM-1022 Mass Monitor w/ VSCC or TE-PM2.5C - Beta Attenuation", "last_method_begin_date": "2022-06-01", "naaqs_primary_monitor": "Y", "qa_primary_monitor": "Y", "monitor_type": "SLAMS", "networks": null, "monitoring_agency_code": "0790", "monitoring_agency": "Northern Sierra AQMD", "si_id": 1196, "latitude": 39.233477, "longitude": -121.055608, "datum": "NAD83", "lat_lon_accuracy": 151.82, "elevation": 853.0, "probe_height": 3.0, "pl_probe_location": null, "local_site_name": "Grass Valley-Litton Building", "address": "200 LITTON DR.,  GRASS VALLEY, CA", "state_name": "California", "county_name": "Nevada", "city_name": "Grass Valley", "cbsa_code": "46020", "cbsa_name": "Truckee-Grass Valley, CA", "csa_code": "472", "csa_name": "Sacramento-Roseville, CA", "tribal_code": null, "tribe_name": null, "index_right": 8.0, "CSAFP": "472", "CBSAFP": "46020", "GEOIDFQ": "310M700US46020", "GEOID": "46020", "NAME": "Truckee-Grass Valley, CA", "NAMELSAD": "Truckee-Grass Valley, CA Micro Area", "LSAD": "M2", "ALAND": 2480587300.0, "AWATER": 41531993.0 }, "geometry": { "type": "Point", "coordinates": [ -121.055608, 39.233477 ] } },
{ "type": "Feature", "properties": { "state_code": "06", "county_code": "037", "site_number": "0002", "parameter_code": "88101", "poc": 21, "parameter_name": "PM2.5 - Local Conditions", "open_date": "2018-01-02T00:00:00", "close_date": "2022-01-20T00:00:00", "concurred_exclusions": null, "dominant_source": null, "measurement_scale": "NEIGHBORHOOD", "measurement_scale_def": "500 M TO 4KM", "monitoring_objective": "POPULATION EXPOSURE", "last_method_code": "143", "last_method_description": "R & P Model 2000 PM-2.5 Air Sampler w/VSCC - Gravimetric", "last_method_begin_date": "2018-01-02", "naaqs_primary_monitor": null, "qa_primary_monitor": null, "monitor_type": null, "networks": null, "monitoring_agency_code": "0972", "monitoring_agency": "South Coast Air Quality Management District", "si_id": 1053, "latitude": 34.1365, "longitude": -117.92391, "datum": "WGS84", "lat_lon_accuracy": 0.0, "elevation": 183.0, "probe_height": null, "pl_probe_location": null, "local_site_name": "Azusa", "address": "803 N. LOREN AVE., AZUSA", "state_name": "California", "county_name": "Los Angeles", "city_name": "Azusa", "cbsa_code": "31080", "cbsa_name": "Los Angeles-Long Beach-Anaheim, CA", "csa_code": "348", "csa_name": "Los Angeles-Long Beach, CA", "tribal_code": null, "tribe_name": null, "index_right": 18.0, "CSAFP": "348", "CBSAFP": "31080", "GEOIDFQ": "310M700US31080", "GEOID": "31080", "NAME": "Los Angeles-Long Beach-Anaheim, CA", "NAMELSAD": "Los Angeles-Long Beach-Anaheim, CA Metro Area", "LSAD": "M1", "ALAND": 12569524354.0, "AWATER": 2191222299.0 }, "geometry": { "type": "Point", "coordinates": [ -117.92391, 34.1365 ] } },
{ "type": "Feature", "properties": { "state_code": "06", "county_code": "051", "site_number": "0001", "parameter_code": "88101", "poc": 6, "parameter_name": "PM2.5 - Local Conditions", "open_date": "2018-09-21T00:00:00", "close_date": "2022-04-15T00:00:00", "concurred_exclusions": "All (2018-09-21 - 2022-04-15)", "dominant_source": null, "measurement_scale": "NEIGHBORHOOD", "measurement_scale_def": "500 M TO 4KM", "monitoring_objective": "POPULATION EXPOSURE", "last_method_code": "238", "last_method_description": "Teledyne T640X at 16.67 LPM - Broadband spectroscopy", "last_method_begin_date": "2018-09-21", "naaqs_primary_monitor": null, "qa_primary_monitor": null, "monitor_type": null, "networks": null, "monitoring_agency_code": "0458", "monitoring_agency": "Great Basin Unified APCD", "si_id": 1163, "latitude": 37.64571, "longitude": -118.96652, "datum": "WGS84", "lat_lon_accuracy": 1.0, "elevation": 2395.0, "probe_height": 3.0, "pl_probe_location": null, "local_site_name": "Mammoth Lakes", "address": "MAMMOTH, Corner of Old Mammoth Road and HWY 203,  MAMMOTH LAKES", "state_name": "California", "county_name": "Mono", "city_name": "Mammoth Lakes", "cbsa_code": null, "cbsa_name": null, "csa_code": null, "csa_name": null, "tribal_code": null, "tribe_name": null, "index_right": null, "CSAFP": null, "CBSAFP": null, "GEOIDFQ": null, "GEOID": null, "NAME": null, "NAMELSAD": null, "LSAD": null, "ALAND": null, "AWATER": null }, "geometry": { "type": "Point", "coordinates": [ -118.96652, 37.64571 ] } },
{ "type": "Feature", "properties": { "state_code": "06", "county_code": "065", "site_number": "0500", "parameter_code": "88101", "poc": 1, "parameter_name": "PM2.5 - Local Conditions", "open_date": "2019-03-01T00:00:00", "close_date": null, "concurred_exclusions": "All (2019-03-01 - Present)", "dominant_source": "AREA", "measurement_scale": "NEIGHBORHOOD", "measurement_scale_def": "500 M TO 4KM", "monitoring_objective": "POPULATION EXPOSURE", "last_method_code": "238", "last_method_description": "Teledyne T640X at 16.67 LPM - Broadband spectroscopy", "last_method_begin_date": "2019-03-01", "naaqs_primary_monitor": null, "qa_primary_monitor": null, "monitor_type": "TRIBAL", "networks": null, "monitoring_agency_code": "598", "monitoring_agency": "Twenty-Nine Palms Band of Mission Indians", "si_id": 104498, "latitude": 33.71969, "longitude": -116.1897, "datum": "NAD83", "lat_lon_accuracy": 3.0, "elevation": -8.0, "probe_height": 5.2, "pl_probe_location": "TOP OF BUILDING", "local_site_name": "29 Palms", "address": "84245 Vista Del Norte, Indio, CA   92203", "state_name": "California", "county_name": "Riverside", "city_name": "Indio", "cbsa_code": "40140", "cbsa_name": "Riverside-San Bernardino-Ontario, CA", "csa_code": "348", "csa_name": "Los Angeles-Long Beach, CA", "tribal_code": "598", "tribe_name": "Twenty-Nine Palms Band of Mission Indians", "index_right": 21.0, "CSAFP": "348", "CBSAFP": "40140", "GEOIDFQ": "310M700US40140", "GEOID": "40140", "NAME": "Riverside-San Bernardino-Ontario, CA", "NAMELSAD": "Riverside-San Bernardino-Ontario, CA Metro Area", "LSAD": "M1", "ALAND": 70648193821.0, "AWATER": 339279578.0 }, "geometry": { "type": "Point", "coordinates": [ -116.1897, 33.71969 ] } },
{ "type": "Feature", "properties": { "state_code": "06", "county_code": "065", "site_number": "0500", "parameter_code": "88101", "poc": 2, "parameter_name": "PM2.5 - Local Conditions", "open_date": "2020-08-01T00:00:00", "close_date": null, "concurred_exclusions": "All (2020-08-01 - Present)", "dominant_source": "AREA", "measurement_scale": "NEIGHBORHOOD", "measurement_scale_def": "500 M TO 4KM", "monitoring_objective": "POPULATION EXPOSURE", "last_method_code": "521", "last_method_description": "Met One E-FRM PM2.5 with VSCC - Gravimetric", "last_method_begin_date": "2020-08-01", "naaqs_primary_monitor": null, "qa_primary_monitor": null, "monitor_type": "TRIBAL", "networks": null, "monitoring_agency_code": "598", "monitoring_agency": "Twenty-Nine Palms Band of Mission Indians", "si_id": 104498, "latitude": 33.71969, "longitude": -116.1897, "datum": "NAD83", "lat_lon_accuracy": 3.0, "elevation": -8.0, "probe_height": 5.2, "pl_probe_location": "TOP OF BUILDING", "local_site_name": "29 Palms", "address": "84245 Vista Del Norte, Indio, CA   92203", "state_name": "California", "county_name": "Riverside", "city_name": "Indio", "cbsa_code": "40140", "cbsa_name": "Riverside-San Bernardino-Ontario, CA", "csa_code": "348", "csa_name": "Los Angeles-Long Beach, CA", "tribal_code": "598", "tribe_name": "Twenty-Nine Palms Band of Mission Indians", "index_right": 21.0, "CSAFP": "348", "CBSAFP": "40140", "GEOIDFQ": "310M700US40140", "GEOID": "40140", "NAME": "Riverside-San Bernardino-Ontario, CA", "NAMELSAD": "Riverside-San Bernardino-Ontario, CA Metro Area", "LSAD": "M1", "ALAND": 70648193821.0, "AWATER": 339279578.0 }, "geometry": { "type": "Point", "coordinates": [ -116.1897, 33.71969 ] } },
{ "type": "Feature", "properties": { "state_code": "06", "county_code": "079", "site_number": "2020", "parameter_code": "88101", "poc": 1, "parameter_name": "PM2.5 - Local Conditions", "open_date": "2021-01-01T00:00:00", "close_date": null, "concurred_exclusions": null, "dominant_source": null, "measurement_scale": "URBAN SCALE", "measurement_scale_def": "4 KM TO 50 KM", "monitoring_objective": "GENERAL/BACKGROUND; POPULATION EXPOSURE", "last_method_code": "170", "last_method_description": "Met One BAM-1020 Mass Monitor w/VSCC - Beta Attenuation", "last_method_begin_date": "2021-01-01", "naaqs_primary_monitor": "Y", "qa_primary_monitor": null, "monitor_type": "SLAMS", "networks": null, "monitoring_agency_code": "0946", "monitoring_agency": "San Luis Obispo County APCD", "si_id": 104767, "latitude": 35.259502, "longitude": -120.64472, "datum": "WGS84", "lat_lon_accuracy": 30.0, "elevation": 65.5, "probe_height": 2.0, "pl_probe_location": "TOP OF BUILDING", "local_site_name": "SLO Roberto", "address": "3433 Roberto Ct.", "state_name": "California", "county_name": "San Luis Obispo", "city_name": "San Luis Obispo", "cbsa_code": "42020", "cbsa_name": "San Luis Obispo-Paso Robles-Arroyo Grande, CA", "csa_code": null, "csa_name": null, "tribal_code": null, "tribe_name": null, "index_right": 6.0, "CSAFP": null, "CBSAFP": "42020", "GEOIDFQ": "310M700US42020", "GEOID": "42020", "NAME": "San Luis Obispo-Paso Robles, CA", "NAMELSAD": "San Luis Obispo-Paso Robles, CA Metro Area", "LSAD": "M1", "ALAND": 8549140866.0, "AWATER": 815650229.0 }, "geometry": { "type": "Point", "coordinates": [ -120.64472, 35.259502 ] } },
{ "type": "Feature", "properties": { "state_code": "06", "county_code": "067", "site_number": "0015", "parameter_code": "88101", "poc": 3, "parameter_name": "PM2.5 - Local Conditions", "open_date": "2020-12-30T00:00:00", "close_date": null, "concurred_exclusions": null, "dominant_source": "MOBILE", "measurement_scale": "MICROSCALE", "measurement_scale_def": "0 M TO 100 M", "monitoring_objective": "SOURCE ORIENTED", "last_method_code": "170", "last_method_description": "Met One BAM-1020 Mass Monitor w/VSCC - Beta Attenuation", "last_method_begin_date": "2020-12-30", "naaqs_primary_monitor": "Y", "qa_primary_monitor": null, "monitor_type": "SLAMS", "networks": "NEAR ROAD", "monitoring_agency_code": "0936", "monitoring_agency": "Sacramento County APCD", "si_id": 100406, "latitude": 38.593322, "longitude": -121.503795, "datum": "WGS84", "lat_lon_accuracy": 1.0, "elevation": 12.8, "probe_height": null, "pl_probe_location": "TOP OF BUILDING", "local_site_name": "Sacramento-Bercut Drive", "address": "100 Bercut Drive, Sacramento", "state_name": "California", "county_name": "Sacramento", "city_name": "Sacramento", "cbsa_code": "40900", "cbsa_name": "Sacramento--Roseville--Arden-Arcade, CA", "csa_code": "472", "csa_name": "Sacramento-Roseville, CA", "tribal_code": null, "tribe_name": null, "index_right": 11.0, "CSAFP": "472", "CBSAFP": "40900", "GEOIDFQ": "310M700US40900", "GEOID": "40900", "NAME": "Sacramento-Roseville-Folsom, CA", "NAMELSAD": "Sacramento-Roseville-Folsom, CA Metro Area", "LSAD": "M1", "ALAND": 13191282211.0, "AWATER": 548045435.0 }, "geometry": { "type": "Point", "coordinates": [ -121.503795, 38.593322 ] } },
{ "type": "Feature", "properties": { "state_code": "06", "county_code": "083", "site_number": "1009", "parameter_code": "88101", "poc": 1, "parameter_name": "PM2.5 - Local Conditions", "open_date": "2022-10-01T00:00:00", "close_date": null, "concurred_exclusions": null, "dominant_source": "AREA", "measurement_scale": "NEIGHBORHOOD", "measurement_scale_def": "500 M TO 4KM", "monitoring_objective": "POPULATION EXPOSURE", "last_method_code": "170", "last_method_description": "Met One BAM-1020 Mass Monitor w/VSCC - Beta Attenuation", "last_method_begin_date": "2022-10-01", "naaqs_primary_monitor": "Y", "qa_primary_monitor": null, "monitor_type": "SLAMS", "networks": null, "monitoring_agency_code": "0948", "monitoring_agency": "Santa Barbara County APCD", "si_id": 104832, "latitude": 34.890667, "longitude": -120.432844, "datum": "WGS84", "lat_lon_accuracy": 15.0, "elevation": 90.0, "probe_height": null, "pl_probe_location": "TOP OF BUILDING", "local_site_name": "Santa Maria", "address": "3700 Orcutt Rd. Santa Maria, CA 93455", "state_name": "California", "county_name": "Santa Barbara", "city_name": "Orcutt", "cbsa_code": "42200", "cbsa_name": "Santa Maria-Santa Barbara, CA", "csa_code": null, "csa_name": null, "tribal_code": null, "tribe_name": null, "index_right": 28.0, "CSAFP": null, "CBSAFP": "42200", "GEOIDFQ": "310M700US42200", "GEOID": "42200", "NAME": "Santa Maria-Santa Barbara, CA", "NAMELSAD": "Santa Maria-Santa Barbara, CA Metro Area", "LSAD": "M1", "ALAND": 7080874935.0, "AWATER": 2729198796.0 }, "geometry": { "type": "Point", "coordinates": [ -120.432844, 34.890667 ] } },
{ "type": "Feature", "properties": { "state_code": "06", "county_code": "025", "site_number": "0007", "parameter_code": "88101", "poc": 3, "parameter_name": "PM2.5 - Local Conditions", "open_date": "2021-06-23T00:00:00", "close_date": null, "concurred_exclusions": null, "dominant_source": null, "measurement_scale": "NEIGHBORHOOD", "measurement_scale_def": "500 M TO 4KM", "monitoring_objective": "POPULATION EXPOSURE", "last_method_code": "209", "last_method_description": "Met One BAM-1022 Mass Monitor w/ VSCC or TE-PM2.5C - Beta Attenuation", "last_method_begin_date": "2021-06-23", "naaqs_primary_monitor": "Y", "qa_primary_monitor": null, "monitor_type": "SLAMS", "networks": null, "monitoring_agency_code": "0518", "monitoring_agency": "Imperial County APCD", "si_id": 91801, "latitude": 32.97833, "longitude": -115.53917, "datum": "WGS84", "lat_lon_accuracy": 0.01, "elevation": 0.0, "probe_height": null, "pl_probe_location": null, "local_site_name": "Brawley-220 Main Street", "address": "220 MAIN ST., STE 204, BRAWLEY", "state_name": "California", "county_name": "Imperial", "city_name": "Brawley", "cbsa_code": "20940", "cbsa_name": "El Centro, CA", "csa_code": null, "csa_name": null, "tribal_code": null, "tribe_name": null, "index_right": 10.0, "CSAFP": null, "CBSAFP": "20940", "GEOIDFQ": "310M700US20940", "GEOID": "20940", "NAME": "El Centro, CA", "NAMELSAD": "El Centro, CA Metro Area", "LSAD": "M1", "ALAND": 10814568237.0, "AWATER": 790135127.0 }, "geometry": { "type": "Point", "coordinates": [ -115.53917, 32.97833 ] } },
{ "type": "Feature", "properties": { "state_code": "06", "county_code": "059", "site_number": "2022", "parameter_code": "88101", "poc": 3, "parameter_name": "PM2.5 - Local Conditions", "open_date": "2020-01-01T00:00:00", "close_date": null, "concurred_exclusions": null, "dominant_source": null, "measurement_scale": null, "measurement_scale_def": null, "monitoring_objective": "POPULATION EXPOSURE", "last_method_code": "170", "last_method_description": "Met One BAM-1020 Mass Monitor w/VSCC - Beta Attenuation", "last_method_begin_date": "2026-01-01", "naaqs_primary_monitor": null, "qa_primary_monitor": null, "monitor_type": "SPM", "networks": null, "monitoring_agency_code": "0972", "monitoring_agency": "South Coast Air Quality Management District", "si_id": 1212, "latitude": 33.63003, "longitude": -117.67593, "datum": "WGS84", "lat_lon_accuracy": 10930.56, "elevation": 161.0, "probe_height": 4.0, "pl_probe_location": "TOP OF BUILDING", "local_site_name": "Mission Viejo", "address": "26081 VIA PERA, MISSION VIEJO, CA 92691", "state_name": "California", "county_name": "Orange", "city_name": "Mission Viejo", "cbsa_code": "31080", "cbsa_name": "Los Angeles-Long Beach-Anaheim, CA", "csa_code": "348", "csa_name": "Los Angeles-Long Beach, CA", "tribal_code": null, "tribe_name": null, "index_right": 18.0, "CSAFP": "348", "CBSAFP": "31080", "GEOIDFQ": "310M700US31080", "GEOID": "31080", "NAME": "Los Angeles-Long Beach-Anaheim, CA", "NAMELSAD": "Los Angeles-Long Beach-Anaheim, CA Metro Area", "LSAD": "M1", "ALAND": 12569524354.0, "AWATER": 2191222299.0 }, "geometry": { "type": "Point", "coordinates": [ -117.67593, 33.63003 ] } },
{ "type": "Feature", "properties": { "state_code": "06", "county_code": "063", "site_number": "1006", "parameter_code": "88101", "poc": 3, "parameter_name": "PM2.5 - Local Conditions", "open_date": "2022-10-01T00:00:00", "close_date": null, "concurred_exclusions": null, "dominant_source": null, "measurement_scale": null, "measurement_scale_def": null, "monitoring_objective": "POPULATION EXPOSURE", "last_method_code": "209", "last_method_description": "Met One BAM-1022 Mass Monitor w/ VSCC or TE-PM2.5C - Beta Attenuation", "last_method_begin_date": "2022-10-01", "naaqs_primary_monitor": null, "qa_primary_monitor": null, "monitor_type": "SLAMS", "networks": null, "monitoring_agency_code": "0790", "monitoring_agency": "Northern Sierra AQMD", "si_id": 1237, "latitude": 39.939567, "longitude": -120.944376, "datum": "NAD83", "lat_lon_accuracy": 0.0, "elevation": 3450.0, "probe_height": null, "pl_probe_location": null, "local_site_name": "Quincy-N Church Street", "address": "267 N. CHURCH ST., QUINCY, CA. 95971", "state_name": "California", "county_name": "Plumas", "city_name": "Quincy", "cbsa_code": null, "cbsa_name": null, "csa_code": null, "csa_name": null, "tribal_code": null, "tribe_name": null, "index_right": null, "CSAFP": null, "CBSAFP": null, "GEOIDFQ": null, "GEOID": null, "NAME": null, "NAMELSAD": null, "LSAD": null, "ALAND": null, "AWATER": null }, "geometry": { "type": "Point", "coordinates": [ -120.944376, 39.939567 ] } },
{ "type": "Feature", "properties": { "state_code": "06", "county_code": "083", "site_number": "9001", "parameter_code": "88101", "poc": 1, "parameter_name": "PM2.5 - Local Conditions", "open_date": "2023-10-01T00:00:00", "close_date": null, "concurred_exclusions": null, "dominant_source": "AREA", "measurement_scale": "NEIGHBORHOOD", "measurement_scale_def": "500 M TO 4KM", "monitoring_objective": "GENERAL/BACKGROUND", "last_method_code": "209", "last_method_description": "Met One BAM-1022 Mass Monitor w/ VSCC or TE-PM2.5C - Beta Attenuation", "last_method_begin_date": "2023-10-01", "naaqs_primary_monitor": "Y", "qa_primary_monitor": null, "monitor_type": "SPM", "networks": null, "monitoring_agency_code": "0948", "monitoring_agency": "Santa Barbara County APCD", "si_id": 105202, "latitude": 34.39424, "longitude": -119.514721, "datum": "WGS84", "lat_lon_accuracy": 1.0, "elevation": 20.0, "probe_height": 20.0, "pl_probe_location": "TOP OF BUILDING", "local_site_name": null, "address": "5351 Carpinteria Avenue", "state_name": "California", "county_name": "Santa Barbara", "city_name": "Carpinteria", "cbsa_code": "42200", "cbsa_name": "Santa Maria-Santa Barbara, CA", "csa_code": null, "csa_name": null, "tribal_code": null, "tribe_name": null, "index_right": 28.0, "CSAFP": null, "CBSAFP": "42200", "GEOIDFQ": "310M700US42200", "GEOID": "42200", "NAME": "Santa Maria-Santa Barbara, CA", "NAMELSAD": "Santa Maria-Santa Barbara, CA Metro Area", "LSAD": "M1", "ALAND": 7080874935.0, "AWATER": 2729198796.0 }, "geometry": { "type": "Point", "coordinates": [ -119.514721, 34.39424 ] } },
{ "type": "Feature", "properties": { "state_code": "06", "county_code": "065", "site_number": "2007", "parameter_code": "88101", "poc": 1, "parameter_name": "PM2.5 - Local Conditions", "open_date": "2024-04-03T00:00:00", "close_date": null, "concurred_exclusions": null, "dominant_source": null, "measurement_scale": null, "measurement_scale_def": null, "monitoring_objective": "POPULATION EXPOSURE", "last_method_code": "145", "last_method_description": "R & P Model 2025 PM-2.5 Sequential Air Sampler w/VSCC - Gravimetric", "last_method_begin_date": "2024-04-03", "naaqs_primary_monitor": "Y", "qa_primary_monitor": "Y", "monitor_type": "SLAMS", "networks": null, "monitoring_agency_code": "0972", "monitoring_agency": "South Coast Air Quality Management District", "si_id": 105237, "latitude": 33.72537, "longitude": -116.206842, "datum": "WGS84", "lat_lon_accuracy": 2.0, "elevation": -8.0, "probe_height": null, "pl_probe_location": null, "local_site_name": "Indio Amistad High School", "address": "44801 Golf Center Parkway, Indio CA, 92201", "state_name": "California", "county_name": "Riverside", "city_name": "Indio", "cbsa_code": "40140", "cbsa_name": "Riverside-San Bernardino-Ontario, CA", "csa_code": "348", "csa_name": "Los Angeles-Long Beach, CA", "tribal_code": null, "tribe_name": null, "index_right": 21.0, "CSAFP": "348", "CBSAFP": "40140", "GEOIDFQ": "310M700US40140", "GEOID": "40140", "NAME": "Riverside-San Bernardino-Ontario, CA", "NAMELSAD": "Riverside-San Bernardino-Ontario, CA Metro Area", "LSAD": "M1", "ALAND": 70648193821.0, "AWATER": 339279578.0 }, "geometry": { "type": "Point", "coordinates": [ -116.206842, 33.72537 ] } },
{ "type": "Feature", "properties": { "state_code": "06", "county_code": "019", "site_number": "5001", "parameter_code": "88101", "poc": 1, "parameter_name": "PM2.5 - Local Conditions", "open_date": "1999-01-01T00:00:00", "close_date": "2020-12-31T00:00:00", "concurred_exclusions": null, "dominant_source": null, "measurement_scale": "NEIGHBORHOOD", "measurement_scale_def": "500 M TO 4KM", "monitoring_objective": "HIGHEST CONCENTRATION", "last_method_code": "145", "last_method_description": "R & P Model 2025 PM-2.5 Sequential Air Sampler w/VSCC - Gravimetric", "last_method_begin_date": "2012-10-03", "naaqs_primary_monitor": null, "qa_primary_monitor": null, "monitor_type": null, "networks": null, "monitoring_agency_code": "0145", "monitoring_agency": "California Air Resources Board", "si_id": 943, "latitude": 36.819449, "longitude": -119.716433, "datum": "NAD83", "lat_lon_accuracy": 3.04, "elevation": 86.0, "probe_height": 5.3, "pl_probe_location": null, "local_site_name": "Clovis-Villa", "address": "908 N VILLA AVE, CLOVIS", "state_name": "California", "county_name": "Fresno", "city_name": "Clovis", "cbsa_code": "23420", "cbsa_name": "Fresno, CA", "csa_code": "260", "csa_name": "Fresno-Madera, CA", "tribal_code": null, "tribe_name": null, "index_right": 7.0, "CSAFP": "260", "CBSAFP": "23420", "GEOIDFQ": "310M700US23420", "GEOID": "23420", "NAME": "Fresno, CA", "NAMELSAD": "Fresno, CA Metro Area", "LSAD": "M1", "ALAND": 20966706477.0, "AWATER": 178903286.0 }, "geometry": { "type": "Point", "coordinates": [ -119.716433, 36.819449 ] } },
{ "type": "Feature", "properties": { "state_code": "06", "county_code": "033", "site_number": "3001", "parameter_code": "88101", "poc": 1, "parameter_name": "PM2.5 - Local Conditions", "open_date": "1999-01-01T00:00:00", "close_date": "2017-07-01T00:00:00", "concurred_exclusions": null, "dominant_source": null, "measurement_scale": null, "measurement_scale_def": null, "monitoring_objective": "UNKNOWN", "last_method_code": "143", "last_method_description": "R & P Model 2000 PM-2.5 Air Sampler w/VSCC - Gravimetric", "last_method_begin_date": "2010-06-19", "naaqs_primary_monitor": null, "qa_primary_monitor": null, "monitor_type": null, "networks": null, "monitoring_agency_code": "0593", "monitoring_agency": "Lake County AQMD", "si_id": 1046, "latitude": 39.0327, "longitude": -122.92229, "datum": "WGS84", "lat_lon_accuracy": 0.0, "elevation": 421.0, "probe_height": null, "pl_probe_location": null, "local_site_name": "Lakeport-Lakeport Blvd.", "address": "905 LAKEPORT BLVD., LAKEPORT", "state_name": "California", "county_name": "Lake", "city_name": "Lakeport", "cbsa_code": "17340", "cbsa_name": "Clearlake, CA", "csa_code": null, "csa_name": null, "tribal_code": null, "tribe_name": null, "index_right": 5.0, "CSAFP": null, "CBSAFP": "17340", "GEOIDFQ": "310M700US17340", "GEOID": "17340", "NAME": "Clearlake, CA", "NAMELSAD": "Clearlake, CA Micro Area", "LSAD": "M2", "ALAND": 3250693464.0, "AWATER": 189054363.0 }, "geometry": { "type": "Point", "coordinates": [ -122.92229, 39.0327 ] } },
{ "type": "Feature", "properties": { "state_code": "06", "county_code": "037", "site_number": "2005", "parameter_code": "88101", "poc": 1, "parameter_name": "PM2.5 - Local Conditions", "open_date": "1999-01-01T00:00:00", "close_date": null, "concurred_exclusions": null, "dominant_source": null, "measurement_scale": "NEIGHBORHOOD", "measurement_scale_def": "500 M TO 4KM", "monitoring_objective": "POPULATION EXPOSURE", "last_method_code": "145", "last_method_description": "R & P Model 2025 PM-2.5 Sequential Air Sampler w/VSCC - Gravimetric", "last_method_begin_date": "2020-02-05", "naaqs_primary_monitor": "Y", "qa_primary_monitor": "Y", "monitor_type": "SLAMS", "networks": null, "monitoring_agency_code": "0972", "monitoring_agency": "South Coast Air Quality Management District", "si_id": 1096, "latitude": 34.1326, "longitude": -118.1272, "datum": "WGS84", "lat_lon_accuracy": 0.0, "elevation": 250.0, "probe_height": null, "pl_probe_location": null, "local_site_name": "Pasadena", "address": "752 S. WILSON AVE., PASADENA", "state_name": "California", "county_name": "Los Angeles", "city_name": "Pasadena", "cbsa_code": "31080", "cbsa_name": "Los Angeles-Long Beach-Anaheim, CA", "csa_code": "348", "csa_name": "Los Angeles-Long Beach, CA", "tribal_code": null, "tribe_name": null, "index_right": 18.0, "CSAFP": "348", "CBSAFP": "31080", "GEOIDFQ": "310M700US31080", "GEOID": "31080", "NAME": "Los Angeles-Long Beach-Anaheim, CA", "NAMELSAD": "Los Angeles-Long Beach-Anaheim, CA Metro Area", "LSAD": "M1", "ALAND": 12569524354.0, "AWATER": 2191222299.0 }, "geometry": { "type": "Point", "coordinates": [ -118.1272, 34.1326 ] } },
{ "type": "Feature", "properties": { "state_code": "06", "county_code": "057", "site_number": "1001", "parameter_code": "88101", "poc": 2, "parameter_name": "PM2.5 - Local Conditions", "open_date": "1999-05-12T00:00:00", "close_date": "2015-08-31T00:00:00", "concurred_exclusions": null, "dominant_source": null, "measurement_scale": "NEIGHBORHOOD", "measurement_scale_def": "500 M TO 4KM", "monitoring_objective": "POPULATION EXPOSURE", "last_method_code": "118", "last_method_description": "R & P Model 2025 PM2.5 Sequential w/WINS - GRAVIMETRIC", "last_method_begin_date": "2007-10-03", "naaqs_primary_monitor": null, "qa_primary_monitor": null, "monitor_type": null, "networks": null, "monitoring_agency_code": "0145", "monitoring_agency": "California Air Resources Board", "si_id": 1199, "latitude": 39.32783, "longitude": -120.184592, "datum": "NAD83", "lat_lon_accuracy": 0.0, "elevation": 5500.0, "probe_height": 7.0, "pl_probe_location": null, "local_site_name": "Truckee-Fire Station", "address": "FS-10049 DONNER PASS RD, TRUCKEE", "state_name": "California", "county_name": "Nevada", "city_name": "Truckee", "cbsa_code": "46020", "cbsa_name": "Truckee-Grass Valley, CA", "csa_code": "472", "csa_name": "Sacramento-Roseville, CA", "tribal_code": null, "tribe_name": null, "index_right": 8.0, "CSAFP": "472", "CBSAFP": "46020", "GEOIDFQ": "310M700US46020", "GEOID": "46020", "NAME": "Truckee-Grass Valley, CA", "NAMELSAD": "Truckee-Grass Valley, CA Micro Area", "LSAD": "M2", "ALAND": 2480587300.0, "AWATER": 41531993.0 }, "geometry": { "type": "Point", "coordinates": [ -120.184592, 39.32783 ] } },
{ "type": "Feature", "properties": { "state_code": "06", "county_code": "061", "site_number": "0006", "parameter_code": "88101", "poc": 1, "parameter_name": "PM2.5 - Local Conditions", "open_date": "1998-12-31T00:00:00", "close_date": "2020-12-07T00:00:00", "concurred_exclusions": null, "dominant_source": null, "measurement_scale": "NEIGHBORHOOD", "measurement_scale_def": "500 M TO 4KM", "monitoring_objective": "POPULATION EXPOSURE", "last_method_code": "143", "last_method_description": "R & P Model 2000 PM-2.5 Air Sampler w/VSCC - Gravimetric", "last_method_begin_date": "2014-04-11", "naaqs_primary_monitor": null, "qa_primary_monitor": null, "monitor_type": null, "networks": null, "monitoring_agency_code": "0145", "monitoring_agency": "California Air Resources Board", "si_id": 1225, "latitude": 38.74643, "longitude": -121.26498, "datum": "NAD83", "lat_lon_accuracy": 151.82, "elevation": 48.0, "probe_height": 6.1, "pl_probe_location": null, "local_site_name": "Roseville-N Sunrise Ave", "address": " 151 NO SUNRISE BLVD, ROSEVILLE, CA", "state_name": "California", "county_name": "Placer", "city_name": "Roseville", "cbsa_code": "40900", "cbsa_name": "Sacramento--Roseville--Arden-Arcade, CA", "csa_code": "472", "csa_name": "Sacramento-Roseville, CA", "tribal_code": null, "tribe_name": null, "index_right": 11.0, "CSAFP": "472", "CBSAFP": "40900", "GEOIDFQ": "310M700US40900", "GEOID": "40900", "NAME": "Sacramento-Roseville-Folsom, CA", "NAMELSAD": "Sacramento-Roseville-Folsom, CA Metro Area", "LSAD": "M1", "ALAND": 13191282211.0, "AWATER": 548045435.0 }, "geometry": { "type": "Point", "coordinates": [ -121.26498, 38.74643 ] } },
{ "type": "Feature", "properties": { "state_code": "06", "county_code": "063", "site_number": "1006", "parameter_code": "88101", "poc": 1, "parameter_name": "PM2.5 - Local Conditions", "open_date": "1999-03-26T00:00:00", "close_date": "2022-08-12T00:00:00", "concurred_exclusions": null, "dominant_source": null, "measurement_scale": "NEIGHBORHOOD", "measurement_scale_def": "500 M TO 4KM", "monitoring_objective": "POPULATION EXPOSURE", "last_method_code": "145", "last_method_description": "R & P Model 2025 PM-2.5 Sequential Air Sampler w/VSCC - Gravimetric", "last_method_begin_date": "2015-12-02", "naaqs_primary_monitor": "Y", "qa_primary_monitor": null, "monitor_type": null, "networks": null, "monitoring_agency_code": "0145", "monitoring_agency": "California Air Resources Board", "si_id": 1237, "latitude": 39.939567, "longitude": -120.944376, "datum": "NAD83", "lat_lon_accuracy": 0.0, "elevation": 3450.0, "probe_height": 2.0, "pl_probe_location": null, "local_site_name": "Quincy-N Church Street", "address": "267 N. CHURCH ST., QUINCY, CA. 95971", "state_name": "California", "county_name": "Plumas", "city_name": "Quincy", "cbsa_code": null, "cbsa_name": null, "csa_code": null, "csa_name": null, "tribal_code": null, "tribe_name": null, "index_right": null, "CSAFP": null, "CBSAFP": null, "GEOIDFQ": null, "GEOID": null, "NAME": null, "NAMELSAD": null, "LSAD": null, "ALAND": null, "AWATER": null }, "geometry": { "type": "Point", "coordinates": [ -120.944376, 39.939567 ] } },
{ "type": "Feature", "properties": { "state_code": "06", "county_code": "065", "site_number": "5001", "parameter_code": "88101", "poc": 1, "parameter_name": "PM2.5 - Local Conditions", "open_date": "1999-10-10T00:00:00", "close_date": null, "concurred_exclusions": null, "dominant_source": null, "measurement_scale": "NEIGHBORHOOD", "measurement_scale_def": "500 M TO 4KM", "monitoring_objective": "POPULATION EXPOSURE", "last_method_code": "145", "last_method_description": "R & P Model 2025 PM-2.5 Sequential Air Sampler w/VSCC - Gravimetric", "last_method_begin_date": "2019-04-10", "naaqs_primary_monitor": "Y", "qa_primary_monitor": null, "monitor_type": "SLAMS", "networks": null, "monitoring_agency_code": "0972", "monitoring_agency": "South Coast Air Quality Management District", "si_id": 1259, "latitude": 33.85275, "longitude": -116.54101, "datum": "WGS84", "lat_lon_accuracy": 0.0, "elevation": 171.0, "probe_height": null, "pl_probe_location": null, "local_site_name": "Palm Springs", "address": "FS-590 RACQUET CLUB AVE, PALM SPRINGS", "state_name": "California", "county_name": "Riverside", "city_name": "Palm Springs", "cbsa_code": "40140", "cbsa_name": "Riverside-San Bernardino-Ontario, CA", "csa_code": "348", "csa_name": "Los Angeles-Long Beach, CA", "tribal_code": null, "tribe_name": null, "index_right": 21.0, "CSAFP": "348", "CBSAFP": "40140", "GEOIDFQ": "310M700US40140", "GEOID": "40140", "NAME": "Riverside-San Bernardino-Ontario, CA", "NAMELSAD": "Riverside-San Bernardino-Ontario, CA Metro Area", "LSAD": "M1", "ALAND": 70648193821.0, "AWATER": 339279578.0 }, "geometry": { "type": "Point", "coordinates": [ -116.54101, 33.85275 ] } },
{ "type": "Feature", "properties": { "state_code": "06", "county_code": "067", "site_number": "0006", "parameter_code": "88101", "poc": 1, "parameter_name": "PM2.5 - Local Conditions", "open_date": "1999-01-03T00:00:00", "close_date": "2025-06-05T00:00:00", "concurred_exclusions": null, "dominant_source": null, "measurement_scale": "NEIGHBORHOOD", "measurement_scale_def": "500 M TO 4KM", "monitoring_objective": "HIGHEST CONCENTRATION; POPULATION EXPOSURE", "last_method_code": "145", "last_method_description": "R & P Model 2025 PM-2.5 Sequential Air Sampler w/VSCC - Gravimetric", "last_method_begin_date": "2007-05-19", "naaqs_primary_monitor": null, "qa_primary_monitor": null, "monitor_type": null, "networks": null, "monitoring_agency_code": "0145", "monitoring_agency": "California Air Resources Board", "si_id": 1270, "latitude": 38.613779, "longitude": -121.368014, "datum": "WGS84", "lat_lon_accuracy": 0.0, "elevation": 8.0, "probe_height": 4.4, "pl_probe_location": null, "local_site_name": "Sacramento-Del Paso Manor", "address": "DEL PASO-2701 AVALON DR, SACRAMENTO", "state_name": "California", "county_name": "Sacramento", "city_name": "Arden-Arcade", "cbsa_code": "40900", "cbsa_name": "Sacramento--Roseville--Arden-Arcade, CA", "csa_code": "472", "csa_name": "Sacramento-Roseville, CA", "tribal_code": null, "tribe_name": null, "index_right": 11.0, "CSAFP": "472", "CBSAFP": "40900", "GEOIDFQ": "310M700US40900", "GEOID": "40900", "NAME": "Sacramento-Roseville-Folsom, CA", "NAMELSAD": "Sacramento-Roseville-Folsom, CA Metro Area", "LSAD": "M1", "ALAND": 13191282211.0, "AWATER": 548045435.0 }, "geometry": { "type": "Point", "coordinates": [ -121.368014, 38.613779 ] } },
{ "type": "Feature", "properties": { "state_code": "06", "county_code": "085", "site_number": "0005", "parameter_code": "88101", "poc": 1, "parameter_name": "PM2.5 - Local Conditions", "open_date": "2002-10-05T00:00:00", "close_date": null, "concurred_exclusions": null, "dominant_source": null, "measurement_scale": "NEIGHBORHOOD", "measurement_scale_def": "500 M TO 4KM", "monitoring_objective": "QUALITY ASSURANCE", "last_method_code": "145", "last_method_description": "R & P Model 2025 PM-2.5 Sequential Air Sampler w/VSCC - Gravimetric", "last_method_begin_date": "2008-11-18", "naaqs_primary_monitor": null, "qa_primary_monitor": null, "monitor_type": "SLAMS", "networks": null, "monitoring_agency_code": "0086", "monitoring_agency": "Bay Area Air Quality Management District", "si_id": 91424, "latitude": 37.348497, "longitude": -121.894898, "datum": "WGS84", "lat_lon_accuracy": 20.0, "elevation": 31.0, "probe_height": 8.9, "pl_probe_location": "TOP OF BUILDING", "local_site_name": "San Jose - Jackson", "address": "158B JACKSON ST", "state_name": "California", "county_name": "Santa Clara", "city_name": "San Jose", "cbsa_code": "41940", "cbsa_name": "San Jose-Sunnyvale-Santa Clara, CA", "csa_code": "488", "csa_name": "San Jose-San Francisco-Oakland, CA", "tribal_code": null, "tribe_name": null, "index_right": 26.0, "CSAFP": "488", "CBSAFP": "41940", "GEOIDFQ": "310M700US41940", "GEOID": "41940", "NAME": "San Jose-Sunnyvale-Santa Clara, CA", "NAMELSAD": "San Jose-Sunnyvale-Santa Clara, CA Metro Area", "LSAD": "M1", "ALAND": 6940482586.0, "AWATER": 38316367.0 }, "geometry": { "type": "Point", "coordinates": [ -121.894898, 37.348497 ] } },
{ "type": "Feature", "properties": { "state_code": "06", "county_code": "093", "site_number": "2001", "parameter_code": "88101", "poc": 1, "parameter_name": "PM2.5 - Local Conditions", "open_date": "2005-05-01T00:00:00", "close_date": "2018-06-30T00:00:00", "concurred_exclusions": null, "dominant_source": null, "measurement_scale": "NEIGHBORHOOD", "measurement_scale_def": "500 M TO 4KM", "monitoring_objective": "POPULATION EXPOSURE", "last_method_code": "143", "last_method_description": "R & P Model 2000 PM-2.5 Air Sampler w/VSCC - Gravimetric", "last_method_begin_date": "2016-07-28", "naaqs_primary_monitor": null, "qa_primary_monitor": null, "monitor_type": null, "networks": null, "monitoring_agency_code": "0145", "monitoring_agency": "California Air Resources Board", "si_id": 1527, "latitude": 41.726892, "longitude": -122.633579, "datum": "WGS84", "lat_lon_accuracy": 0.0, "elevation": 802.0, "probe_height": 2.0, "pl_probe_location": null, "local_site_name": "Yreka", "address": "530 FOOTHILL DR., YREKA", "state_name": "California", "county_name": "Siskiyou", "city_name": "Yreka", "cbsa_code": null, "cbsa_name": null, "csa_code": null, "csa_name": null, "tribal_code": null, "tribe_name": null, "index_right": null, "CSAFP": null, "CBSAFP": null, "GEOIDFQ": null, "GEOID": null, "NAME": null, "NAMELSAD": null, "LSAD": null, "ALAND": null, "AWATER": null }, "geometry": { "type": "Point", "coordinates": [ -122.633579, 41.726892 ] } },
{ "type": "Feature", "properties": { "state_code": "06", "county_code": "037", "site_number": "1602", "parameter_code": "88101", "poc": 1, "parameter_name": "PM2.5 - Local Conditions", "open_date": "2005-10-01T00:00:00", "close_date": null, "concurred_exclusions": null, "dominant_source": null, "measurement_scale": "NEIGHBORHOOD", "measurement_scale_def": "500 M TO 4KM", "monitoring_objective": "POPULATION EXPOSURE", "last_method_code": "145", "last_method_description": "R & P Model 2025 PM-2.5 Sequential Air Sampler w/VSCC - Gravimetric", "last_method_begin_date": "2022-01-23", "naaqs_primary_monitor": "Y", "qa_primary_monitor": null, "monitor_type": "SLAMS", "networks": null, "monitoring_agency_code": "0972", "monitoring_agency": "South Coast Air Quality Management District", "si_id": 92493, "latitude": 34.01029, "longitude": -118.0685, "datum": "NAD83", "lat_lon_accuracy": 1.0, "elevation": 75.0, "probe_height": null, "pl_probe_location": null, "local_site_name": "Pico Rivera #2", "address": "4144 SAN GABRIEL RIVER PKWY, PICO RIVERA", "state_name": "California", "county_name": "Los Angeles", "city_name": "Pico Rivera", "cbsa_code": "31080", "cbsa_name": "Los Angeles-Long Beach-Anaheim, CA", "csa_code": "348", "csa_name": "Los Angeles-Long Beach, CA", "tribal_code": null, "tribe_name": null, "index_right": 18.0, "CSAFP": "348", "CBSAFP": "31080", "GEOIDFQ": "310M700US31080", "GEOID": "31080", "NAME": "Los Angeles-Long Beach-Anaheim, CA", "NAMELSAD": "Los Angeles-Long Beach-Anaheim, CA Metro Area", "LSAD": "M1", "ALAND": 12569524354.0, "AWATER": 2191222299.0 }, "geometry": { "type": "Point", "coordinates": [ -118.0685, 34.01029 ] } },
{ "type": "Feature", "properties": { "state_code": "06", "county_code": "087", "site_number": "0007", "parameter_code": "88101", "poc": 3, "parameter_name": "PM2.5 - Local Conditions", "open_date": "2010-01-01T00:00:00", "close_date": null, "concurred_exclusions": null, "dominant_source": null, "measurement_scale": "NEIGHBORHOOD", "measurement_scale_def": "500 M TO 4KM", "monitoring_objective": "POPULATION EXPOSURE", "last_method_code": "170", "last_method_description": "Met One BAM-1020 Mass Monitor w/VSCC - Beta Attenuation", "last_method_begin_date": "2010-01-01", "naaqs_primary_monitor": "Y", "qa_primary_monitor": null, "monitor_type": "SLAMS", "networks": null, "monitoring_agency_code": "0721", "monitoring_agency": "Monterey Bay Unified APCD", "si_id": 1500, "latitude": 36.98332, "longitude": -121.98822, "datum": "NAD83", "lat_lon_accuracy": 13.0, "elevation": 28.0, "probe_height": 5.7, "pl_probe_location": "TOP OF BUILDING", "local_site_name": "Santa Cruz", "address": "960 Bostwick Lane", "state_name": "California", "county_name": "Santa Cruz", "city_name": "Live Oak", "cbsa_code": "42100", "cbsa_name": "Santa Cruz-Watsonville, CA", "csa_code": "488", "csa_name": "San Jose-San Francisco-Oakland, CA", "tribal_code": null, "tribe_name": null, "index_right": 16.0, "CSAFP": "488", "CBSAFP": "42100", "GEOIDFQ": "310M700US42100", "GEOID": "42100", "NAME": "Santa Cruz-Watsonville, CA", "NAMELSAD": "Santa Cruz-Watsonville, CA Metro Area", "LSAD": "M1", "ALAND": 1152818088.0, "AWATER": 419720203.0 }, "geometry": { "type": "Point", "coordinates": [ -121.98822, 36.98332 ] } },
{ "type": "Feature", "properties": { "state_code": "06", "county_code": "099", "site_number": "0005", "parameter_code": "88101", "poc": 3, "parameter_name": "PM2.5 - Local Conditions", "open_date": "2010-05-01T00:00:00", "close_date": null, "concurred_exclusions": null, "dominant_source": null, "measurement_scale": "NEIGHBORHOOD", "measurement_scale_def": "500 M TO 4KM", "monitoring_objective": "GENERAL/BACKGROUND", "last_method_code": "170", "last_method_description": "Met One BAM-1020 Mass Monitor w/VSCC - Beta Attenuation", "last_method_begin_date": "2010-05-01", "naaqs_primary_monitor": "Y", "qa_primary_monitor": "Y", "monitor_type": "SLAMS", "networks": null, "monitoring_agency_code": "0145", "monitoring_agency": "California Air Resources Board", "si_id": 1556, "latitude": 37.642165, "longitude": -120.994212, "datum": "NAD83", "lat_lon_accuracy": 0.0, "elevation": 27.0, "probe_height": null, "pl_probe_location": null, "local_site_name": "Modesto-14th Street", "address": "814 14TH ST., MODESTO", "state_name": "California", "county_name": "Stanislaus", "city_name": "Modesto", "cbsa_code": "33700", "cbsa_name": "Modesto, CA", "csa_code": "382", "csa_name": "Modesto-Merced, CA", "tribal_code": null, "tribe_name": null, "index_right": 9.0, "CSAFP": "488", "CBSAFP": "33700", "GEOIDFQ": "310M700US33700", "GEOID": "33700", "NAME": "Modesto, CA", "NAMELSAD": "Modesto, CA Metro Area", "LSAD": "M1", "ALAND": 3875010967.0, "AWATER": 46378776.0 }, "geometry": { "type": "Point", "coordinates": [ -120.994212, 37.642165 ] } },
{ "type": "Feature", "properties": { "state_code": "06", "county_code": "083", "site_number": "0011", "parameter_code": "88101", "poc": 3, "parameter_name": "PM2.5 - Local Conditions", "open_date": "2010-06-25T00:00:00", "close_date": null, "concurred_exclusions": null, "dominant_source": null, "measurement_scale": "NEIGHBORHOOD", "measurement_scale_def": "500 M TO 4KM", "monitoring_objective": "HIGHEST CONCENTRATION", "last_method_code": "170", "last_method_description": "Met One BAM-1020 Mass Monitor w/VSCC - Beta Attenuation", "last_method_begin_date": "2017-08-01", "naaqs_primary_monitor": "Y", "qa_primary_monitor": null, "monitor_type": "SLAMS", "networks": null, "monitoring_agency_code": "0948", "monitoring_agency": "Santa Barbara County APCD", "si_id": 91419, "latitude": 34.427775, "longitude": -119.691218, "datum": "WGS84", "lat_lon_accuracy": 1.0, "elevation": 20.0, "probe_height": null, "pl_probe_location": null, "local_site_name": "Santa Barbara", "address": "700 E. CANON PERDIDO", "state_name": "California", "county_name": "Santa Barbara", "city_name": "Santa Barbara", "cbsa_code": "42200", "cbsa_name": "Santa Maria-Santa Barbara, CA", "csa_code": null, "csa_name": null, "tribal_code": null, "tribe_name": null, "index_right": 28.0, "CSAFP": null, "CBSAFP": "42200", "GEOIDFQ": "310M700US42200", "GEOID": "42200", "NAME": "Santa Maria-Santa Barbara, CA", "NAMELSAD": "Santa Maria-Santa Barbara, CA Metro Area", "LSAD": "M1", "ALAND": 7080874935.0, "AWATER": 2729198796.0 }, "geometry": { "type": "Point", "coordinates": [ -119.691218, 34.427775 ] } },
{ "type": "Feature", "properties": { "state_code": "06", "county_code": "065", "site_number": "0009", "parameter_code": "88101", "poc": 2, "parameter_name": "PM2.5 - Local Conditions", "open_date": "2010-08-12T00:00:00", "close_date": null, "concurred_exclusions": null, "dominant_source": null, "measurement_scale": "NEIGHBORHOOD", "measurement_scale_def": "500 M TO 4KM", "monitoring_objective": "GENERAL/BACKGROUND", "last_method_code": "143", "last_method_description": "R & P Model 2000 PM-2.5 Air Sampler w/VSCC - Gravimetric", "last_method_begin_date": "2010-08-12", "naaqs_primary_monitor": null, "qa_primary_monitor": null, "monitor_type": "TRIBAL", "networks": null, "monitoring_agency_code": "586", "monitoring_agency": "Pechanga Band of Luiseno Mission Indians of Pechanga Reservation, CA", "si_id": 95241, "latitude": 33.447867, "longitude": -117.088649, "datum": "WGS84", "lat_lon_accuracy": 0.5, "elevation": 366.093, "probe_height": 15.0, "pl_probe_location": "TOP OF BUILDING", "local_site_name": "Pechanga", "address": "12705 Pechanga Rd., Temecula, CA 92592", "state_name": "California", "county_name": "Riverside", "city_name": "Not in a City", "cbsa_code": "40140", "cbsa_name": "Riverside-San Bernardino-Ontario, CA", "csa_code": "348", "csa_name": "Los Angeles-Long Beach, CA", "tribal_code": "586", "tribe_name": "Pechanga Band of Luiseno Mission Indians of Pechanga Reservation, CA", "index_right": 21.0, "CSAFP": "348", "CBSAFP": "40140", "GEOIDFQ": "310M700US40140", "GEOID": "40140", "NAME": "Riverside-San Bernardino-Ontario, CA", "NAMELSAD": "Riverside-San Bernardino-Ontario, CA Metro Area", "LSAD": "M1", "ALAND": 70648193821.0, "AWATER": 339279578.0 }, "geometry": { "type": "Point", "coordinates": [ -117.088649, 33.447867 ] } },
{ "type": "Feature", "properties": { "state_code": "06", "county_code": "077", "site_number": "1002", "parameter_code": "88101", "poc": 4, "parameter_name": "PM2.5 - Local Conditions", "open_date": "2010-08-23T00:00:00", "close_date": "2021-01-31T00:00:00", "concurred_exclusions": null, "dominant_source": null, "measurement_scale": "NEIGHBORHOOD", "measurement_scale_def": "500 M TO 4KM", "monitoring_objective": "GENERAL/BACKGROUND", "last_method_code": "170", "last_method_description": "Met One BAM-1020 Mass Monitor w/VSCC - Beta Attenuation", "last_method_begin_date": "2010-08-23", "naaqs_primary_monitor": null, "qa_primary_monitor": null, "monitor_type": null, "networks": null, "monitoring_agency_code": "0145", "monitoring_agency": "California Air Resources Board", "si_id": 1389, "latitude": 37.950741, "longitude": -121.268523, "datum": "WGS84", "lat_lon_accuracy": 0.0, "elevation": 19.0, "probe_height": null, "pl_probe_location": null, "local_site_name": "Stockton-Hazelton", "address": "HAZELTON-HD, STOCKTON", "state_name": "California", "county_name": "San Joaquin", "city_name": "Stockton", "cbsa_code": "44700", "cbsa_name": "Stockton-Lodi, CA", "csa_code": "488", "csa_name": "San Jose-San Francisco-Oakland, CA", "tribal_code": null, "tribe_name": null, "index_right": 4.0, "CSAFP": "488", "CBSAFP": "44700", "GEOIDFQ": "310M700US44700", "GEOID": "44700", "NAME": "Stockton-Lodi, CA", "NAMELSAD": "Stockton-Lodi, CA Metro Area", "LSAD": "M1", "ALAND": 3605878834.0, "AWATER": 89000661.0 }, "geometry": { "type": "Point", "coordinates": [ -121.268523, 37.950741 ] } },
{ "type": "Feature", "properties": { "state_code": "06", "county_code": "079", "site_number": "2006", "parameter_code": "88101", "poc": 3, "parameter_name": "PM2.5 - Local Conditions", "open_date": "2011-03-15T00:00:00", "close_date": "2021-01-13T00:00:00", "concurred_exclusions": null, "dominant_source": null, "measurement_scale": "NEIGHBORHOOD", "measurement_scale_def": "500 M TO 4KM", "monitoring_objective": "GENERAL/BACKGROUND", "last_method_code": "170", "last_method_description": "Met One BAM-1020 Mass Monitor w/VSCC - Beta Attenuation", "last_method_begin_date": "2011-03-15", "naaqs_primary_monitor": null, "qa_primary_monitor": null, "monitor_type": null, "networks": null, "monitoring_agency_code": "0145", "monitoring_agency": "California Air Resources Board", "si_id": 92590, "latitude": 35.25651, "longitude": -120.6693, "datum": "NAD83", "lat_lon_accuracy": 5.0, "elevation": 66.0, "probe_height": null, "pl_probe_location": "TOP OF BUILDING", "local_site_name": "San Luis Obispo", "address": "3220 SOUTH HIGUERA STREET, SAN LUIS OBISPO", "state_name": "California", "county_name": "San Luis Obispo", "city_name": "San Luis Obispo", "cbsa_code": "42020", "cbsa_name": "San Luis Obispo-Paso Robles-Arroyo Grande, CA", "csa_code": null, "csa_name": null, "tribal_code": null, "tribe_name": null, "index_right": 6.0, "CSAFP": null, "CBSAFP": "42020", "GEOIDFQ": "310M700US42020", "GEOID": "42020", "NAME": "San Luis Obispo-Paso Robles, CA", "NAMELSAD": "San Luis Obispo-Paso Robles, CA Metro Area", "LSAD": "M1", "ALAND": 8549140866.0, "AWATER": 815650229.0 }, "geometry": { "type": "Point", "coordinates": [ -120.6693, 35.25651 ] } },
{ "type": "Feature", "properties": { "state_code": "06", "county_code": "053", "site_number": "0008", "parameter_code": "88101", "poc": 3, "parameter_name": "PM2.5 - Local Conditions", "open_date": "2012-01-01T00:00:00", "close_date": null, "concurred_exclusions": null, "dominant_source": null, "measurement_scale": "NEIGHBORHOOD", "measurement_scale_def": "500 M TO 4KM", "monitoring_objective": "POPULATION EXPOSURE", "last_method_code": "170", "last_method_description": "Met One BAM-1020 Mass Monitor w/VSCC - Beta Attenuation", "last_method_begin_date": "2012-01-01", "naaqs_primary_monitor": "Y", "qa_primary_monitor": null, "monitor_type": "SPM", "networks": null, "monitoring_agency_code": "0721", "monitoring_agency": "Monterey Bay Unified APCD", "si_id": 94017, "latitude": 36.209286, "longitude": -121.126371, "datum": "NAD83", "lat_lon_accuracy": 10.0, "elevation": 6.0, "probe_height": null, "pl_probe_location": "TOP OF BUILDING", "local_site_name": "King City 2", "address": "415 Pearl Street", "state_name": "California", "county_name": "Monterey", "city_name": "King City", "cbsa_code": "41500", "cbsa_name": "Salinas, CA", "csa_code": null, "csa_name": null, "tribal_code": null, "tribe_name": null, "index_right": 0.0, "CSAFP": null, "CBSAFP": "41500", "GEOIDFQ": "310M700US41500", "GEOID": "41500", "NAME": "Salinas, CA", "NAMELSAD": "Salinas, CA Metro Area", "LSAD": "M1", "ALAND": 8499610241.0, "AWATER": 1267806311.0 }, "geometry": { "type": "Point", "coordinates": [ -121.126371, 36.209286 ] } },
{ "type": "Feature", "properties": { "state_code": "06", "county_code": "053", "site_number": "0002", "parameter_code": "88101", "poc": 3, "parameter_name": "PM2.5 - Local Conditions", "open_date": "2012-01-01T00:00:00", "close_date": null, "concurred_exclusions": null, "dominant_source": null, "measurement_scale": "NEIGHBORHOOD", "measurement_scale_def": "500 M TO 4KM", "monitoring_objective": "POPULATION EXPOSURE", "last_method_code": "170", "last_method_description": "Met One BAM-1020 Mass Monitor w/VSCC - Beta Attenuation", "last_method_begin_date": "2012-01-01", "naaqs_primary_monitor": "Y", "qa_primary_monitor": null, "monitor_type": "SPM", "networks": null, "monitoring_agency_code": "0721", "monitoring_agency": "Monterey Bay Unified APCD", "si_id": 1178, "latitude": 36.48187, "longitude": -121.73333, "datum": "NAD83", "lat_lon_accuracy": 0.0, "elevation": 131.0, "probe_height": null, "pl_probe_location": "TOP OF BUILDING", "local_site_name": "Carmel Valley", "address": "35 Ford Road", "state_name": "California", "county_name": "Monterey", "city_name": "Carmel Valley Village", "cbsa_code": "41500", "cbsa_name": "Salinas, CA", "csa_code": null, "csa_name": null, "tribal_code": null, "tribe_name": null, "index_right": 0.0, "CSAFP": null, "CBSAFP": "41500", "GEOIDFQ": "310M700US41500", "GEOID": "41500", "NAME": "Salinas, CA", "NAMELSAD": "Salinas, CA Metro Area", "LSAD": "M1", "ALAND": 8499610241.0, "AWATER": 1267806311.0 }, "geometry": { "type": "Point", "coordinates": [ -121.73333, 36.48187 ] } },
{ "type": "Feature", "properties": { "state_code": "06", "county_code": "025", "site_number": "0005", "parameter_code": "88101", "poc": 4, "parameter_name": "PM2.5 - Local Conditions", "open_date": "2014-01-01T00:00:00", "close_date": "2015-12-22T00:00:00", "concurred_exclusions": "All (2014-01-01 - 2015-12-22)", "dominant_source": null, "measurement_scale": "NEIGHBORHOOD", "measurement_scale_def": "500 M TO 4KM", "monitoring_objective": "POPULATION EXPOSURE", "last_method_code": "170", "last_method_description": "Met One BAM-1020 Mass Monitor w/VSCC - Beta Attenuation", "last_method_begin_date": "2014-01-01", "naaqs_primary_monitor": null, "qa_primary_monitor": null, "monitor_type": null, "networks": null, "monitoring_agency_code": "0145", "monitoring_agency": "California Air Resources Board", "si_id": 959, "latitude": 32.67618, "longitude": -115.48307, "datum": "NAD83", "lat_lon_accuracy": 151.82, "elevation": 1.0, "probe_height": 5.0, "pl_probe_location": "TOP OF BUILDING", "local_site_name": "Calexico-Ethel Street", "address": "1029 ETHEL ST, CALEXICO HIGH SCHOOL", "state_name": "California", "county_name": "Imperial", "city_name": "Calexico", "cbsa_code": "20940", "cbsa_name": "El Centro, CA", "csa_code": null, "csa_name": null, "tribal_code": null, "tribe_name": null, "index_right": 10.0, "CSAFP": null, "CBSAFP": "20940", "GEOIDFQ": "310M700US20940", "GEOID": "20940", "NAME": "El Centro, CA", "NAMELSAD": "El Centro, CA Metro Area", "LSAD": "M1", "ALAND": 10814568237.0, "AWATER": 790135127.0 }, "geometry": { "type": "Point", "coordinates": [ -115.48307, 32.67618 ] } },
{ "type": "Feature", "properties": { "state_code": "06", "county_code": "079", "site_number": "8002", "parameter_code": "88101", "poc": 3, "parameter_name": "PM2.5 - Local Conditions", "open_date": "2015-02-25T00:00:00", "close_date": null, "concurred_exclusions": null, "dominant_source": "AREA", "measurement_scale": "URBAN SCALE", "measurement_scale_def": "4 KM TO 50 KM", "monitoring_objective": "POPULATION EXPOSURE", "last_method_code": "170", "last_method_description": "Met One BAM-1020 Mass Monitor w/VSCC - Beta Attenuation", "last_method_begin_date": "2015-02-25", "naaqs_primary_monitor": "Y", "qa_primary_monitor": "Y", "monitor_type": "SLAMS", "networks": null, "monitoring_agency_code": "0946", "monitoring_agency": "San Luis Obispo County APCD", "si_id": 98674, "latitude": 35.49453, "longitude": -120.66617, "datum": "WGS84", "lat_lon_accuracy": 30.0, "elevation": 260.0, "probe_height": 5.8, "pl_probe_location": "TOP OF BUILDING", "local_site_name": "Atascadero", "address": "5599 Traffic Way, Atascadero CA", "state_name": "California", "county_name": "San Luis Obispo", "city_name": "Atascadero", "cbsa_code": "42020", "cbsa_name": "San Luis Obispo-Paso Robles-Arroyo Grande, CA", "csa_code": null, "csa_name": null, "tribal_code": null, "tribe_name": null, "index_right": 6.0, "CSAFP": null, "CBSAFP": "42020", "GEOIDFQ": "310M700US42020", "GEOID": "42020", "NAME": "San Luis Obispo-Paso Robles, CA", "NAMELSAD": "San Luis Obispo-Paso Robles, CA Metro Area", "LSAD": "M1", "ALAND": 8549140866.0, "AWATER": 815650229.0 }, "geometry": { "type": "Point", "coordinates": [ -120.66617, 35.49453 ] } },
{ "type": "Feature", "properties": { "state_code": "06", "county_code": "037", "site_number": "4008", "parameter_code": "88101", "poc": 3, "parameter_name": "PM2.5 - Local Conditions", "open_date": "2016-01-01T00:00:00", "close_date": null, "concurred_exclusions": null, "dominant_source": "MOBILE", "measurement_scale": "MICROSCALE", "measurement_scale_def": "0 M TO 100 M", "monitoring_objective": "SOURCE ORIENTED", "last_method_code": "170", "last_method_description": "Met One BAM-1020 Mass Monitor w/VSCC - Beta Attenuation", "last_method_begin_date": "2022-03-15", "naaqs_primary_monitor": null, "qa_primary_monitor": null, "monitor_type": "SLAMS", "networks": "NEAR ROAD", "monitoring_agency_code": "0972", "monitoring_agency": "South Coast Air Quality Management District", "si_id": 99552, "latitude": 33.859662, "longitude": -118.200707, "datum": "NAD83", "lat_lon_accuracy": 3.04, "elevation": 12.0, "probe_height": 4.5, "pl_probe_location": "TOP OF BUILDING", "local_site_name": "Long Beach-Route 710 Near Road", "address": "5895 Long Beach Blvd.", "state_name": "California", "county_name": "Los Angeles", "city_name": "Long Beach", "cbsa_code": "31080", "cbsa_name": "Los Angeles-Long Beach-Anaheim, CA", "csa_code": "348", "csa_name": "Los Angeles-Long Beach, CA", "tribal_code": null, "tribe_name": null, "index_right": 18.0, "CSAFP": "348", "CBSAFP": "31080", "GEOIDFQ": "310M700US31080", "GEOID": "31080", "NAME": "Los Angeles-Long Beach-Anaheim, CA", "NAMELSAD": "Los Angeles-Long Beach-Anaheim, CA Metro Area", "LSAD": "M1", "ALAND": 12569524354.0, "AWATER": 2191222299.0 }, "geometry": { "type": "Point", "coordinates": [ -118.200707, 33.859662 ] } },
{ "type": "Feature", "properties": { "state_code": "06", "county_code": "065", "site_number": "0010", "parameter_code": "88101", "poc": 1, "parameter_name": "PM2.5 - Local Conditions", "open_date": "2018-01-31T00:00:00", "close_date": "2021-07-31T00:00:00", "concurred_exclusions": null, "dominant_source": "AREA", "measurement_scale": "REGIONAL SCALE", "measurement_scale_def": "50 TO HUNDREDS KM", "monitoring_objective": "GENERAL/BACKGROUND", "last_method_code": "170", "last_method_description": "Met One BAM-1020 Mass Monitor w/VSCC - Beta Attenuation", "last_method_begin_date": "2018-01-31", "naaqs_primary_monitor": "Y", "qa_primary_monitor": null, "monitor_type": null, "networks": null, "monitoring_agency_code": "0745", "monitoring_agency": "National Park Service", "si_id": 104239, "latitude": 33.747236, "longitude": -115.820124, "datum": "NAD83", "lat_lon_accuracy": 100.0, "elevation": 943.0, "probe_height": null, "pl_probe_location": null, "local_site_name": "Joshua Tree NP - Cottonwood Visitor Center", "address": "Joshua Tree National Park, California", "state_name": "California", "county_name": "Riverside", "city_name": "Joshua Tree National Monument", "cbsa_code": "40140", "cbsa_name": "Riverside-San Bernardino-Ontario, CA", "csa_code": "348", "csa_name": "Los Angeles-Long Beach, CA", "tribal_code": null, "tribe_name": null, "index_right": 21.0, "CSAFP": "348", "CBSAFP": "40140", "GEOIDFQ": "310M700US40140", "GEOID": "40140", "NAME": "Riverside-San Bernardino-Ontario, CA", "NAMELSAD": "Riverside-San Bernardino-Ontario, CA Metro Area", "LSAD": "M1", "ALAND": 70648193821.0, "AWATER": 339279578.0 }, "geometry": { "type": "Point", "coordinates": [ -115.820124, 33.747236 ] } },
{ "type": "Feature", "properties": { "state_code": "06", "county_code": "001", "site_number": "0015", "parameter_code": "88101", "poc": 3, "parameter_name": "PM2.5 - Local Conditions", "open_date": "2018-04-01T00:00:00", "close_date": null, "concurred_exclusions": null, "dominant_source": "MOBILE", "measurement_scale": "MICROSCALE", "measurement_scale_def": "0 M TO 100 M", "monitoring_objective": "POPULATION EXPOSURE; SOURCE ORIENTED", "last_method_code": "170", "last_method_description": "Met One BAM-1020 Mass Monitor w/VSCC - Beta Attenuation", "last_method_begin_date": "2018-04-01", "naaqs_primary_monitor": "Y", "qa_primary_monitor": null, "monitor_type": "SLAMS", "networks": "NEAR ROAD", "monitoring_agency_code": "0086", "monitoring_agency": "Bay Area Air Quality Management District", "si_id": 104234, "latitude": 37.701222, "longitude": -121.903019, "datum": "NAD83", "lat_lon_accuracy": 1.0, "elevation": 101.0, "probe_height": 4.6, "pl_probe_location": "TOP OF BUILDING", "local_site_name": "Pleasanton - Owens Ct", "address": "Owens Ct.", "state_name": "California", "county_name": "Alameda", "city_name": "Pleasanton", "cbsa_code": "41860", "cbsa_name": "San Francisco-Oakland-Hayward, CA", "csa_code": "488", "csa_name": "San Jose-San Francisco-Oakland, CA", "tribal_code": null, "tribe_name": null, "index_right": 13.0, "CSAFP": "488", "CBSAFP": "41860", "GEOIDFQ": "310M700US41860", "GEOID": "41860", "NAME": "San Francisco-Oakland-Fremont, CA", "NAMELSAD": "San Francisco-Oakland-Fremont, CA Metro Area", "LSAD": "M1", "ALAND": 6396759028.0, "AWATER": 2476945717.0 }, "geometry": { "type": "Point", "coordinates": [ -121.903019, 37.701222 ] } },
{ "type": "Feature", "properties": { "state_code": "06", "county_code": "007", "site_number": "0008", "parameter_code": "88101", "poc": 3, "parameter_name": "PM2.5 - Local Conditions", "open_date": "2019-07-01T00:00:00", "close_date": null, "concurred_exclusions": null, "dominant_source": "AREA", "measurement_scale": "NEIGHBORHOOD", "measurement_scale_def": "500 M TO 4KM", "monitoring_objective": "POPULATION EXPOSURE", "last_method_code": "170", "last_method_description": "Met One BAM-1020 Mass Monitor w/VSCC - Beta Attenuation", "last_method_begin_date": "2019-07-01", "naaqs_primary_monitor": "Y", "qa_primary_monitor": null, "monitor_type": "SLAMS", "networks": null, "monitoring_agency_code": "0145", "monitoring_agency": "California Air Resources Board", "si_id": 96599, "latitude": 39.76168, "longitude": -121.84047, "datum": "NAD83", "lat_lon_accuracy": 62.0, "elevation": 1.0, "probe_height": 5.8, "pl_probe_location": "TOP OF BUILDING", "local_site_name": "Chico-East Avenue", "address": "984 East Avenue, Chico", "state_name": "California", "county_name": "Butte", "city_name": "Chico", "cbsa_code": "17020", "cbsa_name": "Chico, CA", "csa_code": null, "csa_name": null, "tribal_code": null, "tribe_name": null, "index_right": 15.0, "CSAFP": null, "CBSAFP": "17020", "GEOIDFQ": "310M700US17020", "GEOID": "17020", "NAME": "Chico, CA", "NAMELSAD": "Chico, CA Metro Area", "LSAD": "M1", "ALAND": 4238545149.0, "AWATER": 105204062.0 }, "geometry": { "type": "Point", "coordinates": [ -121.84047, 39.76168 ] } },
{ "type": "Feature", "properties": { "state_code": "06", "county_code": "027", "site_number": "1023", "parameter_code": "88101", "poc": 1, "parameter_name": "PM2.5 - Local Conditions", "open_date": "2020-07-01T00:00:00", "close_date": "2025-10-01T00:00:00", "concurred_exclusions": "All (2020-07-01 - 2025-10-01)", "dominant_source": "AREA", "measurement_scale": "NEIGHBORHOOD", "measurement_scale_def": "500 M TO 4KM", "monitoring_objective": "POPULATION EXPOSURE", "last_method_code": "236", "last_method_description": "Teledyne T640 at 5.0 LPM - Broadband spectroscopy", "last_method_begin_date": "2020-07-01", "naaqs_primary_monitor": null, "qa_primary_monitor": null, "monitor_type": null, "networks": null, "monitoring_agency_code": "549", "monitoring_agency": "Paiute-Shoshone Indians of Bishop Community of Bishop Colony, CA", "si_id": 92502, "latitude": 37.362137, "longitude": -118.417478, "datum": "WGS84", "lat_lon_accuracy": 3.0, "elevation": 1288.55, "probe_height": null, "pl_probe_location": "TOP OF BUILDING", "local_site_name": "Bishop Tribe EMO", "address": "50 TU SU LANE", "state_name": "California", "county_name": "Inyo", "city_name": "Bishop", "cbsa_code": "13860", "cbsa_name": "Bishop, CA", "csa_code": null, "csa_name": null, "tribal_code": "549", "tribe_name": "Paiute-Shoshone Indians of Bishop Community of Bishop Colony, CA", "index_right": 30.0, "CSAFP": null, "CBSAFP": "13860", "GEOIDFQ": "310M700US13860", "GEOID": "13860", "NAME": "Bishop, CA", "NAMELSAD": "Bishop, CA Micro Area", "LSAD": "M2", "ALAND": 26410783052.0, "AWATER": 77280938.0 }, "geometry": { "type": "Point", "coordinates": [ -118.417478, 37.362137 ] } },
{ "type": "Feature", "properties": { "state_code": "06", "county_code": "101", "site_number": "0003", "parameter_code": "88101", "poc": 4, "parameter_name": "PM2.5 - Local Conditions", "open_date": "2021-04-01T00:00:00", "close_date": null, "concurred_exclusions": null, "dominant_source": null, "measurement_scale": null, "measurement_scale_def": null, "monitoring_objective": "POPULATION EXPOSURE", "last_method_code": "170", "last_method_description": "Met One BAM-1020 Mass Monitor w/VSCC - Beta Attenuation", "last_method_begin_date": "2021-04-01", "naaqs_primary_monitor": null, "qa_primary_monitor": null, "monitor_type": "SLAMS", "networks": null, "monitoring_agency_code": "0145", "monitoring_agency": "California Air Resources Board", "si_id": 1567, "latitude": 39.138773, "longitude": -121.618549, "datum": "WGS84", "lat_lon_accuracy": 0.0, "elevation": 20.0, "probe_height": null, "pl_probe_location": null, "local_site_name": "Yuba City", "address": "773 ALMOND ST, YUBA CITY", "state_name": "California", "county_name": "Sutter", "city_name": "Yuba City", "cbsa_code": "49700", "cbsa_name": "Yuba City, CA", "csa_code": "472", "csa_name": "Sacramento-Roseville, CA", "tribal_code": null, "tribe_name": null, "index_right": 1.0, "CSAFP": "472", "CBSAFP": "49700", "GEOIDFQ": "310M700US49700", "GEOID": "49700", "NAME": "Yuba City, CA", "NAMELSAD": "Yuba City, CA Metro Area", "LSAD": "M1", "ALAND": 3197863363.0, "AWATER": 45895634.0 }, "geometry": { "type": "Point", "coordinates": [ -121.618549, 39.138773 ] } },
{ "type": "Feature", "properties": { "state_code": "06", "county_code": "077", "site_number": "1003", "parameter_code": "88101", "poc": 3, "parameter_name": "PM2.5 - Local Conditions", "open_date": "2021-11-05T00:00:00", "close_date": null, "concurred_exclusions": null, "dominant_source": null, "measurement_scale": "NEIGHBORHOOD", "measurement_scale_def": "500 M TO 4KM", "monitoring_objective": "POPULATION EXPOSURE", "last_method_code": "170", "last_method_description": "Met One BAM-1020 Mass Monitor w/VSCC - Beta Attenuation", "last_method_begin_date": "2021-11-05", "naaqs_primary_monitor": "Y", "qa_primary_monitor": null, "monitor_type": "SLAMS", "networks": null, "monitoring_agency_code": "0145", "monitoring_agency": "California Air Resources Board", "si_id": 104941, "latitude": 37.961578, "longitude": -121.281414, "datum": "WGS84", "lat_lon_accuracy": 5.0, "elevation": 10.37, "probe_height": null, "pl_probe_location": null, "local_site_name": "Stockton - University Park", "address": "702 N Aurora Street, Stockton, CA 95202", "state_name": "California", "county_name": "San Joaquin", "city_name": "Stockton", "cbsa_code": "44700", "cbsa_name": "Stockton-Lodi, CA", "csa_code": "488", "csa_name": "San Jose-San Francisco-Oakland, CA", "tribal_code": null, "tribe_name": null, "index_right": 4.0, "CSAFP": "488", "CBSAFP": "44700", "GEOIDFQ": "310M700US44700", "GEOID": "44700", "NAME": "Stockton-Lodi, CA", "NAMELSAD": "Stockton-Lodi, CA Metro Area", "LSAD": "M1", "ALAND": 3605878834.0, "AWATER": 89000661.0 }, "geometry": { "type": "Point", "coordinates": [ -121.281414, 37.961578 ] } },
{ "type": "Feature", "properties": { "state_code": "06", "county_code": "037", "site_number": "4009", "parameter_code": "88101", "poc": 3, "parameter_name": "PM2.5 - Local Conditions", "open_date": "2022-04-01T00:00:00", "close_date": null, "concurred_exclusions": null, "dominant_source": null, "measurement_scale": "URBAN SCALE", "measurement_scale_def": "4 KM TO 50 KM", "monitoring_objective": "POPULATION EXPOSURE", "last_method_code": "170", "last_method_description": "Met One BAM-1020 Mass Monitor w/VSCC - Beta Attenuation", "last_method_begin_date": "2022-04-01", "naaqs_primary_monitor": "Y", "qa_primary_monitor": "Y", "monitor_type": "SLAMS", "networks": null, "monitoring_agency_code": "0972", "monitoring_agency": "South Coast Air Quality Management District", "si_id": 104683, "latitude": 33.793713, "longitude": -118.171019, "datum": "NAD83", "lat_lon_accuracy": 3.04, "elevation": 8.0, "probe_height": null, "pl_probe_location": "TOP OF BUILDING", "local_site_name": "Signal Hill (LBSH)", "address": "1710 E. 20th Street", "state_name": "California", "county_name": "Los Angeles", "city_name": "Signal Hill", "cbsa_code": "31080", "cbsa_name": "Los Angeles-Long Beach-Anaheim, CA", "csa_code": "348", "csa_name": "Los Angeles-Long Beach, CA", "tribal_code": null, "tribe_name": null, "index_right": 18.0, "CSAFP": "348", "CBSAFP": "31080", "GEOIDFQ": "310M700US31080", "GEOID": "31080", "NAME": "Los Angeles-Long Beach-Anaheim, CA", "NAMELSAD": "Los Angeles-Long Beach-Anaheim, CA Metro Area", "LSAD": "M1", "ALAND": 12569524354.0, "AWATER": 2191222299.0 }, "geometry": { "type": "Point", "coordinates": [ -118.171019, 33.793713 ] } },
{ "type": "Feature", "properties": { "state_code": "06", "county_code": "027", "site_number": "0002", "parameter_code": "88101", "poc": 21, "parameter_name": "PM2.5 - Local Conditions", "open_date": "2017-10-01T00:00:00", "close_date": "2023-07-09T00:00:00", "concurred_exclusions": null, "dominant_source": null, "measurement_scale": "REGIONAL SCALE", "measurement_scale_def": "50 TO HUNDREDS KM", "monitoring_objective": "POPULATION EXPOSURE", "last_method_code": "738", "last_method_description": "Teledyne T640X at 16.67 LPM (Corrected) - Broadband spectroscopy", "last_method_begin_date": "2017-10-01", "naaqs_primary_monitor": null, "qa_primary_monitor": null, "monitor_type": null, "networks": null, "monitoring_agency_code": "0458", "monitoring_agency": "Great Basin Unified APCD", "si_id": 971, "latitude": 37.360684, "longitude": -118.330783, "datum": "WGS84", "lat_lon_accuracy": 0.0, "elevation": 1257.0, "probe_height": 3.0, "pl_probe_location": null, "local_site_name": "WMRC/NCORE", "address": "WMRC/NCORE, 3000 E. LINE ST., BISHOP, CA. 93514", "state_name": "California", "county_name": "Inyo", "city_name": "Not in a City", "cbsa_code": "13860", "cbsa_name": "Bishop, CA", "csa_code": null, "csa_name": null, "tribal_code": null, "tribe_name": null, "index_right": 30.0, "CSAFP": null, "CBSAFP": "13860", "GEOIDFQ": "310M700US13860", "GEOID": "13860", "NAME": "Bishop, CA", "NAMELSAD": "Bishop, CA Micro Area", "LSAD": "M2", "ALAND": 26410783052.0, "AWATER": 77280938.0 }, "geometry": { "type": "Point", "coordinates": [ -118.330783, 37.360684 ] } },
{ "type": "Feature", "properties": { "state_code": "06", "county_code": "047", "site_number": "2024", "parameter_code": "88101", "poc": 3, "parameter_name": "PM2.5 - Local Conditions", "open_date": "2024-01-01T00:00:00", "close_date": null, "concurred_exclusions": null, "dominant_source": null, "measurement_scale": "NEIGHBORHOOD", "measurement_scale_def": "500 M TO 4KM", "monitoring_objective": "POPULATION EXPOSURE", "last_method_code": "170", "last_method_description": "Met One BAM-1020 Mass Monitor w/VSCC - Beta Attenuation", "last_method_begin_date": "2024-01-01", "naaqs_primary_monitor": "Y", "qa_primary_monitor": null, "monitor_type": "SLAMS", "networks": null, "monitoring_agency_code": "0945", "monitoring_agency": "San Joaquin Valley Unified Air Pollution Control District", "si_id": 105218, "latitude": 37.289732, "longitude": -120.429718, "datum": "WGS84", "lat_lon_accuracy": 1.0, "elevation": 57.3, "probe_height": 3.6, "pl_probe_location": null, "local_site_name": "Merced-Vierra", "address": "3076 E Childs Ave Merced, CA 95341", "state_name": "California", "county_name": "Merced", "city_name": "Merced", "cbsa_code": "32900", "cbsa_name": "Merced, CA", "csa_code": "382", "csa_name": "Modesto-Merced, CA", "tribal_code": null, "tribe_name": null, "index_right": 24.0, "CSAFP": "488", "CBSAFP": "32900", "GEOIDFQ": "310M700US32900", "GEOID": "32900", "NAME": "Merced, CA", "NAMELSAD": "Merced, CA Metro Area", "LSAD": "M1", "ALAND": 5019407136.0, "AWATER": 105277636.0 }, "geometry": { "type": "Point", "coordinates": [ -120.429718, 37.289732 ] } },
{ "type": "Feature", "properties": { "state_code": "06", "county_code": "011", "site_number": "1002", "parameter_code": "88101", "poc": 1, "parameter_name": "PM2.5 - Local Conditions", "open_date": "1998-12-16T00:00:00", "close_date": "2020-12-07T00:00:00", "concurred_exclusions": null, "dominant_source": null, "measurement_scale": "NEIGHBORHOOD", "measurement_scale_def": "500 M TO 4KM", "monitoring_objective": "POPULATION EXPOSURE", "last_method_code": "143", "last_method_description": "R & P Model 2000 PM-2.5 Air Sampler w/VSCC - Gravimetric", "last_method_begin_date": "2013-12-19", "naaqs_primary_monitor": null, "qa_primary_monitor": null, "monitor_type": null, "networks": null, "monitoring_agency_code": "0145", "monitoring_agency": "California Air Resources Board", "si_id": 888, "latitude": 39.18919, "longitude": -121.99887, "datum": "NAD83", "lat_lon_accuracy": 0.0, "elevation": 17.0, "probe_height": 7.6, "pl_probe_location": null, "local_site_name": "Colusa-Sunrise Blvd", "address": "100 SUNRISE BLVD., COLUSA", "state_name": "California", "county_name": "Colusa", "city_name": "Colusa", "cbsa_code": null, "cbsa_name": null, "csa_code": null, "csa_name": null, "tribal_code": null, "tribe_name": null, "index_right": null, "CSAFP": null, "CBSAFP": null, "GEOIDFQ": null, "GEOID": null, "NAME": null, "NAMELSAD": null, "LSAD": null, "ALAND": null, "AWATER": null }, "geometry": { "type": "Point", "coordinates": [ -121.99887, 39.18919 ] } },
{ "type": "Feature", "properties": { "state_code": "06", "county_code": "029", "site_number": "0010", "parameter_code": "88101", "poc": 1, "parameter_name": "PM2.5 - Local Conditions", "open_date": "1999-01-01T00:00:00", "close_date": "2020-12-31T00:00:00", "concurred_exclusions": null, "dominant_source": null, "measurement_scale": "NEIGHBORHOOD", "measurement_scale_def": "500 M TO 4KM", "monitoring_objective": "POPULATION EXPOSURE", "last_method_code": "145", "last_method_description": "R & P Model 2025 PM-2.5 Sequential Air Sampler w/VSCC - Gravimetric", "last_method_begin_date": "2014-06-10", "naaqs_primary_monitor": null, "qa_primary_monitor": null, "monitor_type": null, "networks": null, "monitoring_agency_code": "0145", "monitoring_agency": "California Air Resources Board", "si_id": 1008, "latitude": 35.385574, "longitude": -119.015009, "datum": "WGS84", "lat_lon_accuracy": 3.04, "elevation": 151.0, "probe_height": 5.7, "pl_probe_location": null, "local_site_name": "Bakersfield-Golden / M St", "address": "2820 M St., Bakersfield, CA 93301", "state_name": "California", "county_name": "Kern", "city_name": "Bakersfield", "cbsa_code": "12540", "cbsa_name": "Bakersfield, CA", "csa_code": null, "csa_name": null, "tribal_code": null, "tribe_name": null, "index_right": 33.0, "CSAFP": null, "CBSAFP": "12540", "GEOIDFQ": "310M700US12540", "GEOID": "12540", "NAME": "Bakersfield-Delano, CA", "NAMELSAD": "Bakersfield-Delano, CA Metro Area", "LSAD": "M1", "ALAND": 21068706348.0, "AWATER": 78331375.0 }, "geometry": { "type": "Point", "coordinates": [ -119.015009, 35.385574 ] } },
{ "type": "Feature", "properties": { "state_code": "06", "county_code": "037", "site_number": "2005", "parameter_code": "88101", "poc": 2, "parameter_name": "PM2.5 - Local Conditions", "open_date": "1999-01-01T00:00:00", "close_date": "2020-02-04T00:00:00", "concurred_exclusions": null, "dominant_source": null, "measurement_scale": "NEIGHBORHOOD", "measurement_scale_def": "500 M TO 4KM", "monitoring_objective": "POPULATION EXPOSURE", "last_method_code": "155", "last_method_description": "Thermo Electron Model RAAS2.5-300 Sequential w/VSCC - Gravimetric", "last_method_begin_date": "2017-05-01", "naaqs_primary_monitor": null, "qa_primary_monitor": null, "monitor_type": null, "networks": null, "monitoring_agency_code": "0972", "monitoring_agency": "South Coast Air Quality Management District", "si_id": 1096, "latitude": 34.1326, "longitude": -118.1272, "datum": "WGS84", "lat_lon_accuracy": 0.0, "elevation": 250.0, "probe_height": null, "pl_probe_location": null, "local_site_name": "Pasadena", "address": "752 S. WILSON AVE., PASADENA", "state_name": "California", "county_name": "Los Angeles", "city_name": "Pasadena", "cbsa_code": "31080", "cbsa_name": "Los Angeles-Long Beach-Anaheim, CA", "csa_code": "348", "csa_name": "Los Angeles-Long Beach, CA", "tribal_code": null, "tribe_name": null, "index_right": 18.0, "CSAFP": "348", "CBSAFP": "31080", "GEOIDFQ": "310M700US31080", "GEOID": "31080", "NAME": "Los Angeles-Long Beach-Anaheim, CA", "NAMELSAD": "Los Angeles-Long Beach-Anaheim, CA Metro Area", "LSAD": "M1", "ALAND": 12569524354.0, "AWATER": 2191222299.0 }, "geometry": { "type": "Point", "coordinates": [ -118.1272, 34.1326 ] } },
{ "type": "Feature", "properties": { "state_code": "06", "county_code": "057", "site_number": "1001", "parameter_code": "88101", "poc": 1, "parameter_name": "PM2.5 - Local Conditions", "open_date": "1999-03-31T00:00:00", "close_date": "2022-07-09T00:00:00", "concurred_exclusions": null, "dominant_source": null, "measurement_scale": "NEIGHBORHOOD", "measurement_scale_def": "500 M TO 4KM", "monitoring_objective": "POPULATION EXPOSURE", "last_method_code": "145", "last_method_description": "R & P Model 2025 PM-2.5 Sequential Air Sampler w/VSCC - Gravimetric", "last_method_begin_date": "2015-09-26", "naaqs_primary_monitor": null, "qa_primary_monitor": null, "monitor_type": null, "networks": null, "monitoring_agency_code": "0145", "monitoring_agency": "California Air Resources Board", "si_id": 1199, "latitude": 39.32783, "longitude": -120.184592, "datum": "NAD83", "lat_lon_accuracy": 0.0, "elevation": 5500.0, "probe_height": 7.0, "pl_probe_location": null, "local_site_name": "Truckee-Fire Station", "address": "FS-10049 DONNER PASS RD, TRUCKEE", "state_name": "California", "county_name": "Nevada", "city_name": "Truckee", "cbsa_code": "46020", "cbsa_name": "Truckee-Grass Valley, CA", "csa_code": "472", "csa_name": "Sacramento-Roseville, CA", "tribal_code": null, "tribe_name": null, "index_right": 8.0, "CSAFP": "472", "CBSAFP": "46020", "GEOIDFQ": "310M700US46020", "GEOID": "46020", "NAME": "Truckee-Grass Valley, CA", "NAMELSAD": "Truckee-Grass Valley, CA Micro Area", "LSAD": "M2", "ALAND": 2480587300.0, "AWATER": 41531993.0 }, "geometry": { "type": "Point", "coordinates": [ -120.184592, 39.32783 ] } },
{ "type": "Feature", "properties": { "state_code": "06", "county_code": "065", "site_number": "2002", "parameter_code": "88101", "poc": 1, "parameter_name": "PM2.5 - Local Conditions", "open_date": "1999-01-01T00:00:00", "close_date": "2022-04-14T00:00:00", "concurred_exclusions": null, "dominant_source": null, "measurement_scale": "NEIGHBORHOOD", "measurement_scale_def": "500 M TO 4KM", "monitoring_objective": "POPULATION EXPOSURE", "last_method_code": "143", "last_method_description": "R & P Model 2000 PM-2.5 Air Sampler w/VSCC - Gravimetric", "last_method_begin_date": "2022-01-29", "naaqs_primary_monitor": null, "qa_primary_monitor": null, "monitor_type": null, "networks": null, "monitoring_agency_code": "0972", "monitoring_agency": "South Coast Air Quality Management District", "si_id": 1253, "latitude": 33.70853, "longitude": -116.21537, "datum": "WGS84", "lat_lon_accuracy": 0.0, "elevation": 0.0, "probe_height": null, "pl_probe_location": null, "local_site_name": "Indio", "address": "46-990 JACKSON ST., INDIO", "state_name": "California", "county_name": "Riverside", "city_name": "Indio", "cbsa_code": "40140", "cbsa_name": "Riverside-San Bernardino-Ontario, CA", "csa_code": "348", "csa_name": "Los Angeles-Long Beach, CA", "tribal_code": null, "tribe_name": null, "index_right": 21.0, "CSAFP": "348", "CBSAFP": "40140", "GEOIDFQ": "310M700US40140", "GEOID": "40140", "NAME": "Riverside-San Bernardino-Ontario, CA", "NAMELSAD": "Riverside-San Bernardino-Ontario, CA Metro Area", "LSAD": "M1", "ALAND": 70648193821.0, "AWATER": 339279578.0 }, "geometry": { "type": "Point", "coordinates": [ -116.21537, 33.70853 ] } },
{ "type": "Feature", "properties": { "state_code": "06", "county_code": "071", "site_number": "9004", "parameter_code": "88101", "poc": 1, "parameter_name": "PM2.5 - Local Conditions", "open_date": "1999-01-01T00:00:00", "close_date": null, "concurred_exclusions": null, "dominant_source": null, "measurement_scale": "NEIGHBORHOOD", "measurement_scale_def": "500 M TO 4KM", "monitoring_objective": "POPULATION EXPOSURE", "last_method_code": "145", "last_method_description": "R & P Model 2025 PM-2.5 Sequential Air Sampler w/VSCC - Gravimetric", "last_method_begin_date": "2019-08-22", "naaqs_primary_monitor": "Y", "qa_primary_monitor": null, "monitor_type": "SLAMS", "networks": null, "monitoring_agency_code": "0972", "monitoring_agency": "South Coast Air Quality Management District", "si_id": 1340, "latitude": 34.106678, "longitude": -117.274063, "datum": "NAD83", "lat_lon_accuracy": 0.0, "elevation": 0.0, "probe_height": null, "pl_probe_location": null, "local_site_name": "San Bernardino", "address": "24302 4TH ST., SAN BERNARDINO, CA.", "state_name": "California", "county_name": "San Bernardino", "city_name": "San Bernardino", "cbsa_code": "40140", "cbsa_name": "Riverside-San Bernardino-Ontario, CA", "csa_code": "348", "csa_name": "Los Angeles-Long Beach, CA", "tribal_code": null, "tribe_name": null, "index_right": 21.0, "CSAFP": "348", "CBSAFP": "40140", "GEOIDFQ": "310M700US40140", "GEOID": "40140", "NAME": "Riverside-San Bernardino-Ontario, CA", "NAMELSAD": "Riverside-San Bernardino-Ontario, CA Metro Area", "LSAD": "M1", "ALAND": 70648193821.0, "AWATER": 339279578.0 }, "geometry": { "type": "Point", "coordinates": [ -117.274063, 34.106678 ] } },
{ "type": "Feature", "properties": { "state_code": "06", "county_code": "113", "site_number": "1003", "parameter_code": "88101", "poc": 1, "parameter_name": "PM2.5 - Local Conditions", "open_date": "1999-01-09T00:00:00", "close_date": "2024-07-07T00:00:00", "concurred_exclusions": null, "dominant_source": null, "measurement_scale": "NEIGHBORHOOD", "measurement_scale_def": "500 M TO 4KM", "monitoring_objective": "POPULATION EXPOSURE", "last_method_code": "145", "last_method_description": "R & P Model 2025 PM-2.5 Sequential Air Sampler w/VSCC - Gravimetric", "last_method_begin_date": "2016-07-01", "naaqs_primary_monitor": null, "qa_primary_monitor": null, "monitor_type": null, "networks": null, "monitoring_agency_code": "0145", "monitoring_agency": "California Air Resources Board", "si_id": 1637, "latitude": 38.66121, "longitude": -121.73269, "datum": "WGS84", "lat_lon_accuracy": 151.82, "elevation": 11.0, "probe_height": 2.2, "pl_probe_location": null, "local_site_name": "Woodland-Gibson Road", "address": "41929 E. GIBSON ROAD, WOODLAND", "state_name": "California", "county_name": "Yolo", "city_name": "Woodland", "cbsa_code": "40900", "cbsa_name": "Sacramento--Roseville--Arden-Arcade, CA", "csa_code": "472", "csa_name": "Sacramento-Roseville, CA", "tribal_code": null, "tribe_name": null, "index_right": 11.0, "CSAFP": "472", "CBSAFP": "40900", "GEOIDFQ": "310M700US40900", "GEOID": "40900", "NAME": "Sacramento-Roseville-Folsom, CA", "NAMELSAD": "Sacramento-Roseville-Folsom, CA Metro Area", "LSAD": "M1", "ALAND": 13191282211.0, "AWATER": 548045435.0 }, "geometry": { "type": "Point", "coordinates": [ -121.73269, 38.66121 ] } },
{ "type": "Feature", "properties": { "state_code": "06", "county_code": "073", "site_number": "1010", "parameter_code": "88101", "poc": 1, "parameter_name": "PM2.5 - Local Conditions", "open_date": "2005-07-14T00:00:00", "close_date": "2016-09-30T00:00:00", "concurred_exclusions": null, "dominant_source": "AREA", "measurement_scale": "NEIGHBORHOOD", "measurement_scale_def": "500 M TO 4KM", "monitoring_objective": "GENERAL/BACKGROUND", "last_method_code": "145", "last_method_description": "R & P Model 2025 PM-2.5 Sequential Air Sampler w/VSCC - Gravimetric", "last_method_begin_date": "2011-01-01", "naaqs_primary_monitor": null, "qa_primary_monitor": null, "monitor_type": null, "networks": null, "monitoring_agency_code": "0942", "monitoring_agency": "San Diego County Air Pollution Control District", "si_id": 92660, "latitude": 32.701492, "longitude": -117.149653, "datum": "WGS84", "lat_lon_accuracy": 10.0, "elevation": 3.0, "probe_height": 6.0, "pl_probe_location": "TOP OF BUILDING", "local_site_name": "San Diego - Beardsley Street", "address": "1110 BEARDSLEY STREET, SAN DIEGO, CA 92112", "state_name": "California", "county_name": "San Diego", "city_name": "San Diego", "cbsa_code": "41740", "cbsa_name": "San Diego-Carlsbad, CA", "csa_code": null, "csa_name": null, "tribal_code": null, "tribe_name": null, "index_right": 19.0, "CSAFP": null, "CBSAFP": "41740", "GEOIDFQ": "310M700US41740", "GEOID": "41740", "NAME": "San Diego-Chula Vista-Carlsbad, CA", "NAMELSAD": "San Diego-Chula Vista-Carlsbad, CA Metro Area", "LSAD": "M1", "ALAND": 10905046431.0, "AWATER": 816535836.0 }, "geometry": { "type": "Point", "coordinates": [ -117.149653, 32.701492 ] } },
{ "type": "Feature", "properties": { "state_code": "06", "county_code": "065", "site_number": "8005", "parameter_code": "88101", "poc": 3, "parameter_name": "PM2.5 - Local Conditions", "open_date": "2008-01-01T00:00:00", "close_date": null, "concurred_exclusions": "All (2008-01-01 - 2008-01-01)", "dominant_source": null, "measurement_scale": "NEIGHBORHOOD", "measurement_scale_def": "500 M TO 4KM", "monitoring_objective": "OTHER", "last_method_code": "170", "last_method_description": "Met One BAM-1020 Mass Monitor w/VSCC - Beta Attenuation", "last_method_begin_date": "2018-01-01", "naaqs_primary_monitor": null, "qa_primary_monitor": null, "monitor_type": "SLAMS", "networks": null, "monitoring_agency_code": "0972", "monitoring_agency": "South Coast Air Quality Management District", "si_id": 92995, "latitude": 33.99636, "longitude": -117.4924, "datum": "NAD83", "lat_lon_accuracy": 1.0, "elevation": 250.0, "probe_height": null, "pl_probe_location": null, "local_site_name": "Mira Loma (Van Buren)", "address": "5130 POINSETTIA PLACE", "state_name": "California", "county_name": "Riverside", "city_name": "Mira Loma", "cbsa_code": "40140", "cbsa_name": "Riverside-San Bernardino-Ontario, CA", "csa_code": "348", "csa_name": "Los Angeles-Long Beach, CA", "tribal_code": null, "tribe_name": null, "index_right": 21.0, "CSAFP": "348", "CBSAFP": "40140", "GEOIDFQ": "310M700US40140", "GEOID": "40140", "NAME": "Riverside-San Bernardino-Ontario, CA", "NAMELSAD": "Riverside-San Bernardino-Ontario, CA Metro Area", "LSAD": "M1", "ALAND": 70648193821.0, "AWATER": 339279578.0 }, "geometry": { "type": "Point", "coordinates": [ -117.4924, 33.99636 ] } },
{ "type": "Feature", "properties": { "state_code": "06", "county_code": "053", "site_number": "1003", "parameter_code": "88101", "poc": 3, "parameter_name": "PM2.5 - Local Conditions", "open_date": "2010-01-01T00:00:00", "close_date": null, "concurred_exclusions": null, "dominant_source": null, "measurement_scale": "NEIGHBORHOOD", "measurement_scale_def": "500 M TO 4KM", "monitoring_objective": "POPULATION EXPOSURE", "last_method_code": "170", "last_method_description": "Met One BAM-1020 Mass Monitor w/VSCC - Beta Attenuation", "last_method_begin_date": "2010-01-01", "naaqs_primary_monitor": "Y", "qa_primary_monitor": "Y", "monitor_type": "SLAMS", "networks": null, "monitoring_agency_code": "0721", "monitoring_agency": "Monterey Bay Unified APCD", "si_id": 1185, "latitude": 36.694261, "longitude": -121.623271, "datum": "NAD83", "lat_lon_accuracy": 13.0, "elevation": 21.6, "probe_height": 6.1, "pl_probe_location": "TOP OF BUILDING", "local_site_name": "Salinas 3", "address": "867 E. LAUREL Dr", "state_name": "California", "county_name": "Monterey", "city_name": "Salinas", "cbsa_code": "41500", "cbsa_name": "Salinas, CA", "csa_code": null, "csa_name": null, "tribal_code": null, "tribe_name": null, "index_right": 0.0, "CSAFP": null, "CBSAFP": "41500", "GEOIDFQ": "310M700US41500", "GEOID": "41500", "NAME": "Salinas, CA", "NAMELSAD": "Salinas, CA Metro Area", "LSAD": "M1", "ALAND": 8499610241.0, "AWATER": 1267806311.0 }, "geometry": { "type": "Point", "coordinates": [ -121.623271, 36.694261 ] } },
{ "type": "Feature", "properties": { "state_code": "06", "county_code": "079", "site_number": "2004", "parameter_code": "88101", "poc": 1, "parameter_name": "PM2.5 - Local Conditions", "open_date": "2009-07-01T00:00:00", "close_date": null, "concurred_exclusions": null, "dominant_source": null, "measurement_scale": "NEIGHBORHOOD", "measurement_scale_def": "500 M TO 4KM", "monitoring_objective": "SOURCE ORIENTED", "last_method_code": "170", "last_method_description": "Met One BAM-1020 Mass Monitor w/VSCC - Beta Attenuation", "last_method_begin_date": "2009-07-01", "naaqs_primary_monitor": "Y", "qa_primary_monitor": "Y", "monitor_type": "SLAMS", "networks": null, "monitoring_agency_code": "0946", "monitoring_agency": "San Luis Obispo County APCD", "si_id": 1406, "latitude": 35.02083, "longitude": -120.56388, "datum": "WGS84", "lat_lon_accuracy": 15.0, "elevation": 49.0, "probe_height": 4.8, "pl_probe_location": null, "local_site_name": "Mesa2", "address": "1300 GUADALUPE RD., NIPOMO, CA., 93444", "state_name": "California", "county_name": "San Luis Obispo", "city_name": "Nipomo", "cbsa_code": "42020", "cbsa_name": "San Luis Obispo-Paso Robles-Arroyo Grande, CA", "csa_code": null, "csa_name": null, "tribal_code": null, "tribe_name": null, "index_right": 6.0, "CSAFP": null, "CBSAFP": "42020", "GEOIDFQ": "310M700US42020", "GEOID": "42020", "NAME": "San Luis Obispo-Paso Robles, CA", "NAMELSAD": "San Luis Obispo-Paso Robles, CA Metro Area", "LSAD": "M1", "ALAND": 8549140866.0, "AWATER": 815650229.0 }, "geometry": { "type": "Point", "coordinates": [ -120.56388, 35.02083 ] } },
{ "type": "Feature", "properties": { "state_code": "06", "county_code": "075", "site_number": "0005", "parameter_code": "88101", "poc": 3, "parameter_name": "PM2.5 - Local Conditions", "open_date": "2009-10-01T00:00:00", "close_date": null, "concurred_exclusions": null, "dominant_source": null, "measurement_scale": "NEIGHBORHOOD", "measurement_scale_def": "500 M TO 4KM", "monitoring_objective": "POPULATION EXPOSURE", "last_method_code": "170", "last_method_description": "Met One BAM-1020 Mass Monitor w/VSCC - Beta Attenuation", "last_method_begin_date": "2009-10-01", "naaqs_primary_monitor": "Y", "qa_primary_monitor": null, "monitor_type": "SLAMS", "networks": null, "monitoring_agency_code": "0086", "monitoring_agency": "Bay Area Air Quality Management District", "si_id": 1376, "latitude": 37.765946, "longitude": -122.399044, "datum": "WGS84", "lat_lon_accuracy": 0.0, "elevation": 5.0, "probe_height": 8.3, "pl_probe_location": "TOP OF BUILDING", "local_site_name": "San Francisco", "address": "10 ARKANSAS ST.", "state_name": "California", "county_name": "San Francisco", "city_name": "San Francisco", "cbsa_code": "41860", "cbsa_name": "San Francisco-Oakland-Hayward, CA", "csa_code": "488", "csa_name": "San Jose-San Francisco-Oakland, CA", "tribal_code": null, "tribe_name": null, "index_right": 13.0, "CSAFP": "488", "CBSAFP": "41860", "GEOIDFQ": "310M700US41860", "GEOID": "41860", "NAME": "San Francisco-Oakland-Fremont, CA", "NAMELSAD": "San Francisco-Oakland-Fremont, CA Metro Area", "LSAD": "M1", "ALAND": 6396759028.0, "AWATER": 2476945717.0 }, "geometry": { "type": "Point", "coordinates": [ -122.399044, 37.765946 ] } },
{ "type": "Feature", "properties": { "state_code": "06", "county_code": "045", "site_number": "2002", "parameter_code": "88101", "poc": 3, "parameter_name": "PM2.5 - Local Conditions", "open_date": "2009-09-15T00:00:00", "close_date": "2021-02-04T00:00:00", "concurred_exclusions": null, "dominant_source": null, "measurement_scale": "NEIGHBORHOOD", "measurement_scale_def": "500 M TO 4KM", "monitoring_objective": "POPULATION EXPOSURE", "last_method_code": "170", "last_method_description": "Met One BAM-1020 Mass Monitor w/VSCC - Beta Attenuation", "last_method_begin_date": "2009-09-15", "naaqs_primary_monitor": null, "qa_primary_monitor": null, "monitor_type": null, "networks": null, "monitoring_agency_code": "0145", "monitoring_agency": "California Air Resources Board", "si_id": 95467, "latitude": 39.41174, "longitude": -123.35264, "datum": "WGS84", "lat_lon_accuracy": 1.0, "elevation": 424.0, "probe_height": 2.0, "pl_probe_location": "TOP OF BUILDING", "local_site_name": "Willits-125 East Commercial Street", "address": "WILLITS JUSTICE CENTER, 125 EAST COMMERCIAL STREET, WILLITS, CA 95490", "state_name": "California", "county_name": "Mendocino", "city_name": "Willits", "cbsa_code": "46380", "cbsa_name": "Ukiah, CA", "csa_code": null, "csa_name": null, "tribal_code": null, "tribe_name": null, "index_right": 14.0, "CSAFP": null, "CBSAFP": "46380", "GEOIDFQ": "310M700US46380", "GEOID": "46380", "NAME": "Ukiah, CA", "NAMELSAD": "Ukiah, CA Micro Area", "LSAD": "M2", "ALAND": 9082587618.0, "AWATER": 961785254.0 }, "geometry": { "type": "Point", "coordinates": [ -123.35264, 39.41174 ] } },
{ "type": "Feature", "properties": { "state_code": "06", "county_code": "079", "site_number": "2007", "parameter_code": "88101", "poc": 1, "parameter_name": "PM2.5 - Local Conditions", "open_date": "2010-08-01T00:00:00", "close_date": null, "concurred_exclusions": null, "dominant_source": "AREA", "measurement_scale": "NEIGHBORHOOD", "measurement_scale_def": "500 M TO 4KM", "monitoring_objective": "HIGHEST CONCENTRATION; SOURCE ORIENTED", "last_method_code": "170", "last_method_description": "Met One BAM-1020 Mass Monitor w/VSCC - Beta Attenuation", "last_method_begin_date": "2010-08-01", "naaqs_primary_monitor": "Y", "qa_primary_monitor": "Y", "monitor_type": "SLAMS", "networks": null, "monitoring_agency_code": "0946", "monitoring_agency": "San Luis Obispo County APCD", "si_id": 95695, "latitude": 35.04673, "longitude": -120.58777, "datum": "NAD83", "lat_lon_accuracy": 1.0, "elevation": 37.5, "probe_height": 4.0, "pl_probe_location": "TOP OF BUILDING", "local_site_name": "CDF", "address": "2391 Willow Road, Arroyo Grande, California", "state_name": "California", "county_name": "San Luis Obispo", "city_name": "Arroyo Grande", "cbsa_code": "42020", "cbsa_name": "San Luis Obispo-Paso Robles-Arroyo Grande, CA", "csa_code": null, "csa_name": null, "tribal_code": null, "tribe_name": null, "index_right": 6.0, "CSAFP": null, "CBSAFP": "42020", "GEOIDFQ": "310M700US42020", "GEOID": "42020", "NAME": "San Luis Obispo-Paso Robles, CA", "NAMELSAD": "San Luis Obispo-Paso Robles, CA Metro Area", "LSAD": "M1", "ALAND": 8549140866.0, "AWATER": 815650229.0 }, "geometry": { "type": "Point", "coordinates": [ -120.58777, 35.04673 ] } },
{ "type": "Feature", "properties": { "state_code": "06", "county_code": "077", "site_number": "1002", "parameter_code": "88101", "poc": 3, "parameter_name": "PM2.5 - Local Conditions", "open_date": "2010-05-11T00:00:00", "close_date": "2021-11-05T00:00:00", "concurred_exclusions": null, "dominant_source": null, "measurement_scale": "NEIGHBORHOOD", "measurement_scale_def": "500 M TO 4KM", "monitoring_objective": "GENERAL/BACKGROUND", "last_method_code": "170", "last_method_description": "Met One BAM-1020 Mass Monitor w/VSCC - Beta Attenuation", "last_method_begin_date": "2010-05-11", "naaqs_primary_monitor": null, "qa_primary_monitor": null, "monitor_type": null, "networks": null, "monitoring_agency_code": "0145", "monitoring_agency": "California Air Resources Board", "si_id": 1389, "latitude": 37.950741, "longitude": -121.268523, "datum": "WGS84", "lat_lon_accuracy": 0.0, "elevation": 19.0, "probe_height": null, "pl_probe_location": null, "local_site_name": "Stockton-Hazelton", "address": "HAZELTON-HD, STOCKTON", "state_name": "California", "county_name": "San Joaquin", "city_name": "Stockton", "cbsa_code": "44700", "cbsa_name": "Stockton-Lodi, CA", "csa_code": "488", "csa_name": "San Jose-San Francisco-Oakland, CA", "tribal_code": null, "tribe_name": null, "index_right": 4.0, "CSAFP": "488", "CBSAFP": "44700", "GEOIDFQ": "310M700US44700", "GEOID": "44700", "NAME": "Stockton-Lodi, CA", "NAMELSAD": "Stockton-Lodi, CA Metro Area", "LSAD": "M1", "ALAND": 3605878834.0, "AWATER": 89000661.0 }, "geometry": { "type": "Point", "coordinates": [ -121.268523, 37.950741 ] } },
{ "type": "Feature", "properties": { "state_code": "06", "county_code": "065", "site_number": "0009", "parameter_code": "88101", "poc": 1, "parameter_name": "PM2.5 - Local Conditions", "open_date": "2010-08-12T00:00:00", "close_date": null, "concurred_exclusions": null, "dominant_source": null, "measurement_scale": "NEIGHBORHOOD", "measurement_scale_def": "500 M TO 4KM", "monitoring_objective": "GENERAL/BACKGROUND", "last_method_code": "170", "last_method_description": "Met One BAM-1020 Mass Monitor w/VSCC - Beta Attenuation", "last_method_begin_date": "2010-08-12", "naaqs_primary_monitor": "Y", "qa_primary_monitor": "Y", "monitor_type": "TRIBAL", "networks": null, "monitoring_agency_code": "586", "monitoring_agency": "Pechanga Band of Luiseno Mission Indians of Pechanga Reservation, CA", "si_id": 95241, "latitude": 33.447867, "longitude": -117.088649, "datum": "WGS84", "lat_lon_accuracy": 0.5, "elevation": 366.093, "probe_height": 15.0, "pl_probe_location": "TOP OF BUILDING", "local_site_name": "Pechanga", "address": "12705 Pechanga Rd., Temecula, CA 92592", "state_name": "California", "county_name": "Riverside", "city_name": "Not in a City", "cbsa_code": "40140", "cbsa_name": "Riverside-San Bernardino-Ontario, CA", "csa_code": "348", "csa_name": "Los Angeles-Long Beach, CA", "tribal_code": "586", "tribe_name": "Pechanga Band of Luiseno Mission Indians of Pechanga Reservation, CA", "index_right": 21.0, "CSAFP": "348", "CBSAFP": "40140", "GEOIDFQ": "310M700US40140", "GEOID": "40140", "NAME": "Riverside-San Bernardino-Ontario, CA", "NAMELSAD": "Riverside-San Bernardino-Ontario, CA Metro Area", "LSAD": "M1", "ALAND": 70648193821.0, "AWATER": 339279578.0 }, "geometry": { "type": "Point", "coordinates": [ -117.088649, 33.447867 ] } },
{ "type": "Feature", "properties": { "state_code": "06", "county_code": "077", "site_number": "2010", "parameter_code": "88101", "poc": 3, "parameter_name": "PM2.5 - Local Conditions", "open_date": "2010-11-16T00:00:00", "close_date": null, "concurred_exclusions": null, "dominant_source": "AREA", "measurement_scale": "NEIGHBORHOOD", "measurement_scale_def": "500 M TO 4KM", "monitoring_objective": "POPULATION EXPOSURE", "last_method_code": "170", "last_method_description": "Met One BAM-1020 Mass Monitor w/VSCC - Beta Attenuation", "last_method_begin_date": "2019-09-12", "naaqs_primary_monitor": "Y", "qa_primary_monitor": null, "monitor_type": "SLAMS", "networks": null, "monitoring_agency_code": "0945", "monitoring_agency": "San Joaquin Valley Unified Air Pollution Control District", "si_id": 96038, "latitude": 37.793392, "longitude": -121.247874, "datum": "NAD83", "lat_lon_accuracy": 1.0, "elevation": 11.0, "probe_height": 6.0, "pl_probe_location": "TOP OF BUILDING", "local_site_name": "Manteca", "address": "530 Fishback Road Manteca, CA", "state_name": "California", "county_name": "San Joaquin", "city_name": "Manteca", "cbsa_code": "44700", "cbsa_name": "Stockton-Lodi, CA", "csa_code": "488", "csa_name": "San Jose-San Francisco-Oakland, CA", "tribal_code": null, "tribe_name": null, "index_right": 4.0, "CSAFP": "488", "CBSAFP": "44700", "GEOIDFQ": "310M700US44700", "GEOID": "44700", "NAME": "Stockton-Lodi, CA", "NAMELSAD": "Stockton-Lodi, CA Metro Area", "LSAD": "M1", "ALAND": 3605878834.0, "AWATER": 89000661.0 }, "geometry": { "type": "Point", "coordinates": [ -121.247874, 37.793392 ] } },
{ "type": "Feature", "properties": { "state_code": "06", "county_code": "065", "site_number": "1016", "parameter_code": "88101", "poc": 1, "parameter_name": "PM2.5 - Local Conditions", "open_date": "2011-10-14T00:00:00", "close_date": null, "concurred_exclusions": "All (2011-10-14 - 2013-12-31); All (2014-01-01 - 2023-12-31)", "dominant_source": null, "measurement_scale": "NEIGHBORHOOD", "measurement_scale_def": "500 M TO 4KM", "monitoring_objective": "GENERAL/BACKGROUND", "last_method_code": "209", "last_method_description": "Met One BAM-1022 Mass Monitor w/ VSCC or TE-PM2.5C - Beta Attenuation", "last_method_begin_date": "2023-09-01", "naaqs_primary_monitor": "Y", "qa_primary_monitor": "Y", "monitor_type": "TRIBAL", "networks": null, "monitoring_agency_code": "582", "monitoring_agency": "Morongo Band of Mission Indians, CA", "si_id": 93490, "latitude": 33.944713, "longitude": -116.830074, "datum": "NAD83", "lat_lon_accuracy": 1.0, "elevation": 720.0, "probe_height": 5.0, "pl_probe_location": "TOP OF BUILDING", "local_site_name": "Morongo Air Monitoring Station", "address": "12160 Santiago Rd. Banning, CA 92220", "state_name": "California", "county_name": "Riverside", "city_name": "Banning", "cbsa_code": "40140", "cbsa_name": "Riverside-San Bernardino-Ontario, CA", "csa_code": "348", "csa_name": "Los Angeles-Long Beach, CA", "tribal_code": "582", "tribe_name": "Morongo Band of Mission Indians, CA", "index_right": 21.0, "CSAFP": "348", "CBSAFP": "40140", "GEOIDFQ": "310M700US40140", "GEOID": "40140", "NAME": "Riverside-San Bernardino-Ontario, CA", "NAMELSAD": "Riverside-San Bernardino-Ontario, CA Metro Area", "LSAD": "M1", "ALAND": 70648193821.0, "AWATER": 339279578.0 }, "geometry": { "type": "Point", "coordinates": [ -116.830074, 33.944713 ] } },
{ "type": "Feature", "properties": { "state_code": "06", "county_code": "019", "site_number": "0011", "parameter_code": "88101", "poc": 1, "parameter_name": "PM2.5 - Local Conditions", "open_date": "2012-01-01T00:00:00", "close_date": "2020-12-07T00:00:00", "concurred_exclusions": null, "dominant_source": null, "measurement_scale": "NEIGHBORHOOD", "measurement_scale_def": "500 M TO 4KM", "monitoring_objective": "POPULATION EXPOSURE", "last_method_code": "145", "last_method_description": "R & P Model 2025 PM-2.5 Sequential Air Sampler w/VSCC - Gravimetric", "last_method_begin_date": "2012-01-01", "naaqs_primary_monitor": null, "qa_primary_monitor": null, "monitor_type": null, "networks": null, "monitoring_agency_code": "0145", "monitoring_agency": "California Air Resources Board", "si_id": 96528, "latitude": 36.78538, "longitude": -119.77321, "datum": "NAD83", "lat_lon_accuracy": 1.0, "elevation": 96.0, "probe_height": null, "pl_probe_location": null, "local_site_name": "Fresno - Garland", "address": "3727 N FIRST ST, FRESNO", "state_name": "California", "county_name": "Fresno", "city_name": "Fresno", "cbsa_code": "23420", "cbsa_name": "Fresno, CA", "csa_code": "260", "csa_name": "Fresno-Madera, CA", "tribal_code": null, "tribe_name": null, "index_right": 7.0, "CSAFP": "260", "CBSAFP": "23420", "GEOIDFQ": "310M700US23420", "GEOID": "23420", "NAME": "Fresno, CA", "NAMELSAD": "Fresno, CA Metro Area", "LSAD": "M1", "ALAND": 20966706477.0, "AWATER": 178903286.0 }, "geometry": { "type": "Point", "coordinates": [ -119.77321, 36.78538 ] } },
{ "type": "Feature", "properties": { "state_code": "06", "county_code": "065", "site_number": "8001", "parameter_code": "88101", "poc": 9, "parameter_name": "PM2.5 - Local Conditions", "open_date": "2011-08-01T00:00:00", "close_date": "2021-12-31T00:00:00", "concurred_exclusions": "All (2008-01-01 - 2008-07-31)", "dominant_source": null, "measurement_scale": "NEIGHBORHOOD", "measurement_scale_def": "500 M TO 4KM", "monitoring_objective": "OTHER", "last_method_code": "170", "last_method_description": "Met One BAM-1020 Mass Monitor w/VSCC - Beta Attenuation", "last_method_begin_date": "2016-01-01", "naaqs_primary_monitor": null, "qa_primary_monitor": null, "monitor_type": null, "networks": null, "monitoring_agency_code": "0972", "monitoring_agency": "South Coast Air Quality Management District", "si_id": 1262, "latitude": 33.99958, "longitude": -117.41601, "datum": "WGS84", "lat_lon_accuracy": 0.0, "elevation": 250.0, "probe_height": null, "pl_probe_location": null, "local_site_name": "Rubidoux", "address": "5888 MISSION BLVD., RUBIDOUX", "state_name": "California", "county_name": "Riverside", "city_name": "Rubidoux", "cbsa_code": "40140", "cbsa_name": "Riverside-San Bernardino-Ontario, CA", "csa_code": "348", "csa_name": "Los Angeles-Long Beach, CA", "tribal_code": null, "tribe_name": null, "index_right": 21.0, "CSAFP": "348", "CBSAFP": "40140", "GEOIDFQ": "310M700US40140", "GEOID": "40140", "NAME": "Riverside-San Bernardino-Ontario, CA", "NAMELSAD": "Riverside-San Bernardino-Ontario, CA Metro Area", "LSAD": "M1", "ALAND": 70648193821.0, "AWATER": 339279578.0 }, "geometry": { "type": "Point", "coordinates": [ -117.41601, 33.99958 ] } },
{ "type": "Feature", "properties": { "state_code": "06", "county_code": "055", "site_number": "0003", "parameter_code": "88101", "poc": 3, "parameter_name": "PM2.5 - Local Conditions", "open_date": "2012-12-13T00:00:00", "close_date": "2018-03-31T00:00:00", "concurred_exclusions": null, "dominant_source": "AREA", "measurement_scale": "MIDDLE SCALE", "measurement_scale_def": "100 M TO 500 M", "monitoring_objective": "POPULATION EXPOSURE", "last_method_code": "170", "last_method_description": "Met One BAM-1020 Mass Monitor w/VSCC - Beta Attenuation", "last_method_begin_date": "2012-12-13", "naaqs_primary_monitor": null, "qa_primary_monitor": null, "monitor_type": null, "networks": null, "monitoring_agency_code": "0086", "monitoring_agency": "Bay Area Air Quality Management District", "si_id": 1190, "latitude": 38.310942, "longitude": -122.296189, "datum": "WGS84", "lat_lon_accuracy": 0.0, "elevation": 13.0, "probe_height": 5.5, "pl_probe_location": "TOP OF BUILDING", "local_site_name": "Napa", "address": "2552 JEFFERSON AVE.", "state_name": "California", "county_name": "Napa", "city_name": "Napa", "cbsa_code": "34900", "cbsa_name": "Napa, CA", "csa_code": "488", "csa_name": "San Jose-San Francisco-Oakland, CA", "tribal_code": null, "tribe_name": null, "index_right": 29.0, "CSAFP": "488", "CBSAFP": "34900", "GEOIDFQ": "310M700US34900", "GEOID": "34900", "NAME": "Napa, CA", "NAMELSAD": "Napa, CA Metro Area", "LSAD": "M1", "ALAND": 1947606941.0, "AWATER": 104444154.0 }, "geometry": { "type": "Point", "coordinates": [ -122.296189, 38.310942 ] } },
{ "type": "Feature", "properties": { "state_code": "06", "county_code": "067", "site_number": "0012", "parameter_code": "88101", "poc": 4, "parameter_name": "PM2.5 - Local Conditions", "open_date": "2013-04-01T00:00:00", "close_date": null, "concurred_exclusions": null, "dominant_source": "AREA", "measurement_scale": "NEIGHBORHOOD", "measurement_scale_def": "500 M TO 4KM", "monitoring_objective": "POPULATION EXPOSURE", "last_method_code": "170", "last_method_description": "Met One BAM-1020 Mass Monitor w/VSCC - Beta Attenuation", "last_method_begin_date": "2013-04-01", "naaqs_primary_monitor": null, "qa_primary_monitor": null, "monitor_type": "SLAMS", "networks": null, "monitoring_agency_code": "0145", "monitoring_agency": "California Air Resources Board", "si_id": 1274, "latitude": 38.683304, "longitude": -121.164457, "datum": "WGS84", "lat_lon_accuracy": 151.82, "elevation": 98.0, "probe_height": 5.0, "pl_probe_location": "TOP OF BUILDING", "local_site_name": "Folsom-Natoma St.", "address": "50 NATOMA STREET, FOLSOM", "state_name": "California", "county_name": "Sacramento", "city_name": "Folsom", "cbsa_code": "40900", "cbsa_name": "Sacramento--Roseville--Arden-Arcade, CA", "csa_code": "472", "csa_name": "Sacramento-Roseville, CA", "tribal_code": null, "tribe_name": null, "index_right": 11.0, "CSAFP": "472", "CBSAFP": "40900", "GEOIDFQ": "310M700US40900", "GEOID": "40900", "NAME": "Sacramento-Roseville-Folsom, CA", "NAMELSAD": "Sacramento-Roseville-Folsom, CA Metro Area", "LSAD": "M1", "ALAND": 13191282211.0, "AWATER": 548045435.0 }, "geometry": { "type": "Point", "coordinates": [ -121.164457, 38.683304 ] } },
{ "type": "Feature", "properties": { "state_code": "06", "county_code": "025", "site_number": "0005", "parameter_code": "88101", "poc": 3, "parameter_name": "PM2.5 - Local Conditions", "open_date": "2014-01-01T00:00:00", "close_date": null, "concurred_exclusions": "All (2014-01-01 - 2015-12-22)", "dominant_source": null, "measurement_scale": "NEIGHBORHOOD", "measurement_scale_def": "500 M TO 4KM", "monitoring_objective": "POPULATION EXPOSURE", "last_method_code": "170", "last_method_description": "Met One BAM-1020 Mass Monitor w/VSCC - Beta Attenuation", "last_method_begin_date": "2020-12-10", "naaqs_primary_monitor": "Y", "qa_primary_monitor": "Y", "monitor_type": "SLAMS", "networks": null, "monitoring_agency_code": "0145", "monitoring_agency": "California Air Resources Board", "si_id": 959, "latitude": 32.67618, "longitude": -115.48307, "datum": "NAD83", "lat_lon_accuracy": 151.82, "elevation": 1.0, "probe_height": 5.0, "pl_probe_location": "TOP OF BUILDING", "local_site_name": "Calexico-Ethel Street", "address": "1029 ETHEL ST, CALEXICO HIGH SCHOOL", "state_name": "California", "county_name": "Imperial", "city_name": "Calexico", "cbsa_code": "20940", "cbsa_name": "El Centro, CA", "csa_code": null, "csa_name": null, "tribal_code": null, "tribe_name": null, "index_right": 10.0, "CSAFP": null, "CBSAFP": "20940", "GEOIDFQ": "310M700US20940", "GEOID": "20940", "NAME": "El Centro, CA", "NAMELSAD": "El Centro, CA Metro Area", "LSAD": "M1", "ALAND": 10814568237.0, "AWATER": 790135127.0 }, "geometry": { "type": "Point", "coordinates": [ -115.48307, 32.67618 ] } },
{ "type": "Feature", "properties": { "state_code": "06", "county_code": "067", "site_number": "0010", "parameter_code": "88101", "poc": 3, "parameter_name": "PM2.5 - Local Conditions", "open_date": "2014-05-20T00:00:00", "close_date": null, "concurred_exclusions": null, "dominant_source": null, "measurement_scale": "NEIGHBORHOOD", "measurement_scale_def": "500 M TO 4KM", "monitoring_objective": "HIGHEST CONCENTRATION; POPULATION EXPOSURE", "last_method_code": "170", "last_method_description": "Met One BAM-1020 Mass Monitor w/VSCC - Beta Attenuation", "last_method_begin_date": "2020-12-11", "naaqs_primary_monitor": "Y", "qa_primary_monitor": "Y", "monitor_type": "SLAMS", "networks": null, "monitoring_agency_code": "0145", "monitoring_agency": "California Air Resources Board", "si_id": 1272, "latitude": 38.56844, "longitude": -121.49311, "datum": "NAD83", "lat_lon_accuracy": 0.0, "elevation": 0.0, "probe_height": null, "pl_probe_location": null, "local_site_name": "Sacramento-1309 T Street", "address": "1309 T ST., SACRAMENTO, CA. 95814", "state_name": "California", "county_name": "Sacramento", "city_name": "Sacramento", "cbsa_code": "40900", "cbsa_name": "Sacramento--Roseville--Arden-Arcade, CA", "csa_code": "472", "csa_name": "Sacramento-Roseville, CA", "tribal_code": null, "tribe_name": null, "index_right": 11.0, "CSAFP": "472", "CBSAFP": "40900", "GEOIDFQ": "310M700US40900", "GEOID": "40900", "NAME": "Sacramento-Roseville-Folsom, CA", "NAMELSAD": "Sacramento-Roseville-Folsom, CA Metro Area", "LSAD": "M1", "ALAND": 13191282211.0, "AWATER": 548045435.0 }, "geometry": { "type": "Point", "coordinates": [ -121.49311, 38.56844 ] } },
{ "type": "Feature", "properties": { "state_code": "06", "county_code": "039", "site_number": "2010", "parameter_code": "88101", "poc": 1, "parameter_name": "PM2.5 - Local Conditions", "open_date": "2014-06-10T00:00:00", "close_date": "2020-12-10T00:00:00", "concurred_exclusions": null, "dominant_source": null, "measurement_scale": "NEIGHBORHOOD", "measurement_scale_def": "500 M TO 4KM", "monitoring_objective": "HIGHEST CONCENTRATION; OTHER", "last_method_code": "145", "last_method_description": "R & P Model 2025 PM-2.5 Sequential Air Sampler w/VSCC - Gravimetric", "last_method_begin_date": "2014-12-17", "naaqs_primary_monitor": null, "qa_primary_monitor": null, "monitor_type": null, "networks": null, "monitoring_agency_code": "0145", "monitoring_agency": "California Air Resources Board", "si_id": 95487, "latitude": 36.953256, "longitude": -120.034203, "datum": "WGS84", "lat_lon_accuracy": 3.0, "elevation": 83.52, "probe_height": null, "pl_probe_location": null, "local_site_name": "Madera-City", "address": "28261 Avenue 14 Madera CA 93638", "state_name": "California", "county_name": "Madera", "city_name": "Madera", "cbsa_code": "31460", "cbsa_name": "Madera, CA", "csa_code": "260", "csa_name": "Fresno-Madera, CA", "tribal_code": null, "tribe_name": null, "index_right": 7.0, "CSAFP": "260", "CBSAFP": "23420", "GEOIDFQ": "310M700US23420", "GEOID": "23420", "NAME": "Fresno, CA", "NAMELSAD": "Fresno, CA Metro Area", "LSAD": "M1", "ALAND": 20966706477.0, "AWATER": 178903286.0 }, "geometry": { "type": "Point", "coordinates": [ -120.034203, 36.953256 ] } },
{ "type": "Feature", "properties": { "state_code": "06", "county_code": "073", "site_number": "1018", "parameter_code": "88101", "poc": 1, "parameter_name": "PM2.5 - Local Conditions", "open_date": "2014-09-01T00:00:00", "close_date": "2016-05-31T00:00:00", "concurred_exclusions": null, "dominant_source": null, "measurement_scale": "NEIGHBORHOOD", "measurement_scale_def": "500 M TO 4KM", "monitoring_objective": "GENERAL/BACKGROUND", "last_method_code": "145", "last_method_description": "R & P Model 2025 PM-2.5 Sequential Air Sampler w/VSCC - Gravimetric", "last_method_begin_date": "2015-10-27", "naaqs_primary_monitor": null, "qa_primary_monitor": null, "monitor_type": null, "networks": null, "monitoring_agency_code": "0942", "monitoring_agency": "San Diego County Air Pollution Control District", "si_id": 97780, "latitude": 32.817978, "longitude": -116.968133, "datum": "WGS84", "lat_lon_accuracy": 5.0, "elevation": 119.0, "probe_height": 6.0, "pl_probe_location": "TOP OF BUILDING", "local_site_name": "El Cajon - Floyd Smith Dr.", "address": "10537 FLOYD SMITH DRIVE", "state_name": "California", "county_name": "San Diego", "city_name": "El Cajon", "cbsa_code": "41740", "cbsa_name": "San Diego-Carlsbad, CA", "csa_code": null, "csa_name": null, "tribal_code": null, "tribe_name": null, "index_right": 19.0, "CSAFP": null, "CBSAFP": "41740", "GEOIDFQ": "310M700US41740", "GEOID": "41740", "NAME": "San Diego-Chula Vista-Carlsbad, CA", "NAMELSAD": "San Diego-Chula Vista-Carlsbad, CA Metro Area", "LSAD": "M1", "ALAND": 10905046431.0, "AWATER": 816535836.0 }, "geometry": { "type": "Point", "coordinates": [ -116.968133, 32.817978 ] } },
{ "type": "Feature", "properties": { "state_code": "06", "county_code": "001", "site_number": "0013", "parameter_code": "88101", "poc": 3, "parameter_name": "PM2.5 - Local Conditions", "open_date": "2016-07-01T00:00:00", "close_date": null, "concurred_exclusions": null, "dominant_source": "MOBILE", "measurement_scale": "MICROSCALE", "measurement_scale_def": "0 M TO 100 M", "monitoring_objective": "POPULATION EXPOSURE; SOURCE ORIENTED", "last_method_code": "170", "last_method_description": "Met One BAM-1020 Mass Monitor w/VSCC - Beta Attenuation", "last_method_begin_date": "2016-07-01", "naaqs_primary_monitor": "Y", "qa_primary_monitor": null, "monitor_type": "SLAMS", "networks": "NEAR ROAD", "monitoring_agency_code": "0086", "monitoring_agency": "Bay Area Air Quality Management District", "si_id": 102205, "latitude": 37.864767, "longitude": -122.302741, "datum": "NAD83", "lat_lon_accuracy": 1.0, "elevation": 2.7, "probe_height": 5.0, "pl_probe_location": "TOP OF BUILDING", "local_site_name": "Berkeley- Aquatic Park", "address": "1 Bolivar Dr", "state_name": "California", "county_name": "Alameda", "city_name": "Not in a City", "cbsa_code": "41860", "cbsa_name": "San Francisco-Oakland-Hayward, CA", "csa_code": "488", "csa_name": "San Jose-San Francisco-Oakland, CA", "tribal_code": null, "tribe_name": null, "index_right": 13.0, "CSAFP": "488", "CBSAFP": "41860", "GEOIDFQ": "310M700US41860", "GEOID": "41860", "NAME": "San Francisco-Oakland-Fremont, CA", "NAMELSAD": "San Francisco-Oakland-Fremont, CA Metro Area", "LSAD": "M1", "ALAND": 6396759028.0, "AWATER": 2476945717.0 }, "geometry": { "type": "Point", "coordinates": [ -122.302741, 37.864767 ] } },
{ "type": "Feature", "properties": { "state_code": "06", "county_code": "037", "site_number": "1602", "parameter_code": "88101", "poc": 21, "parameter_name": "PM2.5 - Local Conditions", "open_date": "2017-02-01T00:00:00", "close_date": "2022-01-20T00:00:00", "concurred_exclusions": null, "dominant_source": null, "measurement_scale": "NEIGHBORHOOD", "measurement_scale_def": "500 M TO 4KM", "monitoring_objective": "POPULATION EXPOSURE", "last_method_code": "143", "last_method_description": "R & P Model 2000 PM-2.5 Air Sampler w/VSCC - Gravimetric", "last_method_begin_date": "2017-02-01", "naaqs_primary_monitor": null, "qa_primary_monitor": null, "monitor_type": null, "networks": null, "monitoring_agency_code": "0972", "monitoring_agency": "South Coast Air Quality Management District", "si_id": 92493, "latitude": 34.01029, "longitude": -118.0685, "datum": "NAD83", "lat_lon_accuracy": 1.0, "elevation": 75.0, "probe_height": null, "pl_probe_location": null, "local_site_name": "Pico Rivera #2", "address": "4144 SAN GABRIEL RIVER PKWY, PICO RIVERA", "state_name": "California", "county_name": "Los Angeles", "city_name": "Pico Rivera", "cbsa_code": "31080", "cbsa_name": "Los Angeles-Long Beach-Anaheim, CA", "csa_code": "348", "csa_name": "Los Angeles-Long Beach, CA", "tribal_code": null, "tribe_name": null, "index_right": 18.0, "CSAFP": "348", "CBSAFP": "31080", "GEOIDFQ": "310M700US31080", "GEOID": "31080", "NAME": "Los Angeles-Long Beach-Anaheim, CA", "NAMELSAD": "Los Angeles-Long Beach-Anaheim, CA Metro Area", "LSAD": "M1", "ALAND": 12569524354.0, "AWATER": 2191222299.0 }, "geometry": { "type": "Point", "coordinates": [ -118.0685, 34.01029 ] } },
{ "type": "Feature", "properties": { "state_code": "06", "county_code": "059", "site_number": "0007", "parameter_code": "88101", "poc": 2, "parameter_name": "PM2.5 - Local Conditions", "open_date": "2017-05-01T00:00:00", "close_date": "2018-08-07T00:00:00", "concurred_exclusions": null, "dominant_source": "MOBILE", "measurement_scale": "URBAN SCALE", "measurement_scale_def": "4 KM TO 50 KM", "monitoring_objective": "POPULATION EXPOSURE", "last_method_code": "155", "last_method_description": "Thermo Electron Model RAAS2.5-300 Sequential w/VSCC - Gravimetric", "last_method_begin_date": "2017-05-01", "naaqs_primary_monitor": null, "qa_primary_monitor": null, "monitor_type": null, "networks": null, "monitoring_agency_code": "0972", "monitoring_agency": "South Coast Air Quality Management District", "si_id": 91686, "latitude": 33.83062, "longitude": -117.93845, "datum": "WGS84", "lat_lon_accuracy": 20.0, "elevation": 10.0, "probe_height": 2.0, "pl_probe_location": "OTHER", "local_site_name": "Anaheim", "address": "1630 W. PAMPAS LANE", "state_name": "California", "county_name": "Orange", "city_name": "Anaheim", "cbsa_code": "31080", "cbsa_name": "Los Angeles-Long Beach-Anaheim, CA", "csa_code": "348", "csa_name": "Los Angeles-Long Beach, CA", "tribal_code": null, "tribe_name": null, "index_right": 18.0, "CSAFP": "348", "CBSAFP": "31080", "GEOIDFQ": "310M700US31080", "GEOID": "31080", "NAME": "Los Angeles-Long Beach-Anaheim, CA", "NAMELSAD": "Los Angeles-Long Beach-Anaheim, CA Metro Area", "LSAD": "M1", "ALAND": 12569524354.0, "AWATER": 2191222299.0 }, "geometry": { "type": "Point", "coordinates": [ -117.93845, 33.83062 ] } },
{ "type": "Feature", "properties": { "state_code": "06", "county_code": "029", "site_number": "0018", "parameter_code": "88101", "poc": 1, "parameter_name": "PM2.5 - Local Conditions", "open_date": "2017-11-01T00:00:00", "close_date": null, "concurred_exclusions": null, "dominant_source": "AREA", "measurement_scale": "NEIGHBORHOOD", "measurement_scale_def": "500 M TO 4KM", "monitoring_objective": "POPULATION EXPOSURE", "last_method_code": "170", "last_method_description": "Met One BAM-1020 Mass Monitor w/VSCC - Beta Attenuation", "last_method_begin_date": "2017-11-01", "naaqs_primary_monitor": "Y", "qa_primary_monitor": null, "monitor_type": "SLAMS", "networks": null, "monitoring_agency_code": "0575", "monitoring_agency": "Kern County APCD", "si_id": 104118, "latitude": 35.642943, "longitude": -117.715066, "datum": "NAD83", "lat_lon_accuracy": 50.0, "elevation": 717.0, "probe_height": 4.5, "pl_probe_location": "TOP OF BUILDING", "local_site_name": "Ridgecrest-Ward", "address": "2051 Ward, Ridgecrest CA", "state_name": "California", "county_name": "Kern", "city_name": "Ridgecrest", "cbsa_code": "12540", "cbsa_name": "Bakersfield, CA", "csa_code": null, "csa_name": null, "tribal_code": null, "tribe_name": null, "index_right": 33.0, "CSAFP": null, "CBSAFP": "12540", "GEOIDFQ": "310M700US12540", "GEOID": "12540", "NAME": "Bakersfield-Delano, CA", "NAMELSAD": "Bakersfield-Delano, CA Metro Area", "LSAD": "M1", "ALAND": 21068706348.0, "AWATER": 78331375.0 }, "geometry": { "type": "Point", "coordinates": [ -117.715066, 35.642943 ] } },
{ "type": "Feature", "properties": { "state_code": "06", "county_code": "015", "site_number": "0007", "parameter_code": "88101", "poc": 1, "parameter_name": "PM2.5 - Local Conditions", "open_date": "2016-10-01T00:00:00", "close_date": "2018-10-01T00:00:00", "concurred_exclusions": null, "dominant_source": null, "measurement_scale": "NEIGHBORHOOD", "measurement_scale_def": "500 M TO 4KM", "monitoring_objective": "POPULATION EXPOSURE", "last_method_code": "195", "last_method_description": "GRIMM EDM Model 180 with naphion dryer - Laser Light Scattering", "last_method_begin_date": "2016-10-01", "naaqs_primary_monitor": null, "qa_primary_monitor": null, "monitor_type": null, "networks": null, "monitoring_agency_code": "0145", "monitoring_agency": "California Air Resources Board", "si_id": 104299, "latitude": 41.75613, "longitude": -124.20347, "datum": "NAD83", "lat_lon_accuracy": 1.0, "elevation": 13.0, "probe_height": null, "pl_probe_location": null, "local_site_name": "Crescent City-Crescent Elk School", "address": "994 G Street, Crescent City, CA 95531", "state_name": "California", "county_name": "Del Norte", "city_name": "Crescent City", "cbsa_code": "18860", "cbsa_name": "Crescent City, CA", "csa_code": null, "csa_name": null, "tribal_code": null, "tribe_name": null, "index_right": 2.0, "CSAFP": "152", "CBSAFP": "18860", "GEOIDFQ": "310M700US18860", "GEOID": "18860", "NAME": "Crescent City, CA", "NAMELSAD": "Crescent City, CA Micro Area", "LSAD": "M2", "ALAND": 2606049835.0, "AWATER": 578810831.0 }, "geometry": { "type": "Point", "coordinates": [ -124.20347, 41.75613 ] } },
{ "type": "Feature", "properties": { "state_code": "06", "county_code": "101", "site_number": "0003", "parameter_code": "88101", "poc": 3, "parameter_name": "PM2.5 - Local Conditions", "open_date": "2020-04-10T00:00:00", "close_date": null, "concurred_exclusions": null, "dominant_source": null, "measurement_scale": null, "measurement_scale_def": null, "monitoring_objective": "POPULATION EXPOSURE", "last_method_code": "170", "last_method_description": "Met One BAM-1020 Mass Monitor w/VSCC - Beta Attenuation", "last_method_begin_date": "2020-04-10", "naaqs_primary_monitor": "Y", "qa_primary_monitor": "Y", "monitor_type": "SLAMS", "networks": null, "monitoring_agency_code": "0145", "monitoring_agency": "California Air Resources Board", "si_id": 1567, "latitude": 39.138773, "longitude": -121.618549, "datum": "WGS84", "lat_lon_accuracy": 0.0, "elevation": 20.0, "probe_height": null, "pl_probe_location": null, "local_site_name": "Yuba City", "address": "773 ALMOND ST, YUBA CITY", "state_name": "California", "county_name": "Sutter", "city_name": "Yuba City", "cbsa_code": "49700", "cbsa_name": "Yuba City, CA", "csa_code": "472", "csa_name": "Sacramento-Roseville, CA", "tribal_code": null, "tribe_name": null, "index_right": 1.0, "CSAFP": "472", "CBSAFP": "49700", "GEOIDFQ": "310M700US49700", "GEOID": "49700", "NAME": "Yuba City, CA", "NAMELSAD": "Yuba City, CA Metro Area", "LSAD": "M1", "ALAND": 3197863363.0, "AWATER": 45895634.0 }, "geometry": { "type": "Point", "coordinates": [ -121.618549, 39.138773 ] } },
{ "type": "Feature", "properties": { "state_code": "06", "county_code": "029", "site_number": "0019", "parameter_code": "88101", "poc": 3, "parameter_name": "PM2.5 - Local Conditions", "open_date": "2020-10-01T00:00:00", "close_date": "2023-02-13T00:00:00", "concurred_exclusions": null, "dominant_source": null, "measurement_scale": "NEIGHBORHOOD", "measurement_scale_def": "500 M TO 4KM", "monitoring_objective": "POPULATION EXPOSURE", "last_method_code": "170", "last_method_description": "Met One BAM-1020 Mass Monitor w/VSCC - Beta Attenuation", "last_method_begin_date": "2020-10-01", "naaqs_primary_monitor": null, "qa_primary_monitor": null, "monitor_type": null, "networks": null, "monitoring_agency_code": "0145", "monitoring_agency": "California Air Resources Board", "si_id": 104719, "latitude": 35.046528, "longitude": -118.162833, "datum": "NAD83", "lat_lon_accuracy": 10.0, "elevation": 853.0, "probe_height": 8.0, "pl_probe_location": "TOP OF BUILDING", "local_site_name": "Mojave - CA 58 Business", "address": "1773 CA-58 BUS", "state_name": "California", "county_name": "Kern", "city_name": "Mojave", "cbsa_code": "12540", "cbsa_name": "Bakersfield, CA", "csa_code": null, "csa_name": null, "tribal_code": null, "tribe_name": null, "index_right": 33.0, "CSAFP": null, "CBSAFP": "12540", "GEOIDFQ": "310M700US12540", "GEOID": "12540", "NAME": "Bakersfield-Delano, CA", "NAMELSAD": "Bakersfield-Delano, CA Metro Area", "LSAD": "M1", "ALAND": 21068706348.0, "AWATER": 78331375.0 }, "geometry": { "type": "Point", "coordinates": [ -118.162833, 35.046528 ] } },
{ "type": "Feature", "properties": { "state_code": "06", "county_code": "061", "site_number": "0006", "parameter_code": "88101", "poc": 3, "parameter_name": "PM2.5 - Local Conditions", "open_date": "2020-12-11T00:00:00", "close_date": null, "concurred_exclusions": null, "dominant_source": null, "measurement_scale": null, "measurement_scale_def": null, "monitoring_objective": "POPULATION EXPOSURE", "last_method_code": "170", "last_method_description": "Met One BAM-1020 Mass Monitor w/VSCC - Beta Attenuation", "last_method_begin_date": "2020-12-11", "naaqs_primary_monitor": "Y", "qa_primary_monitor": null, "monitor_type": "SLAMS", "networks": null, "monitoring_agency_code": "0145", "monitoring_agency": "California Air Resources Board", "si_id": 1225, "latitude": 38.74643, "longitude": -121.26498, "datum": "NAD83", "lat_lon_accuracy": 151.82, "elevation": 48.0, "probe_height": 9.0, "pl_probe_location": "TOP OF BUILDING", "local_site_name": "Roseville-N Sunrise Ave", "address": " 151 NO SUNRISE BLVD, ROSEVILLE, CA", "state_name": "California", "county_name": "Placer", "city_name": "Roseville", "cbsa_code": "40900", "cbsa_name": "Sacramento--Roseville--Arden-Arcade, CA", "csa_code": "472", "csa_name": "Sacramento-Roseville, CA", "tribal_code": null, "tribe_name": null, "index_right": 11.0, "CSAFP": "472", "CBSAFP": "40900", "GEOIDFQ": "310M700US40900", "GEOID": "40900", "NAME": "Sacramento-Roseville-Folsom, CA", "NAMELSAD": "Sacramento-Roseville-Folsom, CA Metro Area", "LSAD": "M1", "ALAND": 13191282211.0, "AWATER": 548045435.0 }, "geometry": { "type": "Point", "coordinates": [ -121.26498, 38.74643 ] } },
{ "type": "Feature", "properties": { "state_code": "06", "county_code": "027", "site_number": "1018", "parameter_code": "88101", "poc": 1, "parameter_name": "PM2.5 - Local Conditions", "open_date": "2021-04-01T00:00:00", "close_date": null, "concurred_exclusions": "All (2021-04-01 - Present)", "dominant_source": null, "measurement_scale": null, "measurement_scale_def": null, "monitoring_objective": "GENERAL/BACKGROUND", "last_method_code": "236", "last_method_description": "Teledyne T640 at 5.0 LPM - Broadband spectroscopy", "last_method_begin_date": "2021-04-01", "naaqs_primary_monitor": null, "qa_primary_monitor": null, "monitor_type": "TRIBAL", "networks": null, "monitoring_agency_code": "624", "monitoring_agency": "Paiute-Shoshone Indians of the Lone Pine Community of Lone Pine Reservation,CA", "si_id": 92674, "latitude": 36.595556, "longitude": -118.049167, "datum": "WGS84", "lat_lon_accuracy": 3.0, "elevation": 1128.0, "probe_height": null, "pl_probe_location": null, "local_site_name": "Lone Pine Paiute-Shoshone Reservation", "address": "1101 E-SHA LANE", "state_name": "California", "county_name": "Inyo", "city_name": "Lone Pine", "cbsa_code": "13860", "cbsa_name": "Bishop, CA", "csa_code": null, "csa_name": null, "tribal_code": "624", "tribe_name": "Paiute-Shoshone Indians of the Lone Pine Community of Lone Pine Reservation,CA", "index_right": 30.0, "CSAFP": null, "CBSAFP": "13860", "GEOIDFQ": "310M700US13860", "GEOID": "13860", "NAME": "Bishop, CA", "NAMELSAD": "Bishop, CA Micro Area", "LSAD": "M2", "ALAND": 26410783052.0, "AWATER": 77280938.0 }, "geometry": { "type": "Point", "coordinates": [ -118.049167, 36.595556 ] } },
{ "type": "Feature", "properties": { "state_code": "06", "county_code": "089", "site_number": "0004", "parameter_code": "88101", "poc": 3, "parameter_name": "PM2.5 - Local Conditions", "open_date": "2022-06-25T00:00:00", "close_date": null, "concurred_exclusions": null, "dominant_source": null, "measurement_scale": null, "measurement_scale_def": null, "monitoring_objective": "POPULATION EXPOSURE", "last_method_code": "209", "last_method_description": "Met One BAM-1022 Mass Monitor w/ VSCC or TE-PM2.5C - Beta Attenuation", "last_method_begin_date": "2022-06-25", "naaqs_primary_monitor": "Y", "qa_primary_monitor": "Y", "monitor_type": "SLAMS", "networks": null, "monitoring_agency_code": "0145", "monitoring_agency": "California Air Resources Board", "si_id": 1508, "latitude": 40.55013, "longitude": -122.38092, "datum": "NAD83", "lat_lon_accuracy": 0.0, "elevation": 149.0, "probe_height": null, "pl_probe_location": null, "local_site_name": "Redding - Health Department", "address": "HLTH CTR-2630 BRESLAUER WAY, REDDING", "state_name": "California", "county_name": "Shasta", "city_name": "Redding", "cbsa_code": "39820", "cbsa_name": "Redding, CA", "csa_code": "454", "csa_name": "Redding-Red Bluff, CA", "tribal_code": null, "tribe_name": null, "index_right": 17.0, "CSAFP": "454", "CBSAFP": "39820", "GEOIDFQ": "310M700US39820", "GEOID": "39820", "NAME": "Redding, CA", "NAMELSAD": "Redding, CA Metro Area", "LSAD": "M1", "ALAND": 9778891285.0, "AWATER": 185818274.0 }, "geometry": { "type": "Point", "coordinates": [ -122.38092, 40.55013 ] } },
{ "type": "Feature", "properties": { "state_code": "06", "county_code": "113", "site_number": "1003", "parameter_code": "88101", "poc": 3, "parameter_name": "PM2.5 - Local Conditions", "open_date": "2021-01-01T00:00:00", "close_date": null, "concurred_exclusions": null, "dominant_source": null, "measurement_scale": "NEIGHBORHOOD", "measurement_scale_def": "500 M TO 4KM", "monitoring_objective": "POPULATION EXPOSURE", "last_method_code": "170", "last_method_description": "Met One BAM-1020 Mass Monitor w/VSCC - Beta Attenuation", "last_method_begin_date": "2023-01-01", "naaqs_primary_monitor": "Y", "qa_primary_monitor": null, "monitor_type": "SLAMS", "networks": null, "monitoring_agency_code": "0145", "monitoring_agency": "California Air Resources Board", "si_id": 1637, "latitude": 38.66121, "longitude": -121.73269, "datum": "WGS84", "lat_lon_accuracy": 151.82, "elevation": 11.0, "probe_height": null, "pl_probe_location": null, "local_site_name": "Woodland-Gibson Road", "address": "41929 E. GIBSON ROAD, WOODLAND", "state_name": "California", "county_name": "Yolo", "city_name": "Woodland", "cbsa_code": "40900", "cbsa_name": "Sacramento--Roseville--Arden-Arcade, CA", "csa_code": "472", "csa_name": "Sacramento-Roseville, CA", "tribal_code": null, "tribe_name": null, "index_right": 11.0, "CSAFP": "472", "CBSAFP": "40900", "GEOIDFQ": "310M700US40900", "GEOID": "40900", "NAME": "Sacramento-Roseville-Folsom, CA", "NAMELSAD": "Sacramento-Roseville-Folsom, CA Metro Area", "LSAD": "M1", "ALAND": 13191282211.0, "AWATER": 548045435.0 }, "geometry": { "type": "Point", "coordinates": [ -121.73269, 38.66121 ] } },
{ "type": "Feature", "properties": { "state_code": "06", "county_code": "025", "site_number": "0010", "parameter_code": "88101", "poc": 1, "parameter_name": "PM2.5 - Local Conditions", "open_date": "2021-04-02T00:00:00", "close_date": null, "concurred_exclusions": "All (2021-04-02 - Present)", "dominant_source": "AREA", "measurement_scale": "NEIGHBORHOOD", "measurement_scale_def": "500 M TO 4KM", "monitoring_objective": "OTHER", "last_method_code": "238", "last_method_description": "Teledyne T640X at 16.67 LPM - Broadband spectroscopy", "last_method_begin_date": "2021-04-02", "naaqs_primary_monitor": null, "qa_primary_monitor": null, "monitor_type": "TRIBAL", "networks": null, "monitoring_agency_code": "595", "monitoring_agency": "Torres-Martinez Cahuilla Indians, California", "si_id": 104851, "latitude": 33.379078, "longitude": -116.015997, "datum": "WGS84", "lat_lon_accuracy": 40.0, "elevation": -67.0, "probe_height": 4.5, "pl_probe_location": "TOP OF BUILDING", "local_site_name": "Torres Martinez Reservation", "address": "1000 Seaview Ave", "state_name": "California", "county_name": "Imperial", "city_name": "Salton Sea Beach", "cbsa_code": "20940", "cbsa_name": "El Centro, CA", "csa_code": null, "csa_name": null, "tribal_code": "595", "tribe_name": "Torres-Martinez Cahuilla Indians, California", "index_right": 10.0, "CSAFP": null, "CBSAFP": "20940", "GEOIDFQ": "310M700US20940", "GEOID": "20940", "NAME": "El Centro, CA", "NAMELSAD": "El Centro, CA Metro Area", "LSAD": "M1", "ALAND": 10814568237.0, "AWATER": 790135127.0 }, "geometry": { "type": "Point", "coordinates": [ -116.015997, 33.379078 ] } },
{ "type": "Feature", "properties": { "state_code": "06", "county_code": "107", "site_number": "2003", "parameter_code": "88101", "poc": 3, "parameter_name": "PM2.5 - Local Conditions", "open_date": "2022-01-13T00:00:00", "close_date": null, "concurred_exclusions": null, "dominant_source": null, "measurement_scale": "NEIGHBORHOOD", "measurement_scale_def": "500 M TO 4KM", "monitoring_objective": "POPULATION EXPOSURE", "last_method_code": "170", "last_method_description": "Met One BAM-1020 Mass Monitor w/VSCC - Beta Attenuation", "last_method_begin_date": "2022-01-13", "naaqs_primary_monitor": "Y", "qa_primary_monitor": null, "monitor_type": "SLAMS", "networks": null, "monitoring_agency_code": "0145", "monitoring_agency": "California Air Resources Board", "si_id": 104965, "latitude": 36.30815, "longitude": -119.3129, "datum": "WGS84", "lat_lon_accuracy": 5.0, "elevation": 98.0, "probe_height": null, "pl_probe_location": null, "local_site_name": "Visalia-W. Ashland Avenue", "address": "2005 West Ashland Avenue, Suite G, Visalia, CA, 93277", "state_name": "California", "county_name": "Tulare", "city_name": "Visalia", "cbsa_code": "47300", "cbsa_name": "Visalia-Porterville, CA", "csa_code": "546", "csa_name": "Visalia-Porterville-Hanford, CA", "tribal_code": null, "tribe_name": null, "index_right": 27.0, "CSAFP": null, "CBSAFP": "47300", "GEOIDFQ": "310M700US47300", "GEOID": "47300", "NAME": "Visalia, CA", "NAMELSAD": "Visalia, CA Metro Area", "LSAD": "M1", "ALAND": 12493843650.0, "AWATER": 37260863.0 }, "geometry": { "type": "Point", "coordinates": [ -119.3129, 36.30815 ] } },
{ "type": "Feature", "properties": { "state_code": "06", "county_code": "071", "site_number": "8001", "parameter_code": "88101", "poc": 3, "parameter_name": "PM2.5 - Local Conditions", "open_date": "2022-01-01T00:00:00", "close_date": null, "concurred_exclusions": null, "dominant_source": null, "measurement_scale": "NEIGHBORHOOD", "measurement_scale_def": "500 M TO 4KM", "monitoring_objective": "POPULATION EXPOSURE", "last_method_code": "209", "last_method_description": "Met One BAM-1022 Mass Monitor w/ VSCC or TE-PM2.5C - Beta Attenuation", "last_method_begin_date": "2022-01-01", "naaqs_primary_monitor": "Y", "qa_primary_monitor": "Y", "monitor_type": "SLAMS", "networks": null, "monitoring_agency_code": "0972", "monitoring_agency": "South Coast Air Quality Management District", "si_id": 1335, "latitude": 34.26464, "longitude": -116.86147, "datum": "NAD83", "lat_lon_accuracy": 3.04, "elevation": 2056.0, "probe_height": 2.0, "pl_probe_location": "GROUND LEVEL SUPPORT", "local_site_name": "Big Bear", "address": "501 W. VALLEY BLVD., BIG BEAR CITY,", "state_name": "California", "county_name": "San Bernardino", "city_name": "Big Bear City", "cbsa_code": "40140", "cbsa_name": "Riverside-San Bernardino-Ontario, CA", "csa_code": "348", "csa_name": "Los Angeles-Long Beach, CA", "tribal_code": null, "tribe_name": null, "index_right": 21.0, "CSAFP": "348", "CBSAFP": "40140", "GEOIDFQ": "310M700US40140", "GEOID": "40140", "NAME": "Riverside-San Bernardino-Ontario, CA", "NAMELSAD": "Riverside-San Bernardino-Ontario, CA Metro Area", "LSAD": "M1", "ALAND": 70648193821.0, "AWATER": 339279578.0 }, "geometry": { "type": "Point", "coordinates": [ -116.86147, 34.26464 ] } },
{ "type": "Feature", "properties": { "state_code": "06", "county_code": "073", "site_number": "1022", "parameter_code": "88101", "poc": 3, "parameter_name": "PM2.5 - Local Conditions", "open_date": "2022-08-11T00:00:00", "close_date": null, "concurred_exclusions": "All (2022-08-11 - 2023-07-06)", "dominant_source": "POINT", "measurement_scale": "NEIGHBORHOOD", "measurement_scale_def": "500 M TO 4KM", "monitoring_objective": "GENERAL/BACKGROUND", "last_method_code": "638", "last_method_description": "Teledyne T640X at 16.67 LPM w/Network Data Alignment enabled - Broadband spectroscopy", "last_method_begin_date": "2023-07-07", "naaqs_primary_monitor": "Y", "qa_primary_monitor": "Y", "monitor_type": "SLAMS", "networks": "NCORE", "monitoring_agency_code": "0942", "monitoring_agency": "San Diego County Air Pollution Control District", "si_id": 100976, "latitude": 32.789565, "longitude": -116.944308, "datum": "NAD83", "lat_lon_accuracy": 4.0, "elevation": 143.0, "probe_height": 7.0, "pl_probe_location": "TOP OF BUILDING", "local_site_name": "El Cajon - Lexington Elementary School", "address": "533 First Street", "state_name": "California", "county_name": "San Diego", "city_name": "El Cajon", "cbsa_code": "41740", "cbsa_name": "San Diego-Carlsbad, CA", "csa_code": null, "csa_name": null, "tribal_code": null, "tribe_name": null, "index_right": 19.0, "CSAFP": null, "CBSAFP": "41740", "GEOIDFQ": "310M700US41740", "GEOID": "41740", "NAME": "San Diego-Chula Vista-Carlsbad, CA", "NAMELSAD": "San Diego-Chula Vista-Carlsbad, CA Metro Area", "LSAD": "M1", "ALAND": 10905046431.0, "AWATER": 816535836.0 }, "geometry": { "type": "Point", "coordinates": [ -116.944308, 32.789565 ] } },
{ "type": "Feature", "properties": { "state_code": "06", "county_code": "029", "site_number": "0020", "parameter_code": "88101", "poc": 3, "parameter_name": "PM2.5 - Local Conditions", "open_date": "2023-02-13T00:00:00", "close_date": null, "concurred_exclusions": null, "dominant_source": null, "measurement_scale": "NEIGHBORHOOD", "measurement_scale_def": "500 M TO 4KM", "monitoring_objective": "POPULATION EXPOSURE", "last_method_code": "170", "last_method_description": "Met One BAM-1020 Mass Monitor w/VSCC - Beta Attenuation", "last_method_begin_date": "2023-02-13", "naaqs_primary_monitor": "Y", "qa_primary_monitor": null, "monitor_type": "SLAMS", "networks": null, "monitoring_agency_code": "0145", "monitoring_agency": "California Air Resources Board", "si_id": 105139, "latitude": 35.04944, "longitude": -118.18893, "datum": "WGS84", "lat_lon_accuracy": 10.0, "elevation": 853.0, "probe_height": 8.0, "pl_probe_location": "TOP OF BUILDING", "local_site_name": "Mojave-Pat Avenue", "address": "3200 Pat Avenue", "state_name": "California", "county_name": "Kern", "city_name": "Mojave", "cbsa_code": "12540", "cbsa_name": "Bakersfield, CA", "csa_code": null, "csa_name": null, "tribal_code": null, "tribe_name": null, "index_right": 33.0, "CSAFP": null, "CBSAFP": "12540", "GEOIDFQ": "310M700US12540", "GEOID": "12540", "NAME": "Bakersfield-Delano, CA", "NAMELSAD": "Bakersfield-Delano, CA Metro Area", "LSAD": "M1", "ALAND": 21068706348.0, "AWATER": 78331375.0 }, "geometry": { "type": "Point", "coordinates": [ -118.18893, 35.04944 ] } },
{ "type": "Feature", "properties": { "state_code": "06", "county_code": "073", "site_number": "1201", "parameter_code": "88101", "poc": 21, "parameter_name": "PM2.5 - Local Conditions", "open_date": "2005-08-19T00:00:00", "close_date": null, "concurred_exclusions": "All (2008-10-28 - 2015-04-01); All (2015-04-02 - Present)", "dominant_source": "AREA", "measurement_scale": "NEIGHBORHOOD", "measurement_scale_def": "500 M TO 4KM", "monitoring_objective": "GENERAL/BACKGROUND", "last_method_code": "736", "last_method_description": "Teledyne T640 at 5.0 LPM (Corrected) - Broadband spectroscopy", "last_method_begin_date": "2005-08-19", "naaqs_primary_monitor": "Y", "qa_primary_monitor": null, "monitor_type": "TRIBAL", "networks": null, "monitoring_agency_code": "583", "monitoring_agency": "Pala Band of Luiseno Mission Indians of Pala Reservation, CA", "si_id": 94529, "latitude": 33.362593, "longitude": -117.09023, "datum": "WGS84", "lat_lon_accuracy": 1.524, "elevation": 109.728, "probe_height": 4.55, "pl_probe_location": "TOP OF BUILDING", "local_site_name": "Pala Airpad", "address": "10848 HWY 76, PALA, CA 92059", "state_name": "California", "county_name": "San Diego", "city_name": "Pala", "cbsa_code": "41740", "cbsa_name": "San Diego-Carlsbad, CA", "csa_code": null, "csa_name": null, "tribal_code": "583", "tribe_name": "Pala Band of Luiseno Mission Indians of Pala Reservation, CA", "index_right": 19.0, "CSAFP": null, "CBSAFP": "41740", "GEOIDFQ": "310M700US41740", "GEOID": "41740", "NAME": "San Diego-Chula Vista-Carlsbad, CA", "NAMELSAD": "San Diego-Chula Vista-Carlsbad, CA Metro Area", "LSAD": "M1", "ALAND": 10905046431.0, "AWATER": 816535836.0 }, "geometry": { "type": "Point", "coordinates": [ -117.09023, 33.362593 ] } },
{ "type": "Feature", "properties": { "state_code": "06", "county_code": "029", "site_number": "0014", "parameter_code": "88101", "poc": 1, "parameter_name": "PM2.5 - Local Conditions", "open_date": "1999-01-01T00:00:00", "close_date": null, "concurred_exclusions": null, "dominant_source": null, "measurement_scale": "NEIGHBORHOOD", "measurement_scale_def": "500 M TO 4KM", "monitoring_objective": "POPULATION EXPOSURE", "last_method_code": "145", "last_method_description": "R & P Model 2025 PM-2.5 Sequential Air Sampler w/VSCC - Gravimetric", "last_method_begin_date": "2004-07-13", "naaqs_primary_monitor": "Y", "qa_primary_monitor": "Y", "monitor_type": "SLAMS", "networks": null, "monitoring_agency_code": "0145", "monitoring_agency": "California Air Resources Board", "si_id": 1012, "latitude": 35.356615, "longitude": -119.062613, "datum": "NAD83", "lat_lon_accuracy": 151.82, "elevation": 0.0, "probe_height": 7.3, "pl_probe_location": null, "local_site_name": "Bakersfield-California", "address": "5558 California Ave., Bakersfield CA 93309", "state_name": "California", "county_name": "Kern", "city_name": "Bakersfield", "cbsa_code": "12540", "cbsa_name": "Bakersfield, CA", "csa_code": null, "csa_name": null, "tribal_code": null, "tribe_name": null, "index_right": 33.0, "CSAFP": null, "CBSAFP": "12540", "GEOIDFQ": "310M700US12540", "GEOID": "12540", "NAME": "Bakersfield-Delano, CA", "NAMELSAD": "Bakersfield-Delano, CA Metro Area", "LSAD": "M1", "ALAND": 21068706348.0, "AWATER": 78331375.0 }, "geometry": { "type": "Point", "coordinates": [ -119.062613, 35.356615 ] } },
{ "type": "Feature", "properties": { "state_code": "06", "county_code": "037", "site_number": "9033", "parameter_code": "88101", "poc": 1, "parameter_name": "PM2.5 - Local Conditions", "open_date": "2001-11-01T00:00:00", "close_date": "2022-12-31T00:00:00", "concurred_exclusions": null, "dominant_source": null, "measurement_scale": "NEIGHBORHOOD", "measurement_scale_def": "500 M TO 4KM", "monitoring_objective": "POPULATION EXPOSURE", "last_method_code": "170", "last_method_description": "Met One BAM-1020 Mass Monitor w/VSCC - Beta Attenuation", "last_method_begin_date": "2016-01-01", "naaqs_primary_monitor": null, "qa_primary_monitor": null, "monitor_type": null, "networks": null, "monitoring_agency_code": "0709", "monitoring_agency": "Mojave Desert AQMD", "si_id": 1123, "latitude": 34.669739, "longitude": -118.130511, "datum": "NAD83", "lat_lon_accuracy": 151.82, "elevation": 725.0, "probe_height": 5.0, "pl_probe_location": "TOP OF BUILDING", "local_site_name": "Lancaster-Division Street", "address": "43301 DIVISION ST., LANCASTER, CA", "state_name": "California", "county_name": "Los Angeles", "city_name": "Lancaster", "cbsa_code": "31080", "cbsa_name": "Los Angeles-Long Beach-Anaheim, CA", "csa_code": "348", "csa_name": "Los Angeles-Long Beach, CA", "tribal_code": null, "tribe_name": null, "index_right": 18.0, "CSAFP": "348", "CBSAFP": "31080", "GEOIDFQ": "310M700US31080", "GEOID": "31080", "NAME": "Los Angeles-Long Beach-Anaheim, CA", "NAMELSAD": "Los Angeles-Long Beach-Anaheim, CA Metro Area", "LSAD": "M1", "ALAND": 12569524354.0, "AWATER": 2191222299.0 }, "geometry": { "type": "Point", "coordinates": [ -118.130511, 34.669739 ] } },
{ "type": "Feature", "properties": { "state_code": "06", "county_code": "067", "site_number": "0006", "parameter_code": "88101", "poc": 3, "parameter_name": "PM2.5 - Local Conditions", "open_date": "2000-05-01T00:00:00", "close_date": null, "concurred_exclusions": null, "dominant_source": "AREA", "measurement_scale": "NEIGHBORHOOD", "measurement_scale_def": "500 M TO 4KM", "monitoring_objective": "HIGHEST CONCENTRATION; POPULATION EXPOSURE; REGIONAL TRANSPORT", "last_method_code": "170", "last_method_description": "Met One BAM-1020 Mass Monitor w/VSCC - Beta Attenuation", "last_method_begin_date": "2020-12-21", "naaqs_primary_monitor": "Y", "qa_primary_monitor": null, "monitor_type": "SLAMS", "networks": "NCORE", "monitoring_agency_code": "0145", "monitoring_agency": "California Air Resources Board", "si_id": 1270, "latitude": 38.613779, "longitude": -121.368014, "datum": "WGS84", "lat_lon_accuracy": 0.0, "elevation": 8.0, "probe_height": 5.0, "pl_probe_location": "TOP OF BUILDING", "local_site_name": "Sacramento-Del Paso Manor", "address": "DEL PASO-2701 AVALON DR, SACRAMENTO", "state_name": "California", "county_name": "Sacramento", "city_name": "Arden-Arcade", "cbsa_code": "40900", "cbsa_name": "Sacramento--Roseville--Arden-Arcade, CA", "csa_code": "472", "csa_name": "Sacramento-Roseville, CA", "tribal_code": null, "tribe_name": null, "index_right": 11.0, "CSAFP": "472", "CBSAFP": "40900", "GEOIDFQ": "310M700US40900", "GEOID": "40900", "NAME": "Sacramento-Roseville-Folsom, CA", "NAMELSAD": "Sacramento-Roseville-Folsom, CA Metro Area", "LSAD": "M1", "ALAND": 13191282211.0, "AWATER": 548045435.0 }, "geometry": { "type": "Point", "coordinates": [ -121.368014, 38.613779 ] } },
{ "type": "Feature", "properties": { "state_code": "06", "county_code": "059", "site_number": "0007", "parameter_code": "88101", "poc": 1, "parameter_name": "PM2.5 - Local Conditions", "open_date": "2001-09-01T00:00:00", "close_date": null, "concurred_exclusions": null, "dominant_source": "MOBILE", "measurement_scale": "URBAN SCALE", "measurement_scale_def": "4 KM TO 50 KM", "monitoring_objective": "POPULATION EXPOSURE", "last_method_code": "145", "last_method_description": "R & P Model 2025 PM-2.5 Sequential Air Sampler w/VSCC - Gravimetric", "last_method_begin_date": "2018-08-11", "naaqs_primary_monitor": "Y", "qa_primary_monitor": "Y", "monitor_type": "SLAMS", "networks": null, "monitoring_agency_code": "0972", "monitoring_agency": "South Coast Air Quality Management District", "si_id": 91686, "latitude": 33.83062, "longitude": -117.93845, "datum": "WGS84", "lat_lon_accuracy": 20.0, "elevation": 10.0, "probe_height": 2.0, "pl_probe_location": "OTHER", "local_site_name": "Anaheim", "address": "1630 W. PAMPAS LANE", "state_name": "California", "county_name": "Orange", "city_name": "Anaheim", "cbsa_code": "31080", "cbsa_name": "Los Angeles-Long Beach-Anaheim, CA", "csa_code": "348", "csa_name": "Los Angeles-Long Beach, CA", "tribal_code": null, "tribe_name": null, "index_right": 18.0, "CSAFP": "348", "CBSAFP": "31080", "GEOIDFQ": "310M700US31080", "GEOID": "31080", "NAME": "Los Angeles-Long Beach-Anaheim, CA", "NAMELSAD": "Los Angeles-Long Beach-Anaheim, CA Metro Area", "LSAD": "M1", "ALAND": 12569524354.0, "AWATER": 2191222299.0 }, "geometry": { "type": "Point", "coordinates": [ -117.93845, 33.83062 ] } },
{ "type": "Feature", "properties": { "state_code": "06", "county_code": "029", "site_number": "0015", "parameter_code": "88101", "poc": 1, "parameter_name": "PM2.5 - Local Conditions", "open_date": "1999-06-01T00:00:00", "close_date": "2018-03-16T00:00:00", "concurred_exclusions": null, "dominant_source": null, "measurement_scale": "NEIGHBORHOOD", "measurement_scale_def": "500 M TO 4KM", "monitoring_objective": "POPULATION EXPOSURE", "last_method_code": "118", "last_method_description": "R & P Model 2025 PM2.5 Sequential w/WINS - GRAVIMETRIC", "last_method_begin_date": "2006-04-05", "naaqs_primary_monitor": null, "qa_primary_monitor": null, "monitor_type": null, "networks": null, "monitoring_agency_code": "0942", "monitoring_agency": "San Diego County Air Pollution Control District", "si_id": 1013, "latitude": 35.62109, "longitude": -117.67296, "datum": "WGS84", "lat_lon_accuracy": 151.82, "elevation": 701.0, "probe_height": 3.0, "pl_probe_location": "TOP OF BUILDING", "local_site_name": "Ridgecrest-California Ave", "address": "100 WEST CALIFORNIA AVE, RIDGECREST, CA", "state_name": "California", "county_name": "Kern", "city_name": "Ridgecrest", "cbsa_code": "12540", "cbsa_name": "Bakersfield, CA", "csa_code": null, "csa_name": null, "tribal_code": null, "tribe_name": null, "index_right": 33.0, "CSAFP": null, "CBSAFP": "12540", "GEOIDFQ": "310M700US12540", "GEOID": "12540", "NAME": "Bakersfield-Delano, CA", "NAMELSAD": "Bakersfield-Delano, CA Metro Area", "LSAD": "M1", "ALAND": 21068706348.0, "AWATER": 78331375.0 }, "geometry": { "type": "Point", "coordinates": [ -117.67296, 35.62109 ] } },
{ "type": "Feature", "properties": { "state_code": "06", "county_code": "019", "site_number": "0011", "parameter_code": "88101", "poc": 3, "parameter_name": "PM2.5 - Local Conditions", "open_date": "2012-01-18T00:00:00", "close_date": null, "concurred_exclusions": null, "dominant_source": null, "measurement_scale": "NEIGHBORHOOD", "measurement_scale_def": "500 M TO 4KM", "monitoring_objective": "POPULATION EXPOSURE", "last_method_code": "170", "last_method_description": "Met One BAM-1020 Mass Monitor w/VSCC - Beta Attenuation", "last_method_begin_date": "2012-01-18", "naaqs_primary_monitor": "Y", "qa_primary_monitor": "Y", "monitor_type": "SLAMS", "networks": null, "monitoring_agency_code": "0145", "monitoring_agency": "California Air Resources Board", "si_id": 96528, "latitude": 36.78538, "longitude": -119.77321, "datum": "NAD83", "lat_lon_accuracy": 1.0, "elevation": 96.0, "probe_height": null, "pl_probe_location": null, "local_site_name": "Fresno - Garland", "address": "3727 N FIRST ST, FRESNO", "state_name": "California", "county_name": "Fresno", "city_name": "Fresno", "cbsa_code": "23420", "cbsa_name": "Fresno, CA", "csa_code": "260", "csa_name": "Fresno-Madera, CA", "tribal_code": null, "tribe_name": null, "index_right": 7.0, "CSAFP": "260", "CBSAFP": "23420", "GEOIDFQ": "310M700US23420", "GEOID": "23420", "NAME": "Fresno, CA", "NAMELSAD": "Fresno, CA Metro Area", "LSAD": "M1", "ALAND": 20966706477.0, "AWATER": 178903286.0 }, "geometry": { "type": "Point", "coordinates": [ -119.77321, 36.78538 ] } },
{ "type": "Feature", "properties": { "state_code": "06", "county_code": "001", "site_number": "0011", "parameter_code": "88101", "poc": 3, "parameter_name": "PM2.5 - Local Conditions", "open_date": "2012-12-18T00:00:00", "close_date": null, "concurred_exclusions": null, "dominant_source": "AREA", "measurement_scale": "NEIGHBORHOOD", "measurement_scale_def": "500 M TO 4KM", "monitoring_objective": "POPULATION EXPOSURE; SOURCE ORIENTED", "last_method_code": "170", "last_method_description": "Met One BAM-1020 Mass Monitor w/VSCC - Beta Attenuation", "last_method_begin_date": "2012-12-18", "naaqs_primary_monitor": "Y", "qa_primary_monitor": null, "monitor_type": "SLAMS", "networks": null, "monitoring_agency_code": "0086", "monitoring_agency": "Bay Area Air Quality Management District", "si_id": 94938, "latitude": 37.814781, "longitude": -122.282347, "datum": "WGS84", "lat_lon_accuracy": 6.0, "elevation": 0.0, "probe_height": 5.2, "pl_probe_location": "TOP OF BUILDING", "local_site_name": "Oakland West", "address": "1100 21st Street", "state_name": "California", "county_name": "Alameda", "city_name": "Oakland", "cbsa_code": "41860", "cbsa_name": "San Francisco-Oakland-Hayward, CA", "csa_code": "488", "csa_name": "San Jose-San Francisco-Oakland, CA", "tribal_code": null, "tribe_name": null, "index_right": 13.0, "CSAFP": "488", "CBSAFP": "41860", "GEOIDFQ": "310M700US41860", "GEOID": "41860", "NAME": "San Francisco-Oakland-Fremont, CA", "NAMELSAD": "San Francisco-Oakland-Fremont, CA Metro Area", "LSAD": "M1", "ALAND": 6396759028.0, "AWATER": 2476945717.0 }, "geometry": { "type": "Point", "coordinates": [ -122.282347, 37.814781 ] } },
{ "type": "Feature", "properties": { "state_code": "06", "county_code": "063", "site_number": "1010", "parameter_code": "88101", "poc": 1, "parameter_name": "PM2.5 - Local Conditions", "open_date": "2013-07-01T00:00:00", "close_date": "2023-02-08T00:00:00", "concurred_exclusions": null, "dominant_source": null, "measurement_scale": "NEIGHBORHOOD", "measurement_scale_def": "500 M TO 4KM", "monitoring_objective": "POPULATION EXPOSURE", "last_method_code": "145", "last_method_description": "R & P Model 2025 PM-2.5 Sequential Air Sampler w/VSCC - Gravimetric", "last_method_begin_date": "2014-05-24", "naaqs_primary_monitor": null, "qa_primary_monitor": null, "monitor_type": null, "networks": null, "monitoring_agency_code": "0145", "monitoring_agency": "California Air Resources Board", "si_id": 97358, "latitude": 39.81336, "longitude": -120.47069, "datum": "WGS84", "lat_lon_accuracy": 20.0, "elevation": 8.0, "probe_height": null, "pl_probe_location": null, "local_site_name": "Portola", "address": "420 Gulling Street, Portola, CA 96122", "state_name": "California", "county_name": "Plumas", "city_name": "Portola", "cbsa_code": null, "cbsa_name": null, "csa_code": null, "csa_name": null, "tribal_code": null, "tribe_name": null, "index_right": null, "CSAFP": null, "CBSAFP": null, "GEOIDFQ": null, "GEOID": null, "NAME": null, "NAMELSAD": null, "LSAD": null, "ALAND": null, "AWATER": null }, "geometry": { "type": "Point", "coordinates": [ -120.47069, 39.81336 ] } },
{ "type": "Feature", "properties": { "state_code": "06", "county_code": "111", "site_number": "2002", "parameter_code": "88101", "poc": 4, "parameter_name": "PM2.5 - Local Conditions", "open_date": "2014-03-17T00:00:00", "close_date": null, "concurred_exclusions": null, "dominant_source": null, "measurement_scale": "NEIGHBORHOOD", "measurement_scale_def": "500 M TO 4KM", "monitoring_objective": "HIGHEST CONCENTRATION", "last_method_code": "170", "last_method_description": "Met One BAM-1020 Mass Monitor w/VSCC - Beta Attenuation", "last_method_begin_date": "2014-03-17", "naaqs_primary_monitor": null, "qa_primary_monitor": null, "monitor_type": "SLAMS", "networks": null, "monitoring_agency_code": "1118", "monitoring_agency": "Ventura County APCD", "si_id": 1617, "latitude": 34.276316, "longitude": -118.683685, "datum": "NAD83", "lat_lon_accuracy": 0.0, "elevation": 314.0, "probe_height": null, "pl_probe_location": "TOP OF BUILDING", "local_site_name": "Simi Valley-Cochran Street", "address": "5400 COCHRAN STREET, SIMI VALLEY, CA  93063", "state_name": "California", "county_name": "Ventura", "city_name": "Simi Valley", "cbsa_code": "37100", "cbsa_name": "Oxnard-Thousand Oaks-Ventura, CA", "csa_code": "348", "csa_name": "Los Angeles-Long Beach, CA", "tribal_code": null, "tribe_name": null, "index_right": 23.0, "CSAFP": "348", "CBSAFP": "37100", "GEOIDFQ": "310M700US37100", "GEOID": "37100", "NAME": "Oxnard-Thousand Oaks-Ventura, CA", "NAMELSAD": "Oxnard-Thousand Oaks-Ventura, CA Metro Area", "LSAD": "M1", "ALAND": 4767597024.0, "AWATER": 947364179.0 }, "geometry": { "type": "Point", "coordinates": [ -118.683685, 34.276316 ] } },
{ "type": "Feature", "properties": { "state_code": "06", "county_code": "031", "site_number": "0004", "parameter_code": "88101", "poc": 8, "parameter_name": "PM2.5 - Local Conditions", "open_date": "2017-01-01T00:00:00", "close_date": null, "concurred_exclusions": null, "dominant_source": null, "measurement_scale": "NEIGHBORHOOD", "measurement_scale_def": "500 M TO 4KM", "monitoring_objective": "POPULATION EXPOSURE", "last_method_code": "170", "last_method_description": "Met One BAM-1020 Mass Monitor w/VSCC - Beta Attenuation", "last_method_begin_date": "2021-01-12", "naaqs_primary_monitor": "Y", "qa_primary_monitor": null, "monitor_type": "SLAMS", "networks": null, "monitoring_agency_code": "0945", "monitoring_agency": "San Joaquin Valley Unified Air Pollution Control District", "si_id": 1035, "latitude": 36.102244, "longitude": -119.56565, "datum": "NAD83", "lat_lon_accuracy": 3.04, "elevation": 61.0, "probe_height": 5.0, "pl_probe_location": "TOP OF BUILDING", "local_site_name": "Corcoran-Patterson", "address": "1520 PATTERSON AVE.", "state_name": "California", "county_name": "Kings", "city_name": "Corcoran", "cbsa_code": "25260", "cbsa_name": "Hanford-Corcoran, CA", "csa_code": "546", "csa_name": "Visalia-Porterville-Hanford, CA", "tribal_code": null, "tribe_name": null, "index_right": 31.0, "CSAFP": "260", "CBSAFP": "25260", "GEOIDFQ": "310M700US25260", "GEOID": "25260", "NAME": "Hanford-Corcoran, CA", "NAMELSAD": "Hanford-Corcoran, CA Metro Area", "LSAD": "M1", "ALAND": 3602601926.0, "AWATER": 3164290.0 }, "geometry": { "type": "Point", "coordinates": [ -119.56565, 36.102244 ] } },
{ "type": "Feature", "properties": { "state_code": "06", "county_code": "071", "site_number": "0027", "parameter_code": "88101", "poc": 3, "parameter_name": "PM2.5 - Local Conditions", "open_date": "2015-08-01T00:00:00", "close_date": null, "concurred_exclusions": null, "dominant_source": "MOBILE", "measurement_scale": "MICROSCALE", "measurement_scale_def": "0 M TO 100 M", "monitoring_objective": "SOURCE ORIENTED", "last_method_code": "170", "last_method_description": "Met One BAM-1020 Mass Monitor w/VSCC - Beta Attenuation", "last_method_begin_date": "2022-03-10", "naaqs_primary_monitor": null, "qa_primary_monitor": null, "monitor_type": "SLAMS", "networks": "NEAR ROAD", "monitoring_agency_code": "0972", "monitoring_agency": "South Coast Air Quality Management District", "si_id": 99504, "latitude": 34.030833, "longitude": -117.61722, "datum": "WGS84", "lat_lon_accuracy": 3.04, "elevation": 258.0, "probe_height": 4.5, "pl_probe_location": "TOP OF BUILDING", "local_site_name": "Ontario-Route 60 Near Road", "address": "2330 S. Castle Harbour", "state_name": "California", "county_name": "San Bernardino", "city_name": "Ontario", "cbsa_code": "40140", "cbsa_name": "Riverside-San Bernardino-Ontario, CA", "csa_code": "348", "csa_name": "Los Angeles-Long Beach, CA", "tribal_code": null, "tribe_name": null, "index_right": 21.0, "CSAFP": "348", "CBSAFP": "40140", "GEOIDFQ": "310M700US40140", "GEOID": "40140", "NAME": "Riverside-San Bernardino-Ontario, CA", "NAMELSAD": "Riverside-San Bernardino-Ontario, CA Metro Area", "LSAD": "M1", "ALAND": 70648193821.0, "AWATER": 339279578.0 }, "geometry": { "type": "Point", "coordinates": [ -117.61722, 34.030833 ] } },
{ "type": "Feature", "properties": { "state_code": "06", "county_code": "051", "site_number": "0005", "parameter_code": "88101", "poc": 4, "parameter_name": "PM2.5 - Local Conditions", "open_date": "2018-04-07T00:00:00", "close_date": null, "concurred_exclusions": "All (2018-04-07 - 2023-08-01)", "dominant_source": null, "measurement_scale": "NEIGHBORHOOD", "measurement_scale_def": "500 M TO 4KM", "monitoring_objective": "POPULATION EXPOSURE", "last_method_code": "638", "last_method_description": "Teledyne T640X at 16.67 LPM w/Network Data Alignment enabled - Broadband spectroscopy", "last_method_begin_date": "2023-08-02", "naaqs_primary_monitor": "Y", "qa_primary_monitor": null, "monitor_type": "SLAMS", "networks": null, "monitoring_agency_code": "0458", "monitoring_agency": "Great Basin Unified APCD", "si_id": 1167, "latitude": 37.962069, "longitude": -119.120278, "datum": "WGS84", "lat_lon_accuracy": 0.0, "elevation": 2067.0, "probe_height": 3.0, "pl_probe_location": "TOP OF BUILDING", "local_site_name": "Lee Vining", "address": "330 Mattly Avenue, LEE VINING, 93541", "state_name": "California", "county_name": "Mono", "city_name": "Not in a City", "cbsa_code": null, "cbsa_name": null, "csa_code": null, "csa_name": null, "tribal_code": null, "tribe_name": null, "index_right": null, "CSAFP": null, "CBSAFP": null, "GEOIDFQ": null, "GEOID": null, "NAME": null, "NAMELSAD": null, "LSAD": null, "ALAND": null, "AWATER": null }, "geometry": { "type": "Point", "coordinates": [ -119.120278, 37.962069 ] } },
{ "type": "Feature", "properties": { "state_code": "06", "county_code": "073", "site_number": "1026", "parameter_code": "88101", "poc": 1, "parameter_name": "PM2.5 - Local Conditions", "open_date": "2020-01-01T00:00:00", "close_date": "2023-04-06T00:00:00", "concurred_exclusions": null, "dominant_source": "AREA", "measurement_scale": "NEIGHBORHOOD", "measurement_scale_def": "500 M TO 4KM", "monitoring_objective": "POPULATION EXPOSURE", "last_method_code": "545", "last_method_description": "Met One E-SEQ-FRM PM2.5 with VSCC - Gravimetric", "last_method_begin_date": "2020-01-01", "naaqs_primary_monitor": null, "qa_primary_monitor": null, "monitor_type": null, "networks": null, "monitoring_agency_code": "0942", "monitoring_agency": "San Diego County Air Pollution Control District", "si_id": 104551, "latitude": 32.710177, "longitude": -117.142665, "datum": "NAD83", "lat_lon_accuracy": 2.0, "elevation": 34.0, "probe_height": 2.0, "pl_probe_location": "GROUND LEVEL SUPPORT", "local_site_name": "San Diego - Sherman Elementary School", "address": "450B 24th Street", "state_name": "California", "county_name": "San Diego", "city_name": "San Diego", "cbsa_code": "41740", "cbsa_name": "San Diego-Carlsbad, CA", "csa_code": null, "csa_name": null, "tribal_code": null, "tribe_name": null, "index_right": 19.0, "CSAFP": null, "CBSAFP": "41740", "GEOIDFQ": "310M700US41740", "GEOID": "41740", "NAME": "San Diego-Chula Vista-Carlsbad, CA", "NAMELSAD": "San Diego-Chula Vista-Carlsbad, CA Metro Area", "LSAD": "M1", "ALAND": 10905046431.0, "AWATER": 816535836.0 }, "geometry": { "type": "Point", "coordinates": [ -117.142665, 32.710177 ] } },
{ "type": "Feature", "properties": { "state_code": "06", "county_code": "011", "site_number": "1002", "parameter_code": "88101", "poc": 3, "parameter_name": "PM2.5 - Local Conditions", "open_date": "2020-12-14T00:00:00", "close_date": null, "concurred_exclusions": null, "dominant_source": null, "measurement_scale": null, "measurement_scale_def": null, "monitoring_objective": "POPULATION EXPOSURE", "last_method_code": "170", "last_method_description": "Met One BAM-1020 Mass Monitor w/VSCC - Beta Attenuation", "last_method_begin_date": "2021-07-01", "naaqs_primary_monitor": "Y", "qa_primary_monitor": null, "monitor_type": "SLAMS", "networks": null, "monitoring_agency_code": "0145", "monitoring_agency": "California Air Resources Board", "si_id": 888, "latitude": 39.18919, "longitude": -121.99887, "datum": "NAD83", "lat_lon_accuracy": 0.0, "elevation": 17.0, "probe_height": 5.0, "pl_probe_location": "TOP OF BUILDING", "local_site_name": "Colusa-Sunrise Blvd", "address": "100 SUNRISE BLVD., COLUSA", "state_name": "California", "county_name": "Colusa", "city_name": "Colusa", "cbsa_code": null, "cbsa_name": null, "csa_code": null, "csa_name": null, "tribal_code": null, "tribe_name": null, "index_right": null, "CSAFP": null, "CBSAFP": null, "GEOIDFQ": null, "GEOID": null, "NAME": null, "NAMELSAD": null, "LSAD": null, "ALAND": null, "AWATER": null }, "geometry": { "type": "Point", "coordinates": [ -121.99887, 39.18919 ] } },
{ "type": "Feature", "properties": { "state_code": "06", "county_code": "065", "site_number": "2007", "parameter_code": "88101", "poc": 3, "parameter_name": "PM2.5 - Local Conditions", "open_date": "2024-01-01T00:00:00", "close_date": null, "concurred_exclusions": null, "dominant_source": "AREA", "measurement_scale": "NEIGHBORHOOD", "measurement_scale_def": "500 M TO 4KM", "monitoring_objective": "POPULATION EXPOSURE", "last_method_code": "170", "last_method_description": "Met One BAM-1020 Mass Monitor w/VSCC - Beta Attenuation", "last_method_begin_date": "2024-01-01", "naaqs_primary_monitor": null, "qa_primary_monitor": null, "monitor_type": "SPM", "networks": null, "monitoring_agency_code": "0972", "monitoring_agency": "South Coast Air Quality Management District", "si_id": 105237, "latitude": 33.72537, "longitude": -116.206842, "datum": "WGS84", "lat_lon_accuracy": 2.0, "elevation": -8.0, "probe_height": 1.8, "pl_probe_location": "TOP OF BUILDING", "local_site_name": "Indio Amistad High School", "address": "44801 Golf Center Parkway, Indio CA, 92201", "state_name": "California", "county_name": "Riverside", "city_name": "Indio", "cbsa_code": "40140", "cbsa_name": "Riverside-San Bernardino-Ontario, CA", "csa_code": "348", "csa_name": "Los Angeles-Long Beach, CA", "tribal_code": null, "tribe_name": null, "index_right": 21.0, "CSAFP": "348", "CBSAFP": "40140", "GEOIDFQ": "310M700US40140", "GEOID": "40140", "NAME": "Riverside-San Bernardino-Ontario, CA", "NAMELSAD": "Riverside-San Bernardino-Ontario, CA Metro Area", "LSAD": "M1", "ALAND": 70648193821.0, "AWATER": 339279578.0 }, "geometry": { "type": "Point", "coordinates": [ -116.206842, 33.72537 ] } },
{ "type": "Feature", "properties": { "state_code": "06", "county_code": "073", "site_number": "1016", "parameter_code": "88101", "poc": 4, "parameter_name": "PM2.5 - Local Conditions", "open_date": "2023-06-30T00:00:00", "close_date": null, "concurred_exclusions": null, "dominant_source": "POINT", "measurement_scale": "NEIGHBORHOOD", "measurement_scale_def": "500 M TO 4KM", "monitoring_objective": "GENERAL/BACKGROUND", "last_method_code": "638", "last_method_description": "Teledyne T640X at 16.67 LPM w/Network Data Alignment enabled - Broadband spectroscopy", "last_method_begin_date": "2023-06-30", "naaqs_primary_monitor": null, "qa_primary_monitor": null, "monitor_type": "SLAMS", "networks": null, "monitoring_agency_code": "0942", "monitoring_agency": "San Diego County Air Pollution Control District", "si_id": 95699, "latitude": 32.845709, "longitude": -117.123964, "datum": "NAD83", "lat_lon_accuracy": 1.0, "elevation": 134.0, "probe_height": 6.0, "pl_probe_location": "TOP OF BUILDING", "local_site_name": "San Diego - Kearny Villa Rd.", "address": "6125A KEARNY VILLA RD., SAN DIEGO", "state_name": "California", "county_name": "San Diego", "city_name": "San Diego", "cbsa_code": "41740", "cbsa_name": "San Diego-Carlsbad, CA", "csa_code": null, "csa_name": null, "tribal_code": null, "tribe_name": null, "index_right": 19.0, "CSAFP": null, "CBSAFP": "41740", "GEOIDFQ": "310M700US41740", "GEOID": "41740", "NAME": "San Diego-Chula Vista-Carlsbad, CA", "NAMELSAD": "San Diego-Chula Vista-Carlsbad, CA Metro Area", "LSAD": "M1", "ALAND": 10905046431.0, "AWATER": 816535836.0 }, "geometry": { "type": "Point", "coordinates": [ -117.123964, 32.845709 ] } },
{ "type": "Feature", "properties": { "state_code": "06", "county_code": "073", "site_number": "1017", "parameter_code": "88101", "poc": 3, "parameter_name": "PM2.5 - Local Conditions", "open_date": "2023-06-30T00:00:00", "close_date": null, "concurred_exclusions": null, "dominant_source": null, "measurement_scale": "MICROSCALE", "measurement_scale_def": "0 M TO 100 M", "monitoring_objective": "SOURCE ORIENTED", "last_method_code": "638", "last_method_description": "Teledyne T640X at 16.67 LPM w/Network Data Alignment enabled - Broadband spectroscopy", "last_method_begin_date": "2023-06-30", "naaqs_primary_monitor": "Y", "qa_primary_monitor": null, "monitor_type": "SLAMS", "networks": "NEAR ROAD", "monitoring_agency_code": "0942", "monitoring_agency": "San Diego County Air Pollution Control District", "si_id": 99631, "latitude": 32.985428, "longitude": -117.082198, "datum": "WGS84", "lat_lon_accuracy": 5.0, "elevation": 219.0, "probe_height": 2.0, "pl_probe_location": "SIDE OF BUILDING", "local_site_name": "San Diego -Rancho Carmel Drive", "address": "11403 Rancho Carmel Drive", "state_name": "California", "county_name": "San Diego", "city_name": "San Diego", "cbsa_code": "41740", "cbsa_name": "San Diego-Carlsbad, CA", "csa_code": null, "csa_name": null, "tribal_code": null, "tribe_name": null, "index_right": 19.0, "CSAFP": null, "CBSAFP": "41740", "GEOIDFQ": "310M700US41740", "GEOID": "41740", "NAME": "San Diego-Chula Vista-Carlsbad, CA", "NAMELSAD": "San Diego-Chula Vista-Carlsbad, CA Metro Area", "LSAD": "M1", "ALAND": 10905046431.0, "AWATER": 816535836.0 }, "geometry": { "type": "Point", "coordinates": [ -117.082198, 32.985428 ] } },
{ "type": "Feature", "properties": { "state_code": "06", "county_code": "051", "site_number": "0005", "parameter_code": "88101", "poc": 24, "parameter_name": "PM2.5 - Local Conditions", "open_date": "2018-04-07T00:00:00", "close_date": "2023-08-01T00:00:00", "concurred_exclusions": null, "dominant_source": null, "measurement_scale": "NEIGHBORHOOD", "measurement_scale_def": "500 M TO 4KM", "monitoring_objective": "POPULATION EXPOSURE", "last_method_code": "738", "last_method_description": "Teledyne T640X at 16.67 LPM (Corrected) - Broadband spectroscopy", "last_method_begin_date": "2018-04-07", "naaqs_primary_monitor": null, "qa_primary_monitor": null, "monitor_type": null, "networks": null, "monitoring_agency_code": "0458", "monitoring_agency": "Great Basin Unified APCD", "si_id": 1167, "latitude": 37.962069, "longitude": -119.120278, "datum": "WGS84", "lat_lon_accuracy": 0.0, "elevation": 2067.0, "probe_height": 3.0, "pl_probe_location": "TOP OF BUILDING", "local_site_name": "Lee Vining", "address": "330 Mattly Avenue, LEE VINING, 93541", "state_name": "California", "county_name": "Mono", "city_name": "Not in a City", "cbsa_code": null, "cbsa_name": null, "csa_code": null, "csa_name": null, "tribal_code": null, "tribe_name": null, "index_right": null, "CSAFP": null, "CBSAFP": null, "GEOIDFQ": null, "GEOID": null, "NAME": null, "NAMELSAD": null, "LSAD": null, "ALAND": null, "AWATER": null }, "geometry": { "type": "Point", "coordinates": [ -119.120278, 37.962069 ] } },
{ "type": "Feature", "properties": { "state_code": "06", "county_code": "037", "site_number": "1302", "parameter_code": "88101", "poc": 3, "parameter_name": "PM2.5 - Local Conditions", "open_date": "2024-01-01T00:00:00", "close_date": null, "concurred_exclusions": null, "dominant_source": "AREA", "measurement_scale": "NEIGHBORHOOD", "measurement_scale_def": "500 M TO 4KM", "monitoring_objective": "HIGHEST CONCENTRATION", "last_method_code": "170", "last_method_description": "Met One BAM-1020 Mass Monitor w/VSCC - Beta Attenuation", "last_method_begin_date": "2024-01-01", "naaqs_primary_monitor": null, "qa_primary_monitor": null, "monitor_type": "SLAMS", "networks": null, "monitoring_agency_code": "0972", "monitoring_agency": "South Coast Air Quality Management District", "si_id": 94733, "latitude": 33.901389, "longitude": -118.205, "datum": "WGS84", "lat_lon_accuracy": 1.0, "elevation": 27.0, "probe_height": 1.8, "pl_probe_location": "TOP OF BUILDING", "local_site_name": "Compton", "address": "700 North Bullis Road", "state_name": "California", "county_name": "Los Angeles", "city_name": "Compton", "cbsa_code": "31080", "cbsa_name": "Los Angeles-Long Beach-Anaheim, CA", "csa_code": "348", "csa_name": "Los Angeles-Long Beach, CA", "tribal_code": null, "tribe_name": null, "index_right": 18.0, "CSAFP": "348", "CBSAFP": "31080", "GEOIDFQ": "310M700US31080", "GEOID": "31080", "NAME": "Los Angeles-Long Beach-Anaheim, CA", "NAMELSAD": "Los Angeles-Long Beach-Anaheim, CA Metro Area", "LSAD": "M1", "ALAND": 12569524354.0, "AWATER": 2191222299.0 }, "geometry": { "type": "Point", "coordinates": [ -118.205, 33.901389 ] } },
{ "type": "Feature", "properties": { "state_code": "06", "county_code": "029", "site_number": "0016", "parameter_code": "88101", "poc": 1, "parameter_name": "PM2.5 - Local Conditions", "open_date": "2000-02-18T00:00:00", "close_date": null, "concurred_exclusions": null, "dominant_source": null, "measurement_scale": "NEIGHBORHOOD", "measurement_scale_def": "500 M TO 4KM", "monitoring_objective": "POPULATION EXPOSURE", "last_method_code": "145", "last_method_description": "R & P Model 2025 PM-2.5 Sequential Air Sampler w/VSCC - Gravimetric", "last_method_begin_date": "2005-03-01", "naaqs_primary_monitor": "Y", "qa_primary_monitor": "Y", "monitor_type": "SLAMS", "networks": null, "monitoring_agency_code": "0145", "monitoring_agency": "California Air Resources Board", "si_id": 1014, "latitude": 35.324636, "longitude": -118.997627, "datum": "NAD83", "lat_lon_accuracy": 18.22, "elevation": 0.0, "probe_height": 2.0, "pl_probe_location": "TOP OF BUILDING", "local_site_name": "Bakersfield-Airport (Planz)", "address": "410 E. PLANZ RD. BAKERSFIELD, CA  93307", "state_name": "California", "county_name": "Kern", "city_name": "Bakersfield", "cbsa_code": "12540", "cbsa_name": "Bakersfield, CA", "csa_code": null, "csa_name": null, "tribal_code": null, "tribe_name": null, "index_right": 33.0, "CSAFP": null, "CBSAFP": "12540", "GEOIDFQ": "310M700US12540", "GEOID": "12540", "NAME": "Bakersfield-Delano, CA", "NAMELSAD": "Bakersfield-Delano, CA Metro Area", "LSAD": "M1", "ALAND": 21068706348.0, "AWATER": 78331375.0 }, "geometry": { "type": "Point", "coordinates": [ -118.997627, 35.324636 ] } },
{ "type": "Feature", "properties": { "state_code": "06", "county_code": "065", "site_number": "2002", "parameter_code": "88101", "poc": 3, "parameter_name": "PM2.5 - Local Conditions", "open_date": "2000-01-01T00:00:00", "close_date": "2022-04-21T00:00:00", "concurred_exclusions": null, "dominant_source": null, "measurement_scale": null, "measurement_scale_def": null, "monitoring_objective": "UNKNOWN", "last_method_code": "183", "last_method_description": "Thermo Scientific 5014i or FH62C14-DHS w/VSCC - Beta Attenuation", "last_method_begin_date": "2020-01-01", "naaqs_primary_monitor": null, "qa_primary_monitor": null, "monitor_type": null, "networks": null, "monitoring_agency_code": "0972", "monitoring_agency": "South Coast Air Quality Management District", "si_id": 1253, "latitude": 33.70853, "longitude": -116.21537, "datum": "WGS84", "lat_lon_accuracy": 0.0, "elevation": 0.0, "probe_height": 1.8, "pl_probe_location": "TOP OF BUILDING", "local_site_name": "Indio", "address": "46-990 JACKSON ST., INDIO", "state_name": "California", "county_name": "Riverside", "city_name": "Indio", "cbsa_code": "40140", "cbsa_name": "Riverside-San Bernardino-Ontario, CA", "csa_code": "348", "csa_name": "Los Angeles-Long Beach, CA", "tribal_code": null, "tribe_name": null, "index_right": 21.0, "CSAFP": "348", "CBSAFP": "40140", "GEOIDFQ": "310M700US40140", "GEOID": "40140", "NAME": "Riverside-San Bernardino-Ontario, CA", "NAMELSAD": "Riverside-San Bernardino-Ontario, CA Metro Area", "LSAD": "M1", "ALAND": 70648193821.0, "AWATER": 339279578.0 }, "geometry": { "type": "Point", "coordinates": [ -116.21537, 33.70853 ] } },
{ "type": "Feature", "properties": { "state_code": "06", "county_code": "101", "site_number": "0003", "parameter_code": "88101", "poc": 1, "parameter_name": "PM2.5 - Local Conditions", "open_date": "1998-12-19T00:00:00", "close_date": "2020-04-10T00:00:00", "concurred_exclusions": null, "dominant_source": null, "measurement_scale": "NEIGHBORHOOD", "measurement_scale_def": "500 M TO 4KM", "monitoring_objective": "POPULATION EXPOSURE", "last_method_code": "145", "last_method_description": "R & P Model 2025 PM-2.5 Sequential Air Sampler w/VSCC - Gravimetric", "last_method_begin_date": "2014-01-30", "naaqs_primary_monitor": null, "qa_primary_monitor": null, "monitor_type": null, "networks": null, "monitoring_agency_code": "0145", "monitoring_agency": "California Air Resources Board", "si_id": 1567, "latitude": 39.138773, "longitude": -121.618549, "datum": "WGS84", "lat_lon_accuracy": 0.0, "elevation": 20.0, "probe_height": 6.0, "pl_probe_location": null, "local_site_name": "Yuba City", "address": "773 ALMOND ST, YUBA CITY", "state_name": "California", "county_name": "Sutter", "city_name": "Yuba City", "cbsa_code": "49700", "cbsa_name": "Yuba City, CA", "csa_code": "472", "csa_name": "Sacramento-Roseville, CA", "tribal_code": null, "tribe_name": null, "index_right": 1.0, "CSAFP": "472", "CBSAFP": "49700", "GEOIDFQ": "310M700US49700", "GEOID": "49700", "NAME": "Yuba City, CA", "NAMELSAD": "Yuba City, CA Metro Area", "LSAD": "M1", "ALAND": 3197863363.0, "AWATER": 45895634.0 }, "geometry": { "type": "Point", "coordinates": [ -121.618549, 39.138773 ] } },
{ "type": "Feature", "properties": { "state_code": "06", "county_code": "065", "site_number": "8005", "parameter_code": "88101", "poc": 1, "parameter_name": "PM2.5 - Local Conditions", "open_date": "2005-10-25T00:00:00", "close_date": null, "concurred_exclusions": null, "dominant_source": null, "measurement_scale": "NEIGHBORHOOD", "measurement_scale_def": "500 M TO 4KM", "monitoring_objective": "HIGHEST CONCENTRATION", "last_method_code": "145", "last_method_description": "R & P Model 2025 PM-2.5 Sequential Air Sampler w/VSCC - Gravimetric", "last_method_begin_date": "2015-05-19", "naaqs_primary_monitor": "Y", "qa_primary_monitor": "Y", "monitor_type": "SLAMS", "networks": null, "monitoring_agency_code": "0972", "monitoring_agency": "South Coast Air Quality Management District", "si_id": 92995, "latitude": 33.99636, "longitude": -117.4924, "datum": "NAD83", "lat_lon_accuracy": 1.0, "elevation": 250.0, "probe_height": null, "pl_probe_location": null, "local_site_name": "Mira Loma (Van Buren)", "address": "5130 POINSETTIA PLACE", "state_name": "California", "county_name": "Riverside", "city_name": "Mira Loma", "cbsa_code": "40140", "cbsa_name": "Riverside-San Bernardino-Ontario, CA", "csa_code": "348", "csa_name": "Los Angeles-Long Beach, CA", "tribal_code": null, "tribe_name": null, "index_right": 21.0, "CSAFP": "348", "CBSAFP": "40140", "GEOIDFQ": "310M700US40140", "GEOID": "40140", "NAME": "Riverside-San Bernardino-Ontario, CA", "NAMELSAD": "Riverside-San Bernardino-Ontario, CA Metro Area", "LSAD": "M1", "ALAND": 70648193821.0, "AWATER": 339279578.0 }, "geometry": { "type": "Point", "coordinates": [ -117.4924, 33.99636 ] } },
{ "type": "Feature", "properties": { "state_code": "06", "county_code": "099", "site_number": "0006", "parameter_code": "88101", "poc": 3, "parameter_name": "PM2.5 - Local Conditions", "open_date": "2008-11-19T00:00:00", "close_date": null, "concurred_exclusions": null, "dominant_source": null, "measurement_scale": "NEIGHBORHOOD", "measurement_scale_def": "500 M TO 4KM", "monitoring_objective": "POPULATION EXPOSURE", "last_method_code": "170", "last_method_description": "Met One BAM-1020 Mass Monitor w/VSCC - Beta Attenuation", "last_method_begin_date": "2008-11-19", "naaqs_primary_monitor": "Y", "qa_primary_monitor": null, "monitor_type": "SLAMS", "networks": null, "monitoring_agency_code": "0945", "monitoring_agency": "San Joaquin Valley Unified Air Pollution Control District", "si_id": 1557, "latitude": 37.488317, "longitude": -120.836008, "datum": "NAD83", "lat_lon_accuracy": 1.52, "elevation": 56.0, "probe_height": 7.0, "pl_probe_location": "TOP OF BUILDING", "local_site_name": "Turlock", "address": " 900 S MINARET STREET, TURLOCK, CA", "state_name": "California", "county_name": "Stanislaus", "city_name": "Turlock", "cbsa_code": "33700", "cbsa_name": "Modesto, CA", "csa_code": "382", "csa_name": "Modesto-Merced, CA", "tribal_code": null, "tribe_name": null, "index_right": 9.0, "CSAFP": "488", "CBSAFP": "33700", "GEOIDFQ": "310M700US33700", "GEOID": "33700", "NAME": "Modesto, CA", "NAMELSAD": "Modesto, CA Metro Area", "LSAD": "M1", "ALAND": 3875010967.0, "AWATER": 46378776.0 }, "geometry": { "type": "Point", "coordinates": [ -120.836008, 37.488317 ] } },
{ "type": "Feature", "properties": { "state_code": "06", "county_code": "039", "site_number": "2010", "parameter_code": "88101", "poc": 3, "parameter_name": "PM2.5 - Local Conditions", "open_date": "2010-07-16T00:00:00", "close_date": null, "concurred_exclusions": null, "dominant_source": "AREA", "measurement_scale": "NEIGHBORHOOD", "measurement_scale_def": "500 M TO 4KM", "monitoring_objective": "POPULATION EXPOSURE", "last_method_code": "170", "last_method_description": "Met One BAM-1020 Mass Monitor w/VSCC - Beta Attenuation", "last_method_begin_date": "2019-09-21", "naaqs_primary_monitor": "Y", "qa_primary_monitor": null, "monitor_type": "SLAMS", "networks": null, "monitoring_agency_code": "0945", "monitoring_agency": "San Joaquin Valley Unified Air Pollution Control District", "si_id": 95487, "latitude": 36.953256, "longitude": -120.034203, "datum": "WGS84", "lat_lon_accuracy": 3.0, "elevation": 83.52, "probe_height": null, "pl_probe_location": "TOWER", "local_site_name": "Madera-City", "address": "28261 Avenue 14 Madera CA 93638", "state_name": "California", "county_name": "Madera", "city_name": "Madera", "cbsa_code": "31460", "cbsa_name": "Madera, CA", "csa_code": "260", "csa_name": "Fresno-Madera, CA", "tribal_code": null, "tribe_name": null, "index_right": 7.0, "CSAFP": "260", "CBSAFP": "23420", "GEOIDFQ": "310M700US23420", "GEOID": "23420", "NAME": "Fresno, CA", "NAMELSAD": "Fresno, CA Metro Area", "LSAD": "M1", "ALAND": 20966706477.0, "AWATER": 178903286.0 }, "geometry": { "type": "Point", "coordinates": [ -120.034203, 36.953256 ] } },
{ "type": "Feature", "properties": { "state_code": "06", "county_code": "029", "site_number": "0011", "parameter_code": "88101", "poc": 3, "parameter_name": "PM2.5 - Local Conditions", "open_date": "2011-04-01T00:00:00", "close_date": "2020-08-31T00:00:00", "concurred_exclusions": null, "dominant_source": null, "measurement_scale": "NEIGHBORHOOD", "measurement_scale_def": "500 M TO 4KM", "monitoring_objective": "HIGHEST CONCENTRATION", "last_method_code": "170", "last_method_description": "Met One BAM-1020 Mass Monitor w/VSCC - Beta Attenuation", "last_method_begin_date": "2011-04-01", "naaqs_primary_monitor": null, "qa_primary_monitor": null, "monitor_type": null, "networks": null, "monitoring_agency_code": "0145", "monitoring_agency": "California Air Resources Board", "si_id": 1009, "latitude": 35.050551, "longitude": -118.147294, "datum": "WGS84", "lat_lon_accuracy": 151.82, "elevation": 853.0, "probe_height": 8.0, "pl_probe_location": "TOP OF BUILDING", "local_site_name": "Mojave", "address": " 923 POOLE STREET, MOJAVE, CA 93501", "state_name": "California", "county_name": "Kern", "city_name": "Mojave", "cbsa_code": "12540", "cbsa_name": "Bakersfield, CA", "csa_code": null, "csa_name": null, "tribal_code": null, "tribe_name": null, "index_right": 33.0, "CSAFP": null, "CBSAFP": "12540", "GEOIDFQ": "310M700US12540", "GEOID": "12540", "NAME": "Bakersfield-Delano, CA", "NAMELSAD": "Bakersfield-Delano, CA Metro Area", "LSAD": "M1", "ALAND": 21068706348.0, "AWATER": 78331375.0 }, "geometry": { "type": "Point", "coordinates": [ -118.147294, 35.050551 ] } },
{ "type": "Feature", "properties": { "state_code": "06", "county_code": "007", "site_number": "0008", "parameter_code": "88101", "poc": 1, "parameter_name": "PM2.5 - Local Conditions", "open_date": "2012-04-27T00:00:00", "close_date": "2019-06-30T00:00:00", "concurred_exclusions": null, "dominant_source": null, "measurement_scale": "NEIGHBORHOOD", "measurement_scale_def": "500 M TO 4KM", "monitoring_objective": "POPULATION EXPOSURE", "last_method_code": "145", "last_method_description": "R & P Model 2025 PM-2.5 Sequential Air Sampler w/VSCC - Gravimetric", "last_method_begin_date": "2012-10-26", "naaqs_primary_monitor": null, "qa_primary_monitor": null, "monitor_type": null, "networks": null, "monitoring_agency_code": "0145", "monitoring_agency": "California Air Resources Board", "si_id": 96599, "latitude": 39.76168, "longitude": -121.84047, "datum": "NAD83", "lat_lon_accuracy": 62.0, "elevation": 1.0, "probe_height": null, "pl_probe_location": null, "local_site_name": "Chico-East Avenue", "address": "984 East Avenue, Chico", "state_name": "California", "county_name": "Butte", "city_name": "Chico", "cbsa_code": "17020", "cbsa_name": "Chico, CA", "csa_code": null, "csa_name": null, "tribal_code": null, "tribe_name": null, "index_right": 15.0, "CSAFP": null, "CBSAFP": "17020", "GEOIDFQ": "310M700US17020", "GEOID": "17020", "NAME": "Chico, CA", "NAMELSAD": "Chico, CA Metro Area", "LSAD": "M1", "ALAND": 4238545149.0, "AWATER": 105204062.0 }, "geometry": { "type": "Point", "coordinates": [ -121.84047, 39.76168 ] } },
{ "type": "Feature", "properties": { "state_code": "06", "county_code": "061", "site_number": "0003", "parameter_code": "88101", "poc": 1, "parameter_name": "PM2.5 - Local Conditions", "open_date": "2012-01-01T00:00:00", "close_date": null, "concurred_exclusions": null, "dominant_source": null, "measurement_scale": "NEIGHBORHOOD", "measurement_scale_def": "500 M TO 4KM", "monitoring_objective": "POPULATION EXPOSURE", "last_method_code": "170", "last_method_description": "Met One BAM-1020 Mass Monitor w/VSCC - Beta Attenuation", "last_method_begin_date": "2012-01-01", "naaqs_primary_monitor": "Y", "qa_primary_monitor": null, "monitor_type": "SLAMS", "networks": null, "monitoring_agency_code": "0872", "monitoring_agency": "Placer County APCD", "si_id": 97049, "latitude": 38.93568, "longitude": -121.09959, "datum": "NAD83", "lat_lon_accuracy": 1.0, "elevation": 400.0, "probe_height": null, "pl_probe_location": null, "local_site_name": "Auburn-Atwood", "address": "11645 Atwood Street, Auburn", "state_name": "California", "county_name": "Placer", "city_name": "Auburn", "cbsa_code": "40900", "cbsa_name": "Sacramento--Roseville--Arden-Arcade, CA", "csa_code": "472", "csa_name": "Sacramento-Roseville, CA", "tribal_code": null, "tribe_name": null, "index_right": 11.0, "CSAFP": "472", "CBSAFP": "40900", "GEOIDFQ": "310M700US40900", "GEOID": "40900", "NAME": "Sacramento-Roseville-Folsom, CA", "NAMELSAD": "Sacramento-Roseville-Folsom, CA Metro Area", "LSAD": "M1", "ALAND": 13191282211.0, "AWATER": 548045435.0 }, "geometry": { "type": "Point", "coordinates": [ -121.09959, 38.93568 ] } },
{ "type": "Feature", "properties": { "state_code": "06", "county_code": "111", "site_number": "0009", "parameter_code": "88101", "poc": 3, "parameter_name": "PM2.5 - Local Conditions", "open_date": "2011-11-15T00:00:00", "close_date": null, "concurred_exclusions": null, "dominant_source": null, "measurement_scale": "NEIGHBORHOOD", "measurement_scale_def": "500 M TO 4KM", "monitoring_objective": "HIGHEST CONCENTRATION", "last_method_code": "170", "last_method_description": "Met One BAM-1020 Mass Monitor w/VSCC - Beta Attenuation", "last_method_begin_date": "2011-11-15", "naaqs_primary_monitor": "Y", "qa_primary_monitor": null, "monitor_type": "SLAMS", "networks": null, "monitoring_agency_code": "1118", "monitoring_agency": "Ventura County APCD", "si_id": 1610, "latitude": 34.404281, "longitude": -118.80998, "datum": "NAD83", "lat_lon_accuracy": 3.04, "elevation": 190.0, "probe_height": null, "pl_probe_location": "TOP OF BUILDING", "local_site_name": "Piru - Pacific", "address": "3301 PACIFIC AVENUE, PIRU, CA  93040", "state_name": "California", "county_name": "Ventura", "city_name": "Piru", "cbsa_code": "37100", "cbsa_name": "Oxnard-Thousand Oaks-Ventura, CA", "csa_code": "348", "csa_name": "Los Angeles-Long Beach, CA", "tribal_code": null, "tribe_name": null, "index_right": 23.0, "CSAFP": "348", "CBSAFP": "37100", "GEOIDFQ": "310M700US37100", "GEOID": "37100", "NAME": "Oxnard-Thousand Oaks-Ventura, CA", "NAMELSAD": "Oxnard-Thousand Oaks-Ventura, CA Metro Area", "LSAD": "M1", "ALAND": 4767597024.0, "AWATER": 947364179.0 }, "geometry": { "type": "Point", "coordinates": [ -118.80998, 34.404281 ] } },
{ "type": "Feature", "properties": { "state_code": "06", "county_code": "023", "site_number": "1005", "parameter_code": "88101", "poc": 2, "parameter_name": "PM2.5 - Local Conditions", "open_date": "2013-04-01T00:00:00", "close_date": "2018-04-11T00:00:00", "concurred_exclusions": null, "dominant_source": null, "measurement_scale": "NEIGHBORHOOD", "measurement_scale_def": "500 M TO 4KM", "monitoring_objective": "POPULATION EXPOSURE", "last_method_code": "143", "last_method_description": "R & P Model 2000 PM-2.5 Air Sampler w/VSCC - Gravimetric", "last_method_begin_date": "2016-04-01", "naaqs_primary_monitor": null, "qa_primary_monitor": null, "monitor_type": null, "networks": null, "monitoring_agency_code": "0086", "monitoring_agency": "Bay Area Air Quality Management District", "si_id": 96282, "latitude": 40.71528, "longitude": -124.20139, "datum": "WGS84", "lat_lon_accuracy": 1.0, "elevation": 172.0, "probe_height": 5.3, "pl_probe_location": "TOP OF BUILDING", "local_site_name": "Humboldt Hill", "address": "170 meters SE of Donna Dr. & Humboldt Hill Rd., Eureka, CA", "state_name": "California", "county_name": "Humboldt", "city_name": "Not in a City", "cbsa_code": "21700", "cbsa_name": "Eureka-Arcata-Fortuna, CA", "csa_code": null, "csa_name": null, "tribal_code": null, "tribe_name": null, "index_right": 22.0, "CSAFP": null, "CBSAFP": "21700", "GEOIDFQ": "310M700US21700", "GEOID": "21700", "NAME": "Eureka-Arcata, CA", "NAMELSAD": "Eureka-Arcata, CA Micro Area", "LSAD": "M2", "ALAND": 9241138639.0, "AWATER": 1254152624.0 }, "geometry": { "type": "Point", "coordinates": [ -124.20139, 40.71528 ] } },
{ "type": "Feature", "properties": { "state_code": "06", "county_code": "065", "site_number": "1016", "parameter_code": "88101", "poc": 2, "parameter_name": "PM2.5 - Local Conditions", "open_date": "2013-06-27T00:00:00", "close_date": null, "concurred_exclusions": "All (2013-06-27 - 2013-12-31); All (2014-01-01 - 2023-12-31)", "dominant_source": null, "measurement_scale": "NEIGHBORHOOD", "measurement_scale_def": "500 M TO 4KM", "monitoring_objective": "GENERAL/BACKGROUND", "last_method_code": "143", "last_method_description": "R & P Model 2000 PM-2.5 Air Sampler w/VSCC - Gravimetric", "last_method_begin_date": "2013-06-27", "naaqs_primary_monitor": null, "qa_primary_monitor": null, "monitor_type": "TRIBAL", "networks": null, "monitoring_agency_code": "582", "monitoring_agency": "Morongo Band of Mission Indians, CA", "si_id": 93490, "latitude": 33.944713, "longitude": -116.830074, "datum": "NAD83", "lat_lon_accuracy": 1.0, "elevation": 720.0, "probe_height": 5.0, "pl_probe_location": "TOP OF BUILDING", "local_site_name": "Morongo Air Monitoring Station", "address": "12160 Santiago Rd. Banning, CA 92220", "state_name": "California", "county_name": "Riverside", "city_name": "Banning", "cbsa_code": "40140", "cbsa_name": "Riverside-San Bernardino-Ontario, CA", "csa_code": "348", "csa_name": "Los Angeles-Long Beach, CA", "tribal_code": "582", "tribe_name": "Morongo Band of Mission Indians, CA", "index_right": 21.0, "CSAFP": "348", "CBSAFP": "40140", "GEOIDFQ": "310M700US40140", "GEOID": "40140", "NAME": "Riverside-San Bernardino-Ontario, CA", "NAMELSAD": "Riverside-San Bernardino-Ontario, CA Metro Area", "LSAD": "M1", "ALAND": 70648193821.0, "AWATER": 339279578.0 }, "geometry": { "type": "Point", "coordinates": [ -116.830074, 33.944713 ] } },
{ "type": "Feature", "properties": { "state_code": "06", "county_code": "111", "site_number": "2002", "parameter_code": "88101", "poc": 3, "parameter_name": "PM2.5 - Local Conditions", "open_date": "2013-06-29T00:00:00", "close_date": null, "concurred_exclusions": null, "dominant_source": null, "measurement_scale": "NEIGHBORHOOD", "measurement_scale_def": "500 M TO 4KM", "monitoring_objective": "HIGHEST CONCENTRATION", "last_method_code": "170", "last_method_description": "Met One BAM-1020 Mass Monitor w/VSCC - Beta Attenuation", "last_method_begin_date": "2013-06-29", "naaqs_primary_monitor": "Y", "qa_primary_monitor": "Y", "monitor_type": "SLAMS", "networks": null, "monitoring_agency_code": "1118", "monitoring_agency": "Ventura County APCD", "si_id": 1617, "latitude": 34.276316, "longitude": -118.683685, "datum": "NAD83", "lat_lon_accuracy": 0.0, "elevation": 314.0, "probe_height": null, "pl_probe_location": "TOP OF BUILDING", "local_site_name": "Simi Valley-Cochran Street", "address": "5400 COCHRAN STREET, SIMI VALLEY, CA  93063", "state_name": "California", "county_name": "Ventura", "city_name": "Simi Valley", "cbsa_code": "37100", "cbsa_name": "Oxnard-Thousand Oaks-Ventura, CA", "csa_code": "348", "csa_name": "Los Angeles-Long Beach, CA", "tribal_code": null, "tribe_name": null, "index_right": 23.0, "CSAFP": "348", "CBSAFP": "37100", "GEOIDFQ": "310M700US37100", "GEOID": "37100", "NAME": "Oxnard-Thousand Oaks-Ventura, CA", "NAMELSAD": "Oxnard-Thousand Oaks-Ventura, CA Metro Area", "LSAD": "M1", "ALAND": 4767597024.0, "AWATER": 947364179.0 }, "geometry": { "type": "Point", "coordinates": [ -118.683685, 34.276316 ] } },
{ "type": "Feature", "properties": { "state_code": "06", "county_code": "085", "site_number": "0006", "parameter_code": "88101", "poc": 3, "parameter_name": "PM2.5 - Local Conditions", "open_date": "2014-09-01T00:00:00", "close_date": null, "concurred_exclusions": null, "dominant_source": "MOBILE", "measurement_scale": "MICROSCALE", "measurement_scale_def": "0 M TO 100 M", "monitoring_objective": "POPULATION EXPOSURE; SOURCE ORIENTED", "last_method_code": "170", "last_method_description": "Met One BAM-1020 Mass Monitor w/VSCC - Beta Attenuation", "last_method_begin_date": "2014-09-01", "naaqs_primary_monitor": "Y", "qa_primary_monitor": null, "monitor_type": "SLAMS", "networks": "NEAR ROAD", "monitoring_agency_code": "0086", "monitoring_agency": "Bay Area Air Quality Management District", "si_id": 97784, "latitude": 37.338135, "longitude": -121.849783, "datum": "WGS84", "lat_lon_accuracy": 3.0, "elevation": 30.9, "probe_height": 6.4, "pl_probe_location": "TOP OF BUILDING", "local_site_name": "San Jose - Knox Avenue", "address": "1007 Knox Ave", "state_name": "California", "county_name": "Santa Clara", "city_name": "San Jose", "cbsa_code": "41940", "cbsa_name": "San Jose-Sunnyvale-Santa Clara, CA", "csa_code": "488", "csa_name": "San Jose-San Francisco-Oakland, CA", "tribal_code": null, "tribe_name": null, "index_right": 26.0, "CSAFP": "488", "CBSAFP": "41940", "GEOIDFQ": "310M700US41940", "GEOID": "41940", "NAME": "San Jose-Sunnyvale-Santa Clara, CA", "NAMELSAD": "San Jose-Sunnyvale-Santa Clara, CA Metro Area", "LSAD": "M1", "ALAND": 6940482586.0, "AWATER": 38316367.0 }, "geometry": { "type": "Point", "coordinates": [ -121.849783, 37.338135 ] } },
{ "type": "Feature", "properties": { "state_code": "06", "county_code": "037", "site_number": "4008", "parameter_code": "88101", "poc": 1, "parameter_name": "PM2.5 - Local Conditions", "open_date": "2015-01-01T00:00:00", "close_date": null, "concurred_exclusions": null, "dominant_source": "MOBILE", "measurement_scale": "MICROSCALE", "measurement_scale_def": "0 M TO 100 M", "monitoring_objective": "POPULATION EXPOSURE", "last_method_code": "145", "last_method_description": "R & P Model 2025 PM-2.5 Sequential Air Sampler w/VSCC - Gravimetric", "last_method_begin_date": "2015-01-01", "naaqs_primary_monitor": "Y", "qa_primary_monitor": null, "monitor_type": "SLAMS", "networks": "NEAR ROAD", "monitoring_agency_code": "0972", "monitoring_agency": "South Coast Air Quality Management District", "si_id": 99552, "latitude": 33.859662, "longitude": -118.200707, "datum": "NAD83", "lat_lon_accuracy": 3.04, "elevation": 12.0, "probe_height": 4.5, "pl_probe_location": "OTHER", "local_site_name": "Long Beach-Route 710 Near Road", "address": "5895 Long Beach Blvd.", "state_name": "California", "county_name": "Los Angeles", "city_name": "Long Beach", "cbsa_code": "31080", "cbsa_name": "Los Angeles-Long Beach-Anaheim, CA", "csa_code": "348", "csa_name": "Los Angeles-Long Beach, CA", "tribal_code": null, "tribe_name": null, "index_right": 18.0, "CSAFP": "348", "CBSAFP": "31080", "GEOIDFQ": "310M700US31080", "GEOID": "31080", "NAME": "Los Angeles-Long Beach-Anaheim, CA", "NAMELSAD": "Los Angeles-Long Beach-Anaheim, CA Metro Area", "LSAD": "M1", "ALAND": 12569524354.0, "AWATER": 2191222299.0 }, "geometry": { "type": "Point", "coordinates": [ -118.200707, 33.859662 ] } },
{ "type": "Feature", "properties": { "state_code": "06", "county_code": "103", "site_number": "0007", "parameter_code": "88101", "poc": 3, "parameter_name": "PM2.5 - Local Conditions", "open_date": "2016-03-01T00:00:00", "close_date": null, "concurred_exclusions": null, "dominant_source": null, "measurement_scale": "NEIGHBORHOOD", "measurement_scale_def": "500 M TO 4KM", "monitoring_objective": "GENERAL/BACKGROUND", "last_method_code": "209", "last_method_description": "Met One BAM-1022 Mass Monitor w/ VSCC or TE-PM2.5C - Beta Attenuation", "last_method_begin_date": "2023-04-14", "naaqs_primary_monitor": "Y", "qa_primary_monitor": null, "monitor_type": "SLAMS", "networks": null, "monitoring_agency_code": "0145", "monitoring_agency": "California Air Resources Board", "si_id": 99103, "latitude": 40.17093, "longitude": -122.25556, "datum": "WGS84", "lat_lon_accuracy": 1.0, "elevation": 100.0, "probe_height": null, "pl_probe_location": null, "local_site_name": "Red Bluff-Walnut St. District Office", "address": "1834 Walnut Street, Red Bluff, CA 96080", "state_name": "California", "county_name": "Tehama", "city_name": "Red Bluff", "cbsa_code": "39780", "cbsa_name": "Red Bluff, CA", "csa_code": "454", "csa_name": "Redding-Red Bluff, CA", "tribal_code": null, "tribe_name": null, "index_right": 3.0, "CSAFP": "454", "CBSAFP": "39780", "GEOIDFQ": "310M700US39780", "GEOID": "39780", "NAME": "Red Bluff, CA", "NAMELSAD": "Red Bluff, CA Micro Area", "LSAD": "M2", "ALAND": 7638229378.0, "AWATER": 33767224.0 }, "geometry": { "type": "Point", "coordinates": [ -122.25556, 40.17093 ] } },
{ "type": "Feature", "properties": { "state_code": "06", "county_code": "067", "site_number": "0015", "parameter_code": "88101", "poc": 1, "parameter_name": "PM2.5 - Local Conditions", "open_date": "2016-11-01T00:00:00", "close_date": "2020-12-22T00:00:00", "concurred_exclusions": null, "dominant_source": null, "measurement_scale": "MIDDLE SCALE", "measurement_scale_def": "100 M TO 500 M", "monitoring_objective": "SOURCE ORIENTED", "last_method_code": "145", "last_method_description": "R & P Model 2025 PM-2.5 Sequential Air Sampler w/VSCC - Gravimetric", "last_method_begin_date": "2016-11-01", "naaqs_primary_monitor": null, "qa_primary_monitor": null, "monitor_type": null, "networks": null, "monitoring_agency_code": "0145", "monitoring_agency": "California Air Resources Board", "si_id": 100406, "latitude": 38.593322, "longitude": -121.503795, "datum": "WGS84", "lat_lon_accuracy": 1.0, "elevation": 12.8, "probe_height": null, "pl_probe_location": null, "local_site_name": "Sacramento-Bercut Drive", "address": "100 Bercut Drive, Sacramento", "state_name": "California", "county_name": "Sacramento", "city_name": "Sacramento", "cbsa_code": "40900", "cbsa_name": "Sacramento--Roseville--Arden-Arcade, CA", "csa_code": "472", "csa_name": "Sacramento-Roseville, CA", "tribal_code": null, "tribe_name": null, "index_right": 11.0, "CSAFP": "472", "CBSAFP": "40900", "GEOIDFQ": "310M700US40900", "GEOID": "40900", "NAME": "Sacramento-Roseville-Folsom, CA", "NAMELSAD": "Sacramento-Roseville-Folsom, CA Metro Area", "LSAD": "M1", "ALAND": 13191282211.0, "AWATER": 548045435.0 }, "geometry": { "type": "Point", "coordinates": [ -121.503795, 38.593322 ] } },
{ "type": "Feature", "properties": { "state_code": "06", "county_code": "093", "site_number": "2001", "parameter_code": "88101", "poc": 3, "parameter_name": "PM2.5 - Local Conditions", "open_date": "2018-07-01T00:00:00", "close_date": null, "concurred_exclusions": null, "dominant_source": null, "measurement_scale": "NEIGHBORHOOD", "measurement_scale_def": "500 M TO 4KM", "monitoring_objective": "POPULATION EXPOSURE", "last_method_code": "170", "last_method_description": "Met One BAM-1020 Mass Monitor w/VSCC - Beta Attenuation", "last_method_begin_date": "2018-07-01", "naaqs_primary_monitor": "Y", "qa_primary_monitor": null, "monitor_type": "SLAMS", "networks": null, "monitoring_agency_code": "0145", "monitoring_agency": "California Air Resources Board", "si_id": 1527, "latitude": 41.726892, "longitude": -122.633579, "datum": "WGS84", "lat_lon_accuracy": 0.0, "elevation": 802.0, "probe_height": null, "pl_probe_location": null, "local_site_name": "Yreka", "address": "530 FOOTHILL DR., YREKA", "state_name": "California", "county_name": "Siskiyou", "city_name": "Yreka", "cbsa_code": null, "cbsa_name": null, "csa_code": null, "csa_name": null, "tribal_code": null, "tribe_name": null, "index_right": null, "CSAFP": null, "CBSAFP": null, "GEOIDFQ": null, "GEOID": null, "NAME": null, "NAMELSAD": null, "LSAD": null, "ALAND": null, "AWATER": null }, "geometry": { "type": "Point", "coordinates": [ -122.633579, 41.726892 ] } },
{ "type": "Feature", "properties": { "state_code": "06", "county_code": "107", "site_number": "2002", "parameter_code": "88101", "poc": 3, "parameter_name": "PM2.5 - Local Conditions", "open_date": "2020-12-09T00:00:00", "close_date": "2021-12-31T00:00:00", "concurred_exclusions": null, "dominant_source": null, "measurement_scale": null, "measurement_scale_def": null, "monitoring_objective": "POPULATION EXPOSURE", "last_method_code": "170", "last_method_description": "Met One BAM-1020 Mass Monitor w/VSCC - Beta Attenuation", "last_method_begin_date": "2020-12-09", "naaqs_primary_monitor": null, "qa_primary_monitor": null, "monitor_type": null, "networks": null, "monitoring_agency_code": "0145", "monitoring_agency": "California Air Resources Board", "si_id": 1591, "latitude": 36.332179, "longitude": -119.291228, "datum": "WGS84", "lat_lon_accuracy": 0.0, "elevation": 97.0, "probe_height": null, "pl_probe_location": null, "local_site_name": "Visalia-Church", "address": "310 N CHURCH ST, VISALIA", "state_name": "California", "county_name": "Tulare", "city_name": "Visalia", "cbsa_code": "47300", "cbsa_name": "Visalia-Porterville, CA", "csa_code": "546", "csa_name": "Visalia-Porterville-Hanford, CA", "tribal_code": null, "tribe_name": null, "index_right": 27.0, "CSAFP": null, "CBSAFP": "47300", "GEOIDFQ": "310M700US47300", "GEOID": "47300", "NAME": "Visalia, CA", "NAMELSAD": "Visalia, CA Metro Area", "LSAD": "M1", "ALAND": 12493843650.0, "AWATER": 37260863.0 }, "geometry": { "type": "Point", "coordinates": [ -119.291228, 36.332179 ] } },
{ "type": "Feature", "properties": { "state_code": "06", "county_code": "027", "site_number": "1033", "parameter_code": "88101", "poc": 2, "parameter_name": "PM2.5 - Local Conditions", "open_date": "2020-04-06T00:00:00", "close_date": null, "concurred_exclusions": "All (2020-04-06 - Present)", "dominant_source": "AREA", "measurement_scale": "MICROSCALE", "measurement_scale_def": "0 M TO 100 M", "monitoring_objective": "GENERAL/BACKGROUND; POPULATION EXPOSURE; SOURCE ORIENTED", "last_method_code": "236", "last_method_description": "Teledyne T640 at 5.0 LPM - Broadband spectroscopy", "last_method_begin_date": "2020-04-06", "naaqs_primary_monitor": null, "qa_primary_monitor": null, "monitor_type": "TRIBAL", "networks": null, "monitoring_agency_code": "530", "monitoring_agency": "Big Pine Paiute Tribe of the Owens Valley", "si_id": 104378, "latitude": 37.155494, "longitude": -118.293547, "datum": "NAD83", "lat_lon_accuracy": 10.0, "elevation": 1236.0, "probe_height": null, "pl_probe_location": "TOWER", "local_site_name": "Stn.1 Big Pine Paiute site", "address": "School St.", "state_name": "California", "county_name": "Inyo", "city_name": "Big Pine", "cbsa_code": "13860", "cbsa_name": "Bishop, CA", "csa_code": null, "csa_name": null, "tribal_code": "530", "tribe_name": "Big Pine Paiute Tribe of the Owens Valley", "index_right": 30.0, "CSAFP": null, "CBSAFP": "13860", "GEOIDFQ": "310M700US13860", "GEOID": "13860", "NAME": "Bishop, CA", "NAMELSAD": "Bishop, CA Micro Area", "LSAD": "M2", "ALAND": 26410783052.0, "AWATER": 77280938.0 }, "geometry": { "type": "Point", "coordinates": [ -118.293547, 37.155494 ] } },
{ "type": "Feature", "properties": { "state_code": "06", "county_code": "045", "site_number": "2003", "parameter_code": "88101", "poc": 3, "parameter_name": "PM2.5 - Local Conditions", "open_date": "2021-02-04T00:00:00", "close_date": null, "concurred_exclusions": null, "dominant_source": "POINT", "measurement_scale": null, "measurement_scale_def": null, "monitoring_objective": "POPULATION EXPOSURE", "last_method_code": "170", "last_method_description": "Met One BAM-1020 Mass Monitor w/VSCC - Beta Attenuation", "last_method_begin_date": "2021-02-04", "naaqs_primary_monitor": "Y", "qa_primary_monitor": null, "monitor_type": "SLAMS", "networks": null, "monitoring_agency_code": "0145", "monitoring_agency": "California Air Resources Board", "si_id": 104850, "latitude": 39.39861, "longitude": -123.35872, "datum": "WGS84", "lat_lon_accuracy": 1.0, "elevation": 430.0, "probe_height": null, "pl_probe_location": null, "local_site_name": "Willits-Blosser Lane", "address": "1277 Blosser Lane, Willits", "state_name": "California", "county_name": "Mendocino", "city_name": "Willits", "cbsa_code": "46380", "cbsa_name": "Ukiah, CA", "csa_code": null, "csa_name": null, "tribal_code": null, "tribe_name": null, "index_right": 14.0, "CSAFP": null, "CBSAFP": "46380", "GEOIDFQ": "310M700US46380", "GEOID": "46380", "NAME": "Ukiah, CA", "NAMELSAD": "Ukiah, CA Micro Area", "LSAD": "M2", "ALAND": 9082587618.0, "AWATER": 961785254.0 }, "geometry": { "type": "Point", "coordinates": [ -123.35872, 39.39861 ] } },
{ "type": "Feature", "properties": { "state_code": "06", "county_code": "073", "site_number": "1014", "parameter_code": "88101", "poc": 3, "parameter_name": "PM2.5 - Local Conditions", "open_date": "2022-08-02T00:00:00", "close_date": null, "concurred_exclusions": "All (2022-08-02 - 2023-07-02)", "dominant_source": "AREA", "measurement_scale": "NEIGHBORHOOD", "measurement_scale_def": "500 M TO 4KM", "monitoring_objective": "GENERAL/BACKGROUND", "last_method_code": "638", "last_method_description": "Teledyne T640X at 16.67 LPM w/Network Data Alignment enabled - Broadband spectroscopy", "last_method_begin_date": "2023-07-03", "naaqs_primary_monitor": "Y", "qa_primary_monitor": null, "monitor_type": "SLAMS", "networks": null, "monitoring_agency_code": "0942", "monitoring_agency": "San Diego County Air Pollution Control District", "si_id": 94572, "latitude": 32.578165, "longitude": -116.921374, "datum": "WGS84", "lat_lon_accuracy": 1.0, "elevation": 199.0, "probe_height": 4.0, "pl_probe_location": "TOP OF BUILDING", "local_site_name": "Donovan", "address": "480 ALTA RD, OTAY MESA, CA", "state_name": "California", "county_name": "San Diego", "city_name": "Otay Mesa", "cbsa_code": "41740", "cbsa_name": "San Diego-Carlsbad, CA", "csa_code": null, "csa_name": null, "tribal_code": null, "tribe_name": null, "index_right": 19.0, "CSAFP": null, "CBSAFP": "41740", "GEOIDFQ": "310M700US41740", "GEOID": "41740", "NAME": "San Diego-Chula Vista-Carlsbad, CA", "NAMELSAD": "San Diego-Chula Vista-Carlsbad, CA Metro Area", "LSAD": "M1", "ALAND": 10905046431.0, "AWATER": 816535836.0 }, "geometry": { "type": "Point", "coordinates": [ -116.921374, 32.578165 ] } },
{ "type": "Feature", "properties": { "state_code": "06", "county_code": "057", "site_number": "1001", "parameter_code": "88101", "poc": 3, "parameter_name": "PM2.5 - Local Conditions", "open_date": "2024-07-05T00:00:00", "close_date": null, "concurred_exclusions": null, "dominant_source": null, "measurement_scale": null, "measurement_scale_def": null, "monitoring_objective": "POPULATION EXPOSURE", "last_method_code": "209", "last_method_description": "Met One BAM-1022 Mass Monitor w/ VSCC or TE-PM2.5C - Beta Attenuation", "last_method_begin_date": "2024-08-28", "naaqs_primary_monitor": "Y", "qa_primary_monitor": null, "monitor_type": "SLAMS", "networks": null, "monitoring_agency_code": "0790", "monitoring_agency": "Northern Sierra AQMD", "si_id": 1199, "latitude": 39.32783, "longitude": -120.184592, "datum": "NAD83", "lat_lon_accuracy": 0.0, "elevation": 5500.0, "probe_height": null, "pl_probe_location": null, "local_site_name": "Truckee-Fire Station", "address": "FS-10049 DONNER PASS RD, TRUCKEE", "state_name": "California", "county_name": "Nevada", "city_name": "Truckee", "cbsa_code": "46020", "cbsa_name": "Truckee-Grass Valley, CA", "csa_code": "472", "csa_name": "Sacramento-Roseville, CA", "tribal_code": null, "tribe_name": null, "index_right": 8.0, "CSAFP": "472", "CBSAFP": "46020", "GEOIDFQ": "310M700US46020", "GEOID": "46020", "NAME": "Truckee-Grass Valley, CA", "NAMELSAD": "Truckee-Grass Valley, CA Micro Area", "LSAD": "M2", "ALAND": 2480587300.0, "AWATER": 41531993.0 }, "geometry": { "type": "Point", "coordinates": [ -120.184592, 39.32783 ] } },
{ "type": "Feature", "properties": { "state_code": "06", "county_code": "073", "site_number": "0001", "parameter_code": "88101", "poc": 3, "parameter_name": "PM2.5 - Local Conditions", "open_date": "2023-06-30T00:00:00", "close_date": null, "concurred_exclusions": null, "dominant_source": null, "measurement_scale": "NEIGHBORHOOD", "measurement_scale_def": "500 M TO 4KM", "monitoring_objective": "GENERAL/BACKGROUND", "last_method_code": "638", "last_method_description": "Teledyne T640X at 16.67 LPM w/Network Data Alignment enabled - Broadband spectroscopy", "last_method_begin_date": "2023-06-30", "naaqs_primary_monitor": "Y", "qa_primary_monitor": null, "monitor_type": "SLAMS", "networks": null, "monitoring_agency_code": "0942", "monitoring_agency": "San Diego County Air Pollution Control District", "si_id": 1345, "latitude": 32.631242, "longitude": -117.059088, "datum": "NAD83", "lat_lon_accuracy": 0.0, "elevation": 53.0, "probe_height": 6.0, "pl_probe_location": "TOP OF BUILDING", "local_site_name": "Chula Vista", "address": "84 E. 'J' ST., CHULA VISTA", "state_name": "California", "county_name": "San Diego", "city_name": "Chula Vista", "cbsa_code": "41740", "cbsa_name": "San Diego-Carlsbad, CA", "csa_code": null, "csa_name": null, "tribal_code": null, "tribe_name": null, "index_right": 19.0, "CSAFP": null, "CBSAFP": "41740", "GEOIDFQ": "310M700US41740", "GEOID": "41740", "NAME": "San Diego-Chula Vista-Carlsbad, CA", "NAMELSAD": "San Diego-Chula Vista-Carlsbad, CA Metro Area", "LSAD": "M1", "ALAND": 10905046431.0, "AWATER": 816535836.0 }, "geometry": { "type": "Point", "coordinates": [ -117.059088, 32.631242 ] } },
{ "type": "Feature", "properties": { "state_code": "06", "county_code": "025", "site_number": "0005", "parameter_code": "88101", "poc": 1, "parameter_name": "PM2.5 - Local Conditions", "open_date": "1999-01-01T00:00:00", "close_date": "2020-12-09T00:00:00", "concurred_exclusions": null, "dominant_source": null, "measurement_scale": "NEIGHBORHOOD", "measurement_scale_def": "500 M TO 4KM", "monitoring_objective": "POPULATION EXPOSURE", "last_method_code": "145", "last_method_description": "R & P Model 2025 PM-2.5 Sequential Air Sampler w/VSCC - Gravimetric", "last_method_begin_date": "2011-01-03", "naaqs_primary_monitor": null, "qa_primary_monitor": null, "monitor_type": null, "networks": null, "monitoring_agency_code": "0942", "monitoring_agency": "San Diego County Air Pollution Control District", "si_id": 959, "latitude": 32.67618, "longitude": -115.48307, "datum": "NAD83", "lat_lon_accuracy": 151.82, "elevation": 1.0, "probe_height": 3.0, "pl_probe_location": "GROUND LEVEL SUPPORT", "local_site_name": "Calexico-Ethel Street", "address": "1029 ETHEL ST, CALEXICO HIGH SCHOOL", "state_name": "California", "county_name": "Imperial", "city_name": "Calexico", "cbsa_code": "20940", "cbsa_name": "El Centro, CA", "csa_code": null, "csa_name": null, "tribal_code": null, "tribe_name": null, "index_right": 10.0, "CSAFP": null, "CBSAFP": "20940", "GEOIDFQ": "310M700US20940", "GEOID": "20940", "NAME": "El Centro, CA", "NAMELSAD": "El Centro, CA Metro Area", "LSAD": "M1", "ALAND": 10814568237.0, "AWATER": 790135127.0 }, "geometry": { "type": "Point", "coordinates": [ -115.48307, 32.67618 ] } },
{ "type": "Feature", "properties": { "state_code": "06", "county_code": "065", "site_number": "8001", "parameter_code": "88101", "poc": 2, "parameter_name": "PM2.5 - Local Conditions", "open_date": "1999-01-01T00:00:00", "close_date": null, "concurred_exclusions": null, "dominant_source": null, "measurement_scale": "NEIGHBORHOOD", "measurement_scale_def": "500 M TO 4KM", "monitoring_objective": "HIGHEST CONCENTRATION", "last_method_code": "145", "last_method_description": "R & P Model 2025 PM-2.5 Sequential Air Sampler w/VSCC - Gravimetric", "last_method_begin_date": "2016-12-10", "naaqs_primary_monitor": null, "qa_primary_monitor": null, "monitor_type": "SLAMS", "networks": null, "monitoring_agency_code": "0972", "monitoring_agency": "South Coast Air Quality Management District", "si_id": 1262, "latitude": 33.99958, "longitude": -117.41601, "datum": "WGS84", "lat_lon_accuracy": 0.0, "elevation": 250.0, "probe_height": null, "pl_probe_location": null, "local_site_name": "Rubidoux", "address": "5888 MISSION BLVD., RUBIDOUX", "state_name": "California", "county_name": "Riverside", "city_name": "Rubidoux", "cbsa_code": "40140", "cbsa_name": "Riverside-San Bernardino-Ontario, CA", "csa_code": "348", "csa_name": "Los Angeles-Long Beach, CA", "tribal_code": null, "tribe_name": null, "index_right": 21.0, "CSAFP": "348", "CBSAFP": "40140", "GEOIDFQ": "310M700US40140", "GEOID": "40140", "NAME": "Riverside-San Bernardino-Ontario, CA", "NAMELSAD": "Riverside-San Bernardino-Ontario, CA Metro Area", "LSAD": "M1", "ALAND": 70648193821.0, "AWATER": 339279578.0 }, "geometry": { "type": "Point", "coordinates": [ -117.41601, 33.99958 ] } },
{ "type": "Feature", "properties": { "state_code": "06", "county_code": "071", "site_number": "0306", "parameter_code": "88101", "poc": 2, "parameter_name": "PM2.5 - Local Conditions", "open_date": "2000-01-01T00:00:00", "close_date": null, "concurred_exclusions": null, "dominant_source": null, "measurement_scale": "NEIGHBORHOOD", "measurement_scale_def": "500 M TO 4KM", "monitoring_objective": "POPULATION EXPOSURE; REGIONAL TRANSPORT", "last_method_code": "170", "last_method_description": "Met One BAM-1020 Mass Monitor w/VSCC - Beta Attenuation", "last_method_begin_date": "2016-01-01", "naaqs_primary_monitor": null, "qa_primary_monitor": null, "monitor_type": "SLAMS", "networks": null, "monitoring_agency_code": "0709", "monitoring_agency": "Mojave Desert AQMD", "si_id": 1309, "latitude": 34.510961, "longitude": -117.32554, "datum": "NAD83", "lat_lon_accuracy": 10930.56, "elevation": 913.0, "probe_height": 7.6, "pl_probe_location": "TOP OF BUILDING", "local_site_name": "Victorville-Park Avenue", "address": "14306 PARK AVE., VICTORVILLE, CA", "state_name": "California", "county_name": "San Bernardino", "city_name": "Victorville", "cbsa_code": "40140", "cbsa_name": "Riverside-San Bernardino-Ontario, CA", "csa_code": "348", "csa_name": "Los Angeles-Long Beach, CA", "tribal_code": null, "tribe_name": null, "index_right": 21.0, "CSAFP": "348", "CBSAFP": "40140", "GEOIDFQ": "310M700US40140", "GEOID": "40140", "NAME": "Riverside-San Bernardino-Ontario, CA", "NAMELSAD": "Riverside-San Bernardino-Ontario, CA Metro Area", "LSAD": "M1", "ALAND": 70648193821.0, "AWATER": 339279578.0 }, "geometry": { "type": "Point", "coordinates": [ -117.32554, 34.510961 ] } },
{ "type": "Feature", "properties": { "state_code": "06", "county_code": "073", "site_number": "1002", "parameter_code": "88101", "poc": 1, "parameter_name": "PM2.5 - Local Conditions", "open_date": "1999-01-01T00:00:00", "close_date": "2015-08-28T00:00:00", "concurred_exclusions": null, "dominant_source": null, "measurement_scale": "NEIGHBORHOOD", "measurement_scale_def": "500 M TO 4KM", "monitoring_objective": "GENERAL/BACKGROUND", "last_method_code": "145", "last_method_description": "R & P Model 2025 PM-2.5 Sequential Air Sampler w/VSCC - Gravimetric", "last_method_begin_date": "2011-07-02", "naaqs_primary_monitor": null, "qa_primary_monitor": null, "monitor_type": null, "networks": null, "monitoring_agency_code": "0942", "monitoring_agency": "San Diego County Air Pollution Control District", "si_id": 1353, "latitude": 33.127769, "longitude": -117.075086, "datum": "NAD83", "lat_lon_accuracy": 0.0, "elevation": 202.0, "probe_height": 6.0, "pl_probe_location": "TOP OF BUILDING", "local_site_name": "Escondido", "address": "600 E. VALLEY PKWY., ESCONDIDO", "state_name": "California", "county_name": "San Diego", "city_name": "Escondido", "cbsa_code": "41740", "cbsa_name": "San Diego-Carlsbad, CA", "csa_code": null, "csa_name": null, "tribal_code": null, "tribe_name": null, "index_right": 19.0, "CSAFP": null, "CBSAFP": "41740", "GEOIDFQ": "310M700US41740", "GEOID": "41740", "NAME": "San Diego-Chula Vista-Carlsbad, CA", "NAMELSAD": "San Diego-Chula Vista-Carlsbad, CA Metro Area", "LSAD": "M1", "ALAND": 10905046431.0, "AWATER": 816535836.0 }, "geometry": { "type": "Point", "coordinates": [ -117.075086, 33.127769 ] } },
{ "type": "Feature", "properties": { "state_code": "06", "county_code": "107", "site_number": "2002", "parameter_code": "88101", "poc": 1, "parameter_name": "PM2.5 - Local Conditions", "open_date": "1999-01-03T00:00:00", "close_date": "2020-12-07T00:00:00", "concurred_exclusions": null, "dominant_source": null, "measurement_scale": "NEIGHBORHOOD", "measurement_scale_def": "500 M TO 4KM", "monitoring_objective": "POPULATION EXPOSURE", "last_method_code": "145", "last_method_description": "R & P Model 2025 PM-2.5 Sequential Air Sampler w/VSCC - Gravimetric", "last_method_begin_date": "2011-03-01", "naaqs_primary_monitor": null, "qa_primary_monitor": null, "monitor_type": null, "networks": null, "monitoring_agency_code": "0145", "monitoring_agency": "California Air Resources Board", "si_id": 1591, "latitude": 36.332179, "longitude": -119.291228, "datum": "WGS84", "lat_lon_accuracy": 0.0, "elevation": 97.0, "probe_height": 5.7, "pl_probe_location": null, "local_site_name": "Visalia-Church", "address": "310 N CHURCH ST, VISALIA", "state_name": "California", "county_name": "Tulare", "city_name": "Visalia", "cbsa_code": "47300", "cbsa_name": "Visalia-Porterville, CA", "csa_code": "546", "csa_name": "Visalia-Porterville-Hanford, CA", "tribal_code": null, "tribe_name": null, "index_right": 27.0, "CSAFP": null, "CBSAFP": "47300", "GEOIDFQ": "310M700US47300", "GEOID": "47300", "NAME": "Visalia, CA", "NAMELSAD": "Visalia, CA Metro Area", "LSAD": "M1", "ALAND": 12493843650.0, "AWATER": 37260863.0 }, "geometry": { "type": "Point", "coordinates": [ -119.291228, 36.332179 ] } },
{ "type": "Feature", "properties": { "state_code": "06", "county_code": "037", "site_number": "4004", "parameter_code": "88101", "poc": 1, "parameter_name": "PM2.5 - Local Conditions", "open_date": "2003-08-07T00:00:00", "close_date": "2022-04-30T00:00:00", "concurred_exclusions": null, "dominant_source": null, "measurement_scale": "NEIGHBORHOOD", "measurement_scale_def": "500 M TO 4KM", "monitoring_objective": "POPULATION EXPOSURE", "last_method_code": "145", "last_method_description": "R & P Model 2025 PM-2.5 Sequential Air Sampler w/VSCC - Gravimetric", "last_method_begin_date": "2018-10-18", "naaqs_primary_monitor": null, "qa_primary_monitor": null, "monitor_type": null, "networks": null, "monitoring_agency_code": "0972", "monitoring_agency": "South Coast Air Quality Management District", "si_id": 91659, "latitude": 33.79236, "longitude": -118.17533, "datum": "WGS84", "lat_lon_accuracy": 0.1, "elevation": 6.0, "probe_height": 4.0, "pl_probe_location": "TOP OF BUILDING", "local_site_name": "Long Beach (South)", "address": "1305 E. Pacific Coast Hwy., Long Beach", "state_name": "California", "county_name": "Los Angeles", "city_name": "Long Beach", "cbsa_code": "31080", "cbsa_name": "Los Angeles-Long Beach-Anaheim, CA", "csa_code": "348", "csa_name": "Los Angeles-Long Beach, CA", "tribal_code": null, "tribe_name": null, "index_right": 18.0, "CSAFP": "348", "CBSAFP": "31080", "GEOIDFQ": "310M700US31080", "GEOID": "31080", "NAME": "Los Angeles-Long Beach-Anaheim, CA", "NAMELSAD": "Los Angeles-Long Beach-Anaheim, CA Metro Area", "LSAD": "M1", "ALAND": 12569524354.0, "AWATER": 2191222299.0 }, "geometry": { "type": "Point", "coordinates": [ -118.17533, 33.79236 ] } },
{ "type": "Feature", "properties": { "state_code": "06", "county_code": "073", "site_number": "1201", "parameter_code": "88101", "poc": 1, "parameter_name": "PM2.5 - Local Conditions", "open_date": "2005-08-19T00:00:00", "close_date": null, "concurred_exclusions": "All (2005-08-19 - 2008-10-27); All (2008-10-28 - 2015-04-01); All (2015-04-02 - Present)", "dominant_source": "AREA", "measurement_scale": "NEIGHBORHOOD", "measurement_scale_def": "500 M TO 4KM", "monitoring_objective": "GENERAL/BACKGROUND", "last_method_code": "236", "last_method_description": "Teledyne T640 at 5.0 LPM - Broadband spectroscopy", "last_method_begin_date": "2005-08-19", "naaqs_primary_monitor": null, "qa_primary_monitor": null, "monitor_type": "TRIBAL", "networks": null, "monitoring_agency_code": "583", "monitoring_agency": "Pala Band of Luiseno Mission Indians of Pala Reservation, CA", "si_id": 94529, "latitude": 33.362593, "longitude": -117.09023, "datum": "WGS84", "lat_lon_accuracy": 1.524, "elevation": 109.728, "probe_height": 4.55, "pl_probe_location": "TOP OF BUILDING", "local_site_name": "Pala Airpad", "address": "10848 HWY 76, PALA, CA 92059", "state_name": "California", "county_name": "San Diego", "city_name": "Pala", "cbsa_code": "41740", "cbsa_name": "San Diego-Carlsbad, CA", "csa_code": null, "csa_name": null, "tribal_code": "583", "tribe_name": "Pala Band of Luiseno Mission Indians of Pala Reservation, CA", "index_right": 19.0, "CSAFP": null, "CBSAFP": "41740", "GEOIDFQ": "310M700US41740", "GEOID": "41740", "NAME": "San Diego-Chula Vista-Carlsbad, CA", "NAMELSAD": "San Diego-Chula Vista-Carlsbad, CA Metro Area", "LSAD": "M1", "ALAND": 10905046431.0, "AWATER": 816535836.0 }, "geometry": { "type": "Point", "coordinates": [ -117.09023, 33.362593 ] } },
{ "type": "Feature", "properties": { "state_code": "06", "county_code": "019", "site_number": "5001", "parameter_code": "88101", "poc": 3, "parameter_name": "PM2.5 - Local Conditions", "open_date": "2008-11-25T00:00:00", "close_date": null, "concurred_exclusions": null, "dominant_source": "AREA", "measurement_scale": "NEIGHBORHOOD", "measurement_scale_def": "500 M TO 4KM", "monitoring_objective": "HIGHEST CONCENTRATION", "last_method_code": "170", "last_method_description": "Met One BAM-1020 Mass Monitor w/VSCC - Beta Attenuation", "last_method_begin_date": "2020-07-01", "naaqs_primary_monitor": "Y", "qa_primary_monitor": null, "monitor_type": "SLAMS", "networks": null, "monitoring_agency_code": "0945", "monitoring_agency": "San Joaquin Valley Unified Air Pollution Control District", "si_id": 943, "latitude": 36.819449, "longitude": -119.716433, "datum": "NAD83", "lat_lon_accuracy": 3.04, "elevation": 86.0, "probe_height": 6.0, "pl_probe_location": "TOP OF BUILDING", "local_site_name": "Clovis-Villa", "address": "908 N VILLA AVE, CLOVIS", "state_name": "California", "county_name": "Fresno", "city_name": "Clovis", "cbsa_code": "23420", "cbsa_name": "Fresno, CA", "csa_code": "260", "csa_name": "Fresno-Madera, CA", "tribal_code": null, "tribe_name": null, "index_right": 7.0, "CSAFP": "260", "CBSAFP": "23420", "GEOIDFQ": "310M700US23420", "GEOID": "23420", "NAME": "Fresno, CA", "NAMELSAD": "Fresno, CA Metro Area", "LSAD": "M1", "ALAND": 20966706477.0, "AWATER": 178903286.0 }, "geometry": { "type": "Point", "coordinates": [ -119.716433, 36.819449 ] } },
{ "type": "Feature", "properties": { "state_code": "06", "county_code": "037", "site_number": "1302", "parameter_code": "88101", "poc": 1, "parameter_name": "PM2.5 - Local Conditions", "open_date": "2008-11-02T00:00:00", "close_date": null, "concurred_exclusions": null, "dominant_source": null, "measurement_scale": "NEIGHBORHOOD", "measurement_scale_def": "500 M TO 4KM", "monitoring_objective": "POPULATION EXPOSURE", "last_method_code": "145", "last_method_description": "R & P Model 2025 PM-2.5 Sequential Air Sampler w/VSCC - Gravimetric", "last_method_begin_date": "2019-04-01", "naaqs_primary_monitor": "Y", "qa_primary_monitor": null, "monitor_type": "SLAMS", "networks": null, "monitoring_agency_code": "0972", "monitoring_agency": "South Coast Air Quality Management District", "si_id": 94733, "latitude": 33.901389, "longitude": -118.205, "datum": "WGS84", "lat_lon_accuracy": 1.0, "elevation": 27.0, "probe_height": 5.0, "pl_probe_location": "TOP OF BUILDING", "local_site_name": "Compton", "address": "700 North Bullis Road", "state_name": "California", "county_name": "Los Angeles", "city_name": "Compton", "cbsa_code": "31080", "cbsa_name": "Los Angeles-Long Beach-Anaheim, CA", "csa_code": "348", "csa_name": "Los Angeles-Long Beach, CA", "tribal_code": null, "tribe_name": null, "index_right": 18.0, "CSAFP": "348", "CBSAFP": "31080", "GEOIDFQ": "310M700US31080", "GEOID": "31080", "NAME": "Los Angeles-Long Beach-Anaheim, CA", "NAMELSAD": "Los Angeles-Long Beach-Anaheim, CA Metro Area", "LSAD": "M1", "ALAND": 12569524354.0, "AWATER": 2191222299.0 }, "geometry": { "type": "Point", "coordinates": [ -118.205, 33.901389 ] } },
{ "type": "Feature", "properties": { "state_code": "06", "county_code": "069", "site_number": "0002", "parameter_code": "88101", "poc": 3, "parameter_name": "PM2.5 - Local Conditions", "open_date": "2010-01-01T00:00:00", "close_date": null, "concurred_exclusions": null, "dominant_source": null, "measurement_scale": "NEIGHBORHOOD", "measurement_scale_def": "500 M TO 4KM", "monitoring_objective": "POPULATION EXPOSURE", "last_method_code": "170", "last_method_description": "Met One BAM-1020 Mass Monitor w/VSCC - Beta Attenuation", "last_method_begin_date": "2010-01-01", "naaqs_primary_monitor": "Y", "qa_primary_monitor": null, "monitor_type": "SLAMS", "networks": null, "monitoring_agency_code": "0721", "monitoring_agency": "Monterey Bay Unified APCD", "si_id": 1285, "latitude": 36.843425, "longitude": -121.3621, "datum": "NAD83", "lat_lon_accuracy": 0.0, "elevation": 126.0, "probe_height": 6.0, "pl_probe_location": "TOP OF BUILDING", "local_site_name": "Hollister", "address": "1979 Fairview Rd", "state_name": "California", "county_name": "San Benito", "city_name": "Hollister", "cbsa_code": "41940", "cbsa_name": "San Jose-Sunnyvale-Santa Clara, CA", "csa_code": "488", "csa_name": "San Jose-San Francisco-Oakland, CA", "tribal_code": null, "tribe_name": null, "index_right": 26.0, "CSAFP": "488", "CBSAFP": "41940", "GEOIDFQ": "310M700US41940", "GEOID": "41940", "NAME": "San Jose-Sunnyvale-Santa Clara, CA", "NAMELSAD": "San Jose-Sunnyvale-Santa Clara, CA Metro Area", "LSAD": "M1", "ALAND": 6940482586.0, "AWATER": 38316367.0 }, "geometry": { "type": "Point", "coordinates": [ -121.3621, 36.843425 ] } },
{ "type": "Feature", "properties": { "state_code": "06", "county_code": "001", "site_number": "0009", "parameter_code": "88101", "poc": 3, "parameter_name": "PM2.5 - Local Conditions", "open_date": "2009-10-01T00:00:00", "close_date": null, "concurred_exclusions": null, "dominant_source": "AREA", "measurement_scale": "MIDDLE SCALE", "measurement_scale_def": "100 M TO 500 M", "monitoring_objective": "POPULATION EXPOSURE", "last_method_code": "170", "last_method_description": "Met One BAM-1020 Mass Monitor w/VSCC - Beta Attenuation", "last_method_begin_date": "2009-10-01", "naaqs_primary_monitor": "Y", "qa_primary_monitor": null, "monitor_type": "SLAMS", "networks": null, "monitoring_agency_code": "0086", "monitoring_agency": "Bay Area Air Quality Management District", "si_id": 93907, "latitude": 37.743065, "longitude": -122.169935, "datum": "WGS84", "lat_lon_accuracy": 6.0, "elevation": 11.0, "probe_height": 8.0, "pl_probe_location": "TOP OF BUILDING", "local_site_name": "Oakland", "address": "9925 International Blvd", "state_name": "California", "county_name": "Alameda", "city_name": "Oakland", "cbsa_code": "41860", "cbsa_name": "San Francisco-Oakland-Hayward, CA", "csa_code": "488", "csa_name": "San Jose-San Francisco-Oakland, CA", "tribal_code": null, "tribe_name": null, "index_right": 13.0, "CSAFP": "488", "CBSAFP": "41860", "GEOIDFQ": "310M700US41860", "GEOID": "41860", "NAME": "San Francisco-Oakland-Fremont, CA", "NAMELSAD": "San Francisco-Oakland-Fremont, CA Metro Area", "LSAD": "M1", "ALAND": 6396759028.0, "AWATER": 2476945717.0 }, "geometry": { "type": "Point", "coordinates": [ -122.169935, 37.743065 ] } },
{ "type": "Feature", "properties": { "state_code": "06", "county_code": "019", "site_number": "0011", "parameter_code": "88101", "poc": 2, "parameter_name": "PM2.5 - Local Conditions", "open_date": "2012-01-25T00:00:00", "close_date": null, "concurred_exclusions": null, "dominant_source": null, "measurement_scale": "NEIGHBORHOOD", "measurement_scale_def": "500 M TO 4KM", "monitoring_objective": "POPULATION EXPOSURE", "last_method_code": "145", "last_method_description": "R & P Model 2025 PM-2.5 Sequential Air Sampler w/VSCC - Gravimetric", "last_method_begin_date": "2012-01-25", "naaqs_primary_monitor": null, "qa_primary_monitor": null, "monitor_type": "SLAMS", "networks": null, "monitoring_agency_code": "0145", "monitoring_agency": "California Air Resources Board", "si_id": 96528, "latitude": 36.78538, "longitude": -119.77321, "datum": "NAD83", "lat_lon_accuracy": 1.0, "elevation": 96.0, "probe_height": null, "pl_probe_location": null, "local_site_name": "Fresno - Garland", "address": "3727 N FIRST ST, FRESNO", "state_name": "California", "county_name": "Fresno", "city_name": "Fresno", "cbsa_code": "23420", "cbsa_name": "Fresno, CA", "csa_code": "260", "csa_name": "Fresno-Madera, CA", "tribal_code": null, "tribe_name": null, "index_right": 7.0, "CSAFP": "260", "CBSAFP": "23420", "GEOIDFQ": "310M700US23420", "GEOID": "23420", "NAME": "Fresno, CA", "NAMELSAD": "Fresno, CA Metro Area", "LSAD": "M1", "ALAND": 20966706477.0, "AWATER": 178903286.0 }, "geometry": { "type": "Point", "coordinates": [ -119.77321, 36.78538 ] } },
{ "type": "Feature", "properties": { "state_code": "06", "county_code": "073", "site_number": "1016", "parameter_code": "88101", "poc": 1, "parameter_name": "PM2.5 - Local Conditions", "open_date": "2012-02-18T00:00:00", "close_date": "2023-06-30T00:00:00", "concurred_exclusions": null, "dominant_source": "POINT", "measurement_scale": "NEIGHBORHOOD", "measurement_scale_def": "500 M TO 4KM", "monitoring_objective": "GENERAL/BACKGROUND", "last_method_code": "545", "last_method_description": "Met One E-SEQ-FRM PM2.5 with VSCC - Gravimetric", "last_method_begin_date": "2019-09-10", "naaqs_primary_monitor": null, "qa_primary_monitor": null, "monitor_type": null, "networks": null, "monitoring_agency_code": "0942", "monitoring_agency": "San Diego County Air Pollution Control District", "si_id": 95699, "latitude": 32.845709, "longitude": -117.123964, "datum": "NAD83", "lat_lon_accuracy": 1.0, "elevation": 134.0, "probe_height": 6.0, "pl_probe_location": "TOP OF BUILDING", "local_site_name": "San Diego - Kearny Villa Rd.", "address": "6125A KEARNY VILLA RD., SAN DIEGO", "state_name": "California", "county_name": "San Diego", "city_name": "San Diego", "cbsa_code": "41740", "cbsa_name": "San Diego-Carlsbad, CA", "csa_code": null, "csa_name": null, "tribal_code": null, "tribe_name": null, "index_right": 19.0, "CSAFP": null, "CBSAFP": "41740", "GEOIDFQ": "310M700US41740", "GEOID": "41740", "NAME": "San Diego-Chula Vista-Carlsbad, CA", "NAMELSAD": "San Diego-Chula Vista-Carlsbad, CA Metro Area", "LSAD": "M1", "ALAND": 10905046431.0, "AWATER": 816535836.0 }, "geometry": { "type": "Point", "coordinates": [ -117.123964, 32.845709 ] } },
{ "type": "Feature", "properties": { "state_code": "06", "county_code": "085", "site_number": "0005", "parameter_code": "88101", "poc": 3, "parameter_name": "PM2.5 - Local Conditions", "open_date": "2012-10-01T00:00:00", "close_date": null, "concurred_exclusions": null, "dominant_source": null, "measurement_scale": "NEIGHBORHOOD", "measurement_scale_def": "500 M TO 4KM", "monitoring_objective": "POPULATION EXPOSURE", "last_method_code": "170", "last_method_description": "Met One BAM-1020 Mass Monitor w/VSCC - Beta Attenuation", "last_method_begin_date": "2012-10-01", "naaqs_primary_monitor": "Y", "qa_primary_monitor": "Y", "monitor_type": "SLAMS", "networks": "NCORE", "monitoring_agency_code": "0086", "monitoring_agency": "Bay Area Air Quality Management District", "si_id": 91424, "latitude": 37.348497, "longitude": -121.894898, "datum": "WGS84", "lat_lon_accuracy": 20.0, "elevation": 31.0, "probe_height": 8.7, "pl_probe_location": "TOP OF BUILDING", "local_site_name": "San Jose - Jackson", "address": "158B JACKSON ST", "state_name": "California", "county_name": "Santa Clara", "city_name": "San Jose", "cbsa_code": "41940", "cbsa_name": "San Jose-Sunnyvale-Santa Clara, CA", "csa_code": "488", "csa_name": "San Jose-San Francisco-Oakland, CA", "tribal_code": null, "tribe_name": null, "index_right": 26.0, "CSAFP": "488", "CBSAFP": "41940", "GEOIDFQ": "310M700US41940", "GEOID": "41940", "NAME": "San Jose-Sunnyvale-Santa Clara, CA", "NAMELSAD": "San Jose-Sunnyvale-Santa Clara, CA Metro Area", "LSAD": "M1", "ALAND": 6940482586.0, "AWATER": 38316367.0 }, "geometry": { "type": "Point", "coordinates": [ -121.894898, 37.348497 ] } },
{ "type": "Feature", "properties": { "state_code": "06", "county_code": "111", "site_number": "3001", "parameter_code": "88101", "poc": 3, "parameter_name": "PM2.5 - Local Conditions", "open_date": "2012-01-26T00:00:00", "close_date": null, "concurred_exclusions": null, "dominant_source": null, "measurement_scale": "NEIGHBORHOOD", "measurement_scale_def": "500 M TO 4KM", "monitoring_objective": "POPULATION EXPOSURE", "last_method_code": "170", "last_method_description": "Met One BAM-1020 Mass Monitor w/VSCC - Beta Attenuation", "last_method_begin_date": "2012-01-26", "naaqs_primary_monitor": "Y", "qa_primary_monitor": null, "monitor_type": "SLAMS", "networks": null, "monitoring_agency_code": "1118", "monitoring_agency": "Ventura County APCD", "si_id": 1619, "latitude": 34.25239, "longitude": -119.143182, "datum": "NAD83", "lat_lon_accuracy": 0.0, "elevation": 43.0, "probe_height": null, "pl_probe_location": "TOP OF BUILDING", "local_site_name": "El Rio-Rio Mesa School #2", "address": "545 CENTRAL AVENUE, OXNARD, CA  93030", "state_name": "California", "county_name": "Ventura", "city_name": "Not in a City", "cbsa_code": "37100", "cbsa_name": "Oxnard-Thousand Oaks-Ventura, CA", "csa_code": "348", "csa_name": "Los Angeles-Long Beach, CA", "tribal_code": null, "tribe_name": null, "index_right": 23.0, "CSAFP": "348", "CBSAFP": "37100", "GEOIDFQ": "310M700US37100", "GEOID": "37100", "NAME": "Oxnard-Thousand Oaks-Ventura, CA", "NAMELSAD": "Oxnard-Thousand Oaks-Ventura, CA Metro Area", "LSAD": "M1", "ALAND": 4767597024.0, "AWATER": 947364179.0 }, "geometry": { "type": "Point", "coordinates": [ -119.143182, 34.25239 ] } },
{ "type": "Feature", "properties": { "state_code": "06", "county_code": "001", "site_number": "0012", "parameter_code": "88101", "poc": 3, "parameter_name": "PM2.5 - Local Conditions", "open_date": "2014-02-01T00:00:00", "close_date": null, "concurred_exclusions": null, "dominant_source": "MOBILE", "measurement_scale": "MICROSCALE", "measurement_scale_def": "0 M TO 100 M", "monitoring_objective": "POPULATION EXPOSURE; SOURCE ORIENTED", "last_method_code": "170", "last_method_description": "Met One BAM-1020 Mass Monitor w/VSCC - Beta Attenuation", "last_method_begin_date": "2014-02-01", "naaqs_primary_monitor": "Y", "qa_primary_monitor": null, "monitor_type": "SLAMS", "networks": "NEAR ROAD", "monitoring_agency_code": "0086", "monitoring_agency": "Bay Area Air Quality Management District", "si_id": 97584, "latitude": 37.793624, "longitude": -122.263376, "datum": "WGS84", "lat_lon_accuracy": 1.0, "elevation": 3.9, "probe_height": 6.4, "pl_probe_location": "TOP OF BUILDING", "local_site_name": "Laney College", "address": "Laney College Eighth St. parking lot Aisle J", "state_name": "California", "county_name": "Alameda", "city_name": "Oakland", "cbsa_code": "41860", "cbsa_name": "San Francisco-Oakland-Hayward, CA", "csa_code": "488", "csa_name": "San Jose-San Francisco-Oakland, CA", "tribal_code": null, "tribe_name": null, "index_right": 13.0, "CSAFP": "488", "CBSAFP": "41860", "GEOIDFQ": "310M700US41860", "GEOID": "41860", "NAME": "San Francisco-Oakland-Fremont, CA", "NAMELSAD": "San Francisco-Oakland-Fremont, CA Metro Area", "LSAD": "M1", "ALAND": 6396759028.0, "AWATER": 2476945717.0 }, "geometry": { "type": "Point", "coordinates": [ -122.263376, 37.793624 ] } },
{ "type": "Feature", "properties": { "state_code": "06", "county_code": "097", "site_number": "0004", "parameter_code": "88101", "poc": 3, "parameter_name": "PM2.5 - Local Conditions", "open_date": "2014-01-09T00:00:00", "close_date": null, "concurred_exclusions": null, "dominant_source": "AREA", "measurement_scale": "NEIGHBORHOOD", "measurement_scale_def": "500 M TO 4KM", "monitoring_objective": "POPULATION EXPOSURE", "last_method_code": "170", "last_method_description": "Met One BAM-1020 Mass Monitor w/VSCC - Beta Attenuation", "last_method_begin_date": "2014-01-09", "naaqs_primary_monitor": "Y", "qa_primary_monitor": null, "monitor_type": "SLAMS", "networks": null, "monitoring_agency_code": "0086", "monitoring_agency": "Bay Area Air Quality Management District", "si_id": 97616, "latitude": 38.403765, "longitude": -122.818294, "datum": "WGS84", "lat_lon_accuracy": 2.0, "elevation": 78.0, "probe_height": 2.0, "pl_probe_location": "TOP OF BUILDING", "local_site_name": "Sebastopol", "address": "103 Morris Street,", "state_name": "California", "county_name": "Sonoma", "city_name": "Sebastopol", "cbsa_code": "42220", "cbsa_name": "Santa Rosa, CA", "csa_code": "488", "csa_name": "San Jose-San Francisco-Oakland, CA", "tribal_code": null, "tribe_name": null, "index_right": 12.0, "CSAFP": null, "CBSAFP": "42220", "GEOIDFQ": "310M700US42220", "GEOID": "42220", "NAME": "Santa Rosa-Petaluma, CA", "NAMELSAD": "Santa Rosa-Petaluma, CA Metro Area", "LSAD": "M1", "ALAND": 4080103615.0, "AWATER": 497291856.0 }, "geometry": { "type": "Point", "coordinates": [ -122.818294, 38.403765 ] } },
{ "type": "Feature", "properties": { "state_code": "06", "county_code": "063", "site_number": "1010", "parameter_code": "88101", "poc": 2, "parameter_name": "PM2.5 - Local Conditions", "open_date": "2015-10-30T00:00:00", "close_date": "2022-08-09T00:00:00", "concurred_exclusions": null, "dominant_source": null, "measurement_scale": "NEIGHBORHOOD", "measurement_scale_def": "500 M TO 4KM", "monitoring_objective": "POPULATION EXPOSURE", "last_method_code": "145", "last_method_description": "R & P Model 2025 PM-2.5 Sequential Air Sampler w/VSCC - Gravimetric", "last_method_begin_date": "2015-10-30", "naaqs_primary_monitor": null, "qa_primary_monitor": null, "monitor_type": null, "networks": null, "monitoring_agency_code": "0145", "monitoring_agency": "California Air Resources Board", "si_id": 97358, "latitude": 39.81336, "longitude": -120.47069, "datum": "WGS84", "lat_lon_accuracy": 20.0, "elevation": 8.0, "probe_height": null, "pl_probe_location": null, "local_site_name": "Portola", "address": "420 Gulling Street, Portola, CA 96122", "state_name": "California", "county_name": "Plumas", "city_name": "Portola", "cbsa_code": null, "cbsa_name": null, "csa_code": null, "csa_name": null, "tribal_code": null, "tribe_name": null, "index_right": null, "CSAFP": null, "CBSAFP": null, "GEOIDFQ": null, "GEOID": null, "NAME": null, "NAMELSAD": null, "LSAD": null, "ALAND": null, "AWATER": null }, "geometry": { "type": "Point", "coordinates": [ -120.47069, 39.81336 ] } },
{ "type": "Feature", "properties": { "state_code": "06", "county_code": "071", "site_number": "2002", "parameter_code": "88101", "poc": 21, "parameter_name": "PM2.5 - Local Conditions", "open_date": "2016-04-30T00:00:00", "close_date": "2018-11-29T00:00:00", "concurred_exclusions": null, "dominant_source": null, "measurement_scale": null, "measurement_scale_def": null, "monitoring_objective": "POPULATION EXPOSURE", "last_method_code": "143", "last_method_description": "R & P Model 2000 PM-2.5 Air Sampler w/VSCC - Gravimetric", "last_method_begin_date": "2016-04-30", "naaqs_primary_monitor": null, "qa_primary_monitor": null, "monitor_type": null, "networks": null, "monitoring_agency_code": "0972", "monitoring_agency": "South Coast Air Quality Management District", "si_id": 1321, "latitude": 34.10002, "longitude": -117.49201, "datum": "WGS84", "lat_lon_accuracy": 0.0, "elevation": 381.0, "probe_height": null, "pl_probe_location": null, "local_site_name": "Fontana", "address": "14360 ARROW BLVD., FONTANA", "state_name": "California", "county_name": "San Bernardino", "city_name": "Fontana", "cbsa_code": "40140", "cbsa_name": "Riverside-San Bernardino-Ontario, CA", "csa_code": "348", "csa_name": "Los Angeles-Long Beach, CA", "tribal_code": null, "tribe_name": null, "index_right": 21.0, "CSAFP": "348", "CBSAFP": "40140", "GEOIDFQ": "310M700US40140", "GEOID": "40140", "NAME": "Riverside-San Bernardino-Ontario, CA", "NAMELSAD": "Riverside-San Bernardino-Ontario, CA Metro Area", "LSAD": "M1", "ALAND": 70648193821.0, "AWATER": 339279578.0 }, "geometry": { "type": "Point", "coordinates": [ -117.49201, 34.10002 ] } },
{ "type": "Feature", "properties": { "state_code": "06", "county_code": "073", "site_number": "0077", "parameter_code": "88101", "poc": 3, "parameter_name": "PM2.5 - Local Conditions", "open_date": "2020-12-11T00:00:00", "close_date": null, "concurred_exclusions": "All (2020-12-11 - Present)", "dominant_source": null, "measurement_scale": "REGIONAL SCALE", "measurement_scale_def": "50 TO HUNDREDS KM", "monitoring_objective": "GENERAL/BACKGROUND; WELFARE RELATED IMPACTS", "last_method_code": "636", "last_method_description": "Teledyne T640 at 5.0 LPM w/Network Data Alignment enabled - Broadband spectroscopy", "last_method_begin_date": "2024-11-19", "naaqs_primary_monitor": "Y", "qa_primary_monitor": null, "monitor_type": "TRIBAL", "networks": null, "monitoring_agency_code": "570", "monitoring_agency": "Campo Band of Diegueno Mission Indians of Campo Indian Reservation, CA", "si_id": 94253, "latitude": 32.6509, "longitude": -116.365, "datum": "WGS84", "lat_lon_accuracy": 2.0, "elevation": 1018.15, "probe_height": null, "pl_probe_location": "GROUND LEVEL SUPPORT", "local_site_name": "Campo Indian Reservation", "address": "Campo Kumeyaay Nation, 36190 Church Rd, Ste 4, Campo, CA 91906", "state_name": "California", "county_name": "San Diego", "city_name": "Campo", "cbsa_code": "41740", "cbsa_name": "San Diego-Carlsbad, CA", "csa_code": null, "csa_name": null, "tribal_code": "570", "tribe_name": "Campo Band of Diegueno Mission Indians of Campo Indian Reservation, CA", "index_right": 19.0, "CSAFP": null, "CBSAFP": "41740", "GEOIDFQ": "310M700US41740", "GEOID": "41740", "NAME": "San Diego-Chula Vista-Carlsbad, CA", "NAMELSAD": "San Diego-Chula Vista-Carlsbad, CA Metro Area", "LSAD": "M1", "ALAND": 10905046431.0, "AWATER": 816535836.0 }, "geometry": { "type": "Point", "coordinates": [ -116.365, 32.6509 ] } },
{ "type": "Feature", "properties": { "state_code": "06", "county_code": "067", "site_number": "0010", "parameter_code": "88101", "poc": 2, "parameter_name": "PM2.5 - Local Conditions", "open_date": "2021-04-01T00:00:00", "close_date": null, "concurred_exclusions": null, "dominant_source": null, "measurement_scale": "NEIGHBORHOOD", "measurement_scale_def": "500 M TO 4KM", "monitoring_objective": "POPULATION EXPOSURE", "last_method_code": "143", "last_method_description": "R & P Model 2000 PM-2.5 Air Sampler w/VSCC - Gravimetric", "last_method_begin_date": "2021-04-01", "naaqs_primary_monitor": null, "qa_primary_monitor": null, "monitor_type": "SLAMS", "networks": null, "monitoring_agency_code": "0145", "monitoring_agency": "California Air Resources Board", "si_id": 1272, "latitude": 38.56844, "longitude": -121.49311, "datum": "NAD83", "lat_lon_accuracy": 0.0, "elevation": 0.0, "probe_height": 10.0, "pl_probe_location": null, "local_site_name": "Sacramento-1309 T Street", "address": "1309 T ST., SACRAMENTO, CA. 95814", "state_name": "California", "county_name": "Sacramento", "city_name": "Sacramento", "cbsa_code": "40900", "cbsa_name": "Sacramento--Roseville--Arden-Arcade, CA", "csa_code": "472", "csa_name": "Sacramento-Roseville, CA", "tribal_code": null, "tribe_name": null, "index_right": 11.0, "CSAFP": "472", "CBSAFP": "40900", "GEOIDFQ": "310M700US40900", "GEOID": "40900", "NAME": "Sacramento-Roseville-Folsom, CA", "NAMELSAD": "Sacramento-Roseville-Folsom, CA Metro Area", "LSAD": "M1", "ALAND": 13191282211.0, "AWATER": 548045435.0 }, "geometry": { "type": "Point", "coordinates": [ -121.49311, 38.56844 ] } },
{ "type": "Feature", "properties": { "state_code": "06", "county_code": "019", "site_number": "5025", "parameter_code": "88101", "poc": 3, "parameter_name": "PM2.5 - Local Conditions", "open_date": "2021-01-01T00:00:00", "close_date": null, "concurred_exclusions": null, "dominant_source": "AREA", "measurement_scale": "NEIGHBORHOOD", "measurement_scale_def": "500 M TO 4KM", "monitoring_objective": "POPULATION EXPOSURE", "last_method_code": "170", "last_method_description": "Met One BAM-1020 Mass Monitor w/VSCC - Beta Attenuation", "last_method_begin_date": "2022-03-11", "naaqs_primary_monitor": "Y", "qa_primary_monitor": null, "monitor_type": "SLAMS", "networks": null, "monitoring_agency_code": "0945", "monitoring_agency": "San Joaquin Valley Unified Air Pollution Control District", "si_id": 944, "latitude": 36.72639, "longitude": -119.733, "datum": "WGS84", "lat_lon_accuracy": 1.52, "elevation": 100.0, "probe_height": 11.3, "pl_probe_location": null, "local_site_name": "Fresno-Pacific", "address": "1716 WINERY, FRESNO CA 93726", "state_name": "California", "county_name": "Fresno", "city_name": "Fresno", "cbsa_code": "23420", "cbsa_name": "Fresno, CA", "csa_code": "260", "csa_name": "Fresno-Madera, CA", "tribal_code": null, "tribe_name": null, "index_right": 7.0, "CSAFP": "260", "CBSAFP": "23420", "GEOIDFQ": "310M700US23420", "GEOID": "23420", "NAME": "Fresno, CA", "NAMELSAD": "Fresno, CA Metro Area", "LSAD": "M1", "ALAND": 20966706477.0, "AWATER": 178903286.0 }, "geometry": { "type": "Point", "coordinates": [ -119.733, 36.72639 ] } },
{ "type": "Feature", "properties": { "state_code": "06", "county_code": "029", "site_number": "0010", "parameter_code": "88101", "poc": 4, "parameter_name": "PM2.5 - Local Conditions", "open_date": "2021-01-01T00:00:00", "close_date": "2022-01-20T00:00:00", "concurred_exclusions": null, "dominant_source": "AREA", "measurement_scale": "MICROSCALE", "measurement_scale_def": "0 M TO 100 M", "monitoring_objective": "POPULATION EXPOSURE", "last_method_code": "209", "last_method_description": "Met One BAM-1022 Mass Monitor w/ VSCC or TE-PM2.5C - Beta Attenuation", "last_method_begin_date": "2021-01-01", "naaqs_primary_monitor": null, "qa_primary_monitor": null, "monitor_type": "SLAMS", "networks": null, "monitoring_agency_code": "0945", "monitoring_agency": "San Joaquin Valley Unified Air Pollution Control District", "si_id": 1008, "latitude": 35.385574, "longitude": -119.015009, "datum": "WGS84", "lat_lon_accuracy": 3.04, "elevation": 151.0, "probe_height": 5.9, "pl_probe_location": null, "local_site_name": "Bakersfield-Golden / M St", "address": "2820 M St., Bakersfield, CA 93301", "state_name": "California", "county_name": "Kern", "city_name": "Bakersfield", "cbsa_code": "12540", "cbsa_name": "Bakersfield, CA", "csa_code": null, "csa_name": null, "tribal_code": null, "tribe_name": null, "index_right": 33.0, "CSAFP": null, "CBSAFP": "12540", "GEOIDFQ": "310M700US12540", "GEOID": "12540", "NAME": "Bakersfield-Delano, CA", "NAMELSAD": "Bakersfield-Delano, CA Metro Area", "LSAD": "M1", "ALAND": 21068706348.0, "AWATER": 78331375.0 }, "geometry": { "type": "Point", "coordinates": [ -119.015009, 35.385574 ] } },
{ "type": "Feature", "properties": { "state_code": "06", "county_code": "025", "site_number": "1003", "parameter_code": "88101", "poc": 3, "parameter_name": "PM2.5 - Local Conditions", "open_date": "2021-11-15T00:00:00", "close_date": null, "concurred_exclusions": null, "dominant_source": null, "measurement_scale": null, "measurement_scale_def": null, "monitoring_objective": "POPULATION EXPOSURE", "last_method_code": "209", "last_method_description": "Met One BAM-1022 Mass Monitor w/ VSCC or TE-PM2.5C - Beta Attenuation", "last_method_begin_date": "2021-11-15", "naaqs_primary_monitor": "Y", "qa_primary_monitor": null, "monitor_type": "SLAMS", "networks": null, "monitoring_agency_code": "0145", "monitoring_agency": "California Air Resources Board", "si_id": 963, "latitude": 32.79222, "longitude": -115.56306, "datum": "WGS84", "lat_lon_accuracy": 0.0, "elevation": 0.0, "probe_height": null, "pl_probe_location": null, "local_site_name": "El Centro-9th Street", "address": "150 9TH ST., EL CENTRO", "state_name": "California", "county_name": "Imperial", "city_name": "El Centro", "cbsa_code": "20940", "cbsa_name": "El Centro, CA", "csa_code": null, "csa_name": null, "tribal_code": null, "tribe_name": null, "index_right": 10.0, "CSAFP": null, "CBSAFP": "20940", "GEOIDFQ": "310M700US20940", "GEOID": "20940", "NAME": "El Centro, CA", "NAMELSAD": "El Centro, CA Metro Area", "LSAD": "M1", "ALAND": 10814568237.0, "AWATER": 790135127.0 }, "geometry": { "type": "Point", "coordinates": [ -115.56306, 32.79222 ] } },
{ "type": "Feature", "properties": { "state_code": "06", "county_code": "063", "site_number": "1010", "parameter_code": "88101", "poc": 4, "parameter_name": "PM2.5 - Local Conditions", "open_date": "2022-10-01T00:00:00", "close_date": null, "concurred_exclusions": null, "dominant_source": null, "measurement_scale": null, "measurement_scale_def": null, "monitoring_objective": "POPULATION EXPOSURE", "last_method_code": "209", "last_method_description": "Met One BAM-1022 Mass Monitor w/ VSCC or TE-PM2.5C - Beta Attenuation", "last_method_begin_date": "2022-10-01", "naaqs_primary_monitor": "Y", "qa_primary_monitor": null, "monitor_type": "SLAMS", "networks": null, "monitoring_agency_code": "0790", "monitoring_agency": "Northern Sierra AQMD", "si_id": 97358, "latitude": 39.81336, "longitude": -120.47069, "datum": "WGS84", "lat_lon_accuracy": 20.0, "elevation": 8.0, "probe_height": null, "pl_probe_location": null, "local_site_name": "Portola", "address": "420 Gulling Street, Portola, CA 96122", "state_name": "California", "county_name": "Plumas", "city_name": "Portola", "cbsa_code": null, "cbsa_name": null, "csa_code": null, "csa_name": null, "tribal_code": null, "tribe_name": null, "index_right": null, "CSAFP": null, "CBSAFP": null, "GEOIDFQ": null, "GEOID": null, "NAME": null, "NAMELSAD": null, "LSAD": null, "ALAND": null, "AWATER": null }, "geometry": { "type": "Point", "coordinates": [ -120.47069, 39.81336 ] } },
{ "type": "Feature", "properties": { "state_code": "06", "county_code": "073", "site_number": "1026", "parameter_code": "88101", "poc": 3, "parameter_name": "PM2.5 - Local Conditions", "open_date": "2022-05-16T00:00:00", "close_date": null, "concurred_exclusions": "All (2022-05-16 - 2023-07-06)", "dominant_source": "AREA", "measurement_scale": "NEIGHBORHOOD", "measurement_scale_def": "500 M TO 4KM", "monitoring_objective": "POPULATION EXPOSURE", "last_method_code": "638", "last_method_description": "Teledyne T640X at 16.67 LPM w/Network Data Alignment enabled - Broadband spectroscopy", "last_method_begin_date": "2023-07-07", "naaqs_primary_monitor": "Y", "qa_primary_monitor": null, "monitor_type": "SLAMS", "networks": null, "monitoring_agency_code": "0942", "monitoring_agency": "San Diego County Air Pollution Control District", "si_id": 104551, "latitude": 32.710177, "longitude": -117.142665, "datum": "NAD83", "lat_lon_accuracy": 2.0, "elevation": 34.0, "probe_height": 2.0, "pl_probe_location": "GROUND LEVEL SUPPORT", "local_site_name": "San Diego - Sherman Elementary School", "address": "450B 24th Street", "state_name": "California", "county_name": "San Diego", "city_name": "San Diego", "cbsa_code": "41740", "cbsa_name": "San Diego-Carlsbad, CA", "csa_code": null, "csa_name": null, "tribal_code": null, "tribe_name": null, "index_right": 19.0, "CSAFP": null, "CBSAFP": "41740", "GEOIDFQ": "310M700US41740", "GEOID": "41740", "NAME": "San Diego-Chula Vista-Carlsbad, CA", "NAMELSAD": "San Diego-Chula Vista-Carlsbad, CA Metro Area", "LSAD": "M1", "ALAND": 10905046431.0, "AWATER": 816535836.0 }, "geometry": { "type": "Point", "coordinates": [ -117.142665, 32.710177 ] } },
{ "type": "Feature", "properties": { "state_code": "06", "county_code": "037", "site_number": "9035", "parameter_code": "88101", "poc": 1, "parameter_name": "PM2.5 - Local Conditions", "open_date": "2023-01-01T00:00:00", "close_date": null, "concurred_exclusions": null, "dominant_source": "MOBILE", "measurement_scale": "NEIGHBORHOOD", "measurement_scale_def": "500 M TO 4KM", "monitoring_objective": "POPULATION EXPOSURE", "last_method_code": "170", "last_method_description": "Met One BAM-1020 Mass Monitor w/VSCC - Beta Attenuation", "last_method_begin_date": "2023-01-01", "naaqs_primary_monitor": "Y", "qa_primary_monitor": null, "monitor_type": "SLAMS", "networks": null, "monitoring_agency_code": "0042", "monitoring_agency": "Antelope Valley APCD", "si_id": 105123, "latitude": 34.725389, "longitude": -118.178601, "datum": "WGS84", "lat_lon_accuracy": 151.0, "elevation": 706.5, "probe_height": 3.0, "pl_probe_location": "TOP OF BUILDING", "local_site_name": "Lancaster - Fairgrounds", "address": "2551 W. Avenue H Lancaster, CA", "state_name": "California", "county_name": "Los Angeles", "city_name": "Lancaster", "cbsa_code": "31080", "cbsa_name": "Los Angeles-Long Beach-Anaheim, CA", "csa_code": "348", "csa_name": "Los Angeles-Long Beach, CA", "tribal_code": null, "tribe_name": null, "index_right": 18.0, "CSAFP": "348", "CBSAFP": "31080", "GEOIDFQ": "310M700US31080", "GEOID": "31080", "NAME": "Los Angeles-Long Beach-Anaheim, CA", "NAMELSAD": "Los Angeles-Long Beach-Anaheim, CA Metro Area", "LSAD": "M1", "ALAND": 12569524354.0, "AWATER": 2191222299.0 }, "geometry": { "type": "Point", "coordinates": [ -118.178601, 34.725389 ] } },
{ "type": "Feature", "properties": { "state_code": "06", "county_code": "023", "site_number": "1004", "parameter_code": "88101", "poc": 2, "parameter_name": "PM2.5 - Local Conditions", "open_date": "2023-12-02T00:00:00", "close_date": null, "concurred_exclusions": null, "dominant_source": null, "measurement_scale": "NEIGHBORHOOD", "measurement_scale_def": "500 M TO 4KM", "monitoring_objective": "POPULATION EXPOSURE", "last_method_code": "143", "last_method_description": "R & P Model 2000 PM-2.5 Air Sampler w/VSCC - Gravimetric", "last_method_begin_date": "2023-12-02", "naaqs_primary_monitor": null, "qa_primary_monitor": null, "monitor_type": "SPM", "networks": null, "monitoring_agency_code": "0086", "monitoring_agency": "Bay Area Air Quality Management District", "si_id": 93538, "latitude": 40.77678, "longitude": -124.17949, "datum": "NAD83", "lat_lon_accuracy": 1.0, "elevation": 21.0, "probe_height": 7.1, "pl_probe_location": "TOP OF BUILDING", "local_site_name": "Jacobs", "address": "717 SOUTH AVENUE", "state_name": "California", "county_name": "Humboldt", "city_name": "Eureka", "cbsa_code": "21700", "cbsa_name": "Eureka-Arcata-Fortuna, CA", "csa_code": null, "csa_name": null, "tribal_code": null, "tribe_name": null, "index_right": 22.0, "CSAFP": null, "CBSAFP": "21700", "GEOIDFQ": "310M700US21700", "GEOID": "21700", "NAME": "Eureka-Arcata, CA", "NAMELSAD": "Eureka-Arcata, CA Micro Area", "LSAD": "M2", "ALAND": 9241138639.0, "AWATER": 1254152624.0 }, "geometry": { "type": "Point", "coordinates": [ -124.17949, 40.77678 ] } },
{ "type": "Feature", "properties": { "state_code": "06", "county_code": "027", "site_number": "1023", "parameter_code": "88101", "poc": 2, "parameter_name": "PM2.5 - Local Conditions", "open_date": "2025-09-01T00:00:00", "close_date": null, "concurred_exclusions": null, "dominant_source": "AREA", "measurement_scale": "NEIGHBORHOOD", "measurement_scale_def": "500 M TO 4KM", "monitoring_objective": "POPULATION EXPOSURE", "last_method_code": "638", "last_method_description": "Teledyne T640X at 16.67 LPM w/Network Data Alignment enabled - Broadband spectroscopy", "last_method_begin_date": "2025-09-01", "naaqs_primary_monitor": null, "qa_primary_monitor": null, "monitor_type": "TRIBAL", "networks": null, "monitoring_agency_code": "549", "monitoring_agency": "Paiute-Shoshone Indians of Bishop Community of Bishop Colony, CA", "si_id": 92502, "latitude": 37.362137, "longitude": -118.417478, "datum": "WGS84", "lat_lon_accuracy": 3.0, "elevation": 1288.55, "probe_height": null, "pl_probe_location": "TOP OF BUILDING", "local_site_name": "Bishop Tribe EMO", "address": "50 TU SU LANE", "state_name": "California", "county_name": "Inyo", "city_name": "Bishop", "cbsa_code": "13860", "cbsa_name": "Bishop, CA", "csa_code": null, "csa_name": null, "tribal_code": "549", "tribe_name": "Paiute-Shoshone Indians of Bishop Community of Bishop Colony, CA", "index_right": 30.0, "CSAFP": null, "CBSAFP": "13860", "GEOIDFQ": "310M700US13860", "GEOID": "13860", "NAME": "Bishop, CA", "NAMELSAD": "Bishop, CA Micro Area", "LSAD": "M2", "ALAND": 26410783052.0, "AWATER": 77280938.0 }, "geometry": { "type": "Point", "coordinates": [ -118.417478, 37.362137 ] } },
{ "type": "Feature", "properties": { "state_code": "06", "county_code": "025", "site_number": "1003", "parameter_code": "88101", "poc": 1, "parameter_name": "PM2.5 - Local Conditions", "open_date": "1999-01-01T00:00:00", "close_date": "2022-01-18T00:00:00", "concurred_exclusions": null, "dominant_source": null, "measurement_scale": "NEIGHBORHOOD", "measurement_scale_def": "500 M TO 4KM", "monitoring_objective": "POPULATION EXPOSURE", "last_method_code": "145", "last_method_description": "R & P Model 2025 PM-2.5 Sequential Air Sampler w/VSCC - Gravimetric", "last_method_begin_date": "2016-04-02", "naaqs_primary_monitor": null, "qa_primary_monitor": null, "monitor_type": null, "networks": null, "monitoring_agency_code": "0942", "monitoring_agency": "San Diego County Air Pollution Control District", "si_id": 963, "latitude": 32.79222, "longitude": -115.56306, "datum": "WGS84", "lat_lon_accuracy": 0.0, "elevation": 0.0, "probe_height": 3.0, "pl_probe_location": "TOP OF BUILDING", "local_site_name": "El Centro-9th Street", "address": "150 9TH ST., EL CENTRO", "state_name": "California", "county_name": "Imperial", "city_name": "El Centro", "cbsa_code": "20940", "cbsa_name": "El Centro, CA", "csa_code": null, "csa_name": null, "tribal_code": null, "tribe_name": null, "index_right": 10.0, "CSAFP": null, "CBSAFP": "20940", "GEOIDFQ": "310M700US20940", "GEOID": "20940", "NAME": "El Centro, CA", "NAMELSAD": "El Centro, CA Metro Area", "LSAD": "M1", "ALAND": 10814568237.0, "AWATER": 790135127.0 }, "geometry": { "type": "Point", "coordinates": [ -115.56306, 32.79222 ] } },
{ "type": "Feature", "properties": { "state_code": "06", "county_code": "027", "site_number": "1003", "parameter_code": "88101", "poc": 1, "parameter_name": "PM2.5 - Local Conditions", "open_date": "1998-09-01T00:00:00", "close_date": null, "concurred_exclusions": null, "dominant_source": null, "measurement_scale": "NEIGHBORHOOD", "measurement_scale_def": "500 M TO 4KM", "monitoring_objective": "POPULATION EXPOSURE", "last_method_code": "145", "last_method_description": "R & P Model 2025 PM-2.5 Sequential Air Sampler w/VSCC - Gravimetric", "last_method_begin_date": "2010-10-02", "naaqs_primary_monitor": null, "qa_primary_monitor": null, "monitor_type": "SLAMS", "networks": null, "monitoring_agency_code": "0458", "monitoring_agency": "Great Basin Unified APCD", "si_id": 996, "latitude": 36.487823, "longitude": -117.871036, "datum": "WGS84", "lat_lon_accuracy": 1.0, "elevation": 1097.0, "probe_height": 2.0, "pl_probe_location": "TOP OF BUILDING", "local_site_name": "Keeler", "address": "KEELER, 190 Cerro Gordo Road", "state_name": "California", "county_name": "Inyo", "city_name": "Keeler", "cbsa_code": "13860", "cbsa_name": "Bishop, CA", "csa_code": null, "csa_name": null, "tribal_code": null, "tribe_name": null, "index_right": 30.0, "CSAFP": null, "CBSAFP": "13860", "GEOIDFQ": "310M700US13860", "GEOID": "13860", "NAME": "Bishop, CA", "NAMELSAD": "Bishop, CA Micro Area", "LSAD": "M2", "ALAND": 26410783052.0, "AWATER": 77280938.0 }, "geometry": { "type": "Point", "coordinates": [ -117.871036, 36.487823 ] } },
{ "type": "Feature", "properties": { "state_code": "06", "county_code": "029", "site_number": "0014", "parameter_code": "88101", "poc": 2, "parameter_name": "PM2.5 - Local Conditions", "open_date": "1999-01-01T00:00:00", "close_date": null, "concurred_exclusions": null, "dominant_source": null, "measurement_scale": "NEIGHBORHOOD", "measurement_scale_def": "500 M TO 4KM", "monitoring_objective": "POPULATION EXPOSURE", "last_method_code": "145", "last_method_description": "R & P Model 2025 PM-2.5 Sequential Air Sampler w/VSCC - Gravimetric", "last_method_begin_date": "2004-07-13", "naaqs_primary_monitor": null, "qa_primary_monitor": null, "monitor_type": "SLAMS", "networks": null, "monitoring_agency_code": "0145", "monitoring_agency": "California Air Resources Board", "si_id": 1012, "latitude": 35.356615, "longitude": -119.062613, "datum": "NAD83", "lat_lon_accuracy": 151.82, "elevation": 0.0, "probe_height": null, "pl_probe_location": null, "local_site_name": "Bakersfield-California", "address": "5558 California Ave., Bakersfield CA 93309", "state_name": "California", "county_name": "Kern", "city_name": "Bakersfield", "cbsa_code": "12540", "cbsa_name": "Bakersfield, CA", "csa_code": null, "csa_name": null, "tribal_code": null, "tribe_name": null, "index_right": 33.0, "CSAFP": null, "CBSAFP": "12540", "GEOIDFQ": "310M700US12540", "GEOID": "12540", "NAME": "Bakersfield-Delano, CA", "NAMELSAD": "Bakersfield-Delano, CA Metro Area", "LSAD": "M1", "ALAND": 21068706348.0, "AWATER": 78331375.0 }, "geometry": { "type": "Point", "coordinates": [ -119.062613, 35.356615 ] } },
{ "type": "Feature", "properties": { "state_code": "06", "county_code": "031", "site_number": "0004", "parameter_code": "88101", "poc": 1, "parameter_name": "PM2.5 - Local Conditions", "open_date": "1999-01-01T00:00:00", "close_date": "2021-01-11T00:00:00", "concurred_exclusions": null, "dominant_source": null, "measurement_scale": "NEIGHBORHOOD", "measurement_scale_def": "500 M TO 4KM", "monitoring_objective": "POPULATION EXPOSURE", "last_method_code": "145", "last_method_description": "R & P Model 2025 PM-2.5 Sequential Air Sampler w/VSCC - Gravimetric", "last_method_begin_date": "2015-12-28", "naaqs_primary_monitor": null, "qa_primary_monitor": null, "monitor_type": null, "networks": null, "monitoring_agency_code": "0145", "monitoring_agency": "California Air Resources Board", "si_id": 1035, "latitude": 36.102244, "longitude": -119.56565, "datum": "NAD83", "lat_lon_accuracy": 3.04, "elevation": 61.0, "probe_height": 5.0, "pl_probe_location": null, "local_site_name": "Corcoran-Patterson", "address": "1520 PATTERSON AVE.", "state_name": "California", "county_name": "Kings", "city_name": "Corcoran", "cbsa_code": "25260", "cbsa_name": "Hanford-Corcoran, CA", "csa_code": "546", "csa_name": "Visalia-Porterville-Hanford, CA", "tribal_code": null, "tribe_name": null, "index_right": 31.0, "CSAFP": "260", "CBSAFP": "25260", "GEOIDFQ": "310M700US25260", "GEOID": "25260", "NAME": "Hanford-Corcoran, CA", "NAMELSAD": "Hanford-Corcoran, CA Metro Area", "LSAD": "M1", "ALAND": 3602601926.0, "AWATER": 3164290.0 }, "geometry": { "type": "Point", "coordinates": [ -119.56565, 36.102244 ] } },
{ "type": "Feature", "properties": { "state_code": "06", "county_code": "037", "site_number": "4002", "parameter_code": "88101", "poc": 1, "parameter_name": "PM2.5 - Local Conditions", "open_date": "1999-01-01T00:00:00", "close_date": "2022-06-30T00:00:00", "concurred_exclusions": null, "dominant_source": null, "measurement_scale": "NEIGHBORHOOD", "measurement_scale_def": "500 M TO 4KM", "monitoring_objective": "HIGHEST CONCENTRATION", "last_method_code": "145", "last_method_description": "R & P Model 2025 PM-2.5 Sequential Air Sampler w/VSCC - Gravimetric", "last_method_begin_date": "2015-06-24", "naaqs_primary_monitor": "Y", "qa_primary_monitor": null, "monitor_type": null, "networks": null, "monitoring_agency_code": "0972", "monitoring_agency": "South Coast Air Quality Management District", "si_id": 1106, "latitude": 33.82376, "longitude": -118.18921, "datum": "WGS84", "lat_lon_accuracy": 0.0, "elevation": 6.0, "probe_height": null, "pl_probe_location": null, "local_site_name": "Long Beach (North)", "address": "3648 N. LONG BEACH BLVD., LONG BEACH", "state_name": "California", "county_name": "Los Angeles", "city_name": "Long Beach", "cbsa_code": "31080", "cbsa_name": "Los Angeles-Long Beach-Anaheim, CA", "csa_code": "348", "csa_name": "Los Angeles-Long Beach, CA", "tribal_code": null, "tribe_name": null, "index_right": 18.0, "CSAFP": "348", "CBSAFP": "31080", "GEOIDFQ": "310M700US31080", "GEOID": "31080", "NAME": "Los Angeles-Long Beach-Anaheim, CA", "NAMELSAD": "Los Angeles-Long Beach-Anaheim, CA Metro Area", "LSAD": "M1", "ALAND": 12569524354.0, "AWATER": 2191222299.0 }, "geometry": { "type": "Point", "coordinates": [ -118.18921, 33.82376 ] } },
{ "type": "Feature", "properties": { "state_code": "06", "county_code": "053", "site_number": "1003", "parameter_code": "88101", "poc": 2, "parameter_name": "PM2.5 - Local Conditions", "open_date": "2000-01-01T00:00:00", "close_date": null, "concurred_exclusions": null, "dominant_source": null, "measurement_scale": "NEIGHBORHOOD", "measurement_scale_def": "500 M TO 4KM", "monitoring_objective": "POPULATION EXPOSURE", "last_method_code": "143", "last_method_description": "R & P Model 2000 PM-2.5 Air Sampler w/VSCC - Gravimetric", "last_method_begin_date": "2016-04-08", "naaqs_primary_monitor": null, "qa_primary_monitor": null, "monitor_type": "SLAMS", "networks": null, "monitoring_agency_code": "0721", "monitoring_agency": "Monterey Bay Unified APCD", "si_id": 1185, "latitude": 36.694261, "longitude": -121.623271, "datum": "NAD83", "lat_lon_accuracy": 13.0, "elevation": 21.6, "probe_height": 6.3, "pl_probe_location": "TOP OF BUILDING", "local_site_name": "Salinas 3", "address": "867 E. LAUREL Dr", "state_name": "California", "county_name": "Monterey", "city_name": "Salinas", "cbsa_code": "41500", "cbsa_name": "Salinas, CA", "csa_code": null, "csa_name": null, "tribal_code": null, "tribe_name": null, "index_right": 0.0, "CSAFP": null, "CBSAFP": "41500", "GEOIDFQ": "310M700US41500", "GEOID": "41500", "NAME": "Salinas, CA", "NAMELSAD": "Salinas, CA Metro Area", "LSAD": "M1", "ALAND": 8499610241.0, "AWATER": 1267806311.0 }, "geometry": { "type": "Point", "coordinates": [ -121.623271, 36.694261 ] } },
{ "type": "Feature", "properties": { "state_code": "06", "county_code": "057", "site_number": "0005", "parameter_code": "88101", "poc": 1, "parameter_name": "PM2.5 - Local Conditions", "open_date": "1998-12-30T00:00:00", "close_date": "2021-09-09T00:00:00", "concurred_exclusions": null, "dominant_source": null, "measurement_scale": "NEIGHBORHOOD", "measurement_scale_def": "500 M TO 4KM", "monitoring_objective": "POPULATION EXPOSURE", "last_method_code": "143", "last_method_description": "R & P Model 2000 PM-2.5 Air Sampler w/VSCC - Gravimetric", "last_method_begin_date": "2015-10-03", "naaqs_primary_monitor": null, "qa_primary_monitor": null, "monitor_type": null, "networks": null, "monitoring_agency_code": "0145", "monitoring_agency": "California Air Resources Board", "si_id": 1196, "latitude": 39.233477, "longitude": -121.055608, "datum": "NAD83", "lat_lon_accuracy": 151.82, "elevation": 853.0, "probe_height": 12.0, "pl_probe_location": null, "local_site_name": "Grass Valley-Litton Building", "address": "200 LITTON DR.,  GRASS VALLEY, CA", "state_name": "California", "county_name": "Nevada", "city_name": "Grass Valley", "cbsa_code": "46020", "cbsa_name": "Truckee-Grass Valley, CA", "csa_code": "472", "csa_name": "Sacramento-Roseville, CA", "tribal_code": null, "tribe_name": null, "index_right": 8.0, "CSAFP": "472", "CBSAFP": "46020", "GEOIDFQ": "310M700US46020", "GEOID": "46020", "NAME": "Truckee-Grass Valley, CA", "NAMELSAD": "Truckee-Grass Valley, CA Micro Area", "LSAD": "M2", "ALAND": 2480587300.0, "AWATER": 41531993.0 }, "geometry": { "type": "Point", "coordinates": [ -121.055608, 39.233477 ] } },
{ "type": "Feature", "properties": { "state_code": "06", "county_code": "071", "site_number": "0306", "parameter_code": "88101", "poc": 1, "parameter_name": "PM2.5 - Local Conditions", "open_date": "2000-01-01T00:00:00", "close_date": null, "concurred_exclusions": null, "dominant_source": null, "measurement_scale": "NEIGHBORHOOD", "measurement_scale_def": "500 M TO 4KM", "monitoring_objective": "POPULATION EXPOSURE; REGIONAL TRANSPORT", "last_method_code": "170", "last_method_description": "Met One BAM-1020 Mass Monitor w/VSCC - Beta Attenuation", "last_method_begin_date": "2016-01-01", "naaqs_primary_monitor": "Y", "qa_primary_monitor": "Y", "monitor_type": "SLAMS", "networks": null, "monitoring_agency_code": "0709", "monitoring_agency": "Mojave Desert AQMD", "si_id": 1309, "latitude": 34.510961, "longitude": -117.32554, "datum": "NAD83", "lat_lon_accuracy": 10930.56, "elevation": 913.0, "probe_height": 7.6, "pl_probe_location": "TOP OF BUILDING", "local_site_name": "Victorville-Park Avenue", "address": "14306 PARK AVE., VICTORVILLE, CA", "state_name": "California", "county_name": "San Bernardino", "city_name": "Victorville", "cbsa_code": "40140", "cbsa_name": "Riverside-San Bernardino-Ontario, CA", "csa_code": "348", "csa_name": "Los Angeles-Long Beach, CA", "tribal_code": null, "tribe_name": null, "index_right": 21.0, "CSAFP": "348", "CBSAFP": "40140", "GEOIDFQ": "310M700US40140", "GEOID": "40140", "NAME": "Riverside-San Bernardino-Ontario, CA", "NAMELSAD": "Riverside-San Bernardino-Ontario, CA Metro Area", "LSAD": "M1", "ALAND": 70648193821.0, "AWATER": 339279578.0 }, "geometry": { "type": "Point", "coordinates": [ -117.32554, 34.510961 ] } },
{ "type": "Feature", "properties": { "state_code": "06", "county_code": "025", "site_number": "0007", "parameter_code": "88101", "poc": 1, "parameter_name": "PM2.5 - Local Conditions", "open_date": "2003-12-15T00:00:00", "close_date": "2021-05-27T00:00:00", "concurred_exclusions": null, "dominant_source": null, "measurement_scale": "NEIGHBORHOOD", "measurement_scale_def": "500 M TO 4KM", "monitoring_objective": "POPULATION EXPOSURE", "last_method_code": "145", "last_method_description": "R & P Model 2025 PM-2.5 Sequential Air Sampler w/VSCC - Gravimetric", "last_method_begin_date": "2016-04-02", "naaqs_primary_monitor": null, "qa_primary_monitor": null, "monitor_type": null, "networks": null, "monitoring_agency_code": "0942", "monitoring_agency": "San Diego County Air Pollution Control District", "si_id": 91801, "latitude": 32.97833, "longitude": -115.53917, "datum": "WGS84", "lat_lon_accuracy": 0.01, "elevation": 0.0, "probe_height": 2.29, "pl_probe_location": "TOP OF BUILDING", "local_site_name": "Brawley-220 Main Street", "address": "220 MAIN ST., STE 204, BRAWLEY", "state_name": "California", "county_name": "Imperial", "city_name": "Brawley", "cbsa_code": "20940", "cbsa_name": "El Centro, CA", "csa_code": null, "csa_name": null, "tribal_code": null, "tribe_name": null, "index_right": 10.0, "CSAFP": null, "CBSAFP": "20940", "GEOIDFQ": "310M700US20940", "GEOID": "20940", "NAME": "El Centro, CA", "NAMELSAD": "El Centro, CA Metro Area", "LSAD": "M1", "ALAND": 10814568237.0, "AWATER": 790135127.0 }, "geometry": { "type": "Point", "coordinates": [ -115.53917, 32.97833 ] } },
{ "type": "Feature", "properties": { "state_code": "06", "county_code": "037", "site_number": "1103", "parameter_code": "88101", "poc": 3, "parameter_name": "PM2.5 - Local Conditions", "open_date": "2008-01-01T00:00:00", "close_date": null, "concurred_exclusions": "All (2008-01-01 - 2008-07-31)", "dominant_source": null, "measurement_scale": null, "measurement_scale_def": null, "monitoring_objective": "OTHER", "last_method_code": "170", "last_method_description": "Met One BAM-1020 Mass Monitor w/VSCC - Beta Attenuation", "last_method_begin_date": "2022-01-01", "naaqs_primary_monitor": null, "qa_primary_monitor": null, "monitor_type": "SLAMS", "networks": null, "monitoring_agency_code": "0972", "monitoring_agency": "South Coast Air Quality Management District", "si_id": 1081, "latitude": 34.06659, "longitude": -118.22688, "datum": "WGS84", "lat_lon_accuracy": 0.0, "elevation": 87.0, "probe_height": null, "pl_probe_location": null, "local_site_name": "Los Angeles-North Main Street", "address": "1630 N MAIN ST, LOS ANGELES", "state_name": "California", "county_name": "Los Angeles", "city_name": "Los Angeles", "cbsa_code": "31080", "cbsa_name": "Los Angeles-Long Beach-Anaheim, CA", "csa_code": "348", "csa_name": "Los Angeles-Long Beach, CA", "tribal_code": null, "tribe_name": null, "index_right": 18.0, "CSAFP": "348", "CBSAFP": "31080", "GEOIDFQ": "310M700US31080", "GEOID": "31080", "NAME": "Los Angeles-Long Beach-Anaheim, CA", "NAMELSAD": "Los Angeles-Long Beach-Anaheim, CA Metro Area", "LSAD": "M1", "ALAND": 12569524354.0, "AWATER": 2191222299.0 }, "geometry": { "type": "Point", "coordinates": [ -118.22688, 34.06659 ] } },
{ "type": "Feature", "properties": { "state_code": "06", "county_code": "079", "site_number": "8001", "parameter_code": "88101", "poc": 3, "parameter_name": "PM2.5 - Local Conditions", "open_date": "2009-06-01T00:00:00", "close_date": "2015-02-24T00:00:00", "concurred_exclusions": null, "dominant_source": "AREA", "measurement_scale": "URBAN SCALE", "measurement_scale_def": "4 KM TO 50 KM", "monitoring_objective": "POPULATION EXPOSURE", "last_method_code": "170", "last_method_description": "Met One BAM-1020 Mass Monitor w/VSCC - Beta Attenuation", "last_method_begin_date": "2009-06-01", "naaqs_primary_monitor": null, "qa_primary_monitor": null, "monitor_type": null, "networks": null, "monitoring_agency_code": "0946", "monitoring_agency": "San Luis Obispo County APCD", "si_id": 1415, "latitude": 35.49158, "longitude": -120.66804, "datum": "WGS84", "lat_lon_accuracy": 15.0, "elevation": 277.0, "probe_height": 5.8, "pl_probe_location": "TOP OF BUILDING", "local_site_name": "Atascadero (original site)", "address": "6005 LEWIS AVENUE, ATASCADERO, CA 93422", "state_name": "California", "county_name": "San Luis Obispo", "city_name": "Atascadero", "cbsa_code": "42020", "cbsa_name": "San Luis Obispo-Paso Robles-Arroyo Grande, CA", "csa_code": null, "csa_name": null, "tribal_code": null, "tribe_name": null, "index_right": 6.0, "CSAFP": null, "CBSAFP": "42020", "GEOIDFQ": "310M700US42020", "GEOID": "42020", "NAME": "San Luis Obispo-Paso Robles, CA", "NAMELSAD": "San Luis Obispo-Paso Robles, CA Metro Area", "LSAD": "M1", "ALAND": 8549140866.0, "AWATER": 815650229.0 }, "geometry": { "type": "Point", "coordinates": [ -120.66804, 35.49158 ] } },
{ "type": "Feature", "properties": { "state_code": "06", "county_code": "073", "site_number": "1008", "parameter_code": "88101", "poc": 3, "parameter_name": "PM2.5 - Local Conditions", "open_date": "2009-07-01T00:00:00", "close_date": null, "concurred_exclusions": "All (2009-07-01 - 2010-04-30); All (2022-08-30 - 2023-07-05)", "dominant_source": "AREA", "measurement_scale": "URBAN SCALE", "measurement_scale_def": "4 KM TO 50 KM", "monitoring_objective": "HIGHEST CONCENTRATION; UPWIND BACKGROUND", "last_method_code": "638", "last_method_description": "Teledyne T640X at 16.67 LPM w/Network Data Alignment enabled - Broadband spectroscopy", "last_method_begin_date": "2023-07-06", "naaqs_primary_monitor": "Y", "qa_primary_monitor": null, "monitor_type": "SLAMS", "networks": null, "monitoring_agency_code": "0942", "monitoring_agency": "San Diego County Air Pollution Control District", "si_id": 1359, "latitude": 33.217046, "longitude": -117.396249, "datum": "WGS84", "lat_lon_accuracy": 5.0, "elevation": 16.0, "probe_height": 5.0, "pl_probe_location": "TOP OF BUILDING", "local_site_name": "Camp Pendleton", "address": "21441-W B STREET", "state_name": "California", "county_name": "San Diego", "city_name": "Camp Pendleton South", "cbsa_code": "41740", "cbsa_name": "San Diego-Carlsbad, CA", "csa_code": null, "csa_name": null, "tribal_code": null, "tribe_name": null, "index_right": 19.0, "CSAFP": null, "CBSAFP": "41740", "GEOIDFQ": "310M700US41740", "GEOID": "41740", "NAME": "San Diego-Chula Vista-Carlsbad, CA", "NAMELSAD": "San Diego-Chula Vista-Carlsbad, CA Metro Area", "LSAD": "M1", "ALAND": 10905046431.0, "AWATER": 816535836.0 }, "geometry": { "type": "Point", "coordinates": [ -117.396249, 33.217046 ] } },
{ "type": "Feature", "properties": { "state_code": "06", "county_code": "081", "site_number": "1001", "parameter_code": "88101", "poc": 3, "parameter_name": "PM2.5 - Local Conditions", "open_date": "2009-10-01T00:00:00", "close_date": null, "concurred_exclusions": null, "dominant_source": "AREA", "measurement_scale": "NEIGHBORHOOD", "measurement_scale_def": "500 M TO 4KM", "monitoring_objective": "POPULATION EXPOSURE", "last_method_code": "170", "last_method_description": "Met One BAM-1020 Mass Monitor w/VSCC - Beta Attenuation", "last_method_begin_date": "2009-10-01", "naaqs_primary_monitor": "Y", "qa_primary_monitor": null, "monitor_type": "SLAMS", "networks": null, "monitoring_agency_code": "0086", "monitoring_agency": "Bay Area Air Quality Management District", "si_id": 1419, "latitude": 37.482934, "longitude": -122.20337, "datum": "WGS84", "lat_lon_accuracy": 20.0, "elevation": 3.0, "probe_height": 5.5, "pl_probe_location": "TOP OF BUILDING", "local_site_name": "Redwood City", "address": "897 BARRON AVE.", "state_name": "California", "county_name": "San Mateo", "city_name": "Redwood City", "cbsa_code": "41860", "cbsa_name": "San Francisco-Oakland-Hayward, CA", "csa_code": "488", "csa_name": "San Jose-San Francisco-Oakland, CA", "tribal_code": null, "tribe_name": null, "index_right": 13.0, "CSAFP": "488", "CBSAFP": "41860", "GEOIDFQ": "310M700US41860", "GEOID": "41860", "NAME": "San Francisco-Oakland-Fremont, CA", "NAMELSAD": "San Francisco-Oakland-Fremont, CA Metro Area", "LSAD": "M1", "ALAND": 6396759028.0, "AWATER": 2476945717.0 }, "geometry": { "type": "Point", "coordinates": [ -122.20337, 37.482934 ] } },
{ "type": "Feature", "properties": { "state_code": "06", "county_code": "029", "site_number": "0010", "parameter_code": "88101", "poc": 3, "parameter_name": "PM2.5 - Local Conditions", "open_date": "2006-08-27T00:00:00", "close_date": null, "concurred_exclusions": null, "dominant_source": null, "measurement_scale": "NEIGHBORHOOD", "measurement_scale_def": "500 M TO 4KM", "monitoring_objective": "POPULATION EXPOSURE", "last_method_code": "170", "last_method_description": "Met One BAM-1020 Mass Monitor w/VSCC - Beta Attenuation", "last_method_begin_date": "2022-01-21", "naaqs_primary_monitor": "Y", "qa_primary_monitor": null, "monitor_type": "SLAMS", "networks": null, "monitoring_agency_code": "0945", "monitoring_agency": "San Joaquin Valley Unified Air Pollution Control District", "si_id": 1008, "latitude": 35.385574, "longitude": -119.015009, "datum": "WGS84", "lat_lon_accuracy": 3.04, "elevation": 151.0, "probe_height": 5.0, "pl_probe_location": "TOP OF BUILDING", "local_site_name": "Bakersfield-Golden / M St", "address": "2820 M St., Bakersfield, CA 93301", "state_name": "California", "county_name": "Kern", "city_name": "Bakersfield", "cbsa_code": "12540", "cbsa_name": "Bakersfield, CA", "csa_code": null, "csa_name": null, "tribal_code": null, "tribe_name": null, "index_right": 33.0, "CSAFP": null, "CBSAFP": "12540", "GEOIDFQ": "310M700US12540", "GEOID": "12540", "NAME": "Bakersfield-Delano, CA", "NAMELSAD": "Bakersfield-Delano, CA Metro Area", "LSAD": "M1", "ALAND": 21068706348.0, "AWATER": 78331375.0 }, "geometry": { "type": "Point", "coordinates": [ -119.015009, 35.385574 ] } },
{ "type": "Feature", "properties": { "state_code": "06", "county_code": "031", "site_number": "1004", "parameter_code": "88101", "poc": 3, "parameter_name": "PM2.5 - Local Conditions", "open_date": "2010-01-01T00:00:00", "close_date": null, "concurred_exclusions": null, "dominant_source": "AREA", "measurement_scale": "NEIGHBORHOOD", "measurement_scale_def": "500 M TO 4KM", "monitoring_objective": "POPULATION EXPOSURE", "last_method_code": "170", "last_method_description": "Met One BAM-1020 Mass Monitor w/VSCC - Beta Attenuation", "last_method_begin_date": "2020-08-01", "naaqs_primary_monitor": "Y", "qa_primary_monitor": null, "monitor_type": "SLAMS", "networks": null, "monitoring_agency_code": "0945", "monitoring_agency": "San Joaquin Valley Unified Air Pollution Control District", "si_id": 1040, "latitude": 36.31567, "longitude": -119.643447, "datum": "NAD83", "lat_lon_accuracy": 3.04, "elevation": 99.0, "probe_height": 4.2, "pl_probe_location": "TOP OF BUILDING", "local_site_name": "Hanford-Irwin", "address": "807 SOUTH IRWIN ST., HANFORD", "state_name": "California", "county_name": "Kings", "city_name": "Hanford", "cbsa_code": "25260", "cbsa_name": "Hanford-Corcoran, CA", "csa_code": "546", "csa_name": "Visalia-Porterville-Hanford, CA", "tribal_code": null, "tribe_name": null, "index_right": 31.0, "CSAFP": "260", "CBSAFP": "25260", "GEOIDFQ": "310M700US25260", "GEOID": "25260", "NAME": "Hanford-Corcoran, CA", "NAMELSAD": "Hanford-Corcoran, CA Metro Area", "LSAD": "M1", "ALAND": 3602601926.0, "AWATER": 3164290.0 }, "geometry": { "type": "Point", "coordinates": [ -119.643447, 36.31567 ] } },
{ "type": "Feature", "properties": { "state_code": "06", "county_code": "001", "site_number": "0007", "parameter_code": "88101", "poc": 3, "parameter_name": "PM2.5 - Local Conditions", "open_date": "2011-01-01T00:00:00", "close_date": null, "concurred_exclusions": null, "dominant_source": "AREA", "measurement_scale": "NEIGHBORHOOD", "measurement_scale_def": "500 M TO 4KM", "monitoring_objective": "POPULATION EXPOSURE", "last_method_code": "170", "last_method_description": "Met One BAM-1020 Mass Monitor w/VSCC - Beta Attenuation", "last_method_begin_date": "2011-01-01", "naaqs_primary_monitor": "Y", "qa_primary_monitor": null, "monitor_type": "SLAMS", "networks": null, "monitoring_agency_code": "0086", "monitoring_agency": "Bay Area Air Quality Management District", "si_id": 860, "latitude": 37.687526, "longitude": -121.784217, "datum": "WGS84", "lat_lon_accuracy": 109305.56, "elevation": 137.0, "probe_height": 5.1, "pl_probe_location": "TOP OF BUILDING", "local_site_name": "Livermore", "address": "793 Rincon Ave.", "state_name": "California", "county_name": "Alameda", "city_name": "Livermore", "cbsa_code": "41860", "cbsa_name": "San Francisco-Oakland-Hayward, CA", "csa_code": "488", "csa_name": "San Jose-San Francisco-Oakland, CA", "tribal_code": null, "tribe_name": null, "index_right": 13.0, "CSAFP": "488", "CBSAFP": "41860", "GEOIDFQ": "310M700US41860", "GEOID": "41860", "NAME": "San Francisco-Oakland-Fremont, CA", "NAMELSAD": "San Francisco-Oakland-Fremont, CA Metro Area", "LSAD": "M1", "ALAND": 6396759028.0, "AWATER": 2476945717.0 }, "geometry": { "type": "Point", "coordinates": [ -121.784217, 37.687526 ] } },
{ "type": "Feature", "properties": { "state_code": "06", "county_code": "011", "site_number": "0007", "parameter_code": "88101", "poc": 1, "parameter_name": "PM2.5 - Local Conditions", "open_date": "2011-04-08T00:00:00", "close_date": null, "concurred_exclusions": "All (2011-04-08 - Present)", "dominant_source": "AREA", "measurement_scale": "MIDDLE SCALE", "measurement_scale_def": "100 M TO 500 M", "monitoring_objective": "POPULATION EXPOSURE", "last_method_code": "170", "last_method_description": "Met One BAM-1020 Mass Monitor w/VSCC - Beta Attenuation", "last_method_begin_date": "2011-04-08", "naaqs_primary_monitor": "Y", "qa_primary_monitor": null, "monitor_type": "TRIBAL", "networks": null, "monitoring_agency_code": "513", "monitoring_agency": "Cortina Indian Rancheria of Wintun Indians, CA", "si_id": 93707, "latitude": 39.021221, "longitude": -122.281803, "datum": "WGS84", "lat_lon_accuracy": 2.0, "elevation": 696.0, "probe_height": 10.0, "pl_probe_location": "TOP OF BUILDING", "local_site_name": "Cortina Indian Rancheria", "address": "CORTINA INDIAN RANCHERIA, SPRING VALLEY RD, WILLIAMS", "state_name": "California", "county_name": "Colusa", "city_name": "Cortina Indian Rancheria", "cbsa_code": null, "cbsa_name": null, "csa_code": null, "csa_name": null, "tribal_code": "513", "tribe_name": "Cortina Indian Rancheria of Wintun Indians, CA", "index_right": null, "CSAFP": null, "CBSAFP": null, "GEOIDFQ": null, "GEOID": null, "NAME": null, "NAMELSAD": null, "LSAD": null, "ALAND": null, "AWATER": null }, "geometry": { "type": "Point", "coordinates": [ -122.281803, 39.021221 ] } },
{ "type": "Feature", "properties": { "state_code": "06", "county_code": "013", "site_number": "1004", "parameter_code": "88101", "poc": 3, "parameter_name": "PM2.5 - Local Conditions", "open_date": "2012-12-10T00:00:00", "close_date": null, "concurred_exclusions": null, "dominant_source": "AREA", "measurement_scale": "MIDDLE SCALE", "measurement_scale_def": "100 M TO 500 M", "monitoring_objective": "POPULATION EXPOSURE", "last_method_code": "170", "last_method_description": "Met One BAM-1020 Mass Monitor w/VSCC - Beta Attenuation", "last_method_begin_date": "2012-12-10", "naaqs_primary_monitor": "Y", "qa_primary_monitor": null, "monitor_type": "SLAMS", "networks": null, "monitoring_agency_code": "0086", "monitoring_agency": "Bay Area Air Quality Management District", "si_id": 91266, "latitude": 37.9604, "longitude": -122.356811, "datum": "WGS84", "lat_lon_accuracy": 20.0, "elevation": 20.0, "probe_height": 6.0, "pl_probe_location": "TOP OF BUILDING", "local_site_name": "San Pablo", "address": "1865 D RUMRILL BLVD, San Pablo", "state_name": "California", "county_name": "Contra Costa", "city_name": "San Pablo", "cbsa_code": "41860", "cbsa_name": "San Francisco-Oakland-Hayward, CA", "csa_code": "488", "csa_name": "San Jose-San Francisco-Oakland, CA", "tribal_code": null, "tribe_name": null, "index_right": 13.0, "CSAFP": "488", "CBSAFP": "41860", "GEOIDFQ": "310M700US41860", "GEOID": "41860", "NAME": "San Francisco-Oakland-Fremont, CA", "NAMELSAD": "San Francisco-Oakland-Fremont, CA Metro Area", "LSAD": "M1", "ALAND": 6396759028.0, "AWATER": 2476945717.0 }, "geometry": { "type": "Point", "coordinates": [ -122.356811, 37.9604 ] } },
{ "type": "Feature", "properties": { "state_code": "06", "county_code": "111", "site_number": "0007", "parameter_code": "88101", "poc": 3, "parameter_name": "PM2.5 - Local Conditions", "open_date": "2012-01-07T00:00:00", "close_date": null, "concurred_exclusions": null, "dominant_source": null, "measurement_scale": "NEIGHBORHOOD", "measurement_scale_def": "500 M TO 4KM", "monitoring_objective": "POPULATION EXPOSURE", "last_method_code": "170", "last_method_description": "Met One BAM-1020 Mass Monitor w/VSCC - Beta Attenuation", "last_method_begin_date": "2012-01-07", "naaqs_primary_monitor": "Y", "qa_primary_monitor": null, "monitor_type": "SLAMS", "networks": null, "monitoring_agency_code": "1118", "monitoring_agency": "Ventura County APCD", "si_id": 1608, "latitude": 34.210169, "longitude": -118.870509, "datum": "NAD83", "lat_lon_accuracy": 0.0, "elevation": 244.0, "probe_height": null, "pl_probe_location": "TOP OF BUILDING", "local_site_name": "Thousand Oaks", "address": "2323 Moorpark Road, Thousand Oaks, CA  91360", "state_name": "California", "county_name": "Ventura", "city_name": "Thousand Oaks", "cbsa_code": "37100", "cbsa_name": "Oxnard-Thousand Oaks-Ventura, CA", "csa_code": "348", "csa_name": "Los Angeles-Long Beach, CA", "tribal_code": null, "tribe_name": null, "index_right": 23.0, "CSAFP": "348", "CBSAFP": "37100", "GEOIDFQ": "310M700US37100", "GEOID": "37100", "NAME": "Oxnard-Thousand Oaks-Ventura, CA", "NAMELSAD": "Oxnard-Thousand Oaks-Ventura, CA Metro Area", "LSAD": "M1", "ALAND": 4767597024.0, "AWATER": 947364179.0 }, "geometry": { "type": "Point", "coordinates": [ -118.870509, 34.210169 ] } },
{ "type": "Feature", "properties": { "state_code": "06", "county_code": "111", "site_number": "1004", "parameter_code": "88101", "poc": 3, "parameter_name": "PM2.5 - Local Conditions", "open_date": "2011-11-29T00:00:00", "close_date": null, "concurred_exclusions": null, "dominant_source": null, "measurement_scale": "NEIGHBORHOOD", "measurement_scale_def": "500 M TO 4KM", "monitoring_objective": "POPULATION EXPOSURE", "last_method_code": "170", "last_method_description": "Met One BAM-1020 Mass Monitor w/VSCC - Beta Attenuation", "last_method_begin_date": "2011-11-29", "naaqs_primary_monitor": "Y", "qa_primary_monitor": "Y", "monitor_type": "SLAMS", "networks": null, "monitoring_agency_code": "1118", "monitoring_agency": "Ventura County APCD", "si_id": 1614, "latitude": 34.44806, "longitude": -119.2313, "datum": "NAD83", "lat_lon_accuracy": 910.88, "elevation": 262.0, "probe_height": null, "pl_probe_location": "TOP OF BUILDING", "local_site_name": "Ojai - East Ojai Ave", "address": "1201 E. OJAI AVENUE, OJAI, CA  93023", "state_name": "California", "county_name": "Ventura", "city_name": "Ojai", "cbsa_code": "37100", "cbsa_name": "Oxnard-Thousand Oaks-Ventura, CA", "csa_code": "348", "csa_name": "Los Angeles-Long Beach, CA", "tribal_code": null, "tribe_name": null, "index_right": 23.0, "CSAFP": "348", "CBSAFP": "37100", "GEOIDFQ": "310M700US37100", "GEOID": "37100", "NAME": "Oxnard-Thousand Oaks-Ventura, CA", "NAMELSAD": "Oxnard-Thousand Oaks-Ventura, CA Metro Area", "LSAD": "M1", "ALAND": 4767597024.0, "AWATER": 947364179.0 }, "geometry": { "type": "Point", "coordinates": [ -119.2313, 34.44806 ] } },
{ "type": "Feature", "properties": { "state_code": "06", "county_code": "037", "site_number": "4004", "parameter_code": "88101", "poc": 3, "parameter_name": "PM2.5 - Local Conditions", "open_date": "2012-01-01T00:00:00", "close_date": "2022-04-30T00:00:00", "concurred_exclusions": null, "dominant_source": null, "measurement_scale": "URBAN SCALE", "measurement_scale_def": "4 KM TO 50 KM", "monitoring_objective": "OTHER", "last_method_code": "170", "last_method_description": "Met One BAM-1020 Mass Monitor w/VSCC - Beta Attenuation", "last_method_begin_date": "2016-01-01", "naaqs_primary_monitor": "Y", "qa_primary_monitor": "Y", "monitor_type": "SLAMS", "networks": null, "monitoring_agency_code": "0972", "monitoring_agency": "South Coast Air Quality Management District", "si_id": 91659, "latitude": 33.79236, "longitude": -118.17533, "datum": "WGS84", "lat_lon_accuracy": 0.1, "elevation": 6.0, "probe_height": 2.0, "pl_probe_location": "GROUND LEVEL SUPPORT", "local_site_name": "Long Beach (South)", "address": "1305 E. Pacific Coast Hwy., Long Beach", "state_name": "California", "county_name": "Los Angeles", "city_name": "Long Beach", "cbsa_code": "31080", "cbsa_name": "Los Angeles-Long Beach-Anaheim, CA", "csa_code": "348", "csa_name": "Los Angeles-Long Beach, CA", "tribal_code": null, "tribe_name": null, "index_right": 18.0, "CSAFP": "348", "CBSAFP": "31080", "GEOIDFQ": "310M700US31080", "GEOID": "31080", "NAME": "Los Angeles-Long Beach-Anaheim, CA", "NAMELSAD": "Los Angeles-Long Beach-Anaheim, CA Metro Area", "LSAD": "M1", "ALAND": 12569524354.0, "AWATER": 2191222299.0 }, "geometry": { "type": "Point", "coordinates": [ -118.17533, 33.79236 ] } },
{ "type": "Feature", "properties": { "state_code": "06", "county_code": "087", "site_number": "1005", "parameter_code": "88101", "poc": 3, "parameter_name": "PM2.5 - Local Conditions", "open_date": "2014-10-23T00:00:00", "close_date": null, "concurred_exclusions": null, "dominant_source": "AREA", "measurement_scale": "NEIGHBORHOOD", "measurement_scale_def": "500 M TO 4KM", "monitoring_objective": "POPULATION EXPOSURE", "last_method_code": "170", "last_method_description": "Met One BAM-1020 Mass Monitor w/VSCC - Beta Attenuation", "last_method_begin_date": "2014-10-01", "naaqs_primary_monitor": "Y", "qa_primary_monitor": null, "monitor_type": "SLAMS", "networks": null, "monitoring_agency_code": "0721", "monitoring_agency": "Monterey Bay Unified APCD", "si_id": 97805, "latitude": 37.06315, "longitude": -122.083092, "datum": "NAD83", "lat_lon_accuracy": 3.0, "elevation": 108.0, "probe_height": null, "pl_probe_location": "TOP OF BUILDING", "local_site_name": "San Lorenzo Valley Middle School", "address": "7179 Hacienda Way, Felton CA 95018", "state_name": "California", "county_name": "Santa Cruz", "city_name": "Not in a City", "cbsa_code": "42100", "cbsa_name": "Santa Cruz-Watsonville, CA", "csa_code": "488", "csa_name": "San Jose-San Francisco-Oakland, CA", "tribal_code": null, "tribe_name": null, "index_right": 16.0, "CSAFP": "488", "CBSAFP": "42100", "GEOIDFQ": "310M700US42100", "GEOID": "42100", "NAME": "Santa Cruz-Watsonville, CA", "NAMELSAD": "Santa Cruz-Watsonville, CA Metro Area", "LSAD": "M1", "ALAND": 1152818088.0, "AWATER": 419720203.0 }, "geometry": { "type": "Point", "coordinates": [ -122.083092, 37.06315 ] } },
{ "type": "Feature", "properties": { "state_code": "06", "county_code": "073", "site_number": "1022", "parameter_code": "88101", "poc": 1, "parameter_name": "PM2.5 - Local Conditions", "open_date": "2016-06-01T00:00:00", "close_date": null, "concurred_exclusions": null, "dominant_source": null, "measurement_scale": "NEIGHBORHOOD", "measurement_scale_def": "500 M TO 4KM", "monitoring_objective": "GENERAL/BACKGROUND", "last_method_code": "545", "last_method_description": "Met One E-SEQ-FRM PM2.5 with VSCC - Gravimetric", "last_method_begin_date": "2019-10-28", "naaqs_primary_monitor": null, "qa_primary_monitor": null, "monitor_type": "SLAMS", "networks": "NCORE", "monitoring_agency_code": "0942", "monitoring_agency": "San Diego County Air Pollution Control District", "si_id": 100976, "latitude": 32.789565, "longitude": -116.944308, "datum": "NAD83", "lat_lon_accuracy": 4.0, "elevation": 143.0, "probe_height": 7.0, "pl_probe_location": "TOP OF BUILDING", "local_site_name": "El Cajon - Lexington Elementary School", "address": "533 First Street", "state_name": "California", "county_name": "San Diego", "city_name": "El Cajon", "cbsa_code": "41740", "cbsa_name": "San Diego-Carlsbad, CA", "csa_code": null, "csa_name": null, "tribal_code": null, "tribe_name": null, "index_right": 19.0, "CSAFP": null, "CBSAFP": "41740", "GEOIDFQ": "310M700US41740", "GEOID": "41740", "NAME": "San Diego-Chula Vista-Carlsbad, CA", "NAMELSAD": "San Diego-Chula Vista-Carlsbad, CA Metro Area", "LSAD": "M1", "ALAND": 10905046431.0, "AWATER": 816535836.0 }, "geometry": { "type": "Point", "coordinates": [ -116.944308, 32.789565 ] } },
{ "type": "Feature", "properties": { "state_code": "06", "county_code": "067", "site_number": "5003", "parameter_code": "88101", "poc": 3, "parameter_name": "PM2.5 - Local Conditions", "open_date": "2017-05-10T00:00:00", "close_date": null, "concurred_exclusions": null, "dominant_source": null, "measurement_scale": "URBAN SCALE", "measurement_scale_def": "4 KM TO 50 KM", "monitoring_objective": "UPWIND BACKGROUND", "last_method_code": "170", "last_method_description": "Met One BAM-1020 Mass Monitor w/VSCC - Beta Attenuation", "last_method_begin_date": "2017-05-10", "naaqs_primary_monitor": "Y", "qa_primary_monitor": null, "monitor_type": "SLAMS", "networks": null, "monitoring_agency_code": "0145", "monitoring_agency": "California Air Resources Board", "si_id": 1283, "latitude": 38.494475, "longitude": -121.211131, "datum": "WGS84", "lat_lon_accuracy": 151.82, "elevation": 58.0, "probe_height": null, "pl_probe_location": null, "local_site_name": "Sloughhouse", "address": "7250 SLOUGHHOUSE ROAD, SLOUGHHOUSE", "state_name": "California", "county_name": "Sacramento", "city_name": "Not in a City", "cbsa_code": "40900", "cbsa_name": "Sacramento--Roseville--Arden-Arcade, CA", "csa_code": "472", "csa_name": "Sacramento-Roseville, CA", "tribal_code": null, "tribe_name": null, "index_right": 11.0, "CSAFP": "472", "CBSAFP": "40900", "GEOIDFQ": "310M700US40900", "GEOID": "40900", "NAME": "Sacramento-Roseville-Folsom, CA", "NAMELSAD": "Sacramento-Roseville-Folsom, CA Metro Area", "LSAD": "M1", "ALAND": 13191282211.0, "AWATER": 548045435.0 }, "geometry": { "type": "Point", "coordinates": [ -121.211131, 38.494475 ] } },
{ "type": "Feature", "properties": { "state_code": "06", "county_code": "027", "site_number": "0002", "parameter_code": "88101", "poc": 2, "parameter_name": "PM2.5 - Local Conditions", "open_date": "2017-10-10T00:00:00", "close_date": null, "concurred_exclusions": null, "dominant_source": null, "measurement_scale": "NEIGHBORHOOD", "measurement_scale_def": "500 M TO 4KM", "monitoring_objective": "POPULATION EXPOSURE", "last_method_code": "145", "last_method_description": "R & P Model 2025 PM-2.5 Sequential Air Sampler w/VSCC - Gravimetric", "last_method_begin_date": "2017-10-10", "naaqs_primary_monitor": null, "qa_primary_monitor": null, "monitor_type": "SLAMS", "networks": null, "monitoring_agency_code": "0458", "monitoring_agency": "Great Basin Unified APCD", "si_id": 971, "latitude": 37.360684, "longitude": -118.330783, "datum": "WGS84", "lat_lon_accuracy": 0.0, "elevation": 1257.0, "probe_height": 3.0, "pl_probe_location": null, "local_site_name": "WMRC/NCORE", "address": "WMRC/NCORE, 3000 E. LINE ST., BISHOP, CA. 93514", "state_name": "California", "county_name": "Inyo", "city_name": "Not in a City", "cbsa_code": "13860", "cbsa_name": "Bishop, CA", "csa_code": null, "csa_name": null, "tribal_code": null, "tribe_name": null, "index_right": 30.0, "CSAFP": null, "CBSAFP": "13860", "GEOIDFQ": "310M700US13860", "GEOID": "13860", "NAME": "Bishop, CA", "NAMELSAD": "Bishop, CA Micro Area", "LSAD": "M2", "ALAND": 26410783052.0, "AWATER": 77280938.0 }, "geometry": { "type": "Point", "coordinates": [ -118.330783, 37.360684 ] } },
{ "type": "Feature", "properties": { "state_code": "06", "county_code": "055", "site_number": "0004", "parameter_code": "88101", "poc": 3, "parameter_name": "PM2.5 - Local Conditions", "open_date": "2018-04-01T00:00:00", "close_date": "2021-05-25T00:00:00", "concurred_exclusions": null, "dominant_source": null, "measurement_scale": "NEIGHBORHOOD", "measurement_scale_def": "500 M TO 4KM", "monitoring_objective": "POPULATION EXPOSURE", "last_method_code": "170", "last_method_description": "Met One BAM-1020 Mass Monitor w/VSCC - Beta Attenuation", "last_method_begin_date": "2018-04-01", "naaqs_primary_monitor": null, "qa_primary_monitor": null, "monitor_type": null, "networks": null, "monitoring_agency_code": "0086", "monitoring_agency": "Bay Area Air Quality Management District", "si_id": 104235, "latitude": 38.278849, "longitude": -122.275024, "datum": "NAD83", "lat_lon_accuracy": 1.0, "elevation": 10.0, "probe_height": 4.9, "pl_probe_location": "TOP OF BUILDING", "local_site_name": "Napa Valley College", "address": "Magnolia Drive and Route 221", "state_name": "California", "county_name": "Napa", "city_name": "Napa", "cbsa_code": "34900", "cbsa_name": "Napa, CA", "csa_code": "488", "csa_name": "San Jose-San Francisco-Oakland, CA", "tribal_code": null, "tribe_name": null, "index_right": 29.0, "CSAFP": "488", "CBSAFP": "34900", "GEOIDFQ": "310M700US34900", "GEOID": "34900", "NAME": "Napa, CA", "NAMELSAD": "Napa, CA Metro Area", "LSAD": "M1", "ALAND": 1947606941.0, "AWATER": 104444154.0 }, "geometry": { "type": "Point", "coordinates": [ -122.275024, 38.278849 ] } },
{ "type": "Feature", "properties": { "state_code": "06", "county_code": "051", "site_number": "0001", "parameter_code": "88101", "poc": 5, "parameter_name": "PM2.5 - Local Conditions", "open_date": "2019-03-16T00:00:00", "close_date": null, "concurred_exclusions": null, "dominant_source": null, "measurement_scale": "NEIGHBORHOOD", "measurement_scale_def": "500 M TO 4KM", "monitoring_objective": "QUALITY ASSURANCE", "last_method_code": "145", "last_method_description": "R & P Model 2025 PM-2.5 Sequential Air Sampler w/VSCC - Gravimetric", "last_method_begin_date": "2019-03-16", "naaqs_primary_monitor": "Y", "qa_primary_monitor": null, "monitor_type": "SLAMS", "networks": null, "monitoring_agency_code": "0458", "monitoring_agency": "Great Basin Unified APCD", "si_id": 1163, "latitude": 37.64571, "longitude": -118.96652, "datum": "WGS84", "lat_lon_accuracy": 1.0, "elevation": 2395.0, "probe_height": 3.0, "pl_probe_location": null, "local_site_name": "Mammoth Lakes", "address": "MAMMOTH, Corner of Old Mammoth Road and HWY 203,  MAMMOTH LAKES", "state_name": "California", "county_name": "Mono", "city_name": "Mammoth Lakes", "cbsa_code": null, "cbsa_name": null, "csa_code": null, "csa_name": null, "tribal_code": null, "tribe_name": null, "index_right": null, "CSAFP": null, "CBSAFP": null, "GEOIDFQ": null, "GEOID": null, "NAME": null, "NAMELSAD": null, "LSAD": null, "ALAND": null, "AWATER": null }, "geometry": { "type": "Point", "coordinates": [ -118.96652, 37.64571 ] } },
{ "type": "Feature", "properties": { "state_code": "06", "county_code": "019", "site_number": "2016", "parameter_code": "88101", "poc": 3, "parameter_name": "PM2.5 - Local Conditions", "open_date": "2020-01-01T00:00:00", "close_date": null, "concurred_exclusions": null, "dominant_source": "AREA", "measurement_scale": "MICROSCALE", "measurement_scale_def": "0 M TO 100 M", "monitoring_objective": "HIGHEST CONCENTRATION; POPULATION EXPOSURE", "last_method_code": "170", "last_method_description": "Met One BAM-1020 Mass Monitor w/VSCC - Beta Attenuation", "last_method_begin_date": "2020-01-01", "naaqs_primary_monitor": "Y", "qa_primary_monitor": null, "monitor_type": "SLAMS", "networks": "NEAR ROAD", "monitoring_agency_code": "0945", "monitoring_agency": "San Joaquin Valley Unified Air Pollution Control District", "si_id": 101123, "latitude": 36.710833, "longitude": -119.7775, "datum": "WGS84", "lat_lon_accuracy": 1.0, "elevation": 87.0, "probe_height": null, "pl_probe_location": "OTHER", "local_site_name": "Fresno-Foundry", "address": "2482 Foundry Park Ave", "state_name": "California", "county_name": "Fresno", "city_name": "Fresno", "cbsa_code": "23420", "cbsa_name": "Fresno, CA", "csa_code": "260", "csa_name": "Fresno-Madera, CA", "tribal_code": null, "tribe_name": null, "index_right": 7.0, "CSAFP": "260", "CBSAFP": "23420", "GEOIDFQ": "310M700US23420", "GEOID": "23420", "NAME": "Fresno, CA", "NAMELSAD": "Fresno, CA Metro Area", "LSAD": "M1", "ALAND": 20966706477.0, "AWATER": 178903286.0 }, "geometry": { "type": "Point", "coordinates": [ -119.7775, 36.710833 ] } },
{ "type": "Feature", "properties": { "state_code": "06", "county_code": "073", "site_number": "1006", "parameter_code": "88101", "poc": 3, "parameter_name": "PM2.5 - Local Conditions", "open_date": "2022-09-08T00:00:00", "close_date": null, "concurred_exclusions": "All (2022-09-08 - 2023-07-05)", "dominant_source": "AREA", "measurement_scale": "URBAN SCALE", "measurement_scale_def": "4 KM TO 50 KM", "monitoring_objective": "HIGHEST CONCENTRATION; POPULATION EXPOSURE", "last_method_code": "638", "last_method_description": "Teledyne T640X at 16.67 LPM w/Network Data Alignment enabled - Broadband spectroscopy", "last_method_begin_date": "2023-07-06", "naaqs_primary_monitor": "Y", "qa_primary_monitor": null, "monitor_type": "SLAMS", "networks": null, "monitoring_agency_code": "0942", "monitoring_agency": "San Diego County Air Pollution Control District", "si_id": 1357, "latitude": 32.842318, "longitude": -116.768293, "datum": "NAD83", "lat_lon_accuracy": 0.0, "elevation": 627.0, "probe_height": 7.5, "pl_probe_location": "TOP OF BUILDING", "local_site_name": "Alpine", "address": "2300 VICTORIA DR., ALPINE", "state_name": "California", "county_name": "San Diego", "city_name": "Alpine", "cbsa_code": "41740", "cbsa_name": "San Diego-Carlsbad, CA", "csa_code": null, "csa_name": null, "tribal_code": null, "tribe_name": null, "index_right": 19.0, "CSAFP": null, "CBSAFP": "41740", "GEOIDFQ": "310M700US41740", "GEOID": "41740", "NAME": "San Diego-Chula Vista-Carlsbad, CA", "NAMELSAD": "San Diego-Chula Vista-Carlsbad, CA Metro Area", "LSAD": "M1", "ALAND": 10905046431.0, "AWATER": 816535836.0 }, "geometry": { "type": "Point", "coordinates": [ -116.768293, 32.842318 ] } },
{ "type": "Feature", "properties": { "state_code": "06", "county_code": "023", "site_number": "0006", "parameter_code": "88101", "poc": 3, "parameter_name": "PM2.5 - Local Conditions", "open_date": "2022-10-31T00:00:00", "close_date": null, "concurred_exclusions": "All (2022-10-31 - Present)", "dominant_source": "AREA", "measurement_scale": "URBAN SCALE", "measurement_scale_def": "4 KM TO 50 KM", "monitoring_objective": "GENERAL/BACKGROUND", "last_method_code": "170", "last_method_description": "Met One BAM-1020 Mass Monitor w/VSCC - Beta Attenuation", "last_method_begin_date": "2022-10-31", "naaqs_primary_monitor": null, "qa_primary_monitor": null, "monitor_type": "TRIBAL", "networks": null, "monitoring_agency_code": "561", "monitoring_agency": "Hoopa Valley Tribe, CA", "si_id": 95819, "latitude": 41.047117, "longitude": -123.675233, "datum": "WGS84", "lat_lon_accuracy": 1.0, "elevation": 1.0, "probe_height": 6.0, "pl_probe_location": "TOWER", "local_site_name": "Hoopa Valley Reservation", "address": "5 Loop Rd Hoopa, CA 95546", "state_name": "California", "county_name": "Humboldt", "city_name": "Not in a City", "cbsa_code": "21700", "cbsa_name": "Eureka-Arcata-Fortuna, CA", "csa_code": null, "csa_name": null, "tribal_code": "561", "tribe_name": "Hoopa Valley Tribe, CA", "index_right": 22.0, "CSAFP": null, "CBSAFP": "21700", "GEOIDFQ": "310M700US21700", "GEOID": "21700", "NAME": "Eureka-Arcata, CA", "NAMELSAD": "Eureka-Arcata, CA Micro Area", "LSAD": "M2", "ALAND": 9241138639.0, "AWATER": 1254152624.0 }, "geometry": { "type": "Point", "coordinates": [ -123.675233, 41.047117 ] } },
{ "type": "Feature", "properties": { "state_code": "06", "county_code": "001", "site_number": "0016", "parameter_code": "88101", "poc": 3, "parameter_name": "PM2.5 - Local Conditions", "open_date": "2023-01-01T00:00:00", "close_date": null, "concurred_exclusions": null, "dominant_source": null, "measurement_scale": "NEIGHBORHOOD", "measurement_scale_def": "500 M TO 4KM", "monitoring_objective": "HIGHEST CONCENTRATION; POPULATION EXPOSURE", "last_method_code": "170", "last_method_description": "Met One BAM-1020 Mass Monitor w/VSCC - Beta Attenuation", "last_method_begin_date": "2023-01-01", "naaqs_primary_monitor": "Y", "qa_primary_monitor": null, "monitor_type": "SLAMS", "networks": null, "monitoring_agency_code": "0086", "monitoring_agency": "Bay Area Air Quality Management District", "si_id": 105203, "latitude": 37.68975, "longitude": -121.77155, "datum": "WGS84", "lat_lon_accuracy": 2.6, "elevation": 145.5, "probe_height": 5.7, "pl_probe_location": "TOP OF BUILDING", "local_site_name": "Livermore Portola", "address": "2451 Portola Ave", "state_name": "California", "county_name": "Alameda", "city_name": "Livermore", "cbsa_code": "41860", "cbsa_name": "San Francisco-Oakland-Hayward, CA", "csa_code": "488", "csa_name": "San Jose-San Francisco-Oakland, CA", "tribal_code": null, "tribe_name": null, "index_right": 13.0, "CSAFP": "488", "CBSAFP": "41860", "GEOIDFQ": "310M700US41860", "GEOID": "41860", "NAME": "San Francisco-Oakland-Fremont, CA", "NAMELSAD": "San Francisco-Oakland-Fremont, CA Metro Area", "LSAD": "M1", "ALAND": 6396759028.0, "AWATER": 2476945717.0 }, "geometry": { "type": "Point", "coordinates": [ -121.77155, 37.68975 ] } },
{ "type": "Feature", "properties": { "state_code": "06", "county_code": "073", "site_number": "1025", "parameter_code": "88101", "poc": 3, "parameter_name": "PM2.5 - Local Conditions", "open_date": "2023-09-27T00:00:00", "close_date": null, "concurred_exclusions": null, "dominant_source": "MOBILE", "measurement_scale": "MICROSCALE", "measurement_scale_def": "0 M TO 100 M", "monitoring_objective": "SOURCE ORIENTED", "last_method_code": "638", "last_method_description": "Teledyne T640X at 16.67 LPM w/Network Data Alignment enabled - Broadband spectroscopy", "last_method_begin_date": "2023-09-27", "naaqs_primary_monitor": "Y", "qa_primary_monitor": null, "monitor_type": "SLAMS", "networks": "NEAR ROAD", "monitoring_agency_code": "0942", "monitoring_agency": "San Diego County Air Pollution Control District", "si_id": 104582, "latitude": 32.552824, "longitude": -117.047345, "datum": "WGS84", "lat_lon_accuracy": 1.0, "elevation": 18.0, "probe_height": 5.0, "pl_probe_location": "TOP OF BUILDING", "local_site_name": "San Ysidro", "address": "198 W. San Ysidro Blvd", "state_name": "California", "county_name": "San Diego", "city_name": "San Diego", "cbsa_code": "41740", "cbsa_name": "San Diego-Carlsbad, CA", "csa_code": null, "csa_name": null, "tribal_code": null, "tribe_name": null, "index_right": 19.0, "CSAFP": null, "CBSAFP": "41740", "GEOIDFQ": "310M700US41740", "GEOID": "41740", "NAME": "San Diego-Chula Vista-Carlsbad, CA", "NAMELSAD": "San Diego-Chula Vista-Carlsbad, CA Metro Area", "LSAD": "M1", "ALAND": 10905046431.0, "AWATER": 816535836.0 }, "geometry": { "type": "Point", "coordinates": [ -117.047345, 32.552824 ] } },
{ "type": "Feature", "properties": { "state_code": "06", "county_code": "073", "site_number": "1022", "parameter_code": "88101", "poc": 23, "parameter_name": "PM2.5 - Local Conditions", "open_date": "2022-08-11T00:00:00", "close_date": "2023-07-06T00:00:00", "concurred_exclusions": null, "dominant_source": "POINT", "measurement_scale": "NEIGHBORHOOD", "measurement_scale_def": "500 M TO 4KM", "monitoring_objective": "GENERAL/BACKGROUND", "last_method_code": "738", "last_method_description": "Teledyne T640X at 16.67 LPM (Corrected) - Broadband spectroscopy", "last_method_begin_date": "2022-08-11", "naaqs_primary_monitor": null, "qa_primary_monitor": null, "monitor_type": "SLAMS", "networks": "NCORE", "monitoring_agency_code": "0942", "monitoring_agency": "San Diego County Air Pollution Control District", "si_id": 100976, "latitude": 32.789565, "longitude": -116.944308, "datum": "NAD83", "lat_lon_accuracy": 4.0, "elevation": 143.0, "probe_height": 7.0, "pl_probe_location": "TOP OF BUILDING", "local_site_name": "El Cajon - Lexington Elementary School", "address": "533 First Street", "state_name": "California", "county_name": "San Diego", "city_name": "El Cajon", "cbsa_code": "41740", "cbsa_name": "San Diego-Carlsbad, CA", "csa_code": null, "csa_name": null, "tribal_code": null, "tribe_name": null, "index_right": 19.0, "CSAFP": null, "CBSAFP": "41740", "GEOIDFQ": "310M700US41740", "GEOID": "41740", "NAME": "San Diego-Chula Vista-Carlsbad, CA", "NAMELSAD": "San Diego-Chula Vista-Carlsbad, CA Metro Area", "LSAD": "M1", "ALAND": 10905046431.0, "AWATER": 816535836.0 }, "geometry": { "type": "Point", "coordinates": [ -116.944308, 32.789565 ] } },
{ "type": "Feature", "properties": { "state_code": "06", "county_code": "019", "site_number": "5025", "parameter_code": "88101", "poc": 1, "parameter_name": "PM2.5 - Local Conditions", "open_date": "2000-01-01T00:00:00", "close_date": "2020-12-31T00:00:00", "concurred_exclusions": null, "dominant_source": null, "measurement_scale": "NEIGHBORHOOD", "measurement_scale_def": "500 M TO 4KM", "monitoring_objective": "POPULATION EXPOSURE", "last_method_code": "145", "last_method_description": "R & P Model 2025 PM-2.5 Sequential Air Sampler w/VSCC - Gravimetric", "last_method_begin_date": "2014-11-20", "naaqs_primary_monitor": null, "qa_primary_monitor": null, "monitor_type": null, "networks": null, "monitoring_agency_code": "0145", "monitoring_agency": "California Air Resources Board", "si_id": 944, "latitude": 36.72639, "longitude": -119.733, "datum": "WGS84", "lat_lon_accuracy": 1.52, "elevation": 100.0, "probe_height": 11.5, "pl_probe_location": "TOP OF BUILDING", "local_site_name": "Fresno-Pacific", "address": "1716 WINERY, FRESNO CA 93726", "state_name": "California", "county_name": "Fresno", "city_name": "Fresno", "cbsa_code": "23420", "cbsa_name": "Fresno, CA", "csa_code": "260", "csa_name": "Fresno-Madera, CA", "tribal_code": null, "tribe_name": null, "index_right": 7.0, "CSAFP": "260", "CBSAFP": "23420", "GEOIDFQ": "310M700US23420", "GEOID": "23420", "NAME": "Fresno, CA", "NAMELSAD": "Fresno, CA Metro Area", "LSAD": "M1", "ALAND": 20966706477.0, "AWATER": 178903286.0 }, "geometry": { "type": "Point", "coordinates": [ -119.733, 36.72639 ] } },
{ "type": "Feature", "properties": { "state_code": "06", "county_code": "037", "site_number": "0002", "parameter_code": "88101", "poc": 1, "parameter_name": "PM2.5 - Local Conditions", "open_date": "1999-01-01T00:00:00", "close_date": "2022-09-29T00:00:00", "concurred_exclusions": null, "dominant_source": null, "measurement_scale": "NEIGHBORHOOD", "measurement_scale_def": "500 M TO 4KM", "monitoring_objective": "POPULATION EXPOSURE", "last_method_code": "145", "last_method_description": "R & P Model 2025 PM-2.5 Sequential Air Sampler w/VSCC - Gravimetric", "last_method_begin_date": "2022-01-23", "naaqs_primary_monitor": null, "qa_primary_monitor": null, "monitor_type": null, "networks": null, "monitoring_agency_code": "0972", "monitoring_agency": "South Coast Air Quality Management District", "si_id": 1053, "latitude": 34.1365, "longitude": -117.92391, "datum": "WGS84", "lat_lon_accuracy": 0.0, "elevation": 183.0, "probe_height": null, "pl_probe_location": null, "local_site_name": "Azusa", "address": "803 N. LOREN AVE., AZUSA", "state_name": "California", "county_name": "Los Angeles", "city_name": "Azusa", "cbsa_code": "31080", "cbsa_name": "Los Angeles-Long Beach-Anaheim, CA", "csa_code": "348", "csa_name": "Los Angeles-Long Beach, CA", "tribal_code": null, "tribe_name": null, "index_right": 18.0, "CSAFP": "348", "CBSAFP": "31080", "GEOIDFQ": "310M700US31080", "GEOID": "31080", "NAME": "Los Angeles-Long Beach-Anaheim, CA", "NAMELSAD": "Los Angeles-Long Beach-Anaheim, CA Metro Area", "LSAD": "M1", "ALAND": 12569524354.0, "AWATER": 2191222299.0 }, "geometry": { "type": "Point", "coordinates": [ -117.92391, 34.1365 ] } },
{ "type": "Feature", "properties": { "state_code": "06", "county_code": "037", "site_number": "1103", "parameter_code": "88101", "poc": 1, "parameter_name": "PM2.5 - Local Conditions", "open_date": "1999-01-01T00:00:00", "close_date": null, "concurred_exclusions": null, "dominant_source": null, "measurement_scale": "NEIGHBORHOOD", "measurement_scale_def": "500 M TO 4KM", "monitoring_objective": "HIGHEST CONCENTRATION", "last_method_code": "145", "last_method_description": "R & P Model 2025 PM-2.5 Sequential Air Sampler w/VSCC - Gravimetric", "last_method_begin_date": "2015-03-25", "naaqs_primary_monitor": "Y", "qa_primary_monitor": "Y", "monitor_type": "SLAMS", "networks": "NCORE", "monitoring_agency_code": "0972", "monitoring_agency": "South Coast Air Quality Management District", "si_id": 1081, "latitude": 34.06659, "longitude": -118.22688, "datum": "WGS84", "lat_lon_accuracy": 0.0, "elevation": 87.0, "probe_height": null, "pl_probe_location": null, "local_site_name": "Los Angeles-North Main Street", "address": "1630 N MAIN ST, LOS ANGELES", "state_name": "California", "county_name": "Los Angeles", "city_name": "Los Angeles", "cbsa_code": "31080", "cbsa_name": "Los Angeles-Long Beach-Anaheim, CA", "csa_code": "348", "csa_name": "Los Angeles-Long Beach, CA", "tribal_code": null, "tribe_name": null, "index_right": 18.0, "CSAFP": "348", "CBSAFP": "31080", "GEOIDFQ": "310M700US31080", "GEOID": "31080", "NAME": "Los Angeles-Long Beach-Anaheim, CA", "NAMELSAD": "Los Angeles-Long Beach-Anaheim, CA Metro Area", "LSAD": "M1", "ALAND": 12569524354.0, "AWATER": 2191222299.0 }, "geometry": { "type": "Point", "coordinates": [ -118.22688, 34.06659 ] } },
{ "type": "Feature", "properties": { "state_code": "06", "county_code": "037", "site_number": "1201", "parameter_code": "88101", "poc": 1, "parameter_name": "PM2.5 - Local Conditions", "open_date": "1999-01-01T00:00:00", "close_date": null, "concurred_exclusions": null, "dominant_source": null, "measurement_scale": "NEIGHBORHOOD", "measurement_scale_def": "500 M TO 4KM", "monitoring_objective": "POPULATION EXPOSURE", "last_method_code": "145", "last_method_description": "R & P Model 2025 PM-2.5 Sequential Air Sampler w/VSCC - Gravimetric", "last_method_begin_date": "2018-08-09", "naaqs_primary_monitor": "Y", "qa_primary_monitor": null, "monitor_type": "SLAMS", "networks": null, "monitoring_agency_code": "0972", "monitoring_agency": "South Coast Air Quality Management District", "si_id": 1085, "latitude": 34.19925, "longitude": -118.53276, "datum": "WGS84", "lat_lon_accuracy": 0.0, "elevation": 226.0, "probe_height": null, "pl_probe_location": null, "local_site_name": "Reseda", "address": "18330 GAULT ST., RESEDA", "state_name": "California", "county_name": "Los Angeles", "city_name": "Reseda", "cbsa_code": "31080", "cbsa_name": "Los Angeles-Long Beach-Anaheim, CA", "csa_code": "348", "csa_name": "Los Angeles-Long Beach, CA", "tribal_code": null, "tribe_name": null, "index_right": 18.0, "CSAFP": "348", "CBSAFP": "31080", "GEOIDFQ": "310M700US31080", "GEOID": "31080", "NAME": "Los Angeles-Long Beach-Anaheim, CA", "NAMELSAD": "Los Angeles-Long Beach-Anaheim, CA Metro Area", "LSAD": "M1", "ALAND": 12569524354.0, "AWATER": 2191222299.0 }, "geometry": { "type": "Point", "coordinates": [ -118.53276, 34.19925 ] } },
{ "type": "Feature", "properties": { "state_code": "06", "county_code": "067", "site_number": "0006", "parameter_code": "88101", "poc": 2, "parameter_name": "PM2.5 - Local Conditions", "open_date": "1999-02-17T00:00:00", "close_date": "2025-06-05T00:00:00", "concurred_exclusions": null, "dominant_source": null, "measurement_scale": "NEIGHBORHOOD", "measurement_scale_def": "500 M TO 4KM", "monitoring_objective": "HIGHEST CONCENTRATION; POPULATION EXPOSURE", "last_method_code": "145", "last_method_description": "R & P Model 2025 PM-2.5 Sequential Air Sampler w/VSCC - Gravimetric", "last_method_begin_date": "2007-05-19", "naaqs_primary_monitor": null, "qa_primary_monitor": null, "monitor_type": null, "networks": null, "monitoring_agency_code": "0145", "monitoring_agency": "California Air Resources Board", "si_id": 1270, "latitude": 38.613779, "longitude": -121.368014, "datum": "WGS84", "lat_lon_accuracy": 0.0, "elevation": 8.0, "probe_height": 4.4, "pl_probe_location": null, "local_site_name": "Sacramento-Del Paso Manor", "address": "DEL PASO-2701 AVALON DR, SACRAMENTO", "state_name": "California", "county_name": "Sacramento", "city_name": "Arden-Arcade", "cbsa_code": "40900", "cbsa_name": "Sacramento--Roseville--Arden-Arcade, CA", "csa_code": "472", "csa_name": "Sacramento-Roseville, CA", "tribal_code": null, "tribe_name": null, "index_right": 11.0, "CSAFP": "472", "CBSAFP": "40900", "GEOIDFQ": "310M700US40900", "GEOID": "40900", "NAME": "Sacramento-Roseville-Folsom, CA", "NAMELSAD": "Sacramento-Roseville-Folsom, CA Metro Area", "LSAD": "M1", "ALAND": 13191282211.0, "AWATER": 548045435.0 }, "geometry": { "type": "Point", "coordinates": [ -121.368014, 38.613779 ] } },
{ "type": "Feature", "properties": { "state_code": "06", "county_code": "067", "site_number": "0010", "parameter_code": "88101", "poc": 1, "parameter_name": "PM2.5 - Local Conditions", "open_date": "1998-12-13T00:00:00", "close_date": "2020-12-07T00:00:00", "concurred_exclusions": null, "dominant_source": null, "measurement_scale": "NEIGHBORHOOD", "measurement_scale_def": "500 M TO 4KM", "monitoring_objective": "POPULATION EXPOSURE", "last_method_code": "145", "last_method_description": "R & P Model 2025 PM-2.5 Sequential Air Sampler w/VSCC - Gravimetric", "last_method_begin_date": "2012-11-08", "naaqs_primary_monitor": null, "qa_primary_monitor": null, "monitor_type": null, "networks": null, "monitoring_agency_code": "0145", "monitoring_agency": "California Air Resources Board", "si_id": 1272, "latitude": 38.56844, "longitude": -121.49311, "datum": "NAD83", "lat_lon_accuracy": 0.0, "elevation": 0.0, "probe_height": 10.0, "pl_probe_location": null, "local_site_name": "Sacramento-1309 T Street", "address": "1309 T ST., SACRAMENTO, CA. 95814", "state_name": "California", "county_name": "Sacramento", "city_name": "Sacramento", "cbsa_code": "40900", "cbsa_name": "Sacramento--Roseville--Arden-Arcade, CA", "csa_code": "472", "csa_name": "Sacramento-Roseville, CA", "tribal_code": null, "tribe_name": null, "index_right": 11.0, "CSAFP": "472", "CBSAFP": "40900", "GEOIDFQ": "310M700US40900", "GEOID": "40900", "NAME": "Sacramento-Roseville-Folsom, CA", "NAMELSAD": "Sacramento-Roseville-Folsom, CA Metro Area", "LSAD": "M1", "ALAND": 13191282211.0, "AWATER": 548045435.0 }, "geometry": { "type": "Point", "coordinates": [ -121.49311, 38.56844 ] } },
{ "type": "Feature", "properties": { "state_code": "06", "county_code": "073", "site_number": "0001", "parameter_code": "88101", "poc": 1, "parameter_name": "PM2.5 - Local Conditions", "open_date": "1999-01-01T00:00:00", "close_date": "2023-06-29T00:00:00", "concurred_exclusions": null, "dominant_source": null, "measurement_scale": "NEIGHBORHOOD", "measurement_scale_def": "500 M TO 4KM", "monitoring_objective": "GENERAL/BACKGROUND", "last_method_code": "545", "last_method_description": "Met One E-SEQ-FRM PM2.5 with VSCC - Gravimetric", "last_method_begin_date": "2020-01-01", "naaqs_primary_monitor": null, "qa_primary_monitor": null, "monitor_type": null, "networks": null, "monitoring_agency_code": "0942", "monitoring_agency": "San Diego County Air Pollution Control District", "si_id": 1345, "latitude": 32.631242, "longitude": -117.059088, "datum": "NAD83", "lat_lon_accuracy": 0.0, "elevation": 53.0, "probe_height": 6.0, "pl_probe_location": "TOP OF BUILDING", "local_site_name": "Chula Vista", "address": "84 E. 'J' ST., CHULA VISTA", "state_name": "California", "county_name": "San Diego", "city_name": "Chula Vista", "cbsa_code": "41740", "cbsa_name": "San Diego-Carlsbad, CA", "csa_code": null, "csa_name": null, "tribal_code": null, "tribe_name": null, "index_right": 19.0, "CSAFP": null, "CBSAFP": "41740", "GEOIDFQ": "310M700US41740", "GEOID": "41740", "NAME": "San Diego-Chula Vista-Carlsbad, CA", "NAMELSAD": "San Diego-Chula Vista-Carlsbad, CA Metro Area", "LSAD": "M1", "ALAND": 10905046431.0, "AWATER": 816535836.0 }, "geometry": { "type": "Point", "coordinates": [ -117.059088, 32.631242 ] } },
{ "type": "Feature", "properties": { "state_code": "06", "county_code": "089", "site_number": "0004", "parameter_code": "88101", "poc": 1, "parameter_name": "PM2.5 - Local Conditions", "open_date": "1998-12-19T00:00:00", "close_date": "2025-12-31T00:00:00", "concurred_exclusions": null, "dominant_source": null, "measurement_scale": "NEIGHBORHOOD", "measurement_scale_def": "500 M TO 4KM", "monitoring_objective": "POPULATION EXPOSURE", "last_method_code": "143", "last_method_description": "R & P Model 2000 PM-2.5 Air Sampler w/VSCC - Gravimetric", "last_method_begin_date": "2015-01-09", "naaqs_primary_monitor": null, "qa_primary_monitor": null, "monitor_type": null, "networks": null, "monitoring_agency_code": "0145", "monitoring_agency": "California Air Resources Board", "si_id": 1508, "latitude": 40.55013, "longitude": -122.38092, "datum": "NAD83", "lat_lon_accuracy": 0.0, "elevation": 149.0, "probe_height": 8.7, "pl_probe_location": null, "local_site_name": "Redding - Health Department", "address": "HLTH CTR-2630 BRESLAUER WAY, REDDING", "state_name": "California", "county_name": "Shasta", "city_name": "Redding", "cbsa_code": "39820", "cbsa_name": "Redding, CA", "csa_code": "454", "csa_name": "Redding-Red Bluff, CA", "tribal_code": null, "tribe_name": null, "index_right": 17.0, "CSAFP": "454", "CBSAFP": "39820", "GEOIDFQ": "310M700US39820", "GEOID": "39820", "NAME": "Redding, CA", "NAMELSAD": "Redding, CA Metro Area", "LSAD": "M1", "ALAND": 9778891285.0, "AWATER": 185818274.0 }, "geometry": { "type": "Point", "coordinates": [ -122.38092, 40.55013 ] } },
{ "type": "Feature", "properties": { "state_code": "06", "county_code": "023", "site_number": "1004", "parameter_code": "88101", "poc": 1, "parameter_name": "PM2.5 - Local Conditions", "open_date": "2006-12-25T00:00:00", "close_date": null, "concurred_exclusions": null, "dominant_source": null, "measurement_scale": "NEIGHBORHOOD", "measurement_scale_def": "500 M TO 4KM", "monitoring_objective": "POPULATION EXPOSURE", "last_method_code": "143", "last_method_description": "R & P Model 2000 PM-2.5 Air Sampler w/VSCC - Gravimetric", "last_method_begin_date": "2016-04-01", "naaqs_primary_monitor": "Y", "qa_primary_monitor": "Y", "monitor_type": "SLAMS", "networks": null, "monitoring_agency_code": "0086", "monitoring_agency": "Bay Area Air Quality Management District", "si_id": 93538, "latitude": 40.77678, "longitude": -124.17949, "datum": "NAD83", "lat_lon_accuracy": 1.0, "elevation": 21.0, "probe_height": 7.1, "pl_probe_location": "TOP OF BUILDING", "local_site_name": "Jacobs", "address": "717 SOUTH AVENUE", "state_name": "California", "county_name": "Humboldt", "city_name": "Eureka", "cbsa_code": "21700", "cbsa_name": "Eureka-Arcata-Fortuna, CA", "csa_code": null, "csa_name": null, "tribal_code": null, "tribe_name": null, "index_right": 22.0, "CSAFP": null, "CBSAFP": "21700", "GEOIDFQ": "310M700US21700", "GEOID": "21700", "NAME": "Eureka-Arcata, CA", "NAMELSAD": "Eureka-Arcata, CA Micro Area", "LSAD": "M2", "ALAND": 9241138639.0, "AWATER": 1254152624.0 }, "geometry": { "type": "Point", "coordinates": [ -124.17949, 40.77678 ] } },
{ "type": "Feature", "properties": { "state_code": "06", "county_code": "025", "site_number": "0005", "parameter_code": "88101", "poc": 2, "parameter_name": "PM2.5 - Local Conditions", "open_date": "1999-01-01T00:00:00", "close_date": null, "concurred_exclusions": null, "dominant_source": null, "measurement_scale": "NEIGHBORHOOD", "measurement_scale_def": "500 M TO 4KM", "monitoring_objective": "POPULATION EXPOSURE", "last_method_code": "143", "last_method_description": "R & P Model 2000 PM-2.5 Air Sampler w/VSCC - Gravimetric", "last_method_begin_date": "2021-04-01", "naaqs_primary_monitor": null, "qa_primary_monitor": null, "monitor_type": "SLAMS", "networks": null, "monitoring_agency_code": "0942", "monitoring_agency": "San Diego County Air Pollution Control District", "si_id": 959, "latitude": 32.67618, "longitude": -115.48307, "datum": "NAD83", "lat_lon_accuracy": 151.82, "elevation": 1.0, "probe_height": 3.0, "pl_probe_location": "GROUND LEVEL SUPPORT", "local_site_name": "Calexico-Ethel Street", "address": "1029 ETHEL ST, CALEXICO HIGH SCHOOL", "state_name": "California", "county_name": "Imperial", "city_name": "Calexico", "cbsa_code": "20940", "cbsa_name": "El Centro, CA", "csa_code": null, "csa_name": null, "tribal_code": null, "tribe_name": null, "index_right": 10.0, "CSAFP": null, "CBSAFP": "20940", "GEOIDFQ": "310M700US20940", "GEOID": "20940", "NAME": "El Centro, CA", "NAMELSAD": "El Centro, CA Metro Area", "LSAD": "M1", "ALAND": 10814568237.0, "AWATER": 790135127.0 }, "geometry": { "type": "Point", "coordinates": [ -115.48307, 32.67618 ] } },
{ "type": "Feature", "properties": { "state_code": "06", "county_code": "045", "site_number": "0006", "parameter_code": "88101", "poc": 3, "parameter_name": "PM2.5 - Local Conditions", "open_date": "2008-12-31T00:00:00", "close_date": null, "concurred_exclusions": null, "dominant_source": null, "measurement_scale": "NEIGHBORHOOD", "measurement_scale_def": "500 M TO 4KM", "monitoring_objective": "POPULATION EXPOSURE", "last_method_code": "170", "last_method_description": "Met One BAM-1020 Mass Monitor w/VSCC - Beta Attenuation", "last_method_begin_date": "2008-12-31", "naaqs_primary_monitor": "Y", "qa_primary_monitor": null, "monitor_type": "SLAMS", "networks": null, "monitoring_agency_code": "0145", "monitoring_agency": "California Air Resources Board", "si_id": 1142, "latitude": 39.15047, "longitude": -123.20655, "datum": "WGS84", "lat_lon_accuracy": 0.0, "elevation": 0.0, "probe_height": 8.0, "pl_probe_location": "TOP OF BUILDING", "local_site_name": "Ukiah-Library", "address": "105 N MAIN ST, UKIAH, CA 95482", "state_name": "California", "county_name": "Mendocino", "city_name": "Ukiah", "cbsa_code": "46380", "cbsa_name": "Ukiah, CA", "csa_code": null, "csa_name": null, "tribal_code": null, "tribe_name": null, "index_right": 14.0, "CSAFP": null, "CBSAFP": "46380", "GEOIDFQ": "310M700US46380", "GEOID": "46380", "NAME": "Ukiah, CA", "NAMELSAD": "Ukiah, CA Micro Area", "LSAD": "M2", "ALAND": 9082587618.0, "AWATER": 961785254.0 }, "geometry": { "type": "Point", "coordinates": [ -123.20655, 39.15047 ] } },
{ "type": "Feature", "properties": { "state_code": "06", "county_code": "059", "site_number": "0007", "parameter_code": "88101", "poc": 3, "parameter_name": "PM2.5 - Local Conditions", "open_date": "2008-01-01T00:00:00", "close_date": null, "concurred_exclusions": "All (2008-01-01 - 2008-07-31)", "dominant_source": "MOBILE", "measurement_scale": "URBAN SCALE", "measurement_scale_def": "4 KM TO 50 KM", "monitoring_objective": "POPULATION EXPOSURE", "last_method_code": "170", "last_method_description": "Met One BAM-1020 Mass Monitor w/VSCC - Beta Attenuation", "last_method_begin_date": "2016-01-01", "naaqs_primary_monitor": null, "qa_primary_monitor": null, "monitor_type": "SLAMS", "networks": null, "monitoring_agency_code": "0972", "monitoring_agency": "South Coast Air Quality Management District", "si_id": 91686, "latitude": 33.83062, "longitude": -117.93845, "datum": "WGS84", "lat_lon_accuracy": 20.0, "elevation": 10.0, "probe_height": 4.0, "pl_probe_location": "TOP OF BUILDING", "local_site_name": "Anaheim", "address": "1630 W. PAMPAS LANE", "state_name": "California", "county_name": "Orange", "city_name": "Anaheim", "cbsa_code": "31080", "cbsa_name": "Los Angeles-Long Beach-Anaheim, CA", "csa_code": "348", "csa_name": "Los Angeles-Long Beach, CA", "tribal_code": null, "tribe_name": null, "index_right": 18.0, "CSAFP": "348", "CBSAFP": "31080", "GEOIDFQ": "310M700US31080", "GEOID": "31080", "NAME": "Los Angeles-Long Beach-Anaheim, CA", "NAMELSAD": "Los Angeles-Long Beach-Anaheim, CA Metro Area", "LSAD": "M1", "ALAND": 12569524354.0, "AWATER": 2191222299.0 }, "geometry": { "type": "Point", "coordinates": [ -117.93845, 33.83062 ] } },
{ "type": "Feature", "properties": { "state_code": "06", "county_code": "041", "site_number": "0001", "parameter_code": "88101", "poc": 3, "parameter_name": "PM2.5 - Local Conditions", "open_date": "2009-10-27T00:00:00", "close_date": null, "concurred_exclusions": null, "dominant_source": "AREA", "measurement_scale": "MIDDLE SCALE", "measurement_scale_def": "100 M TO 500 M", "monitoring_objective": "POPULATION EXPOSURE", "last_method_code": "170", "last_method_description": "Met One BAM-1020 Mass Monitor w/VSCC - Beta Attenuation", "last_method_begin_date": "2009-10-27", "naaqs_primary_monitor": "Y", "qa_primary_monitor": null, "monitor_type": "SLAMS", "networks": null, "monitoring_agency_code": "0086", "monitoring_agency": "Bay Area Air Quality Management District", "si_id": 1128, "latitude": 37.97231, "longitude": -122.520004, "datum": "WGS84", "lat_lon_accuracy": 2.0, "elevation": 3.0, "probe_height": 8.6, "pl_probe_location": "TOP OF BUILDING", "local_site_name": "San Rafael", "address": "534 4TH ST.", "state_name": "California", "county_name": "Marin", "city_name": "San Rafael", "cbsa_code": "41860", "cbsa_name": "San Francisco-Oakland-Hayward, CA", "csa_code": "488", "csa_name": "San Jose-San Francisco-Oakland, CA", "tribal_code": null, "tribe_name": null, "index_right": 13.0, "CSAFP": "488", "CBSAFP": "41860", "GEOIDFQ": "310M700US41860", "GEOID": "41860", "NAME": "San Francisco-Oakland-Fremont, CA", "NAMELSAD": "San Francisco-Oakland-Fremont, CA Metro Area", "LSAD": "M1", "ALAND": 6396759028.0, "AWATER": 2476945717.0 }, "geometry": { "type": "Point", "coordinates": [ -122.520004, 37.97231 ] } },
{ "type": "Feature", "properties": { "state_code": "06", "county_code": "009", "site_number": "0001", "parameter_code": "88101", "poc": 3, "parameter_name": "PM2.5 - Local Conditions", "open_date": "2010-06-15T00:00:00", "close_date": null, "concurred_exclusions": null, "dominant_source": null, "measurement_scale": "NEIGHBORHOOD", "measurement_scale_def": "500 M TO 4KM", "monitoring_objective": "GENERAL/BACKGROUND", "last_method_code": "170", "last_method_description": "Met One BAM-1020 Mass Monitor w/VSCC - Beta Attenuation", "last_method_begin_date": "2010-06-15", "naaqs_primary_monitor": "Y", "qa_primary_monitor": null, "monitor_type": "SLAMS", "networks": null, "monitoring_agency_code": "0145", "monitoring_agency": "California Air Resources Board", "si_id": 884, "latitude": 38.20185, "longitude": -120.680277, "datum": "NAD83", "lat_lon_accuracy": 151.82, "elevation": 0.0, "probe_height": null, "pl_probe_location": null, "local_site_name": "San Andreas-Gold Strike Road", "address": "501 GOLD STRIKE ROAD, SAN ANDREAS", "state_name": "California", "county_name": "Calaveras", "city_name": "San Andreas", "cbsa_code": null, "cbsa_name": null, "csa_code": null, "csa_name": null, "tribal_code": null, "tribe_name": null, "index_right": null, "CSAFP": null, "CBSAFP": null, "GEOIDFQ": null, "GEOID": null, "NAME": null, "NAMELSAD": null, "LSAD": null, "ALAND": null, "AWATER": null }, "geometry": { "type": "Point", "coordinates": [ -120.680277, 38.20185 ] } },
{ "type": "Feature", "properties": { "state_code": "06", "county_code": "083", "site_number": "1008", "parameter_code": "88101", "poc": 3, "parameter_name": "PM2.5 - Local Conditions", "open_date": "2010-05-23T00:00:00", "close_date": "2021-02-28T00:00:00", "concurred_exclusions": null, "dominant_source": null, "measurement_scale": "NEIGHBORHOOD", "measurement_scale_def": "500 M TO 4KM", "monitoring_objective": "POPULATION EXPOSURE", "last_method_code": "170", "last_method_description": "Met One BAM-1020 Mass Monitor w/VSCC - Beta Attenuation", "last_method_begin_date": "2010-05-23", "naaqs_primary_monitor": null, "qa_primary_monitor": null, "monitor_type": null, "networks": null, "monitoring_agency_code": "0145", "monitoring_agency": "California Air Resources Board", "si_id": 1434, "latitude": 34.942872, "longitude": -120.435611, "datum": "NAD83", "lat_lon_accuracy": 151.82, "elevation": 76.0, "probe_height": 8.0, "pl_probe_location": "TOP OF BUILDING", "local_site_name": "Santa Maria", "address": "906 S BROADWAY - SANTA MARIA", "state_name": "California", "county_name": "Santa Barbara", "city_name": "Santa Maria", "cbsa_code": "42200", "cbsa_name": "Santa Maria-Santa Barbara, CA", "csa_code": null, "csa_name": null, "tribal_code": null, "tribe_name": null, "index_right": 28.0, "CSAFP": null, "CBSAFP": "42200", "GEOIDFQ": "310M700US42200", "GEOID": "42200", "NAME": "Santa Maria-Santa Barbara, CA", "NAMELSAD": "Santa Maria-Santa Barbara, CA Metro Area", "LSAD": "M1", "ALAND": 7080874935.0, "AWATER": 2729198796.0 }, "geometry": { "type": "Point", "coordinates": [ -120.435611, 34.942872 ] } },
{ "type": "Feature", "properties": { "state_code": "06", "county_code": "023", "site_number": "1005", "parameter_code": "88101", "poc": 1, "parameter_name": "PM2.5 - Local Conditions", "open_date": "2011-06-23T00:00:00", "close_date": "2018-12-31T00:00:00", "concurred_exclusions": "All (2011-06-23 - 2013-10-01)", "dominant_source": null, "measurement_scale": "NEIGHBORHOOD", "measurement_scale_def": "500 M TO 4KM", "monitoring_objective": "POPULATION EXPOSURE", "last_method_code": "195", "last_method_description": "GRIMM EDM Model 180 with naphion dryer - Laser Light Scattering", "last_method_begin_date": "2011-06-23", "naaqs_primary_monitor": null, "qa_primary_monitor": null, "monitor_type": null, "networks": null, "monitoring_agency_code": "0145", "monitoring_agency": "California Air Resources Board", "si_id": 96282, "latitude": 40.71528, "longitude": -124.20139, "datum": "WGS84", "lat_lon_accuracy": 1.0, "elevation": 172.0, "probe_height": null, "pl_probe_location": null, "local_site_name": "Humboldt Hill", "address": "170 meters SE of Donna Dr. & Humboldt Hill Rd., Eureka, CA", "state_name": "California", "county_name": "Humboldt", "city_name": "Not in a City", "cbsa_code": "21700", "cbsa_name": "Eureka-Arcata-Fortuna, CA", "csa_code": null, "csa_name": null, "tribal_code": null, "tribe_name": null, "index_right": 22.0, "CSAFP": null, "CBSAFP": "21700", "GEOIDFQ": "310M700US21700", "GEOID": "21700", "NAME": "Eureka-Arcata, CA", "NAMELSAD": "Eureka-Arcata, CA Micro Area", "LSAD": "M2", "ALAND": 9241138639.0, "AWATER": 1254152624.0 }, "geometry": { "type": "Point", "coordinates": [ -124.20139, 40.71528 ] } },
{ "type": "Feature", "properties": { "state_code": "06", "county_code": "073", "site_number": "1011", "parameter_code": "88101", "poc": 3, "parameter_name": "PM2.5 - Local Conditions", "open_date": "2012-12-12T00:00:00", "close_date": "2018-07-01T00:00:00", "concurred_exclusions": "All (2012-12-12 - 2018-07-01)", "dominant_source": null, "measurement_scale": null, "measurement_scale_def": null, "monitoring_objective": "GENERAL/BACKGROUND", "last_method_code": "170", "last_method_description": "Met One BAM-1020 Mass Monitor w/VSCC - Beta Attenuation", "last_method_begin_date": "2012-12-12", "naaqs_primary_monitor": null, "qa_primary_monitor": null, "monitor_type": null, "networks": null, "monitoring_agency_code": "577", "monitoring_agency": "La Posta Band of Dieguento Mission Indians of La Posta Indian Reservation, CA", "si_id": 94157, "latitude": 32.725226, "longitude": -116.365203, "datum": "WGS84", "lat_lon_accuracy": 1.0, "elevation": 1372.21, "probe_height": null, "pl_probe_location": null, "local_site_name": "La Posta Reservation", "address": "8 1/2 Crestwood Road, Boulevard, CA 91905", "state_name": "California", "county_name": "San Diego", "city_name": "Boulevard", "cbsa_code": "41740", "cbsa_name": "San Diego-Carlsbad, CA", "csa_code": null, "csa_name": null, "tribal_code": "577", "tribe_name": "La Posta Band of Dieguento Mission Indians of La Posta Indian Reservation, CA", "index_right": 19.0, "CSAFP": null, "CBSAFP": "41740", "GEOIDFQ": "310M700US41740", "GEOID": "41740", "NAME": "San Diego-Chula Vista-Carlsbad, CA", "NAMELSAD": "San Diego-Chula Vista-Carlsbad, CA Metro Area", "LSAD": "M1", "ALAND": 10905046431.0, "AWATER": 816535836.0 }, "geometry": { "type": "Point", "coordinates": [ -116.365203, 32.725226 ] } },
{ "type": "Feature", "properties": { "state_code": "06", "county_code": "019", "site_number": "0011", "parameter_code": "88101", "poc": 4, "parameter_name": "PM2.5 - Local Conditions", "open_date": "2012-01-01T00:00:00", "close_date": "2020-12-31T00:00:00", "concurred_exclusions": null, "dominant_source": null, "measurement_scale": "NEIGHBORHOOD", "measurement_scale_def": "500 M TO 4KM", "monitoring_objective": "POPULATION EXPOSURE", "last_method_code": "170", "last_method_description": "Met One BAM-1020 Mass Monitor w/VSCC - Beta Attenuation", "last_method_begin_date": "2012-01-01", "naaqs_primary_monitor": null, "qa_primary_monitor": null, "monitor_type": null, "networks": null, "monitoring_agency_code": "0145", "monitoring_agency": "California Air Resources Board", "si_id": 96528, "latitude": 36.78538, "longitude": -119.77321, "datum": "NAD83", "lat_lon_accuracy": 1.0, "elevation": 96.0, "probe_height": null, "pl_probe_location": null, "local_site_name": "Fresno - Garland", "address": "3727 N FIRST ST, FRESNO", "state_name": "California", "county_name": "Fresno", "city_name": "Fresno", "cbsa_code": "23420", "cbsa_name": "Fresno, CA", "csa_code": "260", "csa_name": "Fresno-Madera, CA", "tribal_code": null, "tribe_name": null, "index_right": 7.0, "CSAFP": "260", "CBSAFP": "23420", "GEOIDFQ": "310M700US23420", "GEOID": "23420", "NAME": "Fresno, CA", "NAMELSAD": "Fresno, CA Metro Area", "LSAD": "M1", "ALAND": 20966706477.0, "AWATER": 178903286.0 }, "geometry": { "type": "Point", "coordinates": [ -119.77321, 36.78538 ] } },
{ "type": "Feature", "properties": { "state_code": "06", "county_code": "083", "site_number": "2004", "parameter_code": "88101", "poc": 1, "parameter_name": "PM2.5 - Local Conditions", "open_date": "2015-01-01T00:00:00", "close_date": null, "concurred_exclusions": null, "dominant_source": null, "measurement_scale": "NEIGHBORHOOD", "measurement_scale_def": "500 M TO 4KM", "monitoring_objective": "POPULATION EXPOSURE", "last_method_code": "170", "last_method_description": "Met One BAM-1020 Mass Monitor w/VSCC - Beta Attenuation", "last_method_begin_date": "2015-01-01", "naaqs_primary_monitor": "Y", "qa_primary_monitor": null, "monitor_type": "SLAMS", "networks": null, "monitoring_agency_code": "0948", "monitoring_agency": "Santa Barbara County APCD", "si_id": 1463, "latitude": 34.63782, "longitude": -120.4575, "datum": "WGS84", "lat_lon_accuracy": 15.0, "elevation": 41.0, "probe_height": 1.0, "pl_probe_location": "TOP OF BUILDING", "local_site_name": "Lompoc H Street", "address": "128 S 'H' ST, LOMPOC", "state_name": "California", "county_name": "Santa Barbara", "city_name": "Lompoc", "cbsa_code": "42200", "cbsa_name": "Santa Maria-Santa Barbara, CA", "csa_code": null, "csa_name": null, "tribal_code": null, "tribe_name": null, "index_right": 28.0, "CSAFP": null, "CBSAFP": "42200", "GEOIDFQ": "310M700US42200", "GEOID": "42200", "NAME": "Santa Maria-Santa Barbara, CA", "NAMELSAD": "Santa Maria-Santa Barbara, CA Metro Area", "LSAD": "M1", "ALAND": 7080874935.0, "AWATER": 2729198796.0 }, "geometry": { "type": "Point", "coordinates": [ -120.4575, 34.63782 ] } },
{ "type": "Feature", "properties": { "state_code": "06", "county_code": "067", "site_number": "0012", "parameter_code": "88101", "poc": 3, "parameter_name": "PM2.5 - Local Conditions", "open_date": "2013-04-01T00:00:00", "close_date": null, "concurred_exclusions": null, "dominant_source": "AREA", "measurement_scale": "NEIGHBORHOOD", "measurement_scale_def": "500 M TO 4KM", "monitoring_objective": "POPULATION EXPOSURE", "last_method_code": "170", "last_method_description": "Met One BAM-1020 Mass Monitor w/VSCC - Beta Attenuation", "last_method_begin_date": "2013-04-01", "naaqs_primary_monitor": "Y", "qa_primary_monitor": "Y", "monitor_type": "SLAMS", "networks": null, "monitoring_agency_code": "0145", "monitoring_agency": "California Air Resources Board", "si_id": 1274, "latitude": 38.683304, "longitude": -121.164457, "datum": "WGS84", "lat_lon_accuracy": 151.82, "elevation": 98.0, "probe_height": 5.0, "pl_probe_location": "TOP OF BUILDING", "local_site_name": "Folsom-Natoma St.", "address": "50 NATOMA STREET, FOLSOM", "state_name": "California", "county_name": "Sacramento", "city_name": "Folsom", "cbsa_code": "40900", "cbsa_name": "Sacramento--Roseville--Arden-Arcade, CA", "csa_code": "472", "csa_name": "Sacramento-Roseville, CA", "tribal_code": null, "tribe_name": null, "index_right": 11.0, "CSAFP": "472", "CBSAFP": "40900", "GEOIDFQ": "310M700US40900", "GEOID": "40900", "NAME": "Sacramento-Roseville-Folsom, CA", "NAMELSAD": "Sacramento-Roseville-Folsom, CA Metro Area", "LSAD": "M1", "ALAND": 13191282211.0, "AWATER": 548045435.0 }, "geometry": { "type": "Point", "coordinates": [ -121.164457, 38.683304 ] } },
{ "type": "Feature", "properties": { "state_code": "06", "county_code": "071", "site_number": "0027", "parameter_code": "88101", "poc": 1, "parameter_name": "PM2.5 - Local Conditions", "open_date": "2015-01-01T00:00:00", "close_date": null, "concurred_exclusions": null, "dominant_source": "MOBILE", "measurement_scale": "MICROSCALE", "measurement_scale_def": "0 M TO 100 M", "monitoring_objective": "POPULATION EXPOSURE", "last_method_code": "145", "last_method_description": "R & P Model 2025 PM-2.5 Sequential Air Sampler w/VSCC - Gravimetric", "last_method_begin_date": "2015-01-01", "naaqs_primary_monitor": "Y", "qa_primary_monitor": "Y", "monitor_type": "SLAMS", "networks": "NEAR ROAD", "monitoring_agency_code": "0972", "monitoring_agency": "South Coast Air Quality Management District", "si_id": 99504, "latitude": 34.030833, "longitude": -117.61722, "datum": "WGS84", "lat_lon_accuracy": 3.04, "elevation": 258.0, "probe_height": 4.5, "pl_probe_location": "OTHER", "local_site_name": "Ontario-Route 60 Near Road", "address": "2330 S. Castle Harbour", "state_name": "California", "county_name": "San Bernardino", "city_name": "Ontario", "cbsa_code": "40140", "cbsa_name": "Riverside-San Bernardino-Ontario, CA", "csa_code": "348", "csa_name": "Los Angeles-Long Beach, CA", "tribal_code": null, "tribe_name": null, "index_right": 21.0, "CSAFP": "348", "CBSAFP": "40140", "GEOIDFQ": "310M700US40140", "GEOID": "40140", "NAME": "Riverside-San Bernardino-Ontario, CA", "NAMELSAD": "Riverside-San Bernardino-Ontario, CA Metro Area", "LSAD": "M1", "ALAND": 70648193821.0, "AWATER": 339279578.0 }, "geometry": { "type": "Point", "coordinates": [ -117.61722, 34.030833 ] } },
{ "type": "Feature", "properties": { "state_code": "06", "county_code": "061", "site_number": "0006", "parameter_code": "88101", "poc": 2, "parameter_name": "PM2.5 - Local Conditions", "open_date": "2015-07-01T00:00:00", "close_date": "2020-12-07T00:00:00", "concurred_exclusions": null, "dominant_source": null, "measurement_scale": "NEIGHBORHOOD", "measurement_scale_def": "500 M TO 4KM", "monitoring_objective": "POPULATION EXPOSURE", "last_method_code": "143", "last_method_description": "R & P Model 2000 PM-2.5 Air Sampler w/VSCC - Gravimetric", "last_method_begin_date": "2015-07-01", "naaqs_primary_monitor": null, "qa_primary_monitor": null, "monitor_type": null, "networks": null, "monitoring_agency_code": "0145", "monitoring_agency": "California Air Resources Board", "si_id": 1225, "latitude": 38.74643, "longitude": -121.26498, "datum": "NAD83", "lat_lon_accuracy": 151.82, "elevation": 48.0, "probe_height": 6.1, "pl_probe_location": null, "local_site_name": "Roseville-N Sunrise Ave", "address": " 151 NO SUNRISE BLVD, ROSEVILLE, CA", "state_name": "California", "county_name": "Placer", "city_name": "Roseville", "cbsa_code": "40900", "cbsa_name": "Sacramento--Roseville--Arden-Arcade, CA", "csa_code": "472", "csa_name": "Sacramento-Roseville, CA", "tribal_code": null, "tribe_name": null, "index_right": 11.0, "CSAFP": "472", "CBSAFP": "40900", "GEOIDFQ": "310M700US40900", "GEOID": "40900", "NAME": "Sacramento-Roseville-Folsom, CA", "NAMELSAD": "Sacramento-Roseville-Folsom, CA Metro Area", "LSAD": "M1", "ALAND": 13191282211.0, "AWATER": 548045435.0 }, "geometry": { "type": "Point", "coordinates": [ -121.26498, 38.74643 ] } },
{ "type": "Feature", "properties": { "state_code": "06", "county_code": "023", "site_number": "0006", "parameter_code": "88101", "poc": 1, "parameter_name": "PM2.5 - Local Conditions", "open_date": "2013-08-01T00:00:00", "close_date": null, "concurred_exclusions": "All (2013-08-01 - Present)", "dominant_source": "AREA", "measurement_scale": "NEIGHBORHOOD", "measurement_scale_def": "500 M TO 4KM", "monitoring_objective": "GENERAL/BACKGROUND", "last_method_code": "182", "last_method_description": "Thermo Scientific TEOM 1405-DF Dichotomous FDMS - FDMS Gravimetric", "last_method_begin_date": "2018-12-01", "naaqs_primary_monitor": "Y", "qa_primary_monitor": null, "monitor_type": "TRIBAL", "networks": null, "monitoring_agency_code": "561", "monitoring_agency": "Hoopa Valley Tribe, CA", "si_id": 95819, "latitude": 41.047117, "longitude": -123.675233, "datum": "WGS84", "lat_lon_accuracy": 1.0, "elevation": 1.0, "probe_height": null, "pl_probe_location": "GROUND LEVEL SUPPORT", "local_site_name": "Hoopa Valley Reservation", "address": "5 Loop Rd Hoopa, CA 95546", "state_name": "California", "county_name": "Humboldt", "city_name": "Not in a City", "cbsa_code": "21700", "cbsa_name": "Eureka-Arcata-Fortuna, CA", "csa_code": null, "csa_name": null, "tribal_code": "561", "tribe_name": "Hoopa Valley Tribe, CA", "index_right": 22.0, "CSAFP": null, "CBSAFP": "21700", "GEOIDFQ": "310M700US21700", "GEOID": "21700", "NAME": "Eureka-Arcata, CA", "NAMELSAD": "Eureka-Arcata, CA Micro Area", "LSAD": "M2", "ALAND": 9241138639.0, "AWATER": 1254152624.0 }, "geometry": { "type": "Point", "coordinates": [ -123.675233, 41.047117 ] } },
{ "type": "Feature", "properties": { "state_code": "06", "county_code": "073", "site_number": "1017", "parameter_code": "88101", "poc": 1, "parameter_name": "PM2.5 - Local Conditions", "open_date": "2019-06-01T00:00:00", "close_date": "2023-06-29T00:00:00", "concurred_exclusions": null, "dominant_source": null, "measurement_scale": "MICROSCALE", "measurement_scale_def": "0 M TO 100 M", "monitoring_objective": "SOURCE ORIENTED", "last_method_code": "545", "last_method_description": "Met One E-SEQ-FRM PM2.5 with VSCC - Gravimetric", "last_method_begin_date": "2019-06-01", "naaqs_primary_monitor": null, "qa_primary_monitor": null, "monitor_type": null, "networks": null, "monitoring_agency_code": "0942", "monitoring_agency": "San Diego County Air Pollution Control District", "si_id": 99631, "latitude": 32.985428, "longitude": -117.082198, "datum": "WGS84", "lat_lon_accuracy": 5.0, "elevation": 219.0, "probe_height": 2.0, "pl_probe_location": "SIDE OF BUILDING", "local_site_name": "San Diego -Rancho Carmel Drive", "address": "11403 Rancho Carmel Drive", "state_name": "California", "county_name": "San Diego", "city_name": "San Diego", "cbsa_code": "41740", "cbsa_name": "San Diego-Carlsbad, CA", "csa_code": null, "csa_name": null, "tribal_code": null, "tribe_name": null, "index_right": 19.0, "CSAFP": null, "CBSAFP": "41740", "GEOIDFQ": "310M700US41740", "GEOID": "41740", "NAME": "San Diego-Chula Vista-Carlsbad, CA", "NAMELSAD": "San Diego-Chula Vista-Carlsbad, CA Metro Area", "LSAD": "M1", "ALAND": 10905046431.0, "AWATER": 816535836.0 }, "geometry": { "type": "Point", "coordinates": [ -117.082198, 32.985428 ] } },
{ "type": "Feature", "properties": { "state_code": "06", "county_code": "047", "site_number": "2510", "parameter_code": "88101", "poc": 3, "parameter_name": "PM2.5 - Local Conditions", "open_date": "2021-01-01T00:00:00", "close_date": null, "concurred_exclusions": null, "dominant_source": "AREA", "measurement_scale": "NEIGHBORHOOD", "measurement_scale_def": "500 M TO 4KM", "monitoring_objective": "POPULATION EXPOSURE", "last_method_code": "170", "last_method_description": "Met One BAM-1020 Mass Monitor w/VSCC - Beta Attenuation", "last_method_begin_date": "2022-03-04", "naaqs_primary_monitor": "Y", "qa_primary_monitor": null, "monitor_type": "SLAMS", "networks": null, "monitoring_agency_code": "0945", "monitoring_agency": "San Joaquin Valley Unified Air Pollution Control District", "si_id": 1158, "latitude": 37.30832, "longitude": -120.480456, "datum": "NAD83", "lat_lon_accuracy": 1.52, "elevation": 58.0, "probe_height": 8.4, "pl_probe_location": null, "local_site_name": "Merced-M St", "address": "2334 'M' ST. MERCED, CA", "state_name": "California", "county_name": "Merced", "city_name": "Merced", "cbsa_code": "32900", "cbsa_name": "Merced, CA", "csa_code": "382", "csa_name": "Modesto-Merced, CA", "tribal_code": null, "tribe_name": null, "index_right": 24.0, "CSAFP": "488", "CBSAFP": "32900", "GEOIDFQ": "310M700US32900", "GEOID": "32900", "NAME": "Merced, CA", "NAMELSAD": "Merced, CA Metro Area", "LSAD": "M1", "ALAND": 5019407136.0, "AWATER": 105277636.0 }, "geometry": { "type": "Point", "coordinates": [ -120.480456, 37.30832 ] } },
{ "type": "Feature", "properties": { "state_code": "06", "county_code": "107", "site_number": "0009", "parameter_code": "88101", "poc": 1, "parameter_name": "PM2.5 - Local Conditions", "open_date": "2020-12-01T00:00:00", "close_date": null, "concurred_exclusions": "All (2020-12-01 - Present)", "dominant_source": null, "measurement_scale": null, "measurement_scale_def": null, "monitoring_objective": "HIGHEST CONCENTRATION", "last_method_code": "170", "last_method_description": "Met One BAM-1020 Mass Monitor w/VSCC - Beta Attenuation", "last_method_begin_date": "2020-12-01", "naaqs_primary_monitor": "Y", "qa_primary_monitor": null, "monitor_type": "NON-EPA FEDERAL", "networks": null, "monitoring_agency_code": "0745", "monitoring_agency": "National Park Service", "si_id": 1587, "latitude": 36.48947, "longitude": -118.82915, "datum": "WGS84", "lat_lon_accuracy": 5.0, "elevation": 510.0, "probe_height": null, "pl_probe_location": null, "local_site_name": "Sequoia & Kings Canyon NPs - Ash Mountain", "address": "SEQUOIA & KINGS CANYON NP", "state_name": "California", "county_name": "Tulare", "city_name": "Not in a City", "cbsa_code": "47300", "cbsa_name": "Visalia-Porterville, CA", "csa_code": "546", "csa_name": "Visalia-Porterville-Hanford, CA", "tribal_code": null, "tribe_name": null, "index_right": 27.0, "CSAFP": null, "CBSAFP": "47300", "GEOIDFQ": "310M700US47300", "GEOID": "47300", "NAME": "Visalia, CA", "NAMELSAD": "Visalia, CA Metro Area", "LSAD": "M1", "ALAND": 12493843650.0, "AWATER": 37260863.0 }, "geometry": { "type": "Point", "coordinates": [ -118.82915, 36.48947 ] } },
{ "type": "Feature", "properties": { "state_code": "06", "county_code": "037", "site_number": "4009", "parameter_code": "88101", "poc": 1, "parameter_name": "PM2.5 - Local Conditions", "open_date": "2022-04-21T00:00:00", "close_date": null, "concurred_exclusions": null, "dominant_source": null, "measurement_scale": "NEIGHBORHOOD", "measurement_scale_def": "500 M TO 4KM", "monitoring_objective": "POPULATION EXPOSURE", "last_method_code": "143", "last_method_description": "R & P Model 2000 PM-2.5 Air Sampler w/VSCC - Gravimetric", "last_method_begin_date": "2022-04-21", "naaqs_primary_monitor": null, "qa_primary_monitor": null, "monitor_type": "SLAMS", "networks": null, "monitoring_agency_code": "0972", "monitoring_agency": "South Coast Air Quality Management District", "si_id": 104683, "latitude": 33.793713, "longitude": -118.171019, "datum": "NAD83", "lat_lon_accuracy": 3.04, "elevation": 8.0, "probe_height": null, "pl_probe_location": "TOP OF BUILDING", "local_site_name": "Signal Hill (LBSH)", "address": "1710 E. 20th Street", "state_name": "California", "county_name": "Los Angeles", "city_name": "Signal Hill", "cbsa_code": "31080", "cbsa_name": "Los Angeles-Long Beach-Anaheim, CA", "csa_code": "348", "csa_name": "Los Angeles-Long Beach, CA", "tribal_code": null, "tribe_name": null, "index_right": 18.0, "CSAFP": "348", "CBSAFP": "31080", "GEOIDFQ": "310M700US31080", "GEOID": "31080", "NAME": "Los Angeles-Long Beach-Anaheim, CA", "NAMELSAD": "Los Angeles-Long Beach-Anaheim, CA Metro Area", "LSAD": "M1", "ALAND": 12569524354.0, "AWATER": 2191222299.0 }, "geometry": { "type": "Point", "coordinates": [ -118.171019, 33.793713 ] } },
{ "type": "Feature", "properties": { "state_code": "06", "county_code": "073", "site_number": "1016", "parameter_code": "88101", "poc": 3, "parameter_name": "PM2.5 - Local Conditions", "open_date": "2023-06-30T00:00:00", "close_date": null, "concurred_exclusions": null, "dominant_source": "POINT", "measurement_scale": "NEIGHBORHOOD", "measurement_scale_def": "500 M TO 4KM", "monitoring_objective": "GENERAL/BACKGROUND", "last_method_code": "638", "last_method_description": "Teledyne T640X at 16.67 LPM w/Network Data Alignment enabled - Broadband spectroscopy", "last_method_begin_date": "2023-06-30", "naaqs_primary_monitor": "Y", "qa_primary_monitor": "Y", "monitor_type": "SLAMS", "networks": null, "monitoring_agency_code": "0942", "monitoring_agency": "San Diego County Air Pollution Control District", "si_id": 95699, "latitude": 32.845709, "longitude": -117.123964, "datum": "NAD83", "lat_lon_accuracy": 1.0, "elevation": 134.0, "probe_height": 6.0, "pl_probe_location": "TOP OF BUILDING", "local_site_name": "San Diego - Kearny Villa Rd.", "address": "6125A KEARNY VILLA RD., SAN DIEGO", "state_name": "California", "county_name": "San Diego", "city_name": "San Diego", "cbsa_code": "41740", "cbsa_name": "San Diego-Carlsbad, CA", "csa_code": null, "csa_name": null, "tribal_code": null, "tribe_name": null, "index_right": 19.0, "CSAFP": null, "CBSAFP": "41740", "GEOIDFQ": "310M700US41740", "GEOID": "41740", "NAME": "San Diego-Chula Vista-Carlsbad, CA", "NAMELSAD": "San Diego-Chula Vista-Carlsbad, CA Metro Area", "LSAD": "M1", "ALAND": 10905046431.0, "AWATER": 816535836.0 }, "geometry": { "type": "Point", "coordinates": [ -117.123964, 32.845709 ] } },
{ "type": "Feature", "properties": { "state_code": "06", "county_code": "051", "site_number": "0001", "parameter_code": "88101", "poc": 26, "parameter_name": "PM2.5 - Local Conditions", "open_date": "2018-09-21T00:00:00", "close_date": "2022-04-15T00:00:00", "concurred_exclusions": null, "dominant_source": null, "measurement_scale": "NEIGHBORHOOD", "measurement_scale_def": "500 M TO 4KM", "monitoring_objective": "POPULATION EXPOSURE", "last_method_code": "738", "last_method_description": "Teledyne T640X at 16.67 LPM (Corrected) - Broadband spectroscopy", "last_method_begin_date": "2018-09-21", "naaqs_primary_monitor": null, "qa_primary_monitor": null, "monitor_type": null, "networks": null, "monitoring_agency_code": "0458", "monitoring_agency": "Great Basin Unified APCD", "si_id": 1163, "latitude": 37.64571, "longitude": -118.96652, "datum": "WGS84", "lat_lon_accuracy": 1.0, "elevation": 2395.0, "probe_height": 3.0, "pl_probe_location": null, "local_site_name": "Mammoth Lakes", "address": "MAMMOTH, Corner of Old Mammoth Road and HWY 203,  MAMMOTH LAKES", "state_name": "California", "county_name": "Mono", "city_name": "Mammoth Lakes", "cbsa_code": null, "cbsa_name": null, "csa_code": null, "csa_name": null, "tribal_code": null, "tribe_name": null, "index_right": null, "CSAFP": null, "CBSAFP": null, "GEOIDFQ": null, "GEOID": null, "NAME": null, "NAMELSAD": null, "LSAD": null, "ALAND": null, "AWATER": null }, "geometry": { "type": "Point", "coordinates": [ -118.96652, 37.64571 ] } },
{ "type": "Feature", "properties": { "state_code": "06", "county_code": "027", "site_number": "1033", "parameter_code": "88101", "poc": 22, "parameter_name": "PM2.5 - Local Conditions", "open_date": "2020-04-06T00:00:00", "close_date": null, "concurred_exclusions": "All (2020-04-06 - Present)", "dominant_source": "AREA", "measurement_scale": "MICROSCALE", "measurement_scale_def": "0 M TO 100 M", "monitoring_objective": null, "last_method_code": "736", "last_method_description": "Teledyne T640 at 5.0 LPM (Corrected) - Broadband spectroscopy", "last_method_begin_date": "2020-04-06", "naaqs_primary_monitor": "Y", "qa_primary_monitor": null, "monitor_type": "TRIBAL", "networks": null, "monitoring_agency_code": "530", "monitoring_agency": "Big Pine Paiute Tribe of the Owens Valley", "si_id": 104378, "latitude": 37.155494, "longitude": -118.293547, "datum": "NAD83", "lat_lon_accuracy": 10.0, "elevation": 1236.0, "probe_height": null, "pl_probe_location": "TOWER", "local_site_name": "Stn.1 Big Pine Paiute site", "address": "School St.", "state_name": "California", "county_name": "Inyo", "city_name": "Big Pine", "cbsa_code": "13860", "cbsa_name": "Bishop, CA", "csa_code": null, "csa_name": null, "tribal_code": "530", "tribe_name": "Big Pine Paiute Tribe of the Owens Valley", "index_right": 30.0, "CSAFP": null, "CBSAFP": "13860", "GEOIDFQ": "310M700US13860", "GEOID": "13860", "NAME": "Bishop, CA", "NAMELSAD": "Bishop, CA Micro Area", "LSAD": "M2", "ALAND": 26410783052.0, "AWATER": 77280938.0 }, "geometry": { "type": "Point", "coordinates": [ -118.293547, 37.155494 ] } },
{ "type": "Feature", "properties": { "state_code": "06", "county_code": "065", "site_number": "0500", "parameter_code": "88101", "poc": 21, "parameter_name": "PM2.5 - Local Conditions", "open_date": "2019-03-01T00:00:00", "close_date": null, "concurred_exclusions": "All (2019-03-01 - Present)", "dominant_source": "AREA", "measurement_scale": "NEIGHBORHOOD", "measurement_scale_def": "500 M TO 4KM", "monitoring_objective": null, "last_method_code": "738", "last_method_description": "Teledyne T640X at 16.67 LPM (Corrected) - Broadband spectroscopy", "last_method_begin_date": "2019-03-01", "naaqs_primary_monitor": "Y", "qa_primary_monitor": "Y", "monitor_type": "TRIBAL", "networks": null, "monitoring_agency_code": "598", "monitoring_agency": "Twenty-Nine Palms Band of Mission Indians", "si_id": 104498, "latitude": 33.71969, "longitude": -116.1897, "datum": "NAD83", "lat_lon_accuracy": 3.0, "elevation": -8.0, "probe_height": 5.2, "pl_probe_location": "TOP OF BUILDING", "local_site_name": "29 Palms", "address": "84245 Vista Del Norte, Indio, CA   92203", "state_name": "California", "county_name": "Riverside", "city_name": "Indio", "cbsa_code": "40140", "cbsa_name": "Riverside-San Bernardino-Ontario, CA", "csa_code": "348", "csa_name": "Los Angeles-Long Beach, CA", "tribal_code": "598", "tribe_name": "Twenty-Nine Palms Band of Mission Indians", "index_right": 21.0, "CSAFP": "348", "CBSAFP": "40140", "GEOIDFQ": "310M700US40140", "GEOID": "40140", "NAME": "Riverside-San Bernardino-Ontario, CA", "NAMELSAD": "Riverside-San Bernardino-Ontario, CA Metro Area", "LSAD": "M1", "ALAND": 70648193821.0, "AWATER": 339279578.0 }, "geometry": { "type": "Point", "coordinates": [ -116.1897, 33.71969 ] } },
{ "type": "Feature", "properties": { "state_code": "06", "county_code": "027", "site_number": "1023", "parameter_code": "88101", "poc": 21, "parameter_name": "PM2.5 - Local Conditions", "open_date": "2020-07-01T00:00:00", "close_date": null, "concurred_exclusions": "All (2020-07-01 - Present)", "dominant_source": "AREA", "measurement_scale": "NEIGHBORHOOD", "measurement_scale_def": "500 M TO 4KM", "monitoring_objective": null, "last_method_code": "736", "last_method_description": "Teledyne T640 at 5.0 LPM (Corrected) - Broadband spectroscopy", "last_method_begin_date": "2020-07-01", "naaqs_primary_monitor": "Y", "qa_primary_monitor": null, "monitor_type": "TRIBAL", "networks": null, "monitoring_agency_code": "549", "monitoring_agency": "Paiute-Shoshone Indians of Bishop Community of Bishop Colony, CA", "si_id": 92502, "latitude": 37.362137, "longitude": -118.417478, "datum": "WGS84", "lat_lon_accuracy": 3.0, "elevation": 1288.55, "probe_height": null, "pl_probe_location": "TOP OF BUILDING", "local_site_name": "Bishop Tribe EMO", "address": "50 TU SU LANE", "state_name": "California", "county_name": "Inyo", "city_name": "Bishop", "cbsa_code": "13860", "cbsa_name": "Bishop, CA", "csa_code": null, "csa_name": null, "tribal_code": "549", "tribe_name": "Paiute-Shoshone Indians of Bishop Community of Bishop Colony, CA", "index_right": 30.0, "CSAFP": null, "CBSAFP": "13860", "GEOIDFQ": "310M700US13860", "GEOID": "13860", "NAME": "Bishop, CA", "NAMELSAD": "Bishop, CA Micro Area", "LSAD": "M2", "ALAND": 26410783052.0, "AWATER": 77280938.0 }, "geometry": { "type": "Point", "coordinates": [ -118.417478, 37.362137 ] } },
{ "type": "Feature", "properties": { "state_code": "06", "county_code": "073", "site_number": "1026", "parameter_code": "88101", "poc": 23, "parameter_name": "PM2.5 - Local Conditions", "open_date": "2022-05-16T00:00:00", "close_date": "2023-07-06T00:00:00", "concurred_exclusions": null, "dominant_source": "AREA", "measurement_scale": "NEIGHBORHOOD", "measurement_scale_def": "500 M TO 4KM", "monitoring_objective": null, "last_method_code": "738", "last_method_description": "Teledyne T640X at 16.67 LPM (Corrected) - Broadband spectroscopy", "last_method_begin_date": "2022-05-16", "naaqs_primary_monitor": null, "qa_primary_monitor": null, "monitor_type": "SLAMS", "networks": null, "monitoring_agency_code": "0942", "monitoring_agency": "San Diego County Air Pollution Control District", "si_id": 104551, "latitude": 32.710177, "longitude": -117.142665, "datum": "NAD83", "lat_lon_accuracy": 2.0, "elevation": 34.0, "probe_height": 2.0, "pl_probe_location": "GROUND LEVEL SUPPORT", "local_site_name": "San Diego - Sherman Elementary School", "address": "450B 24th Street", "state_name": "California", "county_name": "San Diego", "city_name": "San Diego", "cbsa_code": "41740", "cbsa_name": "San Diego-Carlsbad, CA", "csa_code": null, "csa_name": null, "tribal_code": null, "tribe_name": null, "index_right": 19.0, "CSAFP": null, "CBSAFP": "41740", "GEOIDFQ": "310M700US41740", "GEOID": "41740", "NAME": "San Diego-Chula Vista-Carlsbad, CA", "NAMELSAD": "San Diego-Chula Vista-Carlsbad, CA Metro Area", "LSAD": "M1", "ALAND": 10905046431.0, "AWATER": 816535836.0 }, "geometry": { "type": "Point", "coordinates": [ -117.142665, 32.710177 ] } },
{ "type": "Feature", "properties": { "state_code": "06", "county_code": "027", "site_number": "1018", "parameter_code": "88101", "poc": 21, "parameter_name": "PM2.5 - Local Conditions", "open_date": "2021-04-01T00:00:00", "close_date": null, "concurred_exclusions": "All (2021-04-01 - Present)", "dominant_source": null, "measurement_scale": null, "measurement_scale_def": null, "monitoring_objective": null, "last_method_code": "736", "last_method_description": "Teledyne T640 at 5.0 LPM (Corrected) - Broadband spectroscopy", "last_method_begin_date": "2021-04-01", "naaqs_primary_monitor": "Y", "qa_primary_monitor": null, "monitor_type": "TRIBAL", "networks": null, "monitoring_agency_code": "624", "monitoring_agency": "Paiute-Shoshone Indians of the Lone Pine Community of Lone Pine Reservation,CA", "si_id": 92674, "latitude": 36.595556, "longitude": -118.049167, "datum": "WGS84", "lat_lon_accuracy": 3.0, "elevation": 1128.0, "probe_height": null, "pl_probe_location": null, "local_site_name": "Lone Pine Paiute-Shoshone Reservation", "address": "1101 E-SHA LANE", "state_name": "California", "county_name": "Inyo", "city_name": "Lone Pine", "cbsa_code": "13860", "cbsa_name": "Bishop, CA", "csa_code": null, "csa_name": null, "tribal_code": "624", "tribe_name": "Paiute-Shoshone Indians of the Lone Pine Community of Lone Pine Reservation,CA", "index_right": 30.0, "CSAFP": null, "CBSAFP": "13860", "GEOIDFQ": "310M700US13860", "GEOID": "13860", "NAME": "Bishop, CA", "NAMELSAD": "Bishop, CA Micro Area", "LSAD": "M2", "ALAND": 26410783052.0, "AWATER": 77280938.0 }, "geometry": { "type": "Point", "coordinates": [ -118.049167, 36.595556 ] } },
{ "type": "Feature", "properties": { "state_code": "06", "county_code": "073", "site_number": "1008", "parameter_code": "88101", "poc": 23, "parameter_name": "PM2.5 - Local Conditions", "open_date": "2009-07-01T00:00:00", "close_date": "2023-07-05T00:00:00", "concurred_exclusions": "All (2009-07-01 - 2010-04-30)", "dominant_source": "AREA", "measurement_scale": "URBAN SCALE", "measurement_scale_def": "4 KM TO 50 KM", "monitoring_objective": null, "last_method_code": "738", "last_method_description": "Teledyne T640X at 16.67 LPM (Corrected) - Broadband spectroscopy", "last_method_begin_date": "2022-08-30", "naaqs_primary_monitor": null, "qa_primary_monitor": null, "monitor_type": "SLAMS", "networks": null, "monitoring_agency_code": "0942", "monitoring_agency": "San Diego County Air Pollution Control District", "si_id": 1359, "latitude": 33.217046, "longitude": -117.396249, "datum": "WGS84", "lat_lon_accuracy": 5.0, "elevation": 16.0, "probe_height": 5.0, "pl_probe_location": "TOP OF BUILDING", "local_site_name": "Camp Pendleton", "address": "21441-W B STREET", "state_name": "California", "county_name": "San Diego", "city_name": "Camp Pendleton South", "cbsa_code": "41740", "cbsa_name": "San Diego-Carlsbad, CA", "csa_code": null, "csa_name": null, "tribal_code": null, "tribe_name": null, "index_right": 19.0, "CSAFP": null, "CBSAFP": "41740", "GEOIDFQ": "310M700US41740", "GEOID": "41740", "NAME": "San Diego-Chula Vista-Carlsbad, CA", "NAMELSAD": "San Diego-Chula Vista-Carlsbad, CA Metro Area", "LSAD": "M1", "ALAND": 10905046431.0, "AWATER": 816535836.0 }, "geometry": { "type": "Point", "coordinates": [ -117.396249, 33.217046 ] } },
{ "type": "Feature", "properties": { "state_code": "06", "county_code": "073", "site_number": "0077", "parameter_code": "88101", "poc": 23, "parameter_name": "PM2.5 - Local Conditions", "open_date": "2020-12-11T00:00:00", "close_date": "2024-11-19T00:00:00", "concurred_exclusions": "All (2020-12-11 - 2024-11-19)", "dominant_source": null, "measurement_scale": "REGIONAL SCALE", "measurement_scale_def": "50 TO HUNDREDS KM", "monitoring_objective": null, "last_method_code": "736", "last_method_description": "Teledyne T640 at 5.0 LPM (Corrected) - Broadband spectroscopy", "last_method_begin_date": "2020-12-11", "naaqs_primary_monitor": null, "qa_primary_monitor": null, "monitor_type": null, "networks": null, "monitoring_agency_code": "570", "monitoring_agency": "Campo Band of Diegueno Mission Indians of Campo Indian Reservation, CA", "si_id": 94253, "latitude": 32.6509, "longitude": -116.365, "datum": "WGS84", "lat_lon_accuracy": 2.0, "elevation": 1018.15, "probe_height": null, "pl_probe_location": "GROUND LEVEL SUPPORT", "local_site_name": "Campo Indian Reservation", "address": "Campo Kumeyaay Nation, 36190 Church Rd, Ste 4, Campo, CA 91906", "state_name": "California", "county_name": "San Diego", "city_name": "Campo", "cbsa_code": "41740", "cbsa_name": "San Diego-Carlsbad, CA", "csa_code": null, "csa_name": null, "tribal_code": "570", "tribe_name": "Campo Band of Diegueno Mission Indians of Campo Indian Reservation, CA", "index_right": 19.0, "CSAFP": null, "CBSAFP": "41740", "GEOIDFQ": "310M700US41740", "GEOID": "41740", "NAME": "San Diego-Chula Vista-Carlsbad, CA", "NAMELSAD": "San Diego-Chula Vista-Carlsbad, CA Metro Area", "LSAD": "M1", "ALAND": 10905046431.0, "AWATER": 816535836.0 }, "geometry": { "type": "Point", "coordinates": [ -116.365, 32.6509 ] } },
{ "type": "Feature", "properties": { "state_code": "06", "county_code": "073", "site_number": "1006", "parameter_code": "88101", "poc": 23, "parameter_name": "PM2.5 - Local Conditions", "open_date": "2022-09-08T00:00:00", "close_date": "2023-07-05T00:00:00", "concurred_exclusions": null, "dominant_source": "AREA", "measurement_scale": "URBAN SCALE", "measurement_scale_def": "4 KM TO 50 KM", "monitoring_objective": null, "last_method_code": "738", "last_method_description": "Teledyne T640X at 16.67 LPM (Corrected) - Broadband spectroscopy", "last_method_begin_date": "2022-09-08", "naaqs_primary_monitor": null, "qa_primary_monitor": null, "monitor_type": "SLAMS", "networks": null, "monitoring_agency_code": "0942", "monitoring_agency": "San Diego County Air Pollution Control District", "si_id": 1357, "latitude": 32.842318, "longitude": -116.768293, "datum": "NAD83", "lat_lon_accuracy": 0.0, "elevation": 627.0, "probe_height": 7.5, "pl_probe_location": "TOP OF BUILDING", "local_site_name": "Alpine", "address": "2300 VICTORIA DR., ALPINE", "state_name": "California", "county_name": "San Diego", "city_name": "Alpine", "cbsa_code": "41740", "cbsa_name": "San Diego-Carlsbad, CA", "csa_code": null, "csa_name": null, "tribal_code": null, "tribe_name": null, "index_right": 19.0, "CSAFP": null, "CBSAFP": "41740", "GEOIDFQ": "310M700US41740", "GEOID": "41740", "NAME": "San Diego-Chula Vista-Carlsbad, CA", "NAMELSAD": "San Diego-Chula Vista-Carlsbad, CA Metro Area", "LSAD": "M1", "ALAND": 10905046431.0, "AWATER": 816535836.0 }, "geometry": { "type": "Point", "coordinates": [ -116.768293, 32.842318 ] } },
{ "type": "Feature", "properties": { "state_code": "06", "county_code": "025", "site_number": "0010", "parameter_code": "88101", "poc": 21, "parameter_name": "PM2.5 - Local Conditions", "open_date": "2021-04-02T00:00:00", "close_date": null, "concurred_exclusions": "All (2021-04-02 - Present)", "dominant_source": "AREA", "measurement_scale": "NEIGHBORHOOD", "measurement_scale_def": "500 M TO 4KM", "monitoring_objective": null, "last_method_code": "738", "last_method_description": "Teledyne T640X at 16.67 LPM (Corrected) - Broadband spectroscopy", "last_method_begin_date": "2021-04-02", "naaqs_primary_monitor": "Y", "qa_primary_monitor": null, "monitor_type": "TRIBAL", "networks": null, "monitoring_agency_code": "595", "monitoring_agency": "Torres-Martinez Cahuilla Indians, California", "si_id": 104851, "latitude": 33.379078, "longitude": -116.015997, "datum": "WGS84", "lat_lon_accuracy": 40.0, "elevation": -67.0, "probe_height": 4.5, "pl_probe_location": "TOP OF BUILDING", "local_site_name": "Torres Martinez Reservation", "address": "1000 Seaview Ave", "state_name": "California", "county_name": "Imperial", "city_name": "Salton Sea Beach", "cbsa_code": "20940", "cbsa_name": "El Centro, CA", "csa_code": null, "csa_name": null, "tribal_code": "595", "tribe_name": "Torres-Martinez Cahuilla Indians, California", "index_right": 10.0, "CSAFP": null, "CBSAFP": "20940", "GEOIDFQ": "310M700US20940", "GEOID": "20940", "NAME": "El Centro, CA", "NAMELSAD": "El Centro, CA Metro Area", "LSAD": "M1", "ALAND": 10814568237.0, "AWATER": 790135127.0 }, "geometry": { "type": "Point", "coordinates": [ -116.015997, 33.379078 ] } },
{ "type": "Feature", "properties": { "state_code": "06", "county_code": "073", "site_number": "1014", "parameter_code": "88101", "poc": 23, "parameter_name": "PM2.5 - Local Conditions", "open_date": "2022-08-02T00:00:00", "close_date": "2023-07-02T00:00:00", "concurred_exclusions": null, "dominant_source": "AREA", "measurement_scale": "NEIGHBORHOOD", "measurement_scale_def": "500 M TO 4KM", "monitoring_objective": null, "last_method_code": "738", "last_method_description": "Teledyne T640X at 16.67 LPM (Corrected) - Broadband spectroscopy", "last_method_begin_date": "2022-08-02", "naaqs_primary_monitor": null, "qa_primary_monitor": null, "monitor_type": "SLAMS", "networks": null, "monitoring_agency_code": "0942", "monitoring_agency": "San Diego County Air Pollution Control District", "si_id": 94572, "latitude": 32.578165, "longitude": -116.921374, "datum": "WGS84", "lat_lon_accuracy": 1.0, "elevation": 199.0, "probe_height": 4.0, "pl_probe_location": "TOP OF BUILDING", "local_site_name": "Donovan", "address": "480 ALTA RD, OTAY MESA, CA", "state_name": "California", "county_name": "San Diego", "city_name": "Otay Mesa", "cbsa_code": "41740", "cbsa_name": "San Diego-Carlsbad, CA", "csa_code": null, "csa_name": null, "tribal_code": null, "tribe_name": null, "index_right": 19.0, "CSAFP": null, "CBSAFP": "41740", "GEOIDFQ": "310M700US41740", "GEOID": "41740", "NAME": "San Diego-Chula Vista-Carlsbad, CA", "NAMELSAD": "San Diego-Chula Vista-Carlsbad, CA Metro Area", "LSAD": "M1", "ALAND": 10905046431.0, "AWATER": 816535836.0 }, "geometry": { "type": "Point", "coordinates": [ -116.921374, 32.578165 ] } }
]
}
