station_id,station_name,PM25,msa_id,msa_name,census_id,census_tract,pct_people_of_color,pct_low_income,pct_unemployed
262253,Outrider Rd - Rolling Hills CA,6.2,31080,"Los Angeles-Long Beach-Anaheim, CA",06037670500,Los Angeles County,0.403170227429359,0.065467625899281,0.057553956834532
262261,B L Zen,8.9,31080,"Los Angeles-Long Beach-Anaheim, CA",06037262802,Los Angeles County,0.212984054669704,0.132687927107062,0.045604758757436
262257,Woodbury Preschool Village,16.0,31080,"Los Angeles-Long Beach-Anaheim, CA",06037461000,Los Angeles County,0.866793365583967,0.247277836318932,0.089268132589432
262259,PurpleAir91107,15.2,31080,"Los Angeles-Long Beach-Anaheim, CA",06037463103,Los Angeles County,0.742236024844721,0.203567488047076,0.022066936373667
262265,Highlands Ranch,0.5,41860,"San Francisco-Oakland-Fremont, CA",06013313106,Contra Costa County,0.635889484071046,0.103428733352224,0.050431621990005
262327,Apache Dr.,5.3,41740,"San Diego-Chula Vista-Carlsbad, CA",06073013415,San Diego County,0.804409672830726,0.058321479374111,0.027090694935218
262331,DHS Bella,3.4,40140,"Riverside-San Bernardino-Ontario, CA",06065044510,Riverside County,0.756782334384858,0.513961192617132,0.051961112973517
262343,SOUTH RIVIERA,8.8,31080,"Los Angeles-Long Beach-Anaheim, CA",06037262802,Los Angeles County,0.212984054669704,0.132687927107062,0.045604758757436
275,Pleasanton,0.5,41860,"San Francisco-Oakland-Fremont, CA",06001450741,Alameda County,0.549808429118774,0.241170174812701,0.022616562282533
262437,Crestwood Hills Preschool,12.2,31080,"Los Angeles-Long Beach-Anaheim, CA",06037262301,Los Angeles County,0.302565930149679,0.153977031050617,0.068416865552904
262449,Rivas Canyon/Oracle Pl,9.7,31080,"Los Angeles-Long Beach-Anaheim, CA",06037262501,Los Angeles County,0.126179563224589,0.076715289032955,0.046770601336303
262467,29th/Judah Outer Sunset SF,3.8,41860,"San Francisco-Oakland-Fremont, CA",06075032700,San Francisco County,0.656747507811338,0.154876580373269,0.048136645962733
262549,CDPH Richmond,4.8,41860,"San Francisco-Oakland-Fremont, CA",06013380002,Contra Costa County,0.776945244956772,0.460905349794239,0.092814371257485
262547,CDPH Richmond,3.7,41860,"San Francisco-Oakland-Fremont, CA",06013380002,Contra Costa County,0.776945244956772,0.460905349794239,0.092814371257485
473,Sunnyside 93727,1.5,23420,"Fresno, CA",06019001409,Fresno County,0.684541420118343,0.299850634802091,0.051282051282051
263027,676 Palisades Drive 90272,6.3,31080,"Los Angeles-Long Beach-Anaheim, CA",06037265201,Los Angeles County,0.333078393881453,0.159146045608928,0.118234804329725
263365,Public Works,2.6,40140,"Riverside-San Bernardino-Ontario, CA",06065043813,Riverside County,0.626663319106201,0.287440221495092,0.030898876404494
263461,Golden Hills Education Center,0.4,46700,"Vallejo, CA",06095252317,Solano County,0.767829929899421,0.212924221292422,0.039677804295943
263507,Lexington,13.8,31080,"Los Angeles-Long Beach-Anaheim, CA",06037461300,Los Angeles County,0.264455264759586,0.191075870646766,0.021718602455146
263823,Aster Outdoors 8,7.1,31080,"Los Angeles-Long Beach-Anaheim, CA",06037576001,Los Angeles County,0.518821603927987,0.15017569816904,0.066497929130235
263819,High Point Academy,17.5,31080,"Los Angeles-Long Beach-Anaheim, CA",06037460001,Los Angeles County,0.323774765380605,0.061343204653622,0.035714285714286
1680,BikeSGV - Baldwin Park,0.5,31080,"Los Angeles-Long Beach-Anaheim, CA",06037404901,Los Angeles County,0.965070921985816,0.292198581560284,0.070186735350934
263835,Winding Way,7.3,31080,"Los Angeles-Long Beach-Anaheim, CA",06037800406,Los Angeles County,0.260267651130595,0.091135458167331,0.033603707995365
263845,Dawes St,1.6,41860,"San Francisco-Oakland-Fremont, CA",06001404501,Alameda County,0.342307692307692,0.042307692307692,0.01039501039501
263867,N Lake,20.0,31080,"Los Angeles-Long Beach-Anaheim, CA",06037460200,Los Angeles County,0.710458081244598,0.14878892733564,0.093422306959009
263883,Wimbledon Ct,0.2,41860,"San Francisco-Oakland-Fremont, CA",06041104200,Marin County,0.329040225829217,0.081863091037403,0.056946929039952
263933,East Eaton Wash,17.6,31080,"Los Angeles-Long Beach-Anaheim, CA",06037462900,Los Angeles County,0.685736677115987,0.138192267502612,0.041749502982107
1808,RUSD_5 (STEM Academy),1.6,40140,"Riverside-San Bernardino-Ontario, CA",06065042213,Riverside County,0.581723397730757,0.291015026065624,0.095801937567277
1848,AQMD_NASA_25,0.0,31080,"Los Angeles-Long Beach-Anaheim, CA",06037430701,Los Angeles County,0.694104134762634,0.178481746185049,0.030927835051546
1852,AQMD_NASA_2,9.8,31080,"Los Angeles-Long Beach-Anaheim, CA",06037408133,Los Angeles County,0.951822707563835,0.260967379077615,0.035023041474654
264013,Red Willow Farm,0.4,42220,"Santa Rosa-Petaluma, CA",06097154305,Sonoma County,0.277956741831569,0.153179190751445,0.184065934065934
1874,Glen Cove Ridge,0.2,46700,"Vallejo, CA",06095250604,Solano County,0.812915947744639,0.259515570934256,0.077763215377894
1914,SCSB_13,6.1,31080,"Los Angeles-Long Beach-Anaheim, CA",06059099509,Orange County,0.354886330085621,0.327328244274809,0.033398821218075
1970,AQMD_NASA_14,3319.2,31080,"Los Angeles-Long Beach-Anaheim, CA",06037272202,Los Angeles County,0.532195750160979,0.220862846104314,0.033731853116994
264145,All Things Bayview Gilman and Arelious Walker,2.0,41860,"San Francisco-Oakland-Fremont, CA",06075023400,San Francisco County,0.920524882396633,0.385721493440969,0.046728971962617
2006,CARB_SMOKE_SLOAPCD_SANTA_MARG,1.5,42020,"San Luis Obispo-Paso Robles, CA",06079012705,San Luis Obispo County,0.148805340829234,0.129066857347158,0.053480141565081
2010,SLOAPCD_RedHills,0.0,42020,"San Luis Obispo-Paso Robles, CA",06079010301,San Luis Obispo County,0.403058707449433,0.213666749195345,0.053152683689422
2018,SCSB_03,10.7,31080,"Los Angeles-Long Beach-Anaheim, CA",06059099510,Orange County,0.314259555962463,0.335545891508354,0.026798307475317
2020,SCSB_07,0.0,31080,"Los Angeles-Long Beach-Anaheim, CA",06059099510,Orange County,0.314259555962463,0.335545891508354,0.026798307475317
2063,Kings Mountain SW,0.2,41860,"San Francisco-Oakland-Fremont, CA",06081613800,San Mateo County,0.324557086614173,0.204338180921863,0.010752688172043
264311,107 Sandringham,1.6,41860,"San Francisco-Oakland-Fremont, CA",06001426100,Alameda County,0.319365079365079,0.023809523809524,0.037158829332456
2169,SCSB_31,5.5,31080,"Los Angeles-Long Beach-Anaheim, CA",06059099510,Orange County,0.314259555962463,0.335545891508354,0.026798307475317
264363,Beautiful Roosedena,17.7,31080,"Los Angeles-Long Beach-Anaheim, CA",06037461200,Los Angeles County,0.414512686744131,0.090649536045682,0.035095928872251
2303,SCSB_26,4.2,31080,"Los Angeles-Long Beach-Anaheim, CA",06059099510,Orange County,0.314259555962463,0.335545891508354,0.026798307475317
2307,SCSB_17,9.5,31080,"Los Angeles-Long Beach-Anaheim, CA",06059099509,Orange County,0.354886330085621,0.327328244274809,0.033398821218075
264458,Rubio Canyon,21.3,31080,"Los Angeles-Long Beach-Anaheim, CA",06037460101,Los Angeles County,0.352587244283995,0.09042461750043,0.066482843137255
2323,SCSB_14,0.1,31080,"Los Angeles-Long Beach-Anaheim, CA",06059099509,Orange County,0.354886330085621,0.327328244274809,0.033398821218075
2336,SCSB_25,4.3,31080,"Los Angeles-Long Beach-Anaheim, CA",06059099509,Orange County,0.354886330085621,0.327328244274809,0.033398821218075
2372,SCSB_22,4.4,31080,"Los Angeles-Long Beach-Anaheim, CA",06059110007,Orange County,0.3208086973107,0.064085447263017,0.065555957986237
2430,AQMD_NASA_19,5.8,31080,"Los Angeles-Long Beach-Anaheim, CA",06059110012,Orange County,0.369195490158609,0.081406459010128,0.058588548601864
2440,AQMD_NASA_36,9.0,31080,"Los Angeles-Long Beach-Anaheim, CA",06037920338,Los Angeles County,0.544151477614581,0.069191293576358,0.104892512972572
264593,oLoco,7.3,41500,"Salinas, CA",06053011502,Monterey County,0.473477406679764,0.409763313609467,0.022644927536232
2496,SCEM_07,7.4,31080,"Los Angeles-Long Beach-Anaheim, CA",06037432202,Los Angeles County,0.944926058133605,0.31302789864346,0.063674321503132
2504,SCEM_03,3.7,31080,"Los Angeles-Long Beach-Anaheim, CA",06037433200,Los Angeles County,0.957532185253302,0.399490229396771,0.064765100671141
2574,"Berkeley Park and Coventry, Kensington, CA, USA",2.0,41860,"San Francisco-Oakland-Fremont, CA",06013391000,Contra Costa County,0.343068535825545,0.039330218068536,0.051383399209486
2649,Porter Ranch,13.2,31080,"Los Angeles-Long Beach-Anaheim, CA",06037108202,Los Angeles County,0.680928832509138,0.09236426562838,0.023449319213313
2713,scem_06,0.2,31080,"Los Angeles-Long Beach-Anaheim, CA",06037433200,Los Angeles County,0.957532185253302,0.399490229396771,0.064765100671141
2717,Atascadero,1.6,42020,"San Luis Obispo-Paso Robles, CA",06079012502,San Luis Obispo County,0.300513698630137,0.348466678088059,0.053701938353988
2835,San Juan Capistrano CA - Peppertree Bend,5.9,31080,"Los Angeles-Long Beach-Anaheim, CA",06059042311,Orange County,0.352485858886573,0.168502530515034,0.019854401058901
2856,Hawthorne Hills West,0.0,41860,"San Francisco-Oakland-Fremont, CA",06041115000,Marin County,0.226365348399247,0.109365018525616,0.070205066344994
2858,Varian Park,0.3,41940,"San Jose-Sunnyvale-Santa Clara, CA",06085507704,Santa Clara County,0.663875598086124,0.076342788171394,0.02048909451421
2883,Union City,1.4,41860,"San Francisco-Oakland-Fremont, CA",06001440334,Alameda County,0.893590695372433,0.102697352140559,0.026051188299817
2916,Waverly Park,0.2,41940,"San Jose-Sunnyvale-Santa Clara, CA",06085509902,Santa Clara County,0.54043048283886,0.107135797588456,0.03006589785832
2946,Venice,0.0,31080,"Los Angeles-Long Beach-Anaheim, CA",06037273300,Los Angeles County,0.406746031746032,0.236111111111111,0.118274111675127
3015,Leona,6.4,41940,"San Jose-Sunnyvale-Santa Clara, CA",06085509802,Santa Clara County,0.51931602279924,0.06148969889065,0.049815498154982
265161,WinterCampWay,0.9,46020,"Truckee-Grass Valley, CA",06057001209,Nevada County,0.253861652115514,0.06178643384822,0.032745591939547
3082,El Cerrito - Rust - Ohlone Greenway,1.7,41860,"San Francisco-Oakland-Fremont, CA",06013388000,Contra Costa County,0.523423091110291,0.146341463414634,0.021276595744681
265253,Atwater,10.9,31080,"Los Angeles-Long Beach-Anaheim, CA",06037187101,Los Angeles County,0.71541762958072,0.183823529411765,0.055457227138643
3127,NW Modesto,2.4,33700,"Modesto, CA",06099000511,Stanislaus County,0.581295948025303,0.081039493930586,0.040312093628088
3167,Rohnerville,1.5,21700,"Eureka-Arcata, CA",06023011000,Humboldt County,0.307408844065167,0.322574372934085,0.072649572649573
3277,Shop,0.0,32900,"Merced, CA",06047002100,Merced County,0.773190748570007,0.382740611788112,0.111661166116612
265417,Upper Riv,8.3,31080,"Los Angeles-Long Beach-Anaheim, CA",06037262400,Los Angeles County,0.187931034482759,0.028275862068966,0.009691629955947
3307,Arroyo Grande Village Glen,0.0,42020,"San Luis Obispo-Paso Robles, CA",06079011800,San Luis Obispo County,0.257967213114754,0.084822019319836,0.01969611705121
3318,Village East Drive,0.1,42220,"Santa Rosa-Petaluma, CA",06097150612,Sonoma County,0.314016442751153,0.104471626228193,0.026252158894646
3327,Stanford South,0.0,41940,"San Jose-Sunnyvale-Santa Clara, CA",06085511502,Santa Clara County,0.324542351846106,0.042096219931271,0.0
3329,Front Office,0.2,32900,"Merced, CA",06047002100,Merced County,0.773190748570007,0.382740611788112,0.111661166116612
3336,Willow Glen West,0.2,41940,"San Jose-Sunnyvale-Santa Clara, CA",06085502203,Santa Clara County,0.632153882688198,0.14189997607083,0.020734812659149
3374,Starlite Acres,0.0,46020,"Truckee-Grass Valley, CA",06057000802,Nevada County,0.15778777761649,0.269036287923855,0.034809245335561
265547,Lincoln and Wash,7.5,31080,"Los Angeles-Long Beach-Anaheim, CA",06037701302,Los Angeles County,0.228204597225098,0.152619589977221,0.038307074451653
265627,Mendonesia,1.9,46380,"Ukiah, CA",06045011004,Mendocino County,0.132592298531163,0.231275720164609,0.045528455284553
265652,CBE20,2.1,41860,"San Francisco-Oakland-Fremont, CA",06001407600,Alameda County,0.746555194302524,0.241865509761388,0.03219696969697
265657,CBE60,0.0,41860,"San Francisco-Oakland-Fremont, CA",06001407101,Alameda County,0.88378978534419,0.514782608695652,0.133630289532294
265689,CBE24,2.5,41860,"San Francisco-Oakland-Fremont, CA",06001409000,Alameda County,0.967255407819012,0.364648714314639,0.045232815964523
265701,CBE44,1.8,41860,"San Francisco-Oakland-Fremont, CA",06001408500,Alameda County,0.973553425630103,0.346304193319119,0.069522471910112
265703,CBE26,2.9,41860,"San Francisco-Oakland-Fremont, CA",06001409800,Alameda County,0.82398177157505,0.170710819297745,0.068237604320079
265727,CBE02,2.1,41860,"San Francisco-Oakland-Fremont, CA",06001405500,Alameda County,0.786259541984733,0.284580498866213,0.055348837209302
3586,Bico de Pato,0.2,31080,"Los Angeles-Long Beach-Anaheim, CA",06037551402,Los Angeles County,0.811303041682313,0.285204656402553,0.073033707865169
265735,Charnock Rd,7.9,31080,"Los Angeles-Long Beach-Anaheim, CA",06037271804,Los Angeles County,0.438690969345485,0.110604805302403,0.076965669988926
265737,CC5,3.4,41500,"Salinas, CA",06053010400,Monterey County,0.936253776435045,0.468731117824773,0.026325279480707
265765,Wakefield Rd,11.6,31080,"Los Angeles-Long Beach-Anaheim, CA",06037920118,Los Angeles County,0.617496279146684,0.129816437903092,0.048708728342596
3631,Meadow Ct,3393.1,42220,"Santa Rosa-Petaluma, CA",06097153405,Sonoma County,0.321544276457883,0.111412306858227,0.054564533053515
265781,CCA3,3.0,41500,"Salinas, CA",06053014700,Monterey County,0.713683351468988,0.323145318143929,0.062094848174684
265801,Javiland,2.9,42100,"Santa Cruz-Watsonville, CA",06087110503,Santa Cruz County,0.881350482315113,0.522236756049706,0.109555690809495
265813,Burbank Sensor,14.1,31080,"Los Angeles-Long Beach-Anaheim, CA",06037310900,Los Angeles County,0.520748694138131,0.123544819557625,0.086910994764398
3666,Isis St,0.6,41860,"San Francisco-Oakland-Fremont, CA",06075017700,San Francisco County,0.640384615384615,0.255679072015466,0.01140174379611
3674,"Benbow, CA",0.1,21700,"Eureka-Arcata, CA",06023011600,Humboldt County,0.194366197183099,0.558145491803279,0.015634395670475
265823,Canyon Crest,16.8,31080,"Los Angeles-Long Beach-Anaheim, CA",06037460301,Los Angeles County,0.649155722326454,0.145712443584784,0.05578435043055
265880,Pasadena Public Health Department,17.0,31080,"Los Angeles-Long Beach-Anaheim, CA",06037460900,Los Angeles County,0.784672619047619,0.359063972040723,0.04491451753115
3779,North Torrance 405&amp;91,0.1,31080,"Los Angeles-Long Beach-Anaheim, CA",06037650102,Los Angeles County,0.649953574744661,0.098885793871866,0.083193277310924
265949,"SM, California",8.6,31080,"Los Angeles-Long Beach-Anaheim, CA",06037701304,Los Angeles County,0.266507557677009,0.105807478122514,0.020235578375113
3848,MARINCC,0.1,42220,"Santa Rosa-Petaluma, CA",06097150609,Sonoma County,0.356746031746032,0.193253968253968,0.031275060144346
3945,Jersey Street Vallejo,0.4,46700,"Vallejo, CA",06095250701,Solano County,0.872869516624756,0.502757619738752,0.080143540669856
4054,Semillas,10.8,31080,"Los Angeles-Long Beach-Anaheim, CA",06037201401,Los Angeles County,0.916666666666667,0.553463203463203,0.111162575266327
4091,Tasca di Stelle,0.0,42220,"Santa Rosa-Petaluma, CA",06097154100,Sonoma County,0.306160882432069,0.137772984631976,0.042950513538749
4103,Almaden Valley,0.7,41940,"San Jose-Sunnyvale-Santa Clara, CA",06085511913,Santa Clara County,0.399221453287197,0.037004977277646,0.021549937836718
4109,North_Glendale,0.0,31080,"Los Angeles-Long Beach-Anaheim, CA",06037300800,Los Angeles County,0.431260457334077,0.162627819022272,0.147952775684501
266249,Florecita Farm (West Gate),19.6,31080,"Los Angeles-Long Beach-Anaheim, CA",06037460401,Los Angeles County,0.741,0.158,0.102290076335878
266279,Patrae Street,8.4,31080,"Los Angeles-Long Beach-Anaheim, CA",06037275311,Los Angeles County,0.549648946840522,0.14704112337011,0.071689831748354
266281,Solimar Beach,11.2,37100,"Oxnard-Thousand Oaks-Ventura, CA",06111009500,Ventura County,0.26594700686948,0.316272965879265,0.057756883814641
4187,"331 Conejo Road, Santa Barbara,CA",8.2,42200,"Santa Maria-Santa Barbara, CA",06083000600,Santa Barbara County,0.353016453382084,0.117733089579525,0.02890365448505
266401,Deer Springs,14.7,31080,"Los Angeles-Long Beach-Anaheim, CA",06037800337,Los Angeles County,0.429329090426943,0.261885790172643,0.173452078032231
4299,Saratoga Scotland near Glasgow Rd,0.6,41940,"San Jose-Sunnyvale-Santa Clara, CA",06085507500,Santa Clara County,0.699147381242387,0.062815381938403,0.041101202016285
4311,Ashby,0.3,40900,"Sacramento-Roseville-Folsom, CA",06061020604,Placer County,0.245207534589098,0.125463118895251,0.036697247706422
4333,Saratoga_Hills,0.8,41940,"San Jose-Sunnyvale-Santa Clara, CA",06085507600,Santa Clara County,0.621136590229312,0.072857619206402,0.035968527538404
266475,2xx Grand,0.0,41860,"San Francisco-Oakland-Fremont, CA",06081610000,San Mateo County,0.411087866108787,0.125289047719151,0.014435221941537
4339,Orinda,0.2,41860,"San Francisco-Oakland-Fremont, CA",06013354002,Contra Costa County,0.236065101541121,0.101175787487299,0.051661730832511
4355,Laurel/California,2.3,42100,"Santa Cruz-Watsonville, CA",06087101001,Santa Cruz County,0.527185501066098,0.420042643923241,0.074095347501436
4391,Nik’s House of Ill Repute,0.7,46700,"Vallejo, CA",06095252313,Solano County,0.548914167528438,0.204498125780925,0.040152963671128
266557,PurpleAir1,14.5,31080,"Los Angeles-Long Beach-Anaheim, CA",06037800202,Los Angeles County,0.14801503022382,0.179872569841529,0.04914089347079
4417,Point Fermin,4.6,31080,"Los Angeles-Long Beach-Anaheim, CA",06037297601,Los Angeles County,0.617775196049956,0.219899911686782,0.040726817042607
4421,Fireplace smoke pollution observation station 1.,1.8,41860,"San Francisco-Oakland-Fremont, CA",06001421600,Alameda County,0.287493513233005,0.133874770762379,0.046242774566474
4431,SchnauzerLogic Studios,0.6,41940,"San Jose-Sunnyvale-Santa Clara, CA",06085506802,Santa Clara County,0.545624468988955,0.104467234486355,0.028079132099553
4445,Still Creek Pl,1.0,41860,"San Francisco-Oakland-Fremont, CA",06013346204,Contra Costa County,0.292120597922473,0.030206879045564,0.063044051701398
4478,Pacific Union College,0.0,34900,"Napa, CA",06055201700,Napa County,0.436582109479306,0.183995491687799,0.054096432771462
4520,"San Luis Obispo, Meadow Street",3.0,42020,"San Luis Obispo-Paso Robles, CA",06079011103,San Luis Obispo County,0.334015195791935,0.288388417665984,0.005635245901639
4571,Marineland Outdoor,6.4,31080,"Los Angeles-Long Beach-Anaheim, CA",06037621005,Los Angeles County,0.143666884674079,0.084460934089917,0.038361266294227
4575,Alum Rock (Pala Ave),0.2,41940,"San Jose-Sunnyvale-Santa Clara, CA",06085503903,Santa Clara County,0.863769056114175,0.229646448264677,0.079552517091361
4588,"Pavion Park, Mission Viejo, CA",4.9,31080,"Los Angeles-Long Beach-Anaheim, CA",06059032020,Orange County,0.359427048634244,0.08927381745503,0.052839785250071
4606,Stevens Canyon,0.0,41940,"San Jose-Sunnyvale-Santa Clara, CA",06085511707,Santa Clara County,0.488349514563107,0.090363454484828,0.00752508361204
4615,Alexander_Ave,0.0,41860,"San Francisco-Oakland-Fremont, CA",06081611300,San Mateo County,0.458956732713304,0.098903330625508,0.089657738095238
266795,CBE64,4.8,41860,"San Francisco-Oakland-Fremont, CA",06001407102,Alameda County,0.925023430178069,0.38252013263856,0.040572792362768
4658,Concord,0.4,41860,"San Francisco-Oakland-Fremont, CA",06013335000,Contra Costa County,0.520210409745293,0.260410882842865,0.030597377367654
266811,CBE38,2.5,41860,"San Francisco-Oakland-Fremont, CA",06001409200,Alameda County,0.987551867219917,0.35935321996097,0.044126416219439
266875,CBE48,2.4,41860,"San Francisco-Oakland-Fremont, CA",06001410300,Alameda County,0.979707166709479,0.462882096069869,0.096318709026727
4793,Buckeye Circle,0.0,41860,"San Francisco-Oakland-Fremont, CA",06041113000,Marin County,0.191860465116279,0.154804763223484,0.038292253521127
4797,Glengarry,0.0,42100,"Santa Cruz-Watsonville, CA",06087120700,Santa Cruz County,0.160481927710843,0.096626506024096,0.032846715328467
267019,CbadisRad!,5.5,41740,"San Diego-Chula Vista-Carlsbad, CA",06073017801,San Diego County,0.345617667356798,0.202346445824707,0.125460284061021
4974,Coastal Peak,4.5,31080,"Los Angeles-Long Beach-Anaheim, CA",06059062643,Orange County,0.411559778305622,0.102612826603325,0.026012634708287
4980,Cameron Airpark,0.9,40900,"Sacramento-Roseville-Folsom, CA",06017030810,El Dorado County,0.30842860941239,0.253222341568206,0.112413425679275
5016,AQMD_NR_04,13.4,31080,"Los Angeles-Long Beach-Anaheim, CA",06037571701,Los Angeles County,0.90473328324568,0.529082096334444,0.098800505050505
267289,CBE36,2.4,41860,"San Francisco-Oakland-Fremont, CA",06001408700,Alameda County,0.909737124463519,0.509269210102096,0.069739235900546
5151,Alamo-Erselia Trail,0.0,41860,"San Francisco-Oakland-Fremont, CA",06013346102,Contra Costa County,0.26704966641957,0.073611628773761,0.00110987791343
267299,CBE40,2.6,41860,"San Francisco-Oakland-Fremont, CA",06001405700,Alameda County,0.849517319704713,0.386564190150868,0.052446011458792
267305,CBE04,1.8,41860,"San Francisco-Oakland-Fremont, CA",06001408900,Alameda County,0.956774519716886,0.529547198772064,0.142352347299344
267313,Back yard,19.5,31080,"Los Angeles-Long Beach-Anaheim, CA",06037461300,Los Angeles County,0.264455264759586,0.191075870646766,0.021718602455146
267331,Scott-Fox Puppy,17.0,31080,"Los Angeles-Long Beach-Anaheim, CA",06037461000,Los Angeles County,0.866793365583967,0.247277836318932,0.089268132589432
5218,SCAP_50,3.2,31080,"Los Angeles-Long Beach-Anaheim, CA",06037480903,Los Angeles County,0.919127086007702,0.424701709126088,0.036783042394015
267457,Campina,1.6,41860,"San Francisco-Oakland-Fremont, CA",06001442000,Alameda County,0.852970795568983,0.100238663484487,0.034236804564907
5340,IEAS_SCANS_001_outdoor,1.8,40900,"Sacramento-Roseville-Folsom, CA",06113010513,Yolo County,0.390019071837254,0.52827140549273,0.039877300613497
267533,"2 miles S of Mt. Laguna, CA",3.0,41740,"San Diego-Chula Vista-Carlsbad, CA",06073021102,San Diego County,0.444642221431114,0.360239162929746,0.104938271604938
5448,Sunnyside Eagles Outside,2.7,41860,"San Francisco-Oakland-Fremont, CA",06075031100,San Francisco County,0.621858097359211,0.101654470251352,0.061486322924231
267621,Pali Circle No 1,13.1,31080,"Los Angeles-Long Beach-Anaheim, CA",06037262601,Los Angeles County,0.291891891891892,0.064203513022411,0.023367697594502
267631,Pali circle #2,10.6,31080,"Los Angeles-Long Beach-Anaheim, CA",06037262601,Los Angeles County,0.291891891891892,0.064203513022411,0.023367697594502
5488,Spruce @ 16th,2.1,41500,"Salinas, CA",06053012200,Monterey County,0.261023622047244,0.1323706377858,0.051709758131776
5504,Adamsboro,8.6,31080,"Los Angeles-Long Beach-Anaheim, CA",06037920313,Los Angeles County,0.61928193912885,0.158576642335766,0.022635135135135
267653,XRDS Elementary School,8.6,31080,"Los Angeles-Long Beach-Anaheim, CA",06037701802,Los Angeles County,0.605893536121673,0.33152594887684,0.058143607705779
267669,17220 Palisades Cir.,11.1,31080,"Los Angeles-Long Beach-Anaheim, CA",06037262601,Los Angeles County,0.291891891891892,0.064203513022411,0.023367697594502
267701,CBE32,2.1,41860,"San Francisco-Oakland-Fremont, CA",06001408700,Alameda County,0.909737124463519,0.509269210102096,0.069739235900546
267703,1333 Jones St.,5.3,41860,"San Francisco-Oakland-Fremont, CA",06075011200,San Francisco County,0.442233856893543,0.162652705061082,0.06964656964657
267697,CBE14,2.1,41860,"San Francisco-Oakland-Fremont, CA",06001407102,Alameda County,0.925023430178069,0.38252013263856,0.040572792362768
267699,CBE10,3.0,41860,"San Francisco-Oakland-Fremont, CA",06001409300,Alameda County,0.977537872192234,0.440899581589958,0.050661625708885
5574,CCA 31st and Chestnut,6.0,31080,"Los Angeles-Long Beach-Anaheim, CA",06037572201,Los Angeles County,0.797546012269939,0.416007194244604,0.116785835886959
5650,Midtown Santa Cruz,2.4,42100,"Santa Cruz-Watsonville, CA",06087100801,Santa Cruz County,0.378247580234335,0.305484366991287,0.04009848751319
5744,Alto,7.8,37100,"Oxnard-Thousand Oaks-Ventura, CA",06111001102,Ventura County,0.242217367558711,0.222465154413774,0.055194805194805
5776,Jersey Noe Air Station Alpha,0.0,41860,"San Francisco-Oakland-Fremont, CA",06075021300,San Francisco County,0.359744648892227,0.113781449493053,0.026602176541717
5800,Hope Ranch,4.9,42200,"Santa Maria-Santa Barbara, CA",06083003007,Santa Barbara County,0.261395610579629,0.107868383404864,0.030570252792475
5804,Oxford Triangle,0.0,31080,"Los Angeles-Long Beach-Anaheim, CA",06037274100,Los Angeles County,0.369837148926127,0.232860520094563,0.053977272727273
5810,Hunting Palisades,6.5,31080,"Los Angeles-Long Beach-Anaheim, CA",06037262802,Los Angeles County,0.212984054669704,0.132687927107062,0.045604758757436
5820,Tehachapi Alta Estates ,1.0,12540,"Bakersfield-Delano, CA",06029006102,Kern County,0.402909678722974,0.307739307535642,0.070445789763346
5868,Alpine Hills,2.1,41860,"San Francisco-Oakland-Fremont, CA",06081613200,San Mateo County,0.249306670559042,0.075949367088608,0.044481605351171
268079,S.T.A.R. Labs Satellite,5.7,31080,"Los Angeles-Long Beach-Anaheim, CA",06059063601,Orange County,0.372562674094708,0.129703201682636,0.059962756052142
268118,Picadilly,13.8,31080,"Los Angeles-Long Beach-Anaheim, CA",06037920118,Los Angeles County,0.617496279146684,0.129816437903092,0.048708728342596
268133,CBE42,1.4,41860,"San Francisco-Oakland-Fremont, CA",06001408200,Alameda County,0.83180496533214,0.212291760468258,0.03324208056316
268139,Williams Ranch North,13.9,31080,"Los Angeles-Long Beach-Anaheim, CA",06037920119,Los Angeles County,0.584080717488789,0.048505358150028,0.020387359836901
6086,Ruscello Ln,0.0,23420,"Fresno, CA",06019006405,Fresno County,0.246339202965709,0.133642261353105,0.028301886792453
6162,CCA 179th and Amie,6.5,31080,"Los Angeles-Long Beach-Anaheim, CA",06037650300,Los Angeles County,0.773273273273273,0.275689223057644,0.060709592641261
6170,CCA Hillcrest and Obama,6.4,31080,"Los Angeles-Long Beach-Anaheim, CA",06037219500,Los Angeles County,0.886020457866537,0.199220652703361,0.043516873889876
6178,CCA Carson and Elm,6.3,31080,"Los Angeles-Long Beach-Anaheim, CA",06037571800,Los Angeles County,0.558594964252409,0.143311089926915,0.059819413092551
6186,CCA Michelangelo and Vitruvius,0.6,41860,"San Francisco-Oakland-Fremont, CA",06013302011,Contra Costa County,0.72736520854527,0.167551020408163,0.132703368940016
6198,CCA Cam Verde and Via Sereno,7.6,31080,"Los Angeles-Long Beach-Anaheim, CA",06059021802,Orange County,0.403017765879776,0.16172439571393,0.021728515625
6214,CCA Locust and Southgate,7.9,31080,"Los Angeles-Long Beach-Anaheim, CA",06059001902,Orange County,0.769812462189958,0.397826086956522,0.088679245283019
6220,CCA 27th and Brighton,10.8,31080,"Los Angeles-Long Beach-Anaheim, CA",06037222200,Los Angeles County,0.931707317073171,0.405648267008986,0.094045368620038
268443,Bonview Elementary,10.1,40140,"Riverside-San Bernardino-Ontario, CA",06071001803,San Bernardino County,0.828727691421992,0.161824520627542,0.0509977827051
6384,Sausalito 2,1.1,41860,"San Francisco-Oakland-Fremont, CA",06041130203,Marin County,0.220952380952381,0.13992359121299,0.131159969673995
6408,Amberwood,1.7,41940,"San Jose-Sunnyvale-Santa Clara, CA",06085512307,Santa Clara County,0.542931483087598,0.128308983075365,0.057365919891378
6456,AQMD_NASA_37,0.0,31080,"Los Angeles-Long Beach-Anaheim, CA",06037920045,Los Angeles County,0.3733303650935,0.072128227960819,0.067230273752013
6458,AQMD_NASA_33,13.3,31080,"Los Angeles-Long Beach-Anaheim, CA",06037460800,Los Angeles County,0.487762237762238,0.044405594405594,0.043509272467903
6472,AQMD_NASA_34,8.8,31080,"Los Angeles-Long Beach-Anaheim, CA",06037185102,Los Angeles County,0.398644833427442,0.123658949745906,0.10632318501171
268632,López Family,2.5,42100,"Santa Cruz-Watsonville, CA",06087122500,Santa Cruz County,0.873835125448029,0.339703980456962,0.078595837216527
268708,PCE,4.8,31080,"Los Angeles-Long Beach-Anaheim, CA",06037262601,Los Angeles County,0.291891891891892,0.064203513022411,0.023367697594502
6572,Heritage Oaks Park,33.0,41940,"San Jose-Sunnyvale-Santa Clara, CA",06085510001,Santa Clara County,0.418663092645334,0.048947458497347,0.033395176252319
6648,FRAQMD office,1.9,49700,"Yuba City, CA",06101050102,Sutter County,0.54380664652568,0.496120780037744,0.139134481154025
268830,Robinson Park,16.6,31080,"Los Angeles-Long Beach-Anaheim, CA",06037461600,Los Angeles County,0.868607825295723,0.366204885162231,0.08952644313861
6736,Duarte Hills,17.0,31080,"Los Angeles-Long Beach-Anaheim, CA",06037430003,Los Angeles County,0.636251287332647,0.064675592173018,0.029811320754717
268888,Lamanda Park Library,15.6,31080,"Los Angeles-Long Beach-Anaheim, CA",06037463200,Los Angeles County,0.631271878646441,0.120165338057278,0.081570996978852
6764,SCNP_14_Shandon,1.4,42020,"San Luis Obispo-Paso Robles, CA",06079010301,San Luis Obispo County,0.403058707449433,0.213666749195345,0.053152683689422
268916,Linda Vista Library,21.0,31080,"Los Angeles-Long Beach-Anaheim, CA",06037460800,Los Angeles County,0.487762237762238,0.044405594405594,0.043509272467903
6780,AirMonitor,2.1,23420,"Fresno, CA",06039000110,Madera County,0.224012576144626,0.23491124260355,0.132957990472066
268966,Washington Park,18.7,31080,"Los Angeles-Long Beach-Anaheim, CA",06037462100,Los Angeles County,0.779742096505824,0.23458080702488,0.046050420168067
6836,SCSG_15,4.9,31080,"Los Angeles-Long Beach-Anaheim, CA",06037536102,Los Angeles County,0.873959230548378,0.383290267011197,0.040939193257074
6852,AQMD_NASA_291,22.1,31080,"Los Angeles-Long Beach-Anaheim, CA",06037460501,Los Angeles County,0.521296645307199,0.121269361541368,0.070337806571032
6898,AQMD_NASA_49,10.0,31080,"Los Angeles-Long Beach-Anaheim, CA",06037408629,Los Angeles County,0.90271863740583,0.20164744645799,0.080405002977963
6962,Brentwood Fiano Ln,0.1,41860,"San Francisco-Oakland-Fremont, CA",06013304001,Contra Costa County,0.452247667514843,0.096647280191584,0.036482334869432
269172,Victory Park,13.7,31080,"Los Angeles-Long Beach-Anaheim, CA",06037462500,Los Angeles County,0.579950418345212,0.091469194312796,0.016571256402531
7026,SAW,1.8,23420,"Fresno, CA",06039000110,Madera County,0.224012576144626,0.23491124260355,0.132957990472066
269192,MonteCedro,17.4,31080,"Los Angeles-Long Beach-Anaheim, CA",06037461100,Los Angeles County,0.6486646884273,0.175469831849654,0.037765538945712
269238,Roble ADU,0.2,41860,"San Francisco-Oakland-Fremont, CA",06081612600,San Mateo County,0.309011893870082,0.082518483186263,0.019191506737444
269275,D.H. White Elementary,0.0,46700,"Vallejo, CA",06095253502,Solano County,0.45492432550998,0.230313665277473,0.047867298578199
269283,St Catherines,0.2,46700,"Vallejo, CA",06095252108,Solano County,0.308744993324433,0.119158878504673,0.092345078979344
269293,East K St.,0.2,46700,"Vallejo, CA",06095252102,Solano County,0.432054924242424,0.175592417061611,0.055661274976213
269303,Loma Vista,15.5,31080,"Los Angeles-Long Beach-Anaheim, CA",06037462600,Los Angeles County,0.436781609195402,0.122274476271911,0.118780096308186
269299,Stonegate,2.2,46700,"Vallejo, CA",06095252912,Solano County,0.460600545950864,0.076251137397634,0.027089527585068
269311,Phoenix,0.2,46700,"Vallejo, CA",06095251901,Solano County,0.828184658104825,0.365599404318689,0.118637431480031
269319,JB Benicia,0.2,46700,"Vallejo, CA",06095252106,Solano County,0.400982362134405,0.141995981245814,0.010174418604651
269372,Tom,0.0,41940,"San Jose-Sunnyvale-Santa Clara, CA",06085502400,Santa Clara County,0.335070198292083,0.112690355329949,0.021749876421157
7272,Rancho Palos Verdes (Silver Spur),5.8,31080,"Los Angeles-Long Beach-Anaheim, CA",06037670418,Los Angeles County,0.484309852973447,0.048134245970413,0.040473840078973
7278,Natomas-Clayton Way,0.9,40900,"Sacramento-Roseville-Folsom, CA",06067007106,Sacramento County,0.713633014001474,0.110243183492999,0.05726872246696
7282,Linda Mar Valley,0.9,41860,"San Francisco-Oakland-Fremont, CA",06081603200,San Mateo County,0.31904634342352,0.08414766558089,0.024617067833698
7284,ShippAQWx,2.3,23420,"Fresno, CA",06019005508,Fresno County,0.602069305304648,0.121975308641975,0.015640599001664
7290,Hacienda,8.9,31080,"Los Angeles-Long Beach-Anaheim, CA",06037123601,Los Angeles County,0.504761904761905,0.344347133757962,0.073544789125131
7316,Ecole Bilingue de Berkeley,5.5,41860,"San Francisco-Oakland-Fremont, CA",06001422000,Alameda County,0.505095801059927,0.172910662824208,0.022349570200573
7428,Browns Valley,0.0,34900,"Napa, CA",06055200703,Napa County,0.185111989459816,0.092226613965744,0.052203389830508
269582,HABEMATOLEL 4 BLUE LAKES,0.0,17340,"Clearlake, CA",06033000100,Lake County,0.359025219608954,0.395089922923209,0.105518496058217
269614,Sherwood wearhouse,0.2,46380,"Ukiah, CA",06045010700,Mendocino County,0.306113843991567,0.333285998295939,0.103274559193955
269616,MLS-Middletown- Air1,0.0,17340,"Clearlake, CA",06033001302,Lake County,0.310306282137268,0.245974329054842,0.142602495543672
269638,MLS-Cahto-3,0.4,46380,"Ukiah, CA",06045010200,Mendocino County,0.299716356760164,0.546662448592218,0.178807947019868
269634,MLS-TRIAD- 1Redwood Valley Rancheria,0.1,46380,"Ukiah, CA",06045010801,Mendocino County,0.415876777251185,0.370006770480704,0.072685788787484
269644,MLS-Big Valley - 48,0.1,17340,"Clearlake, CA",06033001000,Lake County,0.506167464809171,0.497032640949555,0.092575039494471
269646,Potter Valley Tribal Office,0.4,46380,"Ukiah, CA",06045011600,Mendocino County,0.546567323044172,0.3677663601947,0.086180713743356
269652,MLS-HABEMATOLEL-1,0.5,17340,"Clearlake, CA",06033000100,Lake County,0.359025219608954,0.395089922923209,0.105518496058217
269666,MLS-Cahto-2,0.0,46380,"Ukiah, CA",06045010200,Mendocino County,0.299716356760164,0.546662448592218,0.178807947019868
269676,Old Sherwood rez,0.0,46380,"Ukiah, CA",06045010200,Mendocino County,0.299716356760164,0.546662448592218,0.178807947019868
269672,HABEMATOLEL 5 EDUCATION CENTER,0.1,17340,"Clearlake, CA",06033000100,Lake County,0.359025219608954,0.395089922923209,0.105518496058217
7562,2264 University,0.6,40900,"Sacramento-Roseville-Folsom, CA",06067005404,Sacramento County,0.239340920672669,0.158824528622388,0.013260795647739
269902,Nelavida,21.6,31080,"Los Angeles-Long Beach-Anaheim, CA",06037186301,Los Angeles County,0.823596792668958,0.407638347622759,0.121233356692362
7794,Bretz Mill,3.4,23420,"Fresno, CA",06019006409,Fresno County,0.344827586206897,0.251920122887865,0.037974683544304
7806,Davis (Ivy Town 2),0.9,40900,"Sacramento-Roseville-Folsom, CA",06113010602,Yolo County,0.49778156996587,0.511783327470981,0.043655097613883
269978,JEN AIR,0.0,43760,"Sonora, CA",06109005101,Tuolumne County,0.18161518422032,0.326420029895366,0.07358024691358
7846,Hillside Ave,1.7,41500,"Salinas, CA",06053012000,Monterey County,0.42456608811749,0.18958611481976,0.04525627044711
7964,Upper Lake Middle School,0.0,17340,"Clearlake, CA",06033000100,Lake County,0.359025219608954,0.395089922923209,0.105518496058217
7968,CARB_SMOKE_LCAQMD_KV_HIGH,0.0,17340,"Clearlake, CA",06033001000,Lake County,0.506167464809171,0.497032640949555,0.092575039494471
8064,CARB_SMOKE_LCAQMD_LUCERNE_ELE,0.0,17340,"Clearlake, CA",06033000501,Lake County,0.233926128590971,0.510211145725164,0.089381207028266
8076,CARB_SMOKE_TCAPCD_CORNINGHIGHSCHOOL,0.8,39780,"Red Bluff, CA",06103001000,Tehama County,0.5662100456621,0.363335100742312,0.042525773195876
8078,CARB_SMOKE_LCAQMD_CLEARLAKE_COMMUNITY_SCHOOL,0.0,17340,"Clearlake, CA",06033000801,Lake County,0.401149036836769,0.552762039660057,0.181303116147309
8080,CARB_SMOKE_EDCAQMD_Pollock Pines,0.0,40900,"Sacramento-Roseville-Folsom, CA",06017031302,El Dorado County,0.142716292827212,0.426106526631658,0.041505257332595
8092,CARB_SMOKE_EDCAQMD_Georgetown,22.9,40900,"Sacramento-Roseville-Folsom, CA",06017030603,El Dorado County,0.183106267029973,0.227608874281019,0.02315661182206
8116,CARB_SMOKE_SHASTAAQMD_ENTERPRISEHSQUAD,1.7,39820,"Redding, CA",06089011209,Shasta County,0.448762635064482,0.450884456153557,0.059435364041605
8130,CARB_SMOKE_LCAQMD_LLOYD_HANCE,0.0,17340,"Clearlake, CA",06033001000,Lake County,0.506167464809171,0.497032640949555,0.092575039494471
8136,CARB_SMOKE_SHASTAAQMD_IGOONOSCHOOL,0.6,39820,"Redding, CA",06089012400,Shasta County,0.134958382877527,0.243283582089552,0.094928478543563
8140,CARB_SMOKE_BCAQMD_BIGGS,2.9,17020,"Chico, CA",06007003600,Butte County,0.34367708819412,0.237672353353587,0.085187194791101
8192,CARB_SMOKE_BCAQMD_NORD,1.9,17020,"Chico, CA",06007001400,Butte County,0.179281055665099,0.174874218630889,0.037305122494432
8218,CARB SMOKE EDCAQMD Fresh Pond,1.0,40900,"Sacramento-Roseville-Folsom, CA",06017031406,El Dorado County,0.075229357798165,0.144948453608247,0.051903114186851
8242,Covelo PA,0.1,46380,"Ukiah, CA",06045010100,Mendocino County,0.64496833216045,0.612093352192362,0.207641196013289
8268,MDAQMD-HLND-CSDPARK,3.3,40140,"Riverside-San Bernardino-Ontario, CA",06071011601,San Bernardino County,0.555676066522053,0.166847433116414,0.02782012195122
8274,MDAQMD-JBWD,5.2,40140,"Riverside-San Bernardino-Ontario, CA",06071010420,San Bernardino County,0.2954717935745,0.45058064516129,0.073747936158503
8288,MDAQMD-SVUSD-SVHS,5.9,40140,"Riverside-San Bernardino-Ontario, CA",06071011900,San Bernardino County,0.430102724430549,0.417641764176418,0.096852300242131
8292,MDAQMD-SVUSD-FI-FIMS,2.0,40140,"Riverside-San Bernardino-Ontario, CA",06071025000,San Bernardino County,0.490686652705831,0.370551660272523,0.153592617007251
8294,MDAQMD-SVUSD-NSES,1.3,40140,"Riverside-San Bernardino-Ontario, CA",06071010300,San Bernardino County,0.507893952934167,0.442598187311178,0.210693825588797
8296,MDAQMD-IRON-MOUNTAIN,0.6,40140,"Riverside-San Bernardino-Ontario, CA",06071010425,San Bernardino County,0.418275418275418,0.463320463320463,0.042452830188679
8300,MDAQMD-AV-LCER,2.4,40140,"Riverside-San Bernardino-Ontario, CA",06071009717,San Bernardino County,0.466891403804479,0.193354201781844,0.10757180156658
8304,MDAQMD-NDLS-HS,0.5,40140,"Riverside-San Bernardino-Ontario, CA",06071010700,San Bernardino County,0.502416756176155,0.556122448979592,0.12578125
8310,MDAQMD-HES2,5.1,40140,"Riverside-San Bernardino-Ontario, CA",06071010033,San Bernardino County,0.755971896955504,0.714217098943324,0.199430199430199
8320,MDAQMD-SVUSD-FI-LE,0.7,40140,"Riverside-San Bernardino-Ontario, CA",06071025000,San Bernardino County,0.490686652705831,0.370551660272523,0.153592617007251
8322,MDAQMD-MWD-GC2,6.8,40140,"Riverside-San Bernardino-Ontario, CA",06071025100,San Bernardino County,0.473012188044109,0.424242424242424,0.227678571428571
8326,MDAQMD-SJUSD-PH,6.7,40140,"Riverside-San Bernardino-Ontario, CA",06071009120,San Bernardino County,0.578859060402685,0.517827181208054,0.153889515219842
8334,MDAQMD-SJUSD-WRI,0.3,40140,"Riverside-San Bernardino-Ontario, CA",06071009201,San Bernardino County,0.219233355749832,0.215686274509804,0.024181360201511
8340,MDAQMD-VVUHSD-HAWKS,4.0,40140,"Riverside-San Bernardino-Ontario, CA",06071009138,San Bernardino County,0.814828144682383,0.437015678500631,0.039739027283511
8368,Upper Vista Tesoro,4.6,42020,"San Luis Obispo-Paso Robles, CA",06079012306,San Luis Obispo County,0.164542067071975,0.10200078462142,0.010780508840017
270534,Playhouse Village Park,17.1,31080,"Los Angeles-Long Beach-Anaheim, CA",06037462202,Los Angeles County,0.635038969840732,0.302140883977901,0.067174845164364
270542,La Pintoresca,17.8,31080,"Los Angeles-Long Beach-Anaheim, CA",06037461502,Los Angeles County,0.786389111289031,0.423520923520923,0.056646525679758
8444,Chino Hills (Alterra),9.7,40140,"Riverside-San Bernardino-Ontario, CA",06071000121,San Bernardino County,0.772207973886687,0.113896013056657,0.089482612383376
270654,Highlands,9.6,31080,"Los Angeles-Long Beach-Anaheim, CA",06037262601,Los Angeles County,0.291891891891892,0.064203513022411,0.023367697594502
8628,Rosamond csd,1.4,12540,"Bakersfield-Delano, CA",06029005805,Kern County,0.509191176470588,0.250459558823529,0.025195482189401
8684,Altura Ave (outside),11.6,31080,"Los Angeles-Long Beach-Anaheim, CA",06037300400,Los Angeles County,0.582693649685973,0.131210636808957,0.106329113924051
8702,Ridgecrest Indian Wells Valley water district,1.3,12540,"Bakersfield-Delano, CA",06029005509,Kern County,0.370899352823031,0.244979919678715,0.102424542305789
270944,Community Center,1.0,34900,"Napa, CA",06055201200,Napa County,0.413342053629823,0.253978635273599,0.078616352201258
271012,676 Palisades Drive 90272,6.4,31080,"Los Angeles-Long Beach-Anaheim, CA",06037265201,Los Angeles County,0.333078393881453,0.159146045608928,0.118234804329725
271008,Alameda Lookout,1.4,41860,"San Francisco-Oakland-Fremont, CA",06001428700,Alameda County,0.77412367073651,0.358354961070074,0.07829869502175
8956,CCA 4th and Los Altos,4.3,31080,"Los Angeles-Long Beach-Anaheim, CA",06037577605,Los Angeles County,0.289075630252101,0.117016806722689,0.045202558635394
8982,CCA Anza and Carson,8.1,31080,"Los Angeles-Long Beach-Anaheim, CA",06037650702,Los Angeles County,0.526751592356688,0.03258785942492,0.046993229788929
8988,"321 Wellington Ave, Clyde, CA",0.1,41860,"San Francisco-Oakland-Fremont, CA",06013315000,Contra Costa County,0.70864262990456,0.204648677531392,0.08248730964467
9140,CCA Big Blue and Gracie,3.1,46020,"Truckee-Grass Valley, CA",06057000802,Nevada County,0.15778777761649,0.269036287923855,0.034809245335561
271303,Tomarian,9.9,31080,"Los Angeles-Long Beach-Anaheim, CA",06037195803,Los Angeles County,0.544874521480221,0.296894938324117,0.091414453366275
9158,CCA Carnes and Seeley,2.1,40140,"Riverside-San Bernardino-Ontario, CA",06065045234,Riverside County,0.501007658202338,0.136859103754542,0.031586770717205
9162,CCA Semilon and Viognier,3.2,41940,"San Jose-Sunnyvale-Santa Clara, CA",06085512509,Santa Clara County,0.815417080436941,0.10612295797481,0.056860321384425
9168,CCA Bates and Sunset,4.9,31080,"Los Angeles-Long Beach-Anaheim, CA",06037195300,Los Angeles County,0.397175335859456,0.266276265931795,0.166186359269933
9172,Temescal,12.2,40140,"Riverside-San Bernardino-Ontario, CA",06065042007,Riverside County,0.383527305282005,0.162225423118473,0.049258936355711
9180,SCTV_30,10.7,40140,"Riverside-San Bernardino-Ontario, CA",06065041915,Riverside County,0.598913886733902,0.223096531087222,0.066258225550261
9190,CCA Tierra Grande and Via Paloma,0.4,41500,"Salinas, CA",06053011606,Monterey County,0.312089356110381,0.090693739424704,0.02851587815943
9196,SCTV_12,8.6,40140,"Riverside-San Bernardino-Ontario, CA",06065048100,Riverside County,0.574063231850117,0.131879391100703,0.077492726791854
9206,SCTV_27,11.0,40140,"Riverside-San Bernardino-Ontario, CA",06065041914,Riverside County,0.760603520536463,0.160603520536463,0.040890836071559
9214,SCPR_25,1.6,42020,"San Luis Obispo-Paso Robles, CA",06079010205,San Luis Obispo County,0.439317773788151,0.245960502692998,0.07443915703603
9244,SCPLB_04,10.1,40140,"Riverside-San Bernardino-Ontario, CA",06071000115,San Bernardino County,0.801120448179272,0.171218487394958,0.040734636213798
9274,CCA Crownridge and Royal Woods,10.7,31080,"Los Angeles-Long Beach-Anaheim, CA",06037141500,Los Angeles County,0.193901226383825,0.056678820019887,0.025928521373511
9282,CCA Alezane and Rugosa,0.2,40900,"Sacramento-Roseville-Folsom, CA",06067008402,Sacramento County,0.336113002042206,0.203798767967146,0.08148861084376
9294,CCA 121 and Waters,0.9,34900,"Napa, CA",06055201401,Napa County,0.247252747252747,0.107927786499215,0.027937551355793
271455,Alta Vista Way,0.2,41940,"San Jose-Sunnyvale-Santa Clara, CA",06085504202,Santa Clara County,0.647944550669216,0.126195028680688,0.044258872651357
9314,SCTV_31,13.1,40140,"Riverside-San Bernardino-Ontario, CA",06065041914,Riverside County,0.760603520536463,0.160603520536463,0.040890836071559
9336,SCTV_42,6.4,40140,"Riverside-San Bernardino-Ontario, CA",06065041910,Riverside County,0.550438309564307,0.282088185267565,0.030532288570657
9340,SCTV_35,11.0,40140,"Riverside-San Bernardino-Ontario, CA",06065043007,Riverside County,0.539145667699771,0.249661154784494,0.070937003705664
9356,Oz Terramor,10.3,40140,"Riverside-San Bernardino-Ontario, CA",06065042007,Riverside County,0.383527305282005,0.162225423118473,0.049258936355711
9364,SCTV_39,10.7,40140,"Riverside-San Bernardino-Ontario, CA",06065041915,Riverside County,0.598913886733902,0.223096531087222,0.066258225550261
9386,SCTV_22,10.3,40140,"Riverside-San Bernardino-Ontario, CA",06065048100,Riverside County,0.574063231850117,0.131879391100703,0.077492726791854
9390,SCTV_09,5.9,40140,"Riverside-San Bernardino-Ontario, CA",06065043007,Riverside County,0.539145667699771,0.249661154784494,0.070937003705664
9392,SCTV_45,13.4,40140,"Riverside-San Bernardino-Ontario, CA",06065041910,Riverside County,0.550438309564307,0.282088185267565,0.030532288570657
9398,Sctv_03,10.1,40140,"Riverside-San Bernardino-Ontario, CA",06065041914,Riverside County,0.760603520536463,0.160603520536463,0.040890836071559
9408,SCTV_36 (Sky View),13.2,40140,"Riverside-San Bernardino-Ontario, CA",06065041914,Riverside County,0.760603520536463,0.160603520536463,0.040890836071559
271819,NASA_AERONET_Turlock_CA_USA,2.2,33700,"Modesto, CA",06099003610,Stanislaus County,0.615951615951616,0.391216760676873,0.056288819875776
271856,Cerezes,2.6,42100,"Santa Cruz-Watsonville, CA",06087110101,Santa Cruz County,0.80592699674738,0.533429707264185,0.01373182552504
271858,AllisonSt,5.4,41500,"Salinas, CA",06053010101,Monterey County,0.879475205692684,0.553765880217786,0.190501319261214
271866,Corralitos1,2.5,42100,"Santa Cruz-Watsonville, CA",06087122401,Santa Cruz County,0.220131702728128,0.464722483537159,0.035714285714286
271886,KCAPALMD242-PurpleAir,1.9,40140,"Riverside-San Bernardino-Ontario, CA",06065045115,Riverside County,0.126895002807412,0.106103822019395,0.062407132243685
9750,Las Cumbres,0.1,42100,"Santa Cruz-Watsonville, CA",06087120500,Santa Cruz County,0.231797397115723,0.114417286574566,0.069718731298624
271896,Pepper,16.4,31080,"Los Angeles-Long Beach-Anaheim, CA",06037461200,Los Angeles County,0.414512686744131,0.090649536045682,0.035095928872251
271908,Pajaro 4,2.9,41500,"Salinas, CA",06053010101,Monterey County,0.879475205692684,0.553765880217786,0.190501319261214
10544,R1180_UMCW,7.4,31080,"Los Angeles-Long Beach-Anaheim, CA",06037294820,Los Angeles County,0.9869261173609,0.758893280632411,0.035143769968051
272771,Pajaro2,2.1,41500,"Salinas, CA",06053010101,Monterey County,0.879475205692684,0.553765880217786,0.190501319261214
272777,"Glemar Street, Watsonville",3.4,42100,"Santa Cruz-Watsonville, CA",06087110202,Santa Cruz County,0.771003877638949,0.387772737092245,0.114410134600158
272833,Oak Tree Outdoors,0.7,42220,"Santa Rosa-Petaluma, CA",06097150100,Sonoma County,0.221269296740995,0.200869565217391,0.030854430379747
272891,Sotoyone Outside,1.1,40900,"Sacramento-Roseville-Folsom, CA",06061020106,Placer County,0.234749034749035,0.215444015444015,0.0
272935,Velaslavasay Panorama,10.9,31080,"Los Angeles-Long Beach-Anaheim, CA",06037221710,Los Angeles County,0.912110726643599,0.52649930264993,0.148471615720524
10862,AP1,11.9,31080,"Los Angeles-Long Beach-Anaheim, CA",06037189906,Los Angeles County,0.412173202614379,0.217728758169935,0.059051306873185
10872,R1180_SLKE,6.0,31080,"Los Angeles-Long Beach-Anaheim, CA",06037572301,Los Angeles County,0.925697424892704,0.380926578163099,0.047109207708779
10890,CLARS,14.7,31080,"Los Angeles-Long Beach-Anaheim, CA",06037930400,Los Angeles County,0.609400324149109,0.206273764258555,0.069548872180451
11006,Home-garage,6.4,31080,"Los Angeles-Long Beach-Anaheim, CA",06037276000,Los Angeles County,0.453623846270238,0.085993584848022,0.051134946370666
11024,DAAC Budlong and Milton,7.0,31080,"Los Angeles-Long Beach-Anaheim, CA",06037543502,Los Angeles County,0.910071942446043,0.235995740149095,0.070915032679739
11032,Hollister_snnyslp_ln,1.8,41940,"San Jose-Sunnyvale-Santa Clara, CA",06069000601,San Benito County,0.731275801061529,0.29555865365465,0.060862555421201
11036,DAAC Berendo and Torrance,6.8,31080,"Los Angeles-Long Beach-Anaheim, CA",06037543502,Los Angeles County,0.910071942446043,0.235995740149095,0.070915032679739
11116,River House,1.8,47300,"Visalia, CA",06107000101,Tulare County,0.191791044776119,0.119402985074627,0.046613255644574
273327,APS,10.9,42200,"Santa Maria-Santa Barbara, CA",06083000600,Santa Barbara County,0.353016453382084,0.117733089579525,0.02890365448505
273367,Pali Purple,7.1,31080,"Los Angeles-Long Beach-Anaheim, CA",06037262706,Los Angeles County,0.116838487972509,0.095074455899198,0.037181996086106
273369,Cat city,2.7,40140,"Riverside-San Bernardino-Ontario, CA",06065044916,Riverside County,0.730473258945748,0.518661023470566,0.127680798004988
273383,Everett Ranch,0.0,42220,"Santa Rosa-Petaluma, CA",06097154000,Sonoma County,0.278116826503923,0.095092024539877,0.039028620988725
273491,Outside,18.1,31080,"Los Angeles-Long Beach-Anaheim, CA",06037461200,Los Angeles County,0.414512686744131,0.090649536045682,0.035095928872251
11406,West Sacramento YS,0.9,40900,"Sacramento-Roseville-Folsom, CA",06113010104,Yolo County,0.753508630424262,0.294402322955315,0.058139534883721
11416,Winters YS,32.6,40900,"Sacramento-Roseville-Folsom, CA",06113011304,Yolo County,0.637226277372263,0.18029197080292,0.027649769585253
11424,East Woodland YS,1.3,40900,"Sacramento-Roseville-Folsom, CA",06113011208,Yolo County,0.540523128462827,0.081427015250545,0.041729135432284
273591,Victoria Falls,2.2,40140,"Riverside-San Bernardino-Ontario, CA",06065044921,Riverside County,0.198803659394792,0.220746590093324,0.127966101694915
273795,"1425 Hidden Valley Road, Soquel",3.2,42100,"Santa Cruz-Watsonville, CA",06087121200,Santa Cruz County,0.201696933611194,0.179191616766467,0.08201554543018
11726,North Oakland IAQ house,2.0,41860,"San Francisco-Oakland-Fremont, CA",06001400500,Alameda County,0.58521144593568,0.267444810961685,0.080478745356995
273885,West Page Street (SF),3.9,41860,"San Francisco-Oakland-Fremont, CA",06075016602,San Francisco County,0.280743565300286,0.088655862726406,0.0
11856,CARB_SMOKE_SLOAPCD_CALPOLY,4.6,42020,"San Luis Obispo-Paso Robles, CA",06079010903,San Luis Obispo County,0.344427352817788,0.959174903308981,0.193812896011927
11904,CARB_SMOKE_SHASTAAQMD_FRENCHGULCH,0.6,39820,"Redding, CA",06089012400,Shasta County,0.134958382877527,0.243283582089552,0.094928478543563
11980,AV-VIPERS,2.8,31080,"Los Angeles-Long Beach-Anaheim, CA",06037910217,Los Angeles County,0.849701269604182,0.241170915958451,0.086658086658087
12002,Hoopa HS,1.3,21700,"Eureka-Arcata, CA",06023940000,Humboldt County,0.929684378745505,0.538554703270085,0.17752808988764
274197,Archie Williams HS,0.0,41860,"San Francisco-Oakland-Fremont, CA",06041116000,Marin County,0.116131084950684,0.079421221864952,0.044592516658124
12084,CARB_S_GBUAPCD_RoundValley,0.2,13860,"Bishop, CA",06027000200,Inyo County,0.345987506006728,0.394358701436935,0.02710027100271
12094,AV-BOBCATS,4.5,31080,"Los Angeles-Long Beach-Anaheim, CA",06037901217,Los Angeles County,0.344422700587084,0.125,0.0609375
274235,Outside,0.7,41860,"San Francisco-Oakland-Fremont, CA",06081608700,San Mateo County,0.533424470266576,0.07154054439219,0.026201923076923
274245,Tamalpais HS,0.9,41860,"San Francisco-Oakland-Fremont, CA",06041126200,Marin County,0.351674641148325,0.104343605920893,0.089968976215098
12132,AV-EAGLES,5.9,31080,"Los Angeles-Long Beach-Anaheim, CA",06037910210,Los Angeles County,0.659360730593607,0.142875937376661,0.023881416415043
12136,AV-JETS,6.0,31080,"Los Angeles-Long Beach-Anaheim, CA",06037901101,Los Angeles County,0.499720930232558,0.22739981360671,0.05274921770228
12216,SCSB_32,5.0,31080,"Los Angeles-Long Beach-Anaheim, CA",06059099509,Orange County,0.354886330085621,0.327328244274809,0.033398821218075
12272,Huntington,12.6,31080,"Los Angeles-Long Beach-Anaheim, CA",06037201301,Los Angeles County,0.92135158753277,0.246433990895296,0.102323008849558
274436,1418926,8.8,31080,"Los Angeles-Long Beach-Anaheim, CA",06037262706,Los Angeles County,0.116838487972509,0.095074455899198,0.037181996086106
12302,CARB_SMOKE_LCAPCD_RICHMOND,1.5,45000,"Susanville, CA",06035040302,Lassen County,0.21208815186559,0.230172795746566,0.052899287894201
12545,Tahoma,1.2,40900,"Sacramento-Roseville-Folsom, CA",06017032001,El Dorado County,0.038271604938272,0.290123456790123,0.0
12669,Eleda Drive,6.2,31080,"Los Angeles-Long Beach-Anaheim, CA",06037651402,Los Angeles County,0.72543649435125,0.164775702565893,0.007281553398058
12681,CARB_SMOKE_SLOAPCD_CRESTON,2.2,42020,"San Luis Obispo-Paso Robles, CA",06079013100,San Luis Obispo County,0.210122419148547,0.069617927994122,0.077549788774894
274870,San Luis Rey pl,6.1,41740,"San Diego-Chula Vista-Carlsbad, CA",06073007602,San Diego County,0.311242603550296,0.163313609467456,0.0
274900,Dana Hills,0.9,41860,"San Francisco-Oakland-Fremont, CA",06013355306,Contra Costa County,0.262197802197802,0.049230769230769,0.059207662168045
12811,"6Sixty, Mountain View, CA 94043",0.3,41940,"San Jose-Sunnyvale-Santa Clara, CA",06085509108,Santa Clara County,0.710925478127061,0.095405583644757,0.02475427739352
12825,Blue Ridge,2.1,47300,"Visalia, CA",06107000101,Tulare County,0.191791044776119,0.119402985074627,0.046613255644574
12865,Upland-North-McCarthy,3.2,40140,"Riverside-San Bernardino-Ontario, CA",06071000814,San Bernardino County,0.371313672922252,0.036748927038627,0.039647577092511
275036,Lili,16.6,31080,"Los Angeles-Long Beach-Anaheim, CA",06037461200,Los Angeles County,0.414512686744131,0.090649536045682,0.035095928872251
12971,"Olivenhain, CA",6.1,41740,"San Diego-Chula Vista-Carlsbad, CA",06073017113,San Diego County,0.496601073345259,0.173555197709787,0.014136904761905
12975,MountainView,0.6,40900,"Sacramento-Roseville-Folsom, CA",06061021123,Placer County,0.261973775017253,0.046790890269151,0.06473544191546
13015,"Kipling Drive, Carmichael",0.9,40900,"Sacramento-Roseville-Folsom, CA",06067005804,Sacramento County,0.229052466718872,0.094807238394965,0.03382084095064
13021,K6TD,0.5,41940,"San Jose-Sunnyvale-Santa Clara, CA",06085507701,Santa Clara County,0.8,0.060262008733624,0.009395184967704
13039,Bridge Bay at Shasta Lake,0.3,39820,"Redding, CA",06089011803,Shasta County,0.110810810810811,0.360649400850406,0.054894784995425
13143,120 pine ave,0.0,41860,"San Francisco-Oakland-Fremont, CA",06041113000,Marin County,0.191860465116279,0.154804763223484,0.038292253521127
13173,Windemere,1.2,41860,"San Francisco-Oakland-Fremont, CA",06013355124,Contra Costa County,0.920669419691371,0.037682422130255,0.073833671399594
13183,Rubicon Bay,0.5,40900,"Sacramento-Roseville-Folsom, CA",06017032002,El Dorado County,0.319148936170213,0.333333333333333,0.0
13185,Gardner Mtn - Shady,0.6,40900,"Sacramento-Roseville-Folsom, CA",06017030402,El Dorado County,0.2693401592719,0.354154561301569,0.072753209700428
275334,Redwood HS,0.0,41860,"San Francisco-Oakland-Fremont, CA",06041120002,Marin County,0.226359832635983,0.088075313807531,0.094887525562372
13189,"Shingletown, CA",0.0,39820,"Redding, CA",06089012603,Shasta County,0.160058379956215,0.230029585798817,0.054578532443905
13197,"1701 Cliffbranch Drive, Diamond Bar",10.5,31080,"Los Angeles-Long Beach-Anaheim, CA",06037403328,Los Angeles County,0.847838086476541,0.293522267206478,0.09132581100141
13201,Shurtz residence,0.9,41860,"San Francisco-Oakland-Fremont, CA",06013349000,Contra Costa County,0.25262252794497,0.174055545972054,0.122574385510996
13203,Heidi Outside,7.3,31080,"Los Angeles-Long Beach-Anaheim, CA",06037620303,Los Angeles County,0.23915687069315,0.078968737312221,0.053632374451487
13207,"Shingle Springs, MCC Yard",1.4,40900,"Sacramento-Roseville-Folsom, CA",06017030804,El Dorado County,0.214916878837801,0.16264789576157,0.029159519725557
275372,Beryl,10.7,31080,"Los Angeles-Long Beach-Anaheim, CA",06037920116,Los Angeles County,0.441887449236125,0.106749178108683,0.042013763129301
275472,21stAtClement,5.4,41860,"San Francisco-Oakland-Fremont, CA",06075042601,San Francisco County,0.593310712554532,0.193407658749394,0.049978079789566
275622,DFJ Center,3.4,17020,"Chico, CA",06007001300,Butte County,0.406797949824656,0.550391786003783,0.107019562715765
275616,Nature Center,3.9,17020,"Chico, CA",06007000904,Butte County,0.247216035634744,0.266929466422638,0.075909481523919
13479,Salton City UFJ #3,10.6,20940,"El Centro, CA",06025012301,Imperial County,0.870675644299977,0.562962962962963,0.25
275626,Community Center,4.2,17020,"Chico, CA",06007000700,Butte County,0.265284974093264,0.347979274611399,0.032967032967033
275634,Highlands,11.1,31080,"Los Angeles-Long Beach-Anaheim, CA",06037262601,Los Angeles County,0.291891891891892,0.064203513022411,0.023367697594502
275652,UCM-bc61,0.9,44700,"Stockton-Lodi, CA",06077002100,San Joaquin County,0.933538883179171,0.657402641962601,0.104561101549053
275650,UCM-c0db,1.0,44700,"Stockton-Lodi, CA",06077003117,San Joaquin County,0.572007565522832,0.232639827073764,0.0
275660,UCM-bf43,0.7,44700,"Stockton-Lodi, CA",06077003205,San Joaquin County,0.64988344988345,0.366848470476642,0.128318584070796
13517,Hiller,2.3,41860,"San Francisco-Oakland-Fremont, CA",06001400100,Alameda County,0.310186601407158,0.08435960591133,0.050347222222222
275664,UCM-bc41,1.5,44700,"Stockton-Lodi, CA",06077000900,San Joaquin County,0.816205533596838,0.437443744374437,0.077317554240631
275872,Community Park,3.5,17020,"Chico, CA",06007001300,Butte County,0.406797949824656,0.550391786003783,0.107019562715765
275880,UCM-bfa4,1.2,44700,"Stockton-Lodi, CA",06077002401,San Joaquin County,0.966636280765725,0.401497169983568,0.056199056199056
275882,Lakeside Pavilion,3.2,17020,"Chico, CA",06007000904,Butte County,0.247216035634744,0.266929466422638,0.075909481523919
13907,Harper House,0.0,41860,"San Francisco-Oakland-Fremont, CA",06001424001,Alameda County,0.536491324703938,0.302762430939227,0.107531760435572
276088,Linnie Canal Venice,7.7,31080,"Los Angeles-Long Beach-Anaheim, CA",06037273902,Los Angeles County,0.341810022438295,0.146098229867863,0.101432880844646
13967,Vedanta Courtyard,12.4,31080,"Los Angeles-Long Beach-Anaheim, CA",06037189600,Los Angeles County,0.311399945843488,0.206418275768289,0.060415122312824
13989,West Valley High School,0.1,39820,"Redding, CA",06089012303,Shasta County,0.16097696364141,0.160144324174299,0.044337926902337
13997,Hilltop,1.7,41860,"San Francisco-Oakland-Fremont, CA",06001404200,Alameda County,0.330765279917822,0.039635779325121,0.064967516241879
276186,PV Center,3.2,17020,"Chico, CA",06007000104,Butte County,0.354163119359782,0.326996197718631,0.068085106382979
14047,Esparto High YS,0.3,40900,"Sacramento-Roseville-Folsom, CA",06113011500,Yolo County,0.50433091744741,0.305511252879674,0.015979189892233
14059,Guinda YS,2.4,40900,"Sacramento-Roseville-Folsom, CA",06113011500,Yolo County,0.50433091744741,0.305511252879674,0.015979189892233
14063,Sutter Park (w/VOC),1.2,40900,"Sacramento-Roseville-Folsom, CA",06067000200,Sacramento County,0.305089334055225,0.077029648101967,0.058640373637779
14073,Briggs Creek Ridge 1600ft alt,0.5,41940,"San Jose-Sunnyvale-Santa Clara, CA",06085511800,Santa Clara County,0.180475980608197,0.072185430463576,0.053788771103259
14085,Lake Shasta Caverns Gift Store,0.0,39820,"Redding, CA",06089012500,Shasta County,0.147612156295224,0.37192474674385,0.172690763052209
14127,Grant School,0.7,39820,"Redding, CA",06089010603,Shasta County,0.26517571884984,0.155750798722045,0.033395176252319
14141,Reign outdoor,1.1,41860,"San Francisco-Oakland-Fremont, CA",06013355307,Contra Costa County,0.4976120081874,0.092520138089758,0.057129798903108
14177,Tsasdi Resort,0.1,39820,"Redding, CA",06089012500,Shasta County,0.147612156295224,0.37192474674385,0.172690763052209
14269,"Poway, CA",34.1,41740,"San Diego-Chula Vista-Carlsbad, CA",06073017020,San Diego County,0.265510503175379,0.063631913852178,0.037551440329218
14333,"Twain Harte, Ca",0.9,43760,"Sonora, CA",06109003101,Tuolumne County,0.213449023861171,0.218655097613883,0.023622047244094
14335,Sugarloaf Ridge State Park,0.3,42220,"Santa Rosa-Petaluma, CA",06097151601,Sonoma County,0.147200593251761,0.136260408781226,0.091317365269461
14337,LONGFELLOW TERRACE,0.0,17020,"Chico, CA",06007000800,Butte County,0.199155981171888,0.261010888997237,0.054253611556982
14339,Out,1.7,41860,"San Francisco-Oakland-Fremont, CA",06013392000,Contra Costa County,0.26854714064915,0.086788066640837,0.06146408839779
14361,"Burton Valley, CA",1.3,41860,"San Francisco-Oakland-Fremont, CA",06013351200,Contra Costa County,0.191674208144796,0.049434512951478,0.037588388537402
276566,Hiram Lewis Park,0.0,42220,"Santa Rosa-Petaluma, CA",06097153806,Sonoma County,0.324769938650307,0.220358814352574,0.045241809672387
14475,Sac5183,5.2,40900,"Sacramento-Roseville-Folsom, CA",06067009201,Sacramento County,0.754119340905455,0.268165526230042,0.055937193326791
14479,"Brooks, CA",4.9,40900,"Sacramento-Roseville-Folsom, CA",06113011500,Yolo County,0.50433091744741,0.305511252879674,0.015979189892233
14489,Hollywood_Riviera,7.7,31080,"Los Angeles-Long Beach-Anaheim, CA",06037651302,Los Angeles County,0.381275440976933,0.108954715696289,0.068348770360907
14601,Hwy58 &amp;Hwy99,4.4,12540,"Bakersfield-Delano, CA",06029002702,Kern County,0.814715519809354,0.484005979073244,0.086374695863747
14617,Merced_Science,0.7,32900,"Merced, CA",06047001101,Merced County,0.5175983436853,0.196742254870648,0.146285714285714
14633, Hazelwood canary ,0.3,41940,"San Jose-Sunnyvale-Santa Clara, CA",06085506702,Santa Clara County,0.571650284531816,0.113295395757889,0.095350404312668
14693,"Gilroy, California, Cedar Court",0.6,41940,"San Jose-Sunnyvale-Santa Clara, CA",06085512510,Santa Clara County,0.616014026884863,0.184730144800351,0.063055316709659
14859,CAZIER-SM-016,8.0,31080,"Los Angeles-Long Beach-Anaheim, CA",06037701601,Los Angeles County,0.279081503911178,0.135251072419884,0.064758329422806
14885,Martha Rd.,0.9,41860,"San Francisco-Oakland-Fremont, CA",06013353002,Contra Costa County,0.248206599713056,0.020143884892086,0.020489755122439
14973,CAZIER-SM-008,3.6,31080,"Los Angeles-Long Beach-Anaheim, CA",06037702102,Los Angeles County,0.27153024911032,0.221307072515667,0.08985200845666
277124,ROOSEVELT - SMMUSD,7.2,31080,"Los Angeles-Long Beach-Anaheim, CA",06037701304,Los Angeles County,0.266507557677009,0.105807478122514,0.020235578375113
277140,OBAMA - SMMUSD,10.4,31080,"Los Angeles-Long Beach-Anaheim, CA",06037702002,Los Angeles County,0.393209377526273,0.30609597924773,0.08726230789268
277138,MES - SMMUSD,8.5,31080,"Los Angeles-Long Beach-Anaheim, CA",06037800412,Los Angeles County,0.249321021184139,0.198749320282762,0.086149768058317
277156,Rogers ES - SMUUSD,5.9,31080,"Los Angeles-Long Beach-Anaheim, CA",06037702201,Los Angeles County,0.451530612244898,0.241071428571429,0.079789388416363
277158,GRANT - SMMUSD,8.1,31080,"Los Angeles-Long Beach-Anaheim, CA",06037702300,Los Angeles County,0.380645161290323,0.22932107915802,0.034097108565194
277164,SMMUSD - FiP,10.0,31080,"Los Angeles-Long Beach-Anaheim, CA",06037702102,Los Angeles County,0.27153024911032,0.221307072515667,0.08985200845666
15037,HARM,1.5,41860,"San Francisco-Oakland-Fremont, CA",06013351200,Contra Costa County,0.191674208144796,0.049434512951478,0.037588388537402
277198,M&amp;O - SMMUSD,7.4,31080,"Los Angeles-Long Beach-Anaheim, CA",06037701802,Los Angeles County,0.605893536121673,0.33152594887684,0.058143607705779
15135,Bethel Church of Redding,0.4,39820,"Redding, CA",06089010803,Shasta County,0.315456843625858,0.374684001444565,0.037661406025825
15189,Bonadelle,1.6,23420,"Fresno, CA",06019005912,Fresno County,0.558869701726845,0.226534801268893,0.045892235197705
15235,Boyer Circle,0.4,41860,"San Francisco-Oakland-Fremont, CA",06013350000,Contra Costa County,0.346829268292683,0.04837921485584,0.036458333333333
15242,Auburn Valley Country Club - Air,1.1,40900,"Sacramento-Roseville-Folsom, CA",06061021604,Placer County,0.181373879989139,0.113556098886172,0.026506024096386
15245,Sunrise Almaden,1.3,41940,"San Jose-Sunnyvale-Santa Clara, CA",06085511911,Santa Clara County,0.421469597940186,0.079816878980892,0.022553655874864
15247,Mountain House,0.2,44700,"Stockton-Lodi, CA",06077005221,San Joaquin County,0.714316012725345,0.047720042417815,0.043008428787551
15251,Woodacre upper Redwood,0.0,41860,"San Francisco-Oakland-Fremont, CA",06041113000,Marin County,0.191860465116279,0.154804763223484,0.038292253521127
15463,Shasta Dam,3332.2,39820,"Redding, CA",06089011600,Shasta County,0.168423759321162,0.378007761966365,0.103105590062112
15553,Canon Village,0.0,41860,"San Francisco-Oakland-Fremont, CA",06041114200,Marin County,0.138723150357995,0.164617691154423,0.092148309705562
277747,Sunnyslope II,0.3,42220,"Santa Rosa-Petaluma, CA",06097150702,Sonoma County,0.121053777487481,0.107883817427386,0.026982829108749
15645,"Redwood Heights, Oakland",1.0,41860,"San Francisco-Oakland-Fremont, CA",06001406800,Alameda County,0.716192394862755,0.109058704453441,0.113351254480287
15649,EDCAQMD Sierra Ridge,1.4,40900,"Sacramento-Roseville-Folsom, CA",06017031405,El Dorado County,0.135124298315958,0.184843624699278,0.068934646374217
277797,SMC_MOBILE_8,1.0,41860,"San Francisco-Oakland-Fremont, CA",06013352101,Contra Costa County,0.411245865490628,0.053414727203357,0.051282051282051
15651,EDCAQMD Omo Ranch,2.2,40900,"Sacramento-Roseville-Folsom, CA",06017031409,El Dorado County,0.103758809710258,0.206734534064213,0.005464480874317
15655,EDCAQMD Garden Valley,1.6,40900,"Sacramento-Roseville-Folsom, CA",06017030606,El Dorado County,0.158777573529412,0.324888576120103,0.044035674470457
15659,EDCAQMD Cool,8.4,40900,"Sacramento-Roseville-Folsom, CA",06017030601,El Dorado County,0.145563684111799,0.116375258507238,0.036164844407065
15693,EDCAQMD Office Outdoor,1.3,40900,"Sacramento-Roseville-Folsom, CA",06017031000,El Dorado County,0.256909062837734,0.32422417786012,0.053325160894882
15697,EDCAQMD Latrobe,1.1,40900,"Sacramento-Roseville-Folsom, CA",06017030712,El Dorado County,0.299857983363765,0.055386488131467,0.014918625678119
15699,EDCAQMD Christmas Valley,0.7,40900,"Sacramento-Roseville-Folsom, CA",06017030506,El Dorado County,0.131351869606903,0.138063279002876,0.057565789473684
15703,North Auburn,0.9,40900,"Sacramento-Roseville-Folsom, CA",06061021802,Placer County,0.239679419325571,0.234789391575663,0.029834254143646
15707,EDCAQMD Washoe Meadows,1.6,40900,"Sacramento-Roseville-Folsom, CA",06017030502,El Dorado County,0.231225296442688,0.118322121092204,0.024199288256228
15715,EDCAQMD Mt. Aukum,0.7,40900,"Sacramento-Roseville-Folsom, CA",06017031407,El Dorado County,0.168137000518941,0.375782881002088,0.089581304771178
15717,EDCAQMD Georgetown Airport,2.1,40900,"Sacramento-Roseville-Folsom, CA",06017030606,El Dorado County,0.158777573529412,0.324888576120103,0.044035674470457
15723,EDCAQMD OUTINGDALE RD.,0.2,40900,"Sacramento-Roseville-Folsom, CA",06017031407,El Dorado County,0.168137000518941,0.375782881002088,0.089581304771178
15733,EDCAQMD_Luneman Rd,0.0,40900,"Sacramento-Roseville-Folsom, CA",06017030901,El Dorado County,0.204833141542002,0.134427173287277,0.048591938155715
15795,D&amp;DsMonkeyHouse,0.2,41860,"San Francisco-Oakland-Fremont, CA",06041108202,Marin County,0.349173121205778,0.251076658053402,0.079943235572375
15807,Hudson Street,0.1,41860,"San Francisco-Oakland-Fremont, CA",06081610000,San Mateo County,0.411087866108787,0.125289047719151,0.014435221941537
15853,EDCAQMD Leoni Meadows,0.6,40900,"Sacramento-Roseville-Folsom, CA",06017031409,El Dorado County,0.103758809710258,0.206734534064213,0.005464480874317
15855,OSD,0.1,41860,"San Francisco-Oakland-Fremont, CA",06041115000,Marin County,0.226365348399247,0.109365018525616,0.070205066344994
278021,Dwight and Lexington,1.0,41860,"San Francisco-Oakland-Fremont, CA",06081605400,San Mateo County,0.452282768777614,0.057437407952872,0.043057794151508
15885,Wheatland Elementary,0.8,49700,"Yuba City, CA",06115040800,Yuba County,0.282074613284804,0.243947007766103,0.041423001949318
15895,EDCAQMD Sly Park,1.2,40900,"Sacramento-Roseville-Folsom, CA",06017031406,El Dorado County,0.075229357798165,0.144948453608247,0.051903114186851
15901,Colfax Meadows,6.9,31080,"Los Angeles-Long Beach-Anaheim, CA",06037143302,Los Angeles County,0.261817065684469,0.16329036218539,0.090637450199203
15907,Bea Court,3.5,42020,"San Luis Obispo-Paso Robles, CA",06079012306,San Luis Obispo County,0.164542067071975,0.10200078462142,0.010780508840017
15911,Millville Elementary School,0.7,39820,"Redding, CA",06089012605,Shasta County,0.127080181543116,0.216855087358684,0.042303172737955
15929,Redding STEM Academy,0.3,39820,"Redding, CA",06089011600,Shasta County,0.168423759321162,0.378007761966365,0.103105590062112
15975,Nuview Union School District  - District Office,9.6,40140,"Riverside-San Bernardino-Ontario, CA",06065042719,Riverside County,0.829760628795999,0.328612405880244,0.058356490670901
278157,Hilltop Richmond Rose Monitor,0.2,41860,"San Francisco-Oakland-Fremont, CA",06013392201,Contra Costa County,0.936716663242244,0.246443514644351,0.046614494726097
278161,Pittsburg High Rose Monitor,0.2,41860,"San Francisco-Oakland-Fremont, CA",06013311000,Contra Costa County,0.889094955489614,0.331750854538549,0.081091617933723
16059,Junction Elementary School,1.0,39820,"Redding, CA",06089011900,Shasta County,0.142319873317498,0.120261956737448,0.036972596781209
16073,Lincoln and Channing ,0.0,41940,"San Jose-Sunnyvale-Santa Clara, CA",06085511200,Santa Clara County,0.387387387387387,0.03023023023023,0.012101653892699
278233,505 E Mendocino St,17.9,31080,"Los Angeles-Long Beach-Anaheim, CA",06037461100,Los Angeles County,0.6486646884273,0.175469831849654,0.037765538945712
16137,Professorville - Ramona and Addison,0.5,41940,"San Jose-Sunnyvale-Santa Clara, CA",06085511301,Santa Clara County,0.416050955414013,0.07961367789089,0.025617140195622
16149,Melville and Fulton,0.1,41940,"San Jose-Sunnyvale-Santa Clara, CA",06085511200,Santa Clara County,0.387387387387387,0.03023023023023,0.012101653892699
278461,TBD,0.9,41860,"San Francisco-Oakland-Fremont, CA",06013307205,Contra Costa County,0.724481964696853,0.319195284469503,0.051558203483043
278465,Gentrytown 1,0.8,41860,"San Francisco-Oakland-Fremont, CA",06013307204,Contra Costa County,0.661922487409678,0.221318681318681,0.135532591414944
278501,Almond Ridge 1,9.9,41860,"San Francisco-Oakland-Fremont, CA",06013306002,Contra Costa County,0.642036494706015,0.286100473079522,0.101123595505618
16405,City of Shasta Lake,1.3,39820,"Redding, CA",06089011703,Shasta County,0.245866283249461,0.45039539899353,0.048885077186964
16507,NoSoCoAir_SummerHomePark_CARB,1.0,42220,"Santa Rosa-Petaluma, CA",06097153711,Sonoma County,0.305427456544874,0.191557289819085,0.020188425302826
16519,Old cazadero road comparison,0.1,42220,"Santa Rosa-Petaluma, CA",06097153709,Sonoma County,0.24492385786802,0.194796954314721,0.025201612903226
278671,EK H,5.3,41740,"San Diego-Chula Vista-Carlsbad, CA",06073011100,San Diego County,0.257584597432905,0.103850641773629,0.076803723816912
16559,Vacaville YS,1.9,46700,"Vallejo, CA",06095253101,Solano County,0.349689681923972,0.192068429237947,0.023818525519849
16561,Madison High YS,1.0,40900,"Sacramento-Roseville-Folsom, CA",06113011500,Yolo County,0.50433091744741,0.305511252879674,0.015979189892233
16563,Cache Creek High School YS,1.4,40900,"Sacramento-Roseville-Folsom, CA",06113011400,Yolo County,0.607322325915291,0.331498324557204,0.1008
16565,Brooks YS,5.9,40900,"Sacramento-Roseville-Folsom, CA",06113011500,Yolo County,0.50433091744741,0.305511252879674,0.015979189892233
16575,Plainfield YS,2.2,40900,"Sacramento-Roseville-Folsom, CA",06113011207,Yolo County,0.397874852420307,0.17827626918536,0.043441226575809
16617,CARB_SMOKE_BCAQMD_PALERMO,0.0,17020,"Chico, CA",06007003200,Butte County,0.37589471253752,0.507042253521127,0.150973172014729
16625,CARB_SMOKE_BCAQMD_PARADISE_REC_CENTER,1.5,17020,"Chico, CA",06007002100,Butte County,0.329504666188083,0.356339084771193,0.126168224299065
278771,Casablanca 1,1.1,41860,"San Francisco-Oakland-Fremont, CA",06013307102,Contra Costa County,0.796276782578152,0.319694004625511,0.076096962258361
278783,Wildflower Outdor,0.4,41860,"San Francisco-Oakland-Fremont, CA",06013308002,Contra Costa County,0.766830138207757,0.155789003129191,0.055754679410593
16649,MDAQMD-SVUSD-AEC,1.4,40140,"Riverside-San Bernardino-Ontario, CA",06071012106,San Bernardino County,0.556826056826057,0.5997920997921,0.178096212896622
16659,MDAQMD-HUSD-MESQUITE_ES,2.7,40140,"Riverside-San Bernardino-Ontario, CA",06071010041,San Bernardino County,0.661462300076161,0.204385128693994,0.052388935456832
278817,Rivertown 2,0.9,41860,"San Francisco-Oakland-Fremont, CA",06013305000,Contra Costa County,0.789360269360269,0.51992435499122,0.111646102919049
16737,Mojave Library-EKAPCD-sn-11,0.7,12540,"Bakersfield-Delano, CA",06029005900,Kern County,0.803361344537815,0.484926052332196,0.072248480756246
16749,Cal city library-EKAPCD sn-10,0.3,12540,"Bakersfield-Delano, CA",06029005512,Kern County,0.662095447065277,0.493417443773999,0.207270408163265
16751,CARB_PCAPCD_SMOKE_AUBURN,0.2,40900,"Sacramento-Roseville-Folsom, CA",06061020401,Placer County,0.354563894523327,0.365659109991604,0.041963015647226
16753,Foresthill Divide,0.9,40900,"Sacramento-Roseville-Folsom, CA",06061020200,Placer County,0.18279054916986,0.26886189258312,0.049872588278122
278897,6th Ave Backyard,1.8,41860,"San Francisco-Oakland-Fremont, CA",06075045100,San Francisco County,0.463621331128566,0.111817026683609,0.027333333333333
16763,Piute Mountain School-EKAPCD-sn-12,2.4,12540,"Bakersfield-Delano, CA",06029006004,Kern County,0.204724409448819,0.333858267716535,0.08695652173913
16771,Tehachapi Fire Station-EKAPCD-sn13,2.1,12540,"Bakersfield-Delano, CA",06029006102,Kern County,0.402909678722974,0.307739307535642,0.070445789763346
16807,EKAPCD-sn-7-Kernville Elementary,1.2,12540,"Bakersfield-Delano, CA",06029005207,Kern County,0.198429319371728,0.660377358490566,0.237911025145068
16903,Newcomb at Phelps,1.8,41860,"San Francisco-Oakland-Fremont, CA",06075061200,San Francisco County,0.900898652021967,0.310517112165876,0.011547344110855
16927,Manchester Street- Bernal,1.5,41860,"San Francisco-Oakland-Fremont, CA",06075025200,San Francisco County,0.480117280557083,0.194429173538574,0.002317113538563
16947,Anderson at Eugenia Streets,2.0,41860,"San Francisco-Oakland-Fremont, CA",06075025200,San Francisco County,0.480117280557083,0.194429173538574,0.002317113538563
17031,Kent,1.6,12540,"Bakersfield-Delano, CA",06029000909,Kern County,0.430763329497507,0.204089506172839,0.090485074626866
279195,Maiden Ln Altadena,18.5,31080,"Los Angeles-Long Beach-Anaheim, CA",06037461200,Los Angeles County,0.414512686744131,0.090649536045682,0.035095928872251
17079,Kenwood village,0.0,42220,"Santa Rosa-Petaluma, CA",06097150501,Sonoma County,0.156294200848656,0.203119461183977,0.037012113055182
17101,Mountain View Sladky,0.2,41940,"San Jose-Sunnyvale-Santa Clara, CA",06085509801,Santa Clara County,0.56071609525418,0.107245397736869,0.040453570334048
279253,UCM-6d2,0.0,44700,"Stockton-Lodi, CA",06077001501,San Joaquin County,0.957233704292528,0.22050787528126,0.028045838359469
279251,UCM-1222,0.0,44700,"Stockton-Lodi, CA",06077000402,San Joaquin County,0.830779785044592,0.631921824104234,0.021924482338611
17273,TimTownOut,2.4,40140,"Riverside-San Bernardino-Ontario, CA",06065051401,Riverside County,0.087573234659266,0.204748689485045,0.0
17313,Cottonwood Union School District - DO,0.3,39820,"Redding, CA",06089012303,Shasta County,0.16097696364141,0.160144324174299,0.044337926902337
279504,Palisades Outside,6.6,31080,"Los Angeles-Long Beach-Anaheim, CA",06037262604,Los Angeles County,0.207530799930592,0.111573833073052,0.025885039969547
17455,Crowell ES-CSUS,0.2,33700,"Modesto, CA",06099003906,Stanislaus County,0.582909843779409,0.546860087803016,0.14571190674438
279602,Presidio Blvd House,1.8,41860,"San Francisco-Oakland-Fremont, CA",06075060100,San Francisco County,0.44078947368421,0.109339407744875,0.02689284236657
17497,Julien ES-CSUS,0.5,33700,"Modesto, CA",06099003905,Stanislaus County,0.304216165851386,0.112079114669178,0.03245887060916
17513,CSUSTAN-CDC,0.5,33700,"Modesto, CA",06099003610,Stanislaus County,0.615951615951616,0.391216760676873,0.056288819875776
17569,Lincoln &amp; Lac Jac,0.6,23420,"Fresno, CA",06019006900,Fresno County,0.876507005539264,0.524541884816754,0.077473958333333
17591,Camptonville Outside,2.0,49700,"Yuba City, CA",06115041101,Yuba County,0.17263986013986,0.541083916083916,0.089655172413793
279808,Catka Dr,0.8,39820,"Redding, CA",06089011802,Shasta County,0.159140568099053,0.25538124771981,0.121013900245298
17705,Beale AFB (Housing),10.1,49700,"Yuba City, CA",06115040902,Yuba County,0.313704496788009,0.419407894736842,0.107913669064748
279908,The Hawk,5.4,31080,"Los Angeles-Long Beach-Anaheim, CA",06059032058,Orange County,0.289385799332075,0.036934709902574,0.026355196166517
17793,Hollywood (KD8DRX-PAII-1),9.0,31080,"Los Angeles-Long Beach-Anaheim, CA",06037190201,Los Angeles County,0.636753546684263,0.575373993095512,0.12199124726477
17809,SRJC STEM SR SITE,0.0,42220,"Santa Rosa-Petaluma, CA",06097152100,Sonoma County,0.594046450768728,0.289451114922813,0.067096774193548
17821,CKhome,0.2,42220,"Santa Rosa-Petaluma, CA",06097150603,Sonoma County,0.269580022701476,0.143741898314849,0.044654939106901
17829,Blackhawk Falls 5,1.6,41860,"San Francisco-Oakland-Fremont, CA",06013355112,Contra Costa County,0.291724137931034,0.088583362339018,0.057647963105304
279980,Enclave SLO,4.7,42020,"San Luis Obispo-Paso Robles, CA",06079011505,San Luis Obispo County,0.251966829683181,0.125732551944592,0.037070524412297
17835,Mendocino County Office of Education ,0.1,46380,"Ukiah, CA",06045011700,Mendocino County,0.403112342784055,0.333408021510195,0.055333998005982
17837,Eagle Peak Middle School,0.0,46380,"Ukiah, CA",06045010801,Mendocino County,0.415876777251185,0.370006770480704,0.072685788787484
17839,Austin Lane,0.6,41860,"San Francisco-Oakland-Fremont, CA",06013346102,Contra Costa County,0.26704966641957,0.073611628773761,0.00110987791343
17857,Topanga Saddle Peak,11.5,31080,"Los Angeles-Long Beach-Anaheim, CA",06037800506,Los Angeles County,0.252873563218391,0.106984969053935,0.042883778744562
17867,Baywood,0.0,41860,"San Francisco-Oakland-Fremont, CA",06081606500,San Mateo County,0.29893647599885,0.027594136246048,0.035610040863981
17873,Laytonville Unified School District ,1.6,46380,"Ukiah, CA",06045010200,Mendocino County,0.299716356760164,0.546662448592218,0.178807947019868
17879,Sterling Downs,0.0,41860,"San Francisco-Oakland-Fremont, CA",06081608600,San Mateo County,0.569595476294041,0.211249182472204,0.108642832349879
280024,Innes at Donahue ✨,2.2,41860,"San Francisco-Oakland-Fremont, CA",06075980600,San Francisco County,0.898464163822526,0.166382252559727,0.040110650069156
17895,Glenmoor,0.5,41860,"San Francisco-Oakland-Fremont, CA",06001442700,Alameda County,0.698630136986301,0.066731141199226,0.029100529100529
17909,Willits Unified School District,0.0,46380,"Ukiah, CA",06045010700,Mendocino County,0.306113843991567,0.333285998295939,0.103274559193955
17927,West Oakland,1.7,41860,"San Francisco-Oakland-Fremont, CA",06001401400,Alameda County,0.74406528189911,0.484200743494424,0.10387811634349
17931,Quarry Heights,0.2,42220,"Santa Rosa-Petaluma, CA",06097150702,Sonoma County,0.121053777487481,0.107883817427386,0.026982829108749
17975,Deerwood,0.1,42220,"Santa Rosa-Petaluma, CA",06097152702,Sonoma County,0.407861849579641,0.202060819301332,0.048409405255878
18287,Jaynes Street Outdoor,0.7,41860,"San Francisco-Oakland-Fremont, CA",06001421800,Alameda County,0.299115044247788,0.09781152300134,0.028787878787879
18299,Fruitvalle,0.7,41940,"San Jose-Sunnyvale-Santa Clara, CA",06085507301,Santa Clara County,0.567888563049853,0.078689982216953,0.046645367412141
18329,Central La Canada Flintridge,0.0,31080,"Los Angeles-Long Beach-Anaheim, CA",06037460700,Los Angeles County,0.413367306938456,0.085260682085457,0.018705035971223
18331,Brisbane - Santa Clara,0.0,41860,"San Francisco-Oakland-Fremont, CA",06081600100,San Mateo County,0.618550724637681,0.120686293624488,0.092119089316988
18359,Truckee,2.0,46020,"Truckee-Grass Valley, CA",06057001211,Nevada County,0.147396293027361,0.105030891438658,0.100393700787402
18395,Baird House,1.1,41940,"San Jose-Sunnyvale-Santa Clara, CA",06085506604,Santa Clara County,0.625645205107308,0.049171420809563,0.007220216606498
18401,Burlingame Terrace,0.9,41860,"San Francisco-Oakland-Fremont, CA",06081605300,San Mateo County,0.44261021557584,0.152499513713285,0.060549078600978
18405,Almaden Greystone,0.5,41940,"San Jose-Sunnyvale-Santa Clara, CA",06085511911,Santa Clara County,0.421469597940186,0.079816878980892,0.022553655874864
18431,Jackson Oaks,0.1,41940,"San Jose-Sunnyvale-Santa Clara, CA",06085512309,Santa Clara County,0.433805476864967,0.057951738552157,0.059266535690897
18435,Babel ,0.0,41860,"San Francisco-Oakland-Fremont, CA",06013334001,Contra Costa County,0.52550505050505,0.222419928825623,0.114776321735201
18443,"Pescadero, Ranch Road, Outside",0.0,41860,"San Francisco-Oakland-Fremont, CA",06081613800,San Mateo County,0.324557086614173,0.204338180921863,0.010752688172043
18447,doleboz,0.1,42220,"Santa Rosa-Petaluma, CA",06097150800,Sonoma County,0.33032967032967,0.13001415762152,0.029766693483508
18449,Healdsburg,0.1,42220,"Santa Rosa-Petaluma, CA",06097153903,Sonoma County,0.247139588100687,0.236460717009916,0.028341993386868
18453,La Maison du Chat,0.4,41860,"San Francisco-Oakland-Fremont, CA",06013348000,Contra Costa County,0.201701597841876,0.061759201497193,0.015200368493782
18471,Air Patrol,0.2,41940,"San Jose-Sunnyvale-Santa Clara, CA",06085509801,Santa Clara County,0.56071609525418,0.107245397736869,0.040453570334048
18473,Stonebridge Rd,1.0,41860,"San Francisco-Oakland-Fremont, CA",06001451102,Alameda County,0.264810126582278,0.043544303797468,0.053614169459071
18493,Ridgeline Place,1.2,41860,"San Francisco-Oakland-Fremont, CA",06001450502,Alameda County,0.584743057772103,0.080274497286945,0.032221594120972
18505,Sunnyarts,0.6,41940,"San Jose-Sunnyvale-Santa Clara, CA",06085508503,Santa Clara County,0.809884095299421,0.08478721669656,0.017900732302685
18517,Ridgeview,0.9,40900,"Sacramento-Roseville-Folsom, CA",06067008403,Sacramento County,0.365634892718959,0.273576590869029,0.054240631163708
18527,Alamo,0.0,41860,"San Francisco-Oakland-Fremont, CA",06013346206,Contra Costa County,0.334577114427861,0.092039800995025,0.062103929024081
18529,Walnut canyon,6.5,31080,"Los Angeles-Long Beach-Anaheim, CA",06037800412,Los Angeles County,0.249321021184139,0.198749320282762,0.086149768058317
18531,Cupertino,0.0,41940,"San Jose-Sunnyvale-Santa Clara, CA",06085507701,Santa Clara County,0.8,0.060262008733624,0.009395184967704
18539,Knowland Park / Elvessa,0.0,41860,"San Francisco-Oakland-Fremont, CA",06001410000,Alameda County,0.673276676109537,0.093484419263456,0.055656382335148
18551,Tilton Road,0.0,42220,"Santa Rosa-Petaluma, CA",06097153502,Sonoma County,0.207150368033649,0.157797681770284,0.014232673267327
18553,"Newark, CA",0.4,41860,"San Francisco-Oakland-Fremont, CA",06001444304,Alameda County,0.877184769038702,0.14046875,0.028607277289837
18555,"9150 Feet, South Lake Tahoe",0.9,40900,"Sacramento-Roseville-Folsom, CA",06017030504,El Dorado County,0.200868621064061,0.121322193970214,0.046113306982872
18561,Del Rey Oaks,0.6,41500,"Salinas, CA",06053013400,Monterey County,0.271260086902545,0.126865671641791,0.113467656415695
18569,Hollister House,0.9,33700,"Modesto, CA",06099003904,Stanislaus County,0.568914285714286,0.435657142857143,0.152610441767068
18625,908 Villa 1,0.1,23420,"Fresno, CA",06019005607,Fresno County,0.524725274725275,0.512468300929839,0.040520984081042
18673,MS Salvador Way,0.3,41860,"San Francisco-Oakland-Fremont, CA",06041108100,Marin County,0.216684077003432,0.116574503063817,0.082356076759062
18677,Santa_Rosa_Proctor_Heights,0.0,42220,"Santa Rosa-Petaluma, CA",06097152300,Sonoma County,0.112573099415205,0.125122428991185,0.097969543147208
18689,CARB Smoke EDCAQMD Promontory,0.3,40900,"Sacramento-Roseville-Folsom, CA",06017031700,El Dorado County,0.390473474044495,0.078722190530519,0.054913294797688
18691,CARB Smoke EDCAQMD Forni Rd.,0.9,40900,"Sacramento-Roseville-Folsom, CA",06017031506,El Dorado County,0.151191746709356,0.146715328467153,0.117338003502627
280852,D Ave,5.6,41740,"San Diego-Chula Vista-Carlsbad, CA",06073011700,San Diego County,0.89627465303141,0.419250551065393,0.034285714285714
18709,CARB Smoke EDCAQMD Logtown,1.0,40900,"Sacramento-Roseville-Folsom, CA",06017031503,El Dorado County,0.134803921568627,0.109330045211673,0.072742474916388
18719,CARB_SMOKE_EDCAQMD_MOSQUITO,30.9,40900,"Sacramento-Roseville-Folsom, CA",06017030603,El Dorado County,0.183106267029973,0.227608874281019,0.02315661182206
18735,Thousand Oaks,1.4,41860,"San Francisco-Oakland-Fremont, CA",06001421300,Alameda County,0.275243081525804,0.100275068767192,0.039196940726577
18781,Crane Canyon,0.2,42220,"Santa Rosa-Petaluma, CA",06097151505,Sonoma County,0.055172413793103,0.174501992031872,0.074882995319813
18787,Sheri Lane,1.0,41860,"San Francisco-Oakland-Fremont, CA",06013345203,Contra Costa County,0.180615473109002,0.157057363888483,0.044390637610977
18793,Ojai Loop,0.4,41860,"San Francisco-Oakland-Fremont, CA",06001441501,Alameda County,0.917525773195876,0.07964135021097,0.055461616503213
18861,Moonbase Unicorn,2.1,41860,"San Francisco-Oakland-Fremont, CA",06075022901,San Francisco County,0.715458276333789,0.403556771545828,0.019934758970642
18877,"Los Gatos, CA",0.0,42100,"Santa Cruz-Watsonville, CA",06087120500,Santa Cruz County,0.231797397115723,0.114417286574566,0.069718731298624
18885,Cardinal Newman High School (outside),0.0,42220,"Santa Rosa-Petaluma, CA",06097152402,Sonoma County,0.277543859649123,0.100284495021337,0.0
281054,Columbia Elementary School,1.4,39820,"Redding, CA",06089010805,Shasta County,0.202775775054074,0.27059891107078,0.022064945878435
18913,Primrose,0.4,40900,"Sacramento-Roseville-Folsom, CA",06061021326,Placer County,0.411895910780669,0.044114002478315,0.066496163682864
281068,ALAMO,4.5,46700,"Vallejo, CA",06095253101,Solano County,0.349689681923972,0.192068429237947,0.023818525519849
281072,COOPER,1.6,46700,"Vallejo, CA",06095252912,Solano County,0.460600545950864,0.076251137397634,0.027089527585068
281074,CALLISON,1.0,46700,"Vallejo, CA",06095252910,Solano County,0.493265306122449,0.09729619008603,0.099337748344371
281080,KIMMIE WRAP,2.4,46700,"Vallejo, CA",06095253108,Solano County,0.505290322580645,0.217032258064516,0.09720885466795
281092,HEMLOCK ELEMENTARY,1.2,46700,"Vallejo, CA",06095253203,Solano County,0.439061703212647,0.193046185781007,0.04159445407279
281100,FAIRMONT,1.0,46700,"Vallejo, CA",06095253106,Solano County,0.391098235449039,0.18923198733175,0.09861407249467
281096,Padan Elementary,2.0,46700,"Vallejo, CA",06095253107,Solano County,0.630672125554418,0.272238598924918,0.053219448094612
281098,JEPSON,2.4,46700,"Vallejo, CA",06095253201,Solano County,0.361759082217973,0.104015296367113,0.045294635004398
18973,RETSEOK,1.4,40900,"Sacramento-Roseville-Folsom, CA",06061021204,Placer County,0.224930083899321,0.14378554021121,0.054806070826307
18975,Shiloh@Old_Red,0.0,42220,"Santa Rosa-Petaluma, CA",06097152701,Sonoma County,0.409847276042854,0.184180004639295,0.022316684378321
18985,Cotati - ORH,0.1,42220,"Santa Rosa-Petaluma, CA",06097151204,Sonoma County,0.34748427672956,0.186595342983008,0.031926406926407
18987,Fremont: Cabrillo,0.7,41860,"San Francisco-Oakland-Fremont, CA",06001441601,Alameda County,0.688940092165899,0.071910586250527,0.03081019399011
18991,ECPC,2.0,41860,"San Francisco-Oakland-Fremont, CA",06013390100,Contra Costa County,0.349213483146067,0.081641858367163,0.087445887445887
18995,PVRanch - Coalmine ,21.2,41860,"San Francisco-Oakland-Fremont, CA",06081613200,San Mateo County,0.249306670559042,0.075949367088608,0.044481605351171
19001,Sonoma Academy,2.3,42220,"Santa Rosa-Petaluma, CA",06097151403,Sonoma County,0.567115551694179,0.165035877364644,0.025145067698259
19017,The Creamery,1.0,40900,"Sacramento-Roseville-Folsom, CA",06067000600,Sacramento County,0.47275204359673,0.391689373297003,0.080660835762877
19023,Hillbrook School,0.9,41940,"San Jose-Sunnyvale-Santa Clara, CA",06085506900,Santa Clara County,0.336187912894544,0.059550561797753,0.039226519337017
19025,Castro Valley - Haley Dr.,1.1,41860,"San Francisco-Oakland-Fremont, CA",06001430200,Alameda County,0.487877609231168,0.092279459955433,0.059214167127836
19048,Los Lagos,0.9,40900,"Sacramento-Roseville-Folsom, CA",06061020601,Placer County,0.171604938271605,0.031995586815612,0.029507229271171
19051,Winchester,1.4,40900,"Sacramento-Roseville-Folsom, CA",06061021801,Placer County,0.117094017094017,0.13034188034188,0.016493873704053
19063,Kennedy north,0.6,41940,"San Jose-Sunnyvale-Santa Clara, CA",06085506900,Santa Clara County,0.336187912894544,0.059550561797753,0.039226519337017
19137,Bouquet,1.7,41860,"San Francisco-Oakland-Fremont, CA",06013371000,Contra Costa County,0.732860110803324,0.141620498614958,0.08867775138559
19151,Shad Park,0.0,41860,"San Francisco-Oakland-Fremont, CA",06081608300,San Mateo County,0.768147684605757,0.048635080012551,0.065697361335487
19153,Alamosquare,2.3,41860,"San Francisco-Oakland-Fremont, CA",06075016802,San Francisco County,0.498555292881534,0.194715984147952,0.011863224005583
19155,cedar_and_san_pablo,0.8,41860,"San Francisco-Oakland-Fremont, CA",06001422100,Alameda County,0.5328125,0.121905358821686,0.045731707317073
19173,Bayview_Wedge,2.3,41860,"San Francisco-Oakland-Fremont, CA",06075023300,San Francisco County,0.933417721518987,0.342733739837398,0.055137844611529
281326,VACA PENA,1.7,46700,"Vallejo, CA",06095252909,Solano County,0.517410015649452,0.092154177264723,0.033491081179469
281332,BROWNS VALLEY ELM,2.1,46700,"Vallejo, CA",06095253208,Solano County,0.697852127220157,0.32486575795126,0.02377972465582
19185,Wildwood and Ivy(O),0.1,41940,"San Jose-Sunnyvale-Santa Clara, CA",06085511100,Santa Clara County,0.569909622541201,0.068757752968279,0.062275449101796
281340,Hewitt,12.6,31080,"Los Angeles-Long Beach-Anaheim, CA",06037122420,Los Angeles County,0.915900645413652,0.408767772511848,0.036025786879029
281336,KAIROS,2.2,46700,"Vallejo, CA",06095253101,Solano County,0.349689681923972,0.192068429237947,0.023818525519849
281338,SIERRA VISTA,1.1,46700,"Vallejo, CA",06095252908,Solano County,0.55151024811219,0.128374655647383,0.046728971962617
19211,SempleAve ,2.5,42100,"Santa Cruz-Watsonville, CA",06087122203,Santa Cruz County,0.247185389041781,0.143721633888048,0.039706517047907
281378,Tahome,1.7,46020,"Truckee-Grass Valley, CA",06057001207,Nevada County,0.338150289017341,0.33134988099286,0.059737884791222
19239,Whale Gulch School,0.0,46380,"Ukiah, CA",06045010200,Mendocino County,0.299716356760164,0.546662448592218,0.178807947019868
19249,Horicon Elementary School,0.0,42220,"Santa Rosa-Petaluma, CA",06097154304,Sonoma County,0.216915422885572,0.269938650306748,0.014840182648402
19251,Leggett,0.0,46380,"Ukiah, CA",06045010200,Mendocino County,0.299716356760164,0.546662448592218,0.178807947019868
19265,"Tar Water Ridge, Alpine Road",0.3,41860,"San Francisco-Oakland-Fremont, CA",06081613800,San Mateo County,0.324557086614173,0.204338180921863,0.010752688172043
19269,Sycamore Creek Neighborhood ,1.9,17020,"Chico, CA",06007000103,Butte County,0.278392913634926,0.208669514317355,0.019431554524362
19273,Sims Drive,1.0,41860,"San Francisco-Oakland-Fremont, CA",06001404501,Alameda County,0.342307692307692,0.042307692307692,0.01039501039501
19275,"Piedmont, CA",0.0,41860,"San Francisco-Oakland-Fremont, CA",06001426100,Alameda County,0.319365079365079,0.023809523809524,0.037158829332456
19281,Gehricke Rd,0.1,42220,"Santa Rosa-Petaluma, CA",06097150206,Sonoma County,0.337837837837838,0.162162162162162,0.203703703703704
19283,EVNET_AQI,3.1,40900,"Sacramento-Roseville-Folsom, CA",06017030711,El Dorado County,0.31454491374182,0.206614032474304,0.021332335329341
19293,Waverley and Hawthorne,0.0,41940,"San Jose-Sunnyvale-Santa Clara, CA",06085511302,Santa Clara County,0.411713791113676,0.220410628019324,0.02671972711768
19303,Portola Rd at Hayfields Rd,4.4,41860,"San Francisco-Oakland-Fremont, CA",06081613200,San Mateo County,0.249306670559042,0.075949367088608,0.044481605351171
19311,Starlight Grove,0.0,42220,"Santa Rosa-Petaluma, CA",06097154000,Sonoma County,0.278116826503923,0.095092024539877,0.039028620988725
19317,Jackson Park,0.0,41940,"San Jose-Sunnyvale-Santa Clara, CA",06085509201,Santa Clara County,0.566922117269649,0.144181072892533,0.040032679738562
19335,23rd &amp; Lake,0.0,41860,"San Francisco-Oakland-Fremont, CA",06075042601,San Francisco County,0.593310712554532,0.193407658749394,0.049978079789566
19339,Northstar Park,0.8,40900,"Sacramento-Roseville-Folsom, CA",06113010510,Yolo County,0.53618072714437,0.342216731380162,0.033769523005488
281494,WC_Whittier_CA,13.7,31080,"Los Angeles-Long Beach-Anaheim, CA",06037501600,Los Angeles County,0.691805141315154,0.253345929774839,0.04143947655398
19349,H1 Castlewood,0.9,41860,"San Francisco-Oakland-Fremont, CA",06001450601,Alameda County,0.526732133115112,0.029740791268759,0.056836461126005
19369,Oak Knoll,0.0,41860,"San Francisco-Oakland-Fremont, CA",06081612800,San Mateo County,0.29121041728322,0.091743119266055,0.025016903313049
19373,Pixel &amp; Mochi's house,0.4,41860,"San Francisco-Oakland-Fremont, CA",06001443301,Alameda County,0.820186406001364,0.053193907706297,0.035267857142857
19375,Montgomery St.,0.1,41860,"San Francisco-Oakland-Fremont, CA",06081609100,San Mateo County,0.423545331529093,0.07510148849797,0.038335158817087
19379,Positastan,3.8,40900,"Sacramento-Roseville-Folsom, CA",06113011301,Yolo County,0.375365141187926,0.34031158714703,0.047075606276748
19391,Menlo Atherton,0.6,41860,"San Francisco-Oakland-Fremont, CA",06081611500,San Mateo County,0.329272537417334,0.041420118343195,0.03160453808752
19413,Crescent City,0.7,18860,"Crescent City, CA",06015000106,Del Norte County,0.297134238310709,0.245043213014743,0.053350683148992
19425,Sanborn Park,0.5,41940,"San Jose-Sunnyvale-Santa Clara, CA",06085511707,Santa Clara County,0.488349514563107,0.090363454484828,0.00752508361204
19431,Boyes Hot Springs,0.4,42220,"Santa Rosa-Petaluma, CA",06097150306,Sonoma County,0.398001025115325,0.189390056381343,0.05982905982906
19433,Duboce Triangle,1.4,41860,"San Francisco-Oakland-Fremont, CA",06075016900,San Francisco County,0.33812479581836,0.168034131933049,0.120323129251701
19435,Helm's Deep,0.1,42220,"Santa Rosa-Petaluma, CA",06097152601,Sonoma County,0.264204545454545,0.045270574126818,0.124483775811209
19447,Gravatt Outdoor,1.5,41860,"San Francisco-Oakland-Fremont, CA",06001400100,Alameda County,0.310186601407158,0.08435960591133,0.050347222222222
19451,Lee Lane,1.3,46020,"Truckee-Grass Valley, CA",06057000701,Nevada County,0.107767385115901,0.224345940084045,0.056179775280899
19457,Soquel Elementary,0.0,42100,"Santa Cruz-Watsonville, CA",06087122005,Santa Cruz County,0.341706161137441,0.118483412322275,0.042881646655232
19463,downtown on River Street,1.1,42100,"Santa Cruz-Watsonville, CA",06087100700,Santa Cruz County,0.156160458452722,0.383659818442427,0.027757487216947
19471,Sherman Station,0.0,41860,"San Francisco-Oakland-Fremont, CA",06001427300,Alameda County,0.683323869013818,0.188150671966686,0.02413915512957
19481,Emilie Avenue,0.0,41860,"San Francisco-Oakland-Fremont, CA",06081611400,San Mateo County,0.337802869912962,0.091864224137931,0.015495296070836
19487,Mountain View By Mission Lakes MVBML,3.6,40140,"Riverside-San Bernardino-Ontario, CA",06065044517,Riverside County,0.417744252873563,0.180316091954023,0.027484143763214
19491,Patterson (Orange Ave),9.1,33700,"Modesto, CA",06099003201,Stanislaus County,0.842420937840785,0.422453070894842,0.058530510585305
19493,Albion Ridge G,0.0,46380,"Ukiah, CA",06045011001,Mendocino County,0.142403388035998,0.361872146118721,0.102285092491839
19495,Olivet Road,0.2,42220,"Santa Rosa-Petaluma, CA",06097153005,Sonoma County,0.447071549992273,0.225402227722772,0.038461538461538
19497,Scarsdale Place,0.7,41940,"San Jose-Sunnyvale-Santa Clara, CA",06085511917,Santa Clara County,0.613744075829384,0.044312796208531,0.041303350160624
19507,Glen Crest - Almaden,1.1,41940,"San Jose-Sunnyvale-Santa Clara, CA",06085511917,Santa Clara County,0.613744075829384,0.044312796208531,0.041303350160624
19509,Eastmont Hills,2.6,41860,"San Francisco-Oakland-Fremont, CA",06001408300,Alameda County,0.781673972030891,0.192026716760593,0.065890061885693
19511,Home,0.7,41940,"San Jose-Sunnyvale-Santa Clara, CA",06085505800,Santa Clara County,0.505893446487506,0.090994813767091,0.036419992251065
19515,Poplar,0.1,41860,"San Francisco-Oakland-Fremont, CA",06041119100,Marin County,0.168964847543212,0.12720916682851,0.068336162988115
19525,Adolfo Glenn,11.3,37100,"Oxnard-Thousand Oaks-Ventura, CA",06111005308,Ventura County,0.432590427475338,0.241870661308001,0.050073637702504
19533,Park Pacifica,3.1,41860,"San Francisco-Oakland-Fremont, CA",06081603400,San Mateo County,0.363120811135934,0.062210001718508,0.053515625
281684,Hasley Canyon end of road,12.5,31080,"Los Angeles-Long Beach-Anaheim, CA",06037920104,Los Angeles County,0.471781007096992,0.190573770491803,0.118193891102258
19571,North Alamo,1.3,41860,"San Francisco-Oakland-Fremont, CA",06013334200,Contra Costa County,0.331919968199284,0.077373483897951,0.059741819273491
19577,Palo Vista,0.5,41940,"San Jose-Sunnyvale-Santa Clara, CA",06085507705,Santa Clara County,0.690127077223851,0.106240330067045,0.060622610595303
19581,WC Walker and Homestead,1.1,41860,"San Francisco-Oakland-Fremont, CA",06013343001,Contra Costa County,0.26969696969697,0.068801897983393,0.030172413793103
19583,Villas,0.7,41940,"San Jose-Sunnyvale-Santa Clara, CA",06085506401,Santa Clara County,0.6276008492569,0.129811804961506,0.025257915332622
19585,City of Gilroy,4.4,41940,"San Jose-Sunnyvale-Santa Clara, CA",06085512603,Santa Clara County,0.893734220794124,0.379746835443038,0.026959767731232
19603,Lake San Marcos,6.6,41740,"San Diego-Chula Vista-Carlsbad, CA",06073020026,San Diego County,0.291219512195122,0.077073170731707,0.034666666666667
19613,"Hayward Hills, sagehouse",0.9,41860,"San Francisco-Oakland-Fremont, CA",06001435102,Alameda County,0.752484927489001,0.202682875707399,0.091472410740631
19619,Rocklin Sunset Heights,1.2,40900,"Sacramento-Roseville-Folsom, CA",06061021123,Placer County,0.261973775017253,0.046790890269151,0.06473544191546
281770,1322 Via Poco,2.9,40140,"Riverside-San Bernardino-Ontario, CA",06065940600,Riverside County,0.171231123624264,0.119702029283329,0.061106523534269
19633,Los Altos Ave.,0.1,41940,"San Jose-Sunnyvale-Santa Clara, CA",06085510500,Santa Clara County,0.478542160879879,0.064181737979709,0.027777777777778
19635,Windmill Canyon - Oakhurst - Clayton,0.6,41860,"San Francisco-Oakland-Fremont, CA",06013355307,Contra Costa County,0.4976120081874,0.092520138089758,0.057129798903108
19657,Western SoMa (Outside),1.1,41860,"San Francisco-Oakland-Fremont, CA",06075017603,San Francisco County,0.728556593977155,0.271677514171741,0.060754189944134
19663,Inverness Volunteer Fire Department,0.0,41860,"San Francisco-Oakland-Fremont, CA",06041132200,Marin County,0.112403100775194,0.192691029900332,0.09969481180061
19664,Side yard,1.5,41860,"San Francisco-Oakland-Fremont, CA",06001405800,Alameda County,0.881874701099952,0.375539568345324,0.067250115154307
19669,Country Estates,0.1,42100,"Santa Cruz-Watsonville, CA",06087120200,Santa Cruz County,0.304403048264183,0.27498918217222,0.039013452914798
19677,Rheem Valley,0.7,41860,"San Francisco-Oakland-Fremont, CA",06013350000,Contra Costa County,0.346829268292683,0.04837921485584,0.036458333333333
19683,Glenmoor Gardens,0.6,41860,"San Francisco-Oakland-Fremont, CA",06001442601,Alameda County,0.722222222222222,0.112812659520163,0.007696007696008
19693,59 Arden,1.0,41860,"San Francisco-Oakland-Fremont, CA",06001422700,Alameda County,0.636893608161566,0.575626959247649,0.068897637795276
19697,LO House,0.0,49700,"Yuba City, CA",06101050701,Sutter County,0.583192923336142,0.369208087615838,0.062260536398467
19709,South Downtown Elk,0.0,46380,"Ukiah, CA",06045011001,Mendocino County,0.142403388035998,0.361872146118721,0.102285092491839
19727,Sea Cliff Avenue,0.0,41860,"San Francisco-Oakland-Fremont, CA",06075042800,San Francisco County,0.425042589437819,0.063032367972743,0.012913640032284
19733,Grooming bays,1.6,42100,"Santa Cruz-Watsonville, CA",06087122300,Santa Cruz County,0.417872556486418,0.247428119229755,0.023932426091037
19743,Graton Outdoors,0.0,42220,"Santa Rosa-Petaluma, CA",06097153601,Sonoma County,0.232558139534884,0.120331950207469,0.008273009307135
281946,East Manhattan Beach,8.3,31080,"Los Angeles-Long Beach-Anaheim, CA",06037620802,Los Angeles County,0.273150844496214,0.059697146185207,0.021531100478469
282028,Lambeau Lodge AQI,11.7,40140,"Riverside-San Bernardino-Ontario, CA",06071010805,San Bernardino County,0.431318681318681,0.422902025630426,0.065878378378378
19979,Copper Hill Ct,0.0,41860,"San Francisco-Oakland-Fremont, CA",06013355110,Contra Costa County,0.779182879377432,0.188959143968872,0.068160152526215
282122,Sohome,0.2,42220,"Santa Rosa-Petaluma, CA",06097150205,Sonoma County,0.337931034482759,0.181692414111137,0.072010287183883
19983,Home Outside,0.6,41860,"San Francisco-Oakland-Fremont, CA",06001441402,Alameda County,0.823353293413174,0.073540419161677,0.061109148710703
19993,Merritt Dr,0.5,41940,"San Jose-Sunnyvale-Santa Clara, CA",06085508101,Santa Clara County,0.734775272281025,0.039299969296899,0.013567684242985
20003,San Carlos - Wellington Drive,0.4,41860,"San Francisco-Oakland-Fremont, CA",06081609500,San Mateo County,0.386557963809903,0.091054953870838,0.047054322876817
282166,Duncan Castro Open Space,2.0,41860,"San Francisco-Oakland-Fremont, CA",06075021600,San Francisco County,0.489352061622111,0.047349342999547,0.005349500713267
282174,Luftschmutz,0.1,41860,"San Francisco-Oakland-Fremont, CA",06081609700,San Mateo County,0.268241689316329,0.041204768876804,0.024006296733569
20083,Central Davis,1.6,40900,"Sacramento-Roseville-Folsom, CA",06113010704,Yolo County,0.391222096102913,0.41418945699564,0.063829787234043
20085,South Davis Oakshade,1.5,40900,"Sacramento-Roseville-Folsom, CA",06113010608,Yolo County,0.579045678383427,0.531196726900784,0.037141846480368
20103,A Street,1.1,40900,"Sacramento-Roseville-Folsom, CA",06113010701,Yolo County,0.354466230936819,0.42046511627907,0.094219219219219
20115,Los Robles,0.3,41940,"San Jose-Sunnyvale-Santa Clara, CA",06085510600,Santa Clara County,0.566393442622951,0.174098360655738,0.053679945982444
20133,Alta Mesa,0.1,46380,"Ukiah, CA",06045011102,Mendocino County,0.371659415786203,0.247407714641228,0.059682804674457
20141,Palo Alto - Barron Park,0.1,41940,"San Jose-Sunnyvale-Santa Clara, CA",06085511705,Santa Clara County,0.321446018563752,0.089073019161056,0.015015015015015
282290,Elk Ridge Outside,0.7,21700,"Eureka-Arcata, CA",06023011501,Humboldt County,0.101087941976428,0.342953342953343,0.0
20155,Stanley Outside,0.0,41940,"San Jose-Sunnyvale-Santa Clara, CA",06085510001,Santa Clara County,0.418663092645334,0.048947458497347,0.033395176252319
20157,Weird Hill,0.6,41940,"San Jose-Sunnyvale-Santa Clara, CA",06085512057,Santa Clara County,0.737939393939394,0.114181818181818,0.065603479521566
20167,"Carnelian Bay, California",1.1,40900,"Sacramento-Roseville-Folsom, CA",06061020105,Placer County,0.184210526315789,0.07085020242915,0.044267877412032
20171,0,0.7,41940,"San Jose-Sunnyvale-Santa Clara, CA",06085508004,Santa Clara County,0.778744455817127,0.078471511429546,0.020449212202481
20183,Major Air,0.0,42220,"Santa Rosa-Petaluma, CA",06097152100,Sonoma County,0.594046450768728,0.289451114922813,0.067096774193548
20187,El Pats,0.2,46700,"Vallejo, CA",06095252108,Solano County,0.308744993324433,0.119158878504673,0.092345078979344
20189,Central&amp;Orchard,0.2,41940,"San Jose-Sunnyvale-Santa Clara, CA",06085509201,Santa Clara County,0.566922117269649,0.144181072892533,0.040032679738562
20209,BurlingameHills,2.0,41860,"San Francisco-Oakland-Fremont, CA",06081605000,San Mateo County,0.536246033683183,0.113901572805682,0.031727099236641
20217,RATs house,0.6,41940,"San Jose-Sunnyvale-Santa Clara, CA",06085505305,Santa Clara County,0.645929612513331,0.062054208273894,0.045101982189026
20255,CARB SMOKE FRAQMD YESCharter,2.1,49700,"Yuba City, CA",06115041102,Yuba County,0.064356435643564,0.268316831683168,0.015037593984962
20383,Firhaven Ln,1.0,42100,"Santa Cruz-Watsonville, CA",06087121000,Santa Cruz County,0.182847896440129,0.118223383409536,0.044211751018034
20469,Campbell 85,0.3,41940,"San Jose-Sunnyvale-Santa Clara, CA",06085506701,Santa Clara County,0.566776007497657,0.053546265852513,0.033968516984258
20473,Willows Triangle,0.3,41860,"San Francisco-Oakland-Fremont, CA",06081611600,San Mateo County,0.465952890792291,0.04796573875803,0.062314540059347
20491,El Cerrito,3.1,41860,"San Francisco-Oakland-Fremont, CA",06013385200,Contra Costa County,0.574663835810333,0.18895966029724,0.040118870728083
20513,Cotswald Ct. (outdoors),0.2,41940,"San Jose-Sunnyvale-Santa Clara, CA",06085508205,Santa Clara County,0.798557444616177,0.104880581516096,0.040852575488455
20527,Bohlman,0.7,41940,"San Jose-Sunnyvale-Santa Clara, CA",06085507302,Santa Clara County,0.438257575757576,0.08274231678487,0.019340974212034
20543,20 S Grant,0.0,41860,"San Francisco-Oakland-Fremont, CA",06081606202,San Mateo County,0.80946123521682,0.196583442838371,0.049084858569052
20563,Almendia,2.6,17020,"Chico, CA",06007000501,Butte County,0.333262169086251,0.273747016706444,0.08919319022946
20565,topchem,1.0,41860,"San Francisco-Oakland-Fremont, CA",06001442502,Alameda County,0.825142265907915,0.051384451544196,0.027543993879112
20573,Madrone Place AQI,2.7,42100,"Santa Cruz-Watsonville, CA",06087120500,Santa Cruz County,0.231797397115723,0.114417286574566,0.069718731298624
20589,Ridgewood Road,0.6,41860,"San Francisco-Oakland-Fremont, CA",06013345204,Contra Costa County,0.183058375634518,0.032382173773645,0.024865591397849
20593,Country JAM,1.3,41860,"San Francisco-Oakland-Fremont, CA",06013351105,Contra Costa County,0.151598676957001,0.296082949308756,0.135135135135135
20601,Mountain View–Monta Loma (Snorlax nest),0.0,41940,"San Jose-Sunnyvale-Santa Clara, CA",06085509303,Santa Clara County,0.634696016771488,0.092150170648464,0.0
20607,Spencer Ct,2.3,42100,"Santa Cruz-Watsonville, CA",06087121401,Santa Cruz County,0.402426693629929,0.275587703435805,0.07447528774543
20609,Saratoga Country Club,0.7,41940,"San Jose-Sunnyvale-Santa Clara, CA",06085507600,Santa Clara County,0.621136590229312,0.072857619206402,0.035968527538404
20627,Bend Dr,0.4,41940,"San Jose-Sunnyvale-Santa Clara, CA",06085508306,Santa Clara County,0.744408945686901,0.075718849840256,0.065697674418605
282776,Westview Ln,0.0,39820,"Redding, CA",06089012603,Shasta County,0.160058379956215,0.230029585798817,0.054578532443905
20659,End of Timmus Ln.,0.0,41940,"San Jose-Sunnyvale-Santa Clara, CA",06085511800,Santa Clara County,0.180475980608197,0.072185430463576,0.053788771103259
282808,Bishop_Creek,0.5,13860,"Bishop, CA",06027000200,Inyo County,0.345987506006728,0.394358701436935,0.02710027100271
20700,Gallery Lane,12.1,31080,"Los Angeles-Long Beach-Anaheim, CA",06037143301,Los Angeles County,0.347415066469719,0.192023633677991,0.05668016194332
20704,Mt. Washington School,7.8,31080,"Los Angeles-Long Beach-Anaheim, CA",06037185204,Los Angeles County,0.641732283464567,0.334645669291339,0.078048780487805
20707,olfie,0.3,41940,"San Jose-Sunnyvale-Santa Clara, CA",06085510300,Santa Clara County,0.436379347591272,0.063944696478721,0.048141086749285
20709,24th and Diamond,2.1,41860,"San Francisco-Oakland-Fremont, CA",06075021200,San Francisco County,0.379356568364611,0.077930802821633,0.056692913385827
20721,Bernal Breathe,1.9,41860,"San Francisco-Oakland-Fremont, CA",06075025200,San Francisco County,0.480117280557083,0.194429173538574,0.002317113538563
20725,Rio Vista Ter Monte Rio,0.0,42220,"Santa Rosa-Petaluma, CA",06097153708,Sonoma County,0.132807363576594,0.240631163708087,0.176229508196721
20727,"8833 Lund Hill Lane, Cotati CA 94931",0.2,42220,"Santa Rosa-Petaluma, CA",06097151204,Sonoma County,0.34748427672956,0.186595342983008,0.031926406926407
20737,AZ South San Francisco,2.7,41860,"San Francisco-Oakland-Fremont, CA",06081602300,San Mateo County,0.941163159085766,0.207974626189397,0.052534221235664
20743,Victor Avenue,0.0,41860,"San Francisco-Oakland-Fremont, CA",06001406900,Alameda County,0.603363518758085,0.166882276843467,0.07069913589945
20747,1000ft Montclair,1.7,41860,"San Francisco-Oakland-Fremont, CA",06001404502,Alameda County,0.340425531914894,0.042553191489362,0.033469150174622
20757,Charmes 2 Outside,0.2,41940,"San Jose-Sunnyvale-Santa Clara, CA",06085503330,Santa Clara County,0.930967020681945,0.111654555617663,0.026617057813394
282908,"Altamont, Mountain House",0.9,44700,"Stockton-Lodi, CA",06077005221,San Joaquin County,0.714316012725345,0.047720042417815,0.043008428787551
20779,Sacramento State: Amador Hall,0.9,40900,"Sacramento-Roseville-Folsom, CA",06067005201,Sacramento County,0.694301994301994,0.654305468258957,0.168494516450648
20801,"San Carlos, CA",0.0,41860,"San Francisco-Oakland-Fremont, CA",06081609300,San Mateo County,0.343577848651783,0.036578171091445,0.060622317596567
20829,Hagen Oaks Alamo,0.6,41860,"San Francisco-Oakland-Fremont, CA",06013346206,Contra Costa County,0.334577114427861,0.092039800995025,0.062103929024081
282976,OP,1.7,40900,"Sacramento-Roseville-Folsom, CA",06067002700,Sacramento County,0.566371681415929,0.429763960852044,0.06330806954971
282998,SamTrans - Central,0.4,41860,"San Francisco-Oakland-Fremont, CA",06081609202,San Mateo County,0.529195668986852,0.1430781129157,0.0246875
20871,Eagle Feather,0.8,40900,"Sacramento-Roseville-Folsom, CA",06061022011,Placer County,0.171576227390181,0.070020746887967,0.024007386888273
20873,Knights Bridge,0.4,41940,"San Jose-Sunnyvale-Santa Clara, CA",06085504315,Santa Clara County,0.881083494567644,0.078311455847255,0.034373476352999
20889,River Park: Shepard &amp; Sandburg,0.8,40900,"Sacramento-Roseville-Folsom, CA",06067000100,Sacramento County,0.273759565539373,0.182424092816589,0.035389765662363
20901,Count of Montecillo,0.0,41860,"San Francisco-Oakland-Fremont, CA",06041108100,Marin County,0.216684077003432,0.116574503063817,0.082356076759062
20919,Pinewood,0.7,34900,"Napa, CA",06055200703,Napa County,0.185111989459816,0.092226613965744,0.052203389830508
20955,Olympic Donner Lake,1.2,46020,"Truckee-Grass Valley, CA",06057001209,Nevada County,0.253861652115514,0.06178643384822,0.032745591939547
283126,SamTrans - South Base - Bldg. 100 - Roof,0.0,41860,"San Francisco-Oakland-Fremont, CA",06081609100,San Mateo County,0.423545331529093,0.07510148849797,0.038335158817087
20997,Buena Vista,0.3,42220,"Santa Rosa-Petaluma, CA",06097150100,Sonoma County,0.221269296740995,0.200869565217391,0.030854430379747
21055,nr Almond School (garage),0.1,41940,"San Jose-Sunnyvale-Santa Clara, CA",06085510200,Santa Clara County,0.387958448166207,0.041339834640661,0.035660472124561
283210,Saratoga Neighborhood,2.8,40900,"Sacramento-Roseville-Folsom, CA",06113011203,Yolo County,0.558876270173341,0.18738792588165,0.045751633986928
283234,Middle Oak Ridge,0.2,42100,"Santa Cruz-Watsonville, CA",06087120500,Santa Cruz County,0.231797397115723,0.114417286574566,0.069718731298624
21097,Lucky Tree Cabin,1.9,46020,"Truckee-Grass Valley, CA",06057001208,Nevada County,0.076923076923077,0.153846153846154,0.040441176470588
21107,Alacornia Outside,0.0,42220,"Santa Rosa-Petaluma, CA",06097154306,Sonoma County,0.24739742804654,0.142682180036742,0.02441731409545
283310,Evening Bay,1.4,40900,"Sacramento-Roseville-Folsom, CA",06113010508,Yolo County,0.34259626836046,0.175069472012703,0.026372059871703
283346,Longspur Loop Lincoln Hills,1.7,40900,"Sacramento-Roseville-Folsom, CA",06061023600,Placer County,0.135059331175836,0.131939908556499,0.073431241655541
21251,Orinda Oaks Berkeley,13.5,41860,"San Francisco-Oakland-Fremont, CA",06013354001,Contra Costa County,0.281719532554257,0.064691151919866,0.021718602455146
21285,Melville,1.6,41860,"San Francisco-Oakland-Fremont, CA",06001404600,Alameda County,0.417916497770572,0.086137008512363,0.055648535564854
21293,MM Arroyo Blvd,13.4,31080,"Los Angeles-Long Beach-Anaheim, CA",06037463900,Los Angeles County,0.411930926216641,0.105298233922026,0.079207920792079
21313,Los Alamos,0.7,41860,"San Francisco-Oakland-Fremont, CA",06001451701,Alameda County,0.456743869209809,0.078237102835668,0.036309523809524
283492,Calabas1,1.1,42100,"Santa Cruz-Watsonville, CA",06087110700,Santa Cruz County,0.79532967032967,0.237962316817865,0.029166666666667
283535,E Fifth,2.7,42100,"Santa Cruz-Watsonville, CA",06087110201,Santa Cruz County,0.849872773536896,0.50763358778626,0.112251882272416
283528,YellowBigHouse,0.4,25260,"Hanford-Corcoran, CA",06031001601,Kings County,0.837953091684435,0.577260859245193,0.112197928653625
283540,Javier Gonzalez-Rocha,2.3,41500,"Salinas, CA",06053014601,Monterey County,0.857200811359026,0.443574958813839,0.064041540458676
283542,Hanford1,1.6,25260,"Hanford-Corcoran, CA",06031000901,Kings County,0.727995612832465,0.622492229443346,0.154430379746835
283538,Hanford2,1.2,25260,"Hanford-Corcoran, CA",06031001001,Kings County,0.578985246491544,0.200335133122324,0.075488069414317
21399,Calistoga High School,0.1,34900,"Napa, CA",06055202000,Napa County,0.42785590445001,0.175990675990676,0.005858659831564
21423,Swiss Creek,0.0,41940,"San Jose-Sunnyvale-Santa Clara, CA",06085511707,Santa Clara County,0.488349514563107,0.090363454484828,0.00752508361204
21427,Grundy Park,1.0,41860,"San Francisco-Oakland-Fremont, CA",06081604000,San Mateo County,0.538344026886648,0.071799572257867,0.019412090959512
21431,Palo Alto Leland Manor,0.0,41940,"San Jose-Sunnyvale-Santa Clara, CA",06085511100,Santa Clara County,0.569909622541201,0.068757752968279,0.062275449101796
21439,Keys Middle School,0.2,41940,"San Jose-Sunnyvale-Santa Clara, CA",06085510700,Santa Clara County,0.582148829431438,0.070443143812709,0.027125372146874
21449,"Saratoga, CA",0.2,41940,"San Jose-Sunnyvale-Santa Clara, CA",06085507500,Santa Clara County,0.699147381242387,0.062815381938403,0.041101202016285
283608,Olympus,0.0,41860,"San Francisco-Oakland-Fremont, CA",06041121200,Marin County,0.270620204603581,0.081226828446242,0.027034718269778
21645,Hilgard &amp; Le Roy,1.5,41860,"San Francisco-Oakland-Fremont, CA",06001422500,Alameda County,0.553615401835684,0.417325227963526,0.028267103646047
283792,Wallers Way,1.0,39820,"Redding, CA",06089010807,Shasta County,0.152370689655172,0.194563019546169,0.030334728033473
283812,Swindon Ct,2.8,46700,"Vallejo, CA",06095253207,Solano County,0.391492713666798,0.129972430090587,0.016168148746968
21707,Norrbom Rd,0.0,42220,"Santa Rosa-Petaluma, CA",06097150205,Sonoma County,0.337931034482759,0.181692414111137,0.072010287183883
21713,SouthEast Taylor Mountain,0.3,42220,"Santa Rosa-Petaluma, CA",06097151505,Sonoma County,0.055172413793103,0.174501992031872,0.074882995319813
21723,Everson Street,1.3,41860,"San Francisco-Oakland-Fremont, CA",06075021700,San Francisco County,0.492829204693611,0.226386149463073,0.057983193277311
21733,Miravalle Ave,0.4,41940,"San Jose-Sunnyvale-Santa Clara, CA",06085510001,Santa Clara County,0.418663092645334,0.048947458497347,0.033395176252319
21783,Woodmont,0.0,41860,"San Francisco-Oakland-Fremont, CA",06001421100,Alameda County,0.233870967741935,0.046489563567362,0.063291139240506
21789,Kenneth Drive South,0.5,41940,"San Jose-Sunnyvale-Santa Clara, CA",06085510801,Santa Clara County,0.633422698838248,0.045040214477212,0.041132075471698
21851,Outside Library,0.5,41860,"San Francisco-Oakland-Fremont, CA",06081605600,San Mateo County,0.496684350132626,0.096118607362985,0.05091044221479
284000,Backyard,9.8,31080,"Los Angeles-Long Beach-Anaheim, CA",06037214902,Los Angeles County,0.216039279869067,0.180837826627955,0.01837416481069
284002,Elysian Heights,10.1,31080,"Los Angeles-Long Beach-Anaheim, CA",06037197410,Los Angeles County,0.486442953020134,0.211006711409396,0.1013456686291
21887,Fish,0.0,42100,"Santa Cruz-Watsonville, CA",06087100600,Santa Cruz County,0.185765589291544,0.179562520404832,0.035734226689001
284042,SC,10.6,31080,"Los Angeles-Long Beach-Anaheim, CA",06037213100,Los Angeles County,0.934615384615385,0.346902017291066,0.021086261980831
284134,Pico &amp; Centinella,0.5,31080,"Los Angeles-Long Beach-Anaheim, CA",06037267600,Los Angeles County,0.59202958093673,0.356614626129827,0.020463847203274
21997,End of County Road,0.0,46380,"Ukiah, CA",06045010601,Mendocino County,0.161412837067983,0.274923312883436,0.140015302218822
284138,Caversham,1.7,40900,"Sacramento-Roseville-Folsom, CA",06067008513,Sacramento County,0.583428440995207,0.074022988505747,0.097611202635914
22033,CBJ4lyfe,0.1,40900,"Sacramento-Roseville-Folsom, CA",06067003001,Sacramento County,0.687647256815887,0.442948502187816,0.079878048780488
22037,"Mirada,Stanford,CA,USA",0.2,41940,"San Jose-Sunnyvale-Santa Clara, CA",06085511502,Santa Clara County,0.324542351846106,0.042096219931271,0.0
22049,Davis East Pioneer,1.0,40900,"Sacramento-Roseville-Folsom, CA",06113010401,Yolo County,0.394736842105263,0.20606960950764,0.04302372336148
22051,Joost-by-the-Congo,0.2,41860,"San Francisco-Oakland-Fremont, CA",06075031100,San Francisco County,0.621858097359211,0.101654470251352,0.061486322924231
22053,MH Outside,0.1,41940,"San Jose-Sunnyvale-Santa Clara, CA",06085510002,Santa Clara County,0.52760736196319,0.020858895705521,0.020327218641547
22063,Moraga Way near McDonnell Nursery,0.7,41860,"San Francisco-Oakland-Fremont, CA",06013353002,Contra Costa County,0.248206599713056,0.020143884892086,0.020489755122439
284212,Emerald Hills,0.2,41860,"San Francisco-Oakland-Fremont, CA",06081609700,San Mateo County,0.268241689316329,0.041204768876804,0.024006296733569
22067,Lakeshore and Park Lane- Outside,0.0,41860,"San Francisco-Oakland-Fremont, CA",06001405100,Alameda County,0.337622005323869,0.062111801242236,0.002836304700162
22071,Arthur st,0.2,42220,"Santa Rosa-Petaluma, CA",06097151204,Sonoma County,0.34748427672956,0.186595342983008,0.031926406926407
22086,Chalk Bluff,1.6,46020,"Truckee-Grass Valley, CA",06057000701,Nevada County,0.107767385115901,0.224345940084045,0.056179775280899
284234,Outdoor Diamond &amp; 21st,1.9,41860,"San Francisco-Oakland-Fremont, CA",06075021200,San Francisco County,0.379356568364611,0.077930802821633,0.056692913385827
22099,Home,6.6,41860,"San Francisco-Oakland-Fremont, CA",06041121200,Marin County,0.270620204603581,0.081226828446242,0.027034718269778
284252,Mariposa,0.8,41940,"San Jose-Sunnyvale-Santa Clara, CA",06085507100,Santa Clara County,0.220204688015847,0.074281941234731,0.035514018691589
22351,Ajax,0.0,41860,"San Francisco-Oakland-Fremont, CA",06001421600,Alameda County,0.287493513233005,0.133874770762379,0.046242774566474
22353,Rancho del Sol,0.8,40900,"Sacramento-Roseville-Folsom, CA",06017031405,El Dorado County,0.135124298315958,0.184843624699278,0.068934646374217
22369,Rio Alto Water District,0.3,39780,"Red Bluff, CA",06103000201,Tehama County,0.210438512869399,0.229504289799809,0.055987558320373
22371,Boole Rd.,1.0,40900,"Sacramento-Roseville-Folsom, CA",06061021901,Placer County,0.220643431635389,0.186998616874136,0.049802761341223
22399,West Dry Creek Valley,0.0,42220,"Santa Rosa-Petaluma, CA",06097154000,Sonoma County,0.278116826503923,0.095092024539877,0.039028620988725
22407,Downtown Millbrae,2.1,41860,"San Francisco-Oakland-Fremont, CA",06081604400,San Mateo County,0.713586751975913,0.156274206041828,0.101757631822387
22423,Clarendon 2,2.0,41860,"San Francisco-Oakland-Fremont, CA",06001405100,Alameda County,0.337622005323869,0.062111801242236,0.002836304700162
22427,BigSurMiddleRoad,1.1,41500,"Salinas, CA",06053011502,Monterey County,0.473477406679764,0.409763313609467,0.022644927536232
22445,Dell Rio Hills,0.3,42220,"Santa Rosa-Petaluma, CA",06097153705,Sonoma County,0.252336448598131,0.143691588785047,0.042809042809043
22451,"Benicia, Skillman Park",0.0,46700,"Vallejo, CA",06095252106,Solano County,0.400982362134405,0.141995981245814,0.010174418604651
22453,Cory/Valley Fair Neighborhood,0.3,41940,"San Jose-Sunnyvale-Santa Clara, CA",06085505800,Santa Clara County,0.505893446487506,0.090994813767091,0.036419992251065
284612,Caldwell Recreation,0.4,39820,"Redding, CA",06089010702,Shasta County,0.239253582139287,0.316661034133153,0.018531228551819
22471,Zapotec,0.2,41860,"San Francisco-Oakland-Fremont, CA",06001443200,Alameda County,0.857103295486015,0.052617003600111,0.061872909698997
22473,Gerber Creek,0.0,40900,"Sacramento-Roseville-Folsom, CA",06067009201,Sacramento County,0.754119340905455,0.268165526230042,0.055937193326791
22477,SeeOda-ArroyoGrande,4.3,42020,"San Luis Obispo-Paso Robles, CA",06079011800,San Luis Obispo County,0.257967213114754,0.084822019319836,0.01969611705121
284644,Whispering Forest,0.6,40140,"Riverside-San Bernardino-Ontario, CA",06071011300,San Bernardino County,0.191072826938136,0.244322631166797,0.092382495948136
284652,Sun Oaks Tennis and Fitness,0.0,39820,"Redding, CA",06089011403,Shasta County,0.260084286574353,0.25719478945774,0.048660084626234
22509,Forest Dr,0.2,41860,"San Francisco-Oakland-Fremont, CA",06041113000,Marin County,0.191860465116279,0.154804763223484,0.038292253521127
22513,Cheltenham Way,0.9,41940,"San Jose-Sunnyvale-Santa Clara, CA",06085512035,Santa Clara County,0.755714285714286,0.157787303531333,0.045911674682991
284684,"Ave L and 6th (approx), California, USA",5.5,31080,"Los Angeles-Long Beach-Anaheim, CA",06037900504,Los Angeles County,0.831938732094738,0.339942938659059,0.103262591067469
284682,Beverly Drive,2.4,42100,"Santa Cruz-Watsonville, CA",06087110101,Santa Cruz County,0.80592699674738,0.533429707264185,0.01373182552504
22567,TF home outside,7.4,31080,"Los Angeles-Long Beach-Anaheim, CA",06037278102,Los Angeles County,0.294287548138639,0.10783055198973,0.058795637743006
22667,Halls Valley,0.1,41940,"San Jose-Sunnyvale-Santa Clara, CA",06085503312,Santa Clara County,0.746610169491526,0.081212467829568,0.0630231413097
22675,Turning Point School,5.1,31080,"Los Angeles-Long Beach-Anaheim, CA",06037702400,Los Angeles County,0.544813917639287,0.146045072912064,0.051617118588697
284856,Sundance Court,1.1,41860,"San Francisco-Oakland-Fremont, CA",06013338302,Contra Costa County,0.417558498095411,0.042304886943837,0.061057862974796
284868,White Oak Way,0.2,41500,"Salinas, CA",06053011001,Monterey County,0.110560093348891,0.158957845433255,0.057588482303539
22721,SCAP_73,14.0,31080,"Los Angeles-Long Beach-Anaheim, CA",06037480302,Los Angeles County,0.844662408759124,0.167883211678832,0.046805046805047
22727,SCAP_83,9.7,31080,"Los Angeles-Long Beach-Anaheim, CA",06037482002,Los Angeles County,0.899861303744799,0.206662040249827,0.096200485044462
22735,SCAP_78,10.7,31080,"Los Angeles-Long Beach-Anaheim, CA",06037481901,Los Angeles County,0.886765746638358,0.243767806267806,0.057807543179415
22751,#ValleyClimate,0.0,23420,"Fresno, CA",06019005000,Fresno County,0.645373948624687,0.435041171088747,0.041476754785779
284902,Cornel!,0.0,42220,"Santa Rosa-Petaluma, CA",06097153809,Sonoma County,0.530608009960573,0.155398377366341,0.019154318756776
22761,Cascade SL,1.5,40900,"Sacramento-Roseville-Folsom, CA",06061022014,Placer County,0.087825560266505,0.232586311326469,0.061835748792271
22873,By Balboa Park Pool,1.3,41860,"San Francisco-Oakland-Fremont, CA",06075025501,San Francisco County,0.815328633158972,0.151230949589683,0.070606902023007
22963,Menlo Oaks,0.0,41860,"San Francisco-Oakland-Fremont, CA",06081613900,San Mateo County,0.395250078641082,0.135178628902478,0.04832
285172,Canebrake FS-EKAPCD sn-15,1.8,12540,"Bakersfield-Delano, CA",06029005207,Kern County,0.198429319371728,0.660377358490566,0.237911025145068
23065,Hyland Dr,2.6,42220,"Santa Rosa-Petaluma, CA",06097152300,Sonoma County,0.112573099415205,0.125122428991185,0.097969543147208
23083,NeuJohnstein2,1.9,41860,"San Francisco-Oakland-Fremont, CA",06075025501,San Francisco County,0.815328633158972,0.151230949589683,0.070606902023007
23089,Hillside School outdoors,12.6,31080,"Los Angeles-Long Beach-Anaheim, CA",06037460700,Los Angeles County,0.413367306938456,0.085260682085457,0.018705035971223
23095,Luigi Aprea outside,2.5,41940,"San Jose-Sunnyvale-Santa Clara, CA",06085512516,Santa Clara County,0.681104972375691,0.130828729281768,0.049295774647887
285244,Victory,0.0,41940,"San Jose-Sunnyvale-Santa Clara, CA",06085509302,Santa Clara County,0.541442715700141,0.072418670438472,0.058733401430031
285300,WBES-EKAPCD-SN#14,1.6,12540,"Bakersfield-Delano, CA",06029005600,Kern County,0.521263669501823,0.440259214256784,0.108949416342412
23181,"Brookhill St, Crescenta Highlands",8.6,31080,"Los Angeles-Long Beach-Anaheim, CA",06037300301,Los Angeles County,0.375683700578215,0.123456790123457,0.006815365551425
23189,near Stouffer Park outside,0.8,44700,"Stockton-Lodi, CA",06077005001,San Joaquin County,0.286983204134367,0.137213114754098,0.028295819935691
23191,"46576 Eastwood Dr North, Oakhurst, CA",1.3,23420,"Fresno, CA",06039000103,Madera County,0.195682258510933,0.317004504504505,0.067080045095829
23193,SCAP_72,12.7,31080,"Los Angeles-Long Beach-Anaheim, CA",06037481500,Los Angeles County,0.953113729261842,0.311566265060241,0.037662964751328
23195,MPMS Outside,0.2,41860,"San Francisco-Oakland-Fremont, CA",06041120002,Marin County,0.226359832635983,0.088075313807531,0.094887525562372
23227,SCAP-63,14.5,31080,"Los Angeles-Long Beach-Anaheim, CA",06037481712,Los Angeles County,0.991694031292254,0.59397334363531,0.097254901960784
23241,Scap_91,9.5,31080,"Los Angeles-Long Beach-Anaheim, CA",06037481604,Los Angeles County,0.960804020100502,0.287437185929648,0.047641734159123
23253,Scap_58,10.9,31080,"Los Angeles-Long Beach-Anaheim, CA",06037481605,Los Angeles County,0.967925873129009,0.291161796151105,0.027336300063573
23283,the mesa,46.3,40140,"Riverside-San Bernardino-Ontario, CA",06065940500,Riverside County,0.143610013175231,0.201141853315766,0.116071428571429
23287,SCAP_100,12.2,31080,"Los Angeles-Long Beach-Anaheim, CA",06037481604,Los Angeles County,0.960804020100502,0.287437185929648,0.047641734159123
23291,SCAP_57,1.2,31080,"Los Angeles-Long Beach-Anaheim, CA",06037482101,Los Angeles County,0.950377315344157,0.311640696608616,0.040349417637271
23295,SCAP_112,9.0,31080,"Los Angeles-Long Beach-Anaheim, CA",06037481901,Los Angeles County,0.886765746638358,0.243767806267806,0.057807543179415
23347,SCAP_109,9.8,31080,"Los Angeles-Long Beach-Anaheim, CA",06037481500,Los Angeles County,0.953113729261842,0.311566265060241,0.037662964751328
23417,SCAP_99,9.5,31080,"Los Angeles-Long Beach-Anaheim, CA",06037481606,Los Angeles County,0.973216070357785,0.43893663801719,0.065669160432253
23429,SCAP_52,4.6,31080,"Los Angeles-Long Beach-Anaheim, CA",06037480802,Los Angeles County,0.897776405188388,0.262160454832596,0.038636363636364
285588,KRV LIBRARY EKAPCD SN 15,1.4,12540,"Bakersfield-Delano, CA",06029005205,Kern County,0.279752288637587,0.777657560183933,0.09617373319545
285626,Rosamond Library/EKAPCD SN-13,0.8,12540,"Bakersfield-Delano, CA",06029005805,Kern County,0.509191176470588,0.250459558823529,0.025195482189401
285670,Burrow,19.5,31080,"Los Angeles-Long Beach-Anaheim, CA",06037461100,Los Angeles County,0.6486646884273,0.175469831849654,0.037765538945712
23611,Laguna Altura,6.3,31080,"Los Angeles-Long Beach-Anaheim, CA",06059062653,Orange County,0.59616493656286,0.162773933102653,0.032040472175379
23635,Westchester,9.9,31080,"Los Angeles-Long Beach-Anaheim, CA",06037276000,Los Angeles County,0.453623846270238,0.085993584848022,0.051134946370666
285878,Pinnacle trail,2.1,42220,"Santa Rosa-Petaluma, CA",06097154305,Sonoma County,0.277956741831569,0.153179190751445,0.184065934065934
285884,HR59,6.6,42200,"Santa Maria-Santa Barbara, CA",06083003102,Santa Barbara County,0.450517464424321,0.179636835278859,0.048693586698337
23793,San Diego &amp; Ashlan,1.5,23420,"Fresno, CA",06019008405,Fresno County,0.97341211225997,0.662481536189069,0.076464746772592
23915,"Norris Canyon, Castro Valley",25.0,41860,"San Francisco-Oakland-Fremont, CA",06001430101,Alameda County,0.661501279499573,0.079142857142857,0.053032225323522
23927,Precita Park,0.3,41860,"San Francisco-Oakland-Fremont, CA",06075025200,San Francisco County,0.480117280557083,0.194429173538574,0.002317113538563
286076,Iron Horse Vineyards,0.1,42220,"Santa Rosa-Petaluma, CA",06097153711,Sonoma County,0.305427456544874,0.191557289819085,0.020188425302826
23933,DAL16,0.0,46700,"Vallejo, CA",06095252107,Solano County,0.454518252543387,0.168761220825853,0.044652701212789
23965,2509 Prince St ,1.2,41860,"San Francisco-Oakland-Fremont, CA",06001423902,Alameda County,0.311507936507937,0.218476062036413,0.042051282051282
286114,Canyon1,1.2,40140,"Riverside-San Bernardino-Ontario, CA",06071011300,San Bernardino County,0.191072826938136,0.244322631166797,0.092382495948136
24011,Ferndale Way,0.3,41860,"San Francisco-Oakland-Fremont, CA",06081609700,San Mateo County,0.268241689316329,0.041204768876804,0.024006296733569
24037,Raphael Ave.,0.1,12540,"Bakersfield-Delano, CA",06029005104,Kern County,0.323522257358307,0.131733594515181,0.041034288926363
24039,Mid-Town Ventura,5.0,37100,"Oxnard-Thousand Oaks-Ventura, CA",06111002800,Ventura County,0.383614315291334,0.318754633061527,0.045371577574967
24227,Everett road,0.4,42220,"Santa Rosa-Petaluma, CA",06097151100,Sonoma County,0.256860809476802,0.191423881821912,0.070051160960252
24279,Kristen Court Encinitas,5.3,41740,"San Diego-Chula Vista-Carlsbad, CA",06073017605,San Diego County,0.341288782816229,0.222675367047308,0.008530183727034
286506,405 L Street,0.9,41860,"San Francisco-Oakland-Fremont, CA",06001441200,Alameda County,0.680989937449007,0.103073157465325,0.05261786923678
286634,Palm Drive Arcadia CA,14.6,31080,"Los Angeles-Long Beach-Anaheim, CA",06037431600,Los Angeles County,0.817847769028871,0.198135818908123,0.033446712018141
286700,OUTKIT,0.8,34900,"Napa, CA",06055201401,Napa County,0.247252747252747,0.107927786499215,0.027937551355793
286716,SYR,12.0,42200,"Santa Maria-Santa Barbara, CA",06083001500,Santa Barbara County,0.203576864535769,0.132090132090132,0.045936395759717
286798,DAOU 2,2.1,42020,"San Luis Obispo-Paso Robles, CA",06079010016,San Luis Obispo County,0.459277756434883,0.366467986925591,0.03610248447205
286902,Carrisa Plains Elementary,0.4,42020,"San Luis Obispo-Paso Robles, CA",06079012708,San Luis Obispo County,0.171779141104294,0.214723926380368,0.050739957716702
287249,Linden ave,9.5,31080,"Los Angeles-Long Beach-Anaheim, CA",06037571800,Los Angeles County,0.558594964252409,0.143311089926915,0.059819413092551
25155,Lindberg Park,7.4,31080,"Los Angeles-Long Beach-Anaheim, CA",06037702700,Los Angeles County,0.433526011560694,0.094508670520231,0.038080333854982
25301,Nisley Home,0.3,41860,"San Francisco-Oakland-Fremont, CA",06081609602,San Mateo County,0.425531914893617,0.031914893617021,0.033333333333333
25303,TM Lodge External,0.9,45000,"Susanville, CA",06035040100,Lassen County,0.240335051546392,0.299932295192959,0.077071290944123
25407,Gravenstein School,0.1,42220,"Santa Rosa-Petaluma, CA",06097153501,Sonoma County,0.259410430839002,0.193731546672723,0.036519386834986
25413,Columbia,12.7,31080,"Los Angeles-Long Beach-Anaheim, CA",06037900510,Los Angeles County,0.810606060606061,0.561443932411674,0.06043956043956
25485,BROH_GENERATOR,0.0,41860,"San Francisco-Oakland-Fremont, CA",06013352101,Contra Costa County,0.411245865490628,0.053414727203357,0.051282051282051
25487,Hagginwood,0.0,40900,"Sacramento-Roseville-Folsom, CA",06067006300,Sacramento County,0.647135135135135,0.520503362985463,0.117248566961959
25489,Terra Linda,0.0,41860,"San Francisco-Oakland-Fremont, CA",06041108100,Marin County,0.216684077003432,0.116574503063817,0.082356076759062
25507,Da Vinci high school,1.1,40900,"Sacramento-Roseville-Folsom, CA",06113010602,Yolo County,0.49778156996587,0.511783327470981,0.043655097613883
287752,Admin,1.4,12540,"Bakersfield-Delano, CA",06029003307,Kern County,0.364741641337386,0.402952670429874,0.090809628008753
25739,Pinecrest Air,57.2,43760,"Sonora, CA",06109003103,Tuolumne County,0.15796178343949,0.227338129496403,0.089285714285714
25745,bushrod-ext,1.4,41860,"San Francisco-Oakland-Fremont, CA",06001400700,Alameda County,0.51807482135351,0.209331651954603,0.03914373088685
25755,Olive Orchard Dr,1.6,40900,"Sacramento-Roseville-Folsom, CA",06061020300,Placer County,0.25011256190905,0.369479768786127,0.008363826450601
287898,"Hills near Skyline, Napa (not a winery)",0.4,34900,"Napa, CA",06055201003,Napa County,0.847150259067357,0.104224790753288,0.031546940326872
25759,Foothill Horizons Outdoor School,0.5,43760,"Sonora, CA",06109002202,Tuolumne County,0.131461828141048,0.259500171174255,0.076845298281092
287910,Termino and E Theresa,6.8,31080,"Los Angeles-Long Beach-Anaheim, CA",06037577100,Los Angeles County,0.468792401628222,0.2257621532546,0.076040451186309
25775,6375 Thornhill Dr,1.9,41860,"San Francisco-Oakland-Fremont, CA",06001404400,Alameda County,0.413189077794951,0.066117121758544,0.020813320525136
287976,TOWER,0.4,34900,"Napa, CA",06055201005,Napa County,0.775297619047619,0.284291187739464,0.068619892058597
25837,South Torrance,5.8,31080,"Los Angeles-Long Beach-Anaheim, CA",06037651402,Los Angeles County,0.72543649435125,0.164775702565893,0.007281553398058
25849,Cazadero Volunteer Fire Department #1,0.0,42220,"Santa Rosa-Petaluma, CA",06097153707,Sonoma County,0.155327342747112,0.234274711168164,0.029868578255675
287994,Negoesco Stadium,2.0,41860,"San Francisco-Oakland-Fremont, CA",06075015701,San Francisco County,0.568412505075112,0.222293197061642,0.036687631027254
288021,1551 Denkinger Ct.,0.8,41860,"San Francisco-Oakland-Fremont, CA",06013333200,Contra Costa County,0.439311285373338,0.086919398907104,0.028132155708211
288092,Sutter Health Park,2.3,40900,"Sacramento-Roseville-Folsom, CA",06113010201,Yolo County,0.523724792408066,0.265378900445765,0.039448669201521
288118,Los Vaqueros North,1.2,41860,"San Francisco-Oakland-Fremont, CA",06013355112,Contra Costa County,0.291724137931034,0.088583362339018,0.057647963105304
288148,"Westhaven Drive N, Trinidad",0.0,21700,"Eureka-Arcata, CA",06023010200,Humboldt County,0.23977823977824,0.36254839845125,0.101615074024226
26023,Bodfish California,2.0,12540,"Bakersfield-Delano, CA",06029005206,Kern County,0.276874256247521,0.56921856406188,0.25070821529745
288168,DAOU 1,2.4,42020,"San Luis Obispo-Paso Robles, CA",06079010016,San Luis Obispo County,0.459277756434883,0.366467986925591,0.03610248447205
26033,Capacete Residence,3.9,31080,"Los Angeles-Long Beach-Anaheim, CA",06059074003,Orange County,0.833333333333333,0.282657657657658,0.050639134709931
288176,Alamitos Beach,7.2,31080,"Los Angeles-Long Beach-Anaheim, CA",06037576602,Los Angeles County,0.50631600745496,0.218082879866053,0.06271676300578
288188,SBCAPCD-CAPCOA-4,2.5,42200,"Santa Maria-Santa Barbara, CA",06083002307,Santa Barbara County,0.895355673133451,0.247501469723692,0.078727634194831
288218,SBCAPCD-CAPCOA-6,2.2,42200,"Santa Maria-Santa Barbara, CA",06083002102,Santa Barbara County,0.715793918918919,0.350907519446845,0.040719696969697
288236,SBCAPCD-CAPCOA-12,3.9,42200,"Santa Maria-Santa Barbara, CA",06083001905,Santa Barbara County,0.250894890986007,0.173045469414459,0.071743234738829
288242,SBCAPCD-CAPCOA-13,3.4,42200,"Santa Maria-Santa Barbara, CA",06083002707,Santa Barbara County,0.471989966555184,0.228739002932551,0.100077579519007
288248,Roof,9.1,31080,"Los Angeles-Long Beach-Anaheim, CA",06037192610,Los Angeles County,0.852956038403234,0.555892766818412,0.074376612209802
26127,"Temescal Valley, CA",8.0,40140,"Riverside-San Bernardino-Ontario, CA",06065043007,Riverside County,0.539145667699771,0.249661154784494,0.070937003705664
288288,Outpost Wines,0.0,34900,"Napa, CA",06055201700,Napa County,0.436582109479306,0.183995491687799,0.054096432771462
26157,AQMD_NASA_275,17.6,31080,"Los Angeles-Long Beach-Anaheim, CA",06037300200,Los Angeles County,0.503901895206243,0.112225938312895,0.088393819619116
26159,Ghausi Roof,0.2,40900,"Sacramento-Roseville-Folsom, CA",06113010501,Yolo County,0.699313714086309,0.804776992444553,0.111937035417578
288314,🌴Mayor👨‍⚖️Fletch🌴,8.2,40140,"Riverside-San Bernardino-Ontario, CA",06071008301,San Bernardino County,0.519620526088831,0.175805452292441,0.039577039274924
288336,AV Sahale,3.2,40140,"Riverside-San Bernardino-Ontario, CA",06071009717,San Bernardino County,0.466891403804479,0.193354201781844,0.10757180156658
26231,Brookside,1.5,41860,"San Francisco-Oakland-Fremont, CA",06001404300,Alameda County,0.248396989127405,0.060775020908837,0.041687849517031
288410,Descanso #1,7.6,41740,"San Diego-Chula Vista-Carlsbad, CA",06073020902,San Diego County,0.317492012779553,0.221670802315964,0.316455696202532
288436,SBCAPCD-CAPCOA-8,6.7,42200,"Santa Maria-Santa Barbara, CA",06083001604,Santa Barbara County,0.44961934617107,0.145711719802425,0.077625570776256
288432,SBCAPCD-CAPCOA-2,4.0,42200,"Santa Maria-Santa Barbara, CA",06083001911,Santa Barbara County,0.285714285714286,0.213788741302973,0.040082219938335
288440,SBCAPCD-CAPCOA-3,3.8,42200,"Santa Maria-Santa Barbara, CA",06083002503,Santa Barbara County,0.928982725527831,0.443414956982131,0.066037735849057
288470,Araby-Cholla-Outside,4.8,40140,"Riverside-San Bernardino-Ontario, CA",06065044807,Riverside County,0.305657604702425,0.263776634827333,0.017991004497751
26323,Sheridan Way Elementary School,41.9,37100,"Oxnard-Thousand Oaks-Ventura, CA",06111002302,Ventura County,0.770462633451957,0.466192170818505,0.036484896037662
288490,LawDGH,3.6,40140,"Riverside-San Bernardino-Ontario, CA",06065044516,Riverside County,0.750256335139886,0.4379970544919,0.033760972316003
26353,Ettrick/Bemis,1.7,41860,"San Francisco-Oakland-Fremont, CA",06001410000,Alameda County,0.673276676109537,0.093484419263456,0.055656382335148
26363,Geek Orchard,0.2,42220,"Santa Rosa-Petaluma, CA",06097153501,Sonoma County,0.259410430839002,0.193731546672723,0.036519386834986
26379,78 Feet High in Petaluma,0.1,42220,"Santa Rosa-Petaluma, CA",06097150702,Sonoma County,0.121053777487481,0.107883817427386,0.026982829108749
26405,ECOC - ROOF,0.2,40900,"Sacramento-Roseville-Folsom, CA",06067009005,Sacramento County,0.621447406973337,0.393788455903897,0.084352078239609
26431,Anacapa Middle School,2.9,37100,"Oxnard-Thousand Oaks-Ventura, CA",06111002700,Ventura County,0.435670667508949,0.258356696139746,0.024112231477422
26479,"Valley Vista Blvd and Stone Canyon Ave, Sherman Oaks",11.7,31080,"Los Angeles-Long Beach-Anaheim, CA",06037141600,Los Angeles County,0.264728782766675,0.112639501686997,0.053304904051173
288636,Bayberry,13.5,37100,"Oxnard-Thousand Oaks-Ventura, CA",06111007405,Ventura County,0.282506527415144,0.09038157200633,0.047241254958529
26501,Madroña,2.0,40900,"Sacramento-Roseville-Folsom, CA",06017031301,El Dorado County,0.121398601398601,0.172046028627561,0.063680895731281
288690,Gray Horse Ranch,1.2,41860,"San Francisco-Oakland-Fremont, CA",06013355112,Contra Costa County,0.291724137931034,0.088583362339018,0.057647963105304
288700,Banshee Winery,0.1,42220,"Santa Rosa-Petaluma, CA",06097154100,Sonoma County,0.306160882432069,0.137772984631976,0.042950513538749
26553,Apple Tree Lane,11.2,40140,"Riverside-San Bernardino-Ontario, CA",06065043809,Riverside County,0.509361069836553,0.123703592364347,0.070770364909694
26561,Terrace Avenue - Arcata CA (outdoor),1.6,21700,"Eureka-Arcata, CA",06023001200,Humboldt County,0.238354506957048,0.452436738519213,0.128526645768025
288718,CCK,1.6,40900,"Sacramento-Roseville-Folsom, CA",06017031409,El Dorado County,0.103758809710258,0.206734534064213,0.005464480874317
26589,Newton Drive,0.1,41940,"San Jose-Sunnyvale-Santa Clara, CA",06085509902,Santa Clara County,0.54043048283886,0.107135797588456,0.03006589785832
288784,Ocean Terrace Drive,5.8,31080,"Los Angeles-Long Beach-Anaheim, CA",06037670603,Los Angeles County,0.626779124934106,0.048571428571429,0.039054470709147
288792,Jaxine Drive Deck,20.9,31080,"Los Angeles-Long Beach-Anaheim, CA",06037460301,Los Angeles County,0.649155722326454,0.145712443584784,0.05578435043055
26655,LCUMCC Outdoors,14.1,31080,"Los Angeles-Long Beach-Anaheim, CA",06037460700,Los Angeles County,0.413367306938456,0.085260682085457,0.018705035971223
288846,CENTRE Court,1.5,41860,"San Francisco-Oakland-Fremont, CA",06001428302,Alameda County,0.557106237539163,0.050350450579316,0.04793944491169
288890,NDEP NSL FMT DV,1.3,13860,"Bishop, CA",06027000800,Inyo County,0.428711576193591,0.366511318242344,0.02052091554854
289036,Tenaya Elementary,1.7,43760,"Sonora, CA",06109004202,Tuolumne County,0.245514223194748,0.263457330415755,0.089692101740295
289100,MDAQMD-BAR2,1.7,40140,"Riverside-San Bernardino-Ontario, CA",06071009400,San Bernardino County,0.78125,0.61024678111588,0.151890482398957
289109,MDAQMD-ADL-EventCenter,6.2,40140,"Riverside-San Bernardino-Ontario, CA",06071009129,San Bernardino County,0.895361678630591,0.43433633295838,0.106447280053727
289220,Williams Ranch Elementary School,17.8,46020,"Truckee-Grass Valley, CA",06057000404,Nevada County,0.07794981313401,0.363709246392304,0.005988023952096
289224,Ready Springs School,9.6,46020,"Truckee-Grass Valley, CA",06057000404,Nevada County,0.07794981313401,0.363709246392304,0.005988023952096
27109,AQMD_NASA_248,11.4,31080,"Los Angeles-Long Beach-Anaheim, CA",06037137502,Los Angeles County,0.418772563176895,0.117026158788435,0.053946846489488
27111,SAN JOAQUIN RIVER,0.0,23420,"Fresno, CA",06019004208,Fresno County,0.499043715846995,0.170491803278689,0.066168623265742
27135,Glenview Oakland,0.8,41860,"San Francisco-Oakland-Fremont, CA",06001404900,Alameda County,0.458128078817734,0.134075819233241,0.020074855392991
289282,Home,1.0,41860,"San Francisco-Oakland-Fremont, CA",06013355307,Contra Costa County,0.4976120081874,0.092520138089758,0.057129798903108
27145,AQMD_NASA_254,5.1,31080,"Los Angeles-Long Beach-Anaheim, CA",06059062658,Orange County,0.228640678650778,0.174510199959604,0.01615969581749
289300,McLaren - West Bishop,0.1,13860,"Bishop, CA",06027000300,Inyo County,0.164198053322048,0.160812526449429,0.055028462998102
289332,Rose Bowl,16.3,31080,"Los Angeles-Long Beach-Anaheim, CA",06037460800,Los Angeles County,0.487762237762238,0.044405594405594,0.043509272467903
27231,Cole Valley,0.6,41860,"San Francisco-Oakland-Fremont, CA",06075030102,San Francisco County,0.482014388489209,0.160127513487003,0.039690902704601
289402,Felton,0.0,42100,"Santa Cruz-Watsonville, CA",06087120600,Santa Cruz County,0.161102031286481,0.101564324071912,0.056763285024155
27357,Meadowview Oakhurst,1.5,23420,"Fresno, CA",06039000104,Madera County,0.174595011571098,0.204165595268707,0.06449864498645
27359,Oceanview Neighborhood Assn,2.4,41860,"San Francisco-Oakland-Fremont, CA",06001422000,Alameda County,0.505095801059927,0.172910662824208,0.022349570200573
289532,City Centre,2.1,41860,"San Francisco-Oakland-Fremont, CA",06001436302,Alameda County,0.829094608341811,0.146739130434783,0.047038327526132
27403,N. Olive St,9.1,37100,"Oxnard-Thousand Oaks-Ventura, CA",06111002301,Ventura County,0.729967577582214,0.405743399722094,0.082910321489002
289580,PaloAltoWeather.com (alternate),0.5,41940,"San Jose-Sunnyvale-Santa Clara, CA",06085510801,Santa Clara County,0.633422698838248,0.045040214477212,0.041132075471698
289586,DAAC 204th and Budlong,9.8,31080,"Los Angeles-Long Beach-Anaheim, CA",06037543502,Los Angeles County,0.910071942446043,0.235995740149095,0.070915032679739
289592,PaloAltoWeather.com,0.5,41940,"San Jose-Sunnyvale-Santa Clara, CA",06085510801,Santa Clara County,0.633422698838248,0.045040214477212,0.041132075471698
289600,Tree of Life Montessori Charter School,0.2,46380,"Ukiah, CA",06045011502,Mendocino County,0.559862778730703,0.356589147286822,0.077508650519031
289602,Rancho Golancho,9.3,42200,"Santa Maria-Santa Barbara, CA",06083003001,Santa Barbara County,0.769824674280199,0.356304743017683,0.030207134637514
27501,AQMD_NASA_204,5.0,31080,"Los Angeles-Long Beach-Anaheim, CA",06059032064,Orange County,0.239325439540725,0.123071402942232,0.018447837150127
289774,West Leland Pittsburg Rose Monitor,0.1,41860,"San Francisco-Oakland-Fremont, CA",06013313205,Contra Costa County,0.855409504550051,0.123862487360971,0.02475780409042
289776,Pittsburg Oldtown Rose Monitor,0.4,41860,"San Francisco-Oakland-Fremont, CA",06013310000,Contra Costa County,0.827872782483618,0.381433381433381,0.047821814608582
289792,Lassen View Elementary School,1.7,39820,"Redding, CA",06089010900,Shasta County,0.315906070004431,0.407204742362061,0.054289869122637
27723,CHA6,0.4,41860,"San Francisco-Oakland-Fremont, CA",06013355306,Contra Costa County,0.262197802197802,0.049230769230769,0.059207662168045
289878,1005,1.0,41860,"San Francisco-Oakland-Fremont, CA",06001441525,Alameda County,0.931378665003119,0.067542213883677,0.021765417170496
289882,Boulder Creek Elementary School,0.4,39820,"Redding, CA",06089010803,Shasta County,0.315456843625858,0.374684001444565,0.037661406025825
27787,Baggett,0.5,42220,"Santa Rosa-Petaluma, CA",06097153005,Sonoma County,0.447071549992273,0.225402227722772,0.038461538461538
289958,AQEye of Sauron,12.4,31080,"Los Angeles-Long Beach-Anaheim, CA",06037500204,Los Angeles County,0.374556737588652,0.088849400266548,0.022819885900571
290174,SBCAPCD-CAPCOA-22,2.4,42200,"Santa Maria-Santa Barbara, CA",06083002405,Santa Barbara County,0.972202252576084,0.548774509803922,0.076754385964912
290176,SBCAPCD-CAPCOA-26,2.5,42200,"Santa Maria-Santa Barbara, CA",06083002409,Santa Barbara County,0.833315604722902,0.323532556399016,0.094855654438897
290178,SBCAPCD-CAPCOA-21,3.9,42200,"Santa Maria-Santa Barbara, CA",06083002409,Santa Barbara County,0.833315604722902,0.323532556399016,0.094855654438897
290186,SBCAPCD-CAPCOA-19,3.3,42200,"Santa Maria-Santa Barbara, CA",06083002303,Santa Barbara County,0.975650157362929,0.486673589477328,0.05756698044895
290196,SBCAPCD-CAPCOA-17,2.6,42200,"Santa Maria-Santa Barbara, CA",06083002102,Santa Barbara County,0.715793918918919,0.350907519446845,0.040719696969697
290194,SBCAPCD-CAPCOA-20,2.9,42200,"Santa Maria-Santa Barbara, CA",06083002304,Santa Barbara County,0.938743604320637,0.704207026167414,0.086826347305389
290200,SBCAPCD-CAPCOA-24,3.1,42200,"Santa Maria-Santa Barbara, CA",06083002102,Santa Barbara County,0.715793918918919,0.350907519446845,0.040719696969697
290212,SBCAPCD-CAPCOA-27,5.3,42200,"Santa Maria-Santa Barbara, CA",06083002710,Santa Barbara County,0.886033284179482,0.420476090162208,0.117152961980548
290214,SBCAPCD-CAPCOA-18,3.1,42200,"Santa Maria-Santa Barbara, CA",06083980400,Santa Barbara County,0.695571955719557,0.173184357541899,0.029850746268657
290222,SBCAPCD-CAPCOA-23,3.5,42200,"Santa Maria-Santa Barbara, CA",06083002304,Santa Barbara County,0.938743604320637,0.704207026167414,0.086826347305389
290216,SBCAPCD-CAPCOA-15,10.9,42200,"Santa Maria-Santa Barbara, CA",06083000502,Santa Barbara County,0.178313253012048,0.133456904541242,0.026039783001808
290230,SBCAPCD-IRA-3,3.2,42200,"Santa Maria-Santa Barbara, CA",06083001800,Santa Barbara County,0.446222222222222,0.415111111111111,0.082725060827251
290226,SBCAPCD-IRA-4,2.9,42200,"Santa Maria-Santa Barbara, CA",06083001800,Santa Barbara County,0.446222222222222,0.415111111111111,0.082725060827251
290290,La Vina,11.9,31080,"Los Angeles-Long Beach-Anaheim, CA",06037460301,Los Angeles County,0.649155722326454,0.145712443584784,0.05578435043055
290318,Mountain Mill House,0.0,34900,"Napa, CA",06055201900,Napa County,0.447682119205298,0.217218543046358,0.046486486486486
290312,Valley Ford,0.2,42220,"Santa Rosa-Petaluma, CA",06097153502,Sonoma County,0.207150368033649,0.157797681770284,0.014232673267327
290328,Barn,0.0,34900,"Napa, CA",06055201900,Napa County,0.447682119205298,0.217218543046358,0.046486486486486
290354,Cheyenne Place,13.4,31080,"Los Angeles-Long Beach-Anaheim, CA",06059011709,Orange County,0.520009416195857,0.085383159886471,0.045133991537377
290368,Mistletoe Elementary School,2.0,39820,"Redding, CA",06089010300,Shasta County,0.268789510653243,0.308185053380783,0.05730659025788
290388,2 miles east of Oakhurst,1.3,23420,"Fresno, CA",06039000104,Madera County,0.174595011571098,0.204165595268707,0.06449864498645
28281,BLR Water Barn,5.8,21700,"Eureka-Arcata, CA",06023010300,Humboldt County,0.187832446808511,0.291087766858692,0.103921568627451
28311,AQMD_NASA_214,9.3,40140,"Riverside-San Bernardino-Ontario, CA",06071000109,San Bernardino County,0.577812235692134,0.186636594305047,0.073366555924695
28377,SBCAPCD_Info,0.4,42200,"Santa Maria-Santa Barbara, CA",06083001800,Santa Barbara County,0.446222222222222,0.415111111111111,0.082725060827251
28389,SBCAPCD_22,9.9,42200,"Santa Maria-Santa Barbara, CA",06083001706,Santa Barbara County,0.299412915851272,0.148727984344423,0.07688927943761
28417,SBCAPCD_Info_20,8.4,42200,"Santa Maria-Santa Barbara, CA",06083003005,Santa Barbara County,0.500637755102041,0.191298784388996,0.086841107318923
28421,SBCAPCD_Info_17,6.9,42200,"Santa Maria-Santa Barbara, CA",06083002934,Santa Barbara County,0.558242980261329,0.286590465570114,0.044604927782498
28435,SBCAPCD_Info_21,5.4,42200,"Santa Maria-Santa Barbara, CA",06083001704,Santa Barbara County,0.528296019900497,0.210128971374646,0.027267338470658
28437,SBCAPCD_Info,1.5,42200,"Santa Maria-Santa Barbara, CA",06083002504,Santa Barbara County,0.942630057803468,0.525566531086578,0.098809140650145
28487,503 Acapulco ct. Suisun City,0.0,46700,"Vallejo, CA",06095252706,Solano County,0.804332469978809,0.146927242759595,0.024360033030553
28503,Hillsiade,5.7,31080,"Los Angeles-Long Beach-Anaheim, CA",06037651401,Los Angeles County,0.529714738510301,0.246830427892235,0.007819287576021
28515,AQMD_NASA_221,10.0,31080,"Los Angeles-Long Beach-Anaheim, CA",06037430902,Los Angeles County,0.811274509803922,0.292833687463782,0.055325034578147
28529,R1180_LEEW,6.9,31080,"Los Angeles-Long Beach-Anaheim, CA",06037980014,Los Angeles County,0.888888888888889,0.8,0.0
28593,Sierra Home,7.7,31080,"Los Angeles-Long Beach-Anaheim, CA",06059074300,Orange County,0.918142160636387,0.202160493827161,0.038077106139933
290752,Huasna,10.9,42020,"San Luis Obispo-Paso Robles, CA",06079012302,San Luis Obispo County,0.260038240917782,0.16310461192351,0.035574837310195
28667,Hammer,0.3,41940,"San Jose-Sunnyvale-Santa Clara, CA",06085502909,Santa Clara County,0.605734038226922,0.078419328419328,0.05
28701,SDSU Athletics,6.2,41740,"San Diego-Chula Vista-Carlsbad, CA",06073002801,San Diego County,0.40068395554289,0.467632850241546,0.129878438899552
28705,Hail to The Chief,0.0,41860,"San Francisco-Oakland-Fremont, CA",06081606800,San Mateo County,0.50774481491205,0.063722897937599,0.05087440381558
28935,AQMD_NASA_271,3.2,31080,"Los Angeles-Long Beach-Anaheim, CA",06059063004,Orange County,0.225324027916251,0.169990029910269,0.03134328358209
28965,Lucas Valley,0.1,41860,"San Francisco-Oakland-Fremont, CA",06041133000,Marin County,0.130067567567568,0.140081799591002,0.038349796629866
28983,CARB_SMOKE_BCAQMD_CHAPMAN,14.8,17020,"Chico, CA",06007001300,Butte County,0.406797949824656,0.550391786003783,0.107019562715765
29189,CCA Candlewood and Idlewood,1.0,40900,"Sacramento-Roseville-Folsom, CA",06017030712,El Dorado County,0.299857983363765,0.055386488131467,0.014918625678119
291340,TCSD,0.8,41860,"San Francisco-Oakland-Fremont, CA",06041128100,Marin County,0.234239130434783,0.088858695652174,0.049845837615622
29193,AQMD_NASA_265,3.9,31080,"Los Angeles-Long Beach-Anaheim, CA",06059062614,Orange County,0.718823414252153,0.430775752437474,0.090809747568572
29199,CCA Centralia and Conquista,7.5,31080,"Los Angeles-Long Beach-Anaheim, CA",06037571102,Los Angeles County,0.606109759394431,0.101307189542484,0.032942238267148
29225,Rea Residence,6.5,31080,"Los Angeles-Long Beach-Anaheim, CA",06059074502,Orange County,0.978734907190485,0.277335264301231,0.056347826086957
29229,Piedmond Mesa Claremont,8.9,31080,"Los Angeles-Long Beach-Anaheim, CA",06037401705,Los Angeles County,0.595933092817317,0.219205298013245,0.044391121775645
29265,Chatsworth Lake Manor,10.0,31080,"Los Angeles-Long Beach-Anaheim, CA",06037113235,Los Angeles County,0.502026635784598,0.13317892298784,0.093810444874275
29295,CCA Columbus and Riverdale,12.0,31080,"Los Angeles-Long Beach-Anaheim, CA",06037302302,Los Angeles County,0.637689083287771,0.490089753178758,0.078497023809524
29349,Front Porch Aromas,1.9,41500,"Salinas, CA",06053010102,Monterey County,0.4629057187017,0.126352395672334,0.108423686405338
291566,460 29th street,1.9,41860,"San Francisco-Oakland-Fremont, CA",06075021500,San Francisco County,0.445223961144091,0.083648138154344,0.006028833551769
291604,Russian River Brewing Company,0.3,42220,"Santa Rosa-Petaluma, CA",06097152000,Sonoma County,0.573560767590618,0.403448275862069,0.042157470551767
291686,NDEP NSL HEL,1.1,13860,"Bishop, CA",06027000800,Inyo County,0.428711576193591,0.366511318242344,0.02052091554854
291682,NDEP NSL TMO DV,0.6,13860,"Bishop, CA",06027000800,Inyo County,0.428711576193591,0.366511318242344,0.02052091554854
291688,NDEP NSL MCA,0.3,13860,"Bishop, CA",06027000800,Inyo County,0.428711576193591,0.366511318242344,0.02052091554854
291708,East Beach,7.3,42200,"Santa Maria-Santa Barbara, CA",06083000805,Santa Barbara County,0.298050139275766,0.231313131313131,0.039647577092511
29627,Cold Springs,2.1,43760,"Sonora, CA",06109003103,Tuolumne County,0.15796178343949,0.227338129496403,0.089285714285714
29641,Campos Residence,5.7,31080,"Los Angeles-Long Beach-Anaheim, CA",06059074702,Orange County,0.991302893460445,0.266767778901247,0.061543267728835
291792,Backyard,7.4,31080,"Los Angeles-Long Beach-Anaheim, CA",06037621301,Los Angeles County,0.398743016759777,0.114804469273743,0.073898494143893
29697,CSUN Live Oak,0.0,31080,"Los Angeles-Long Beach-Anaheim, CA",06037115103,Los Angeles County,0.660183486238532,1.0,0.100664767331434
291936,Valley Park,13.3,31080,"Los Angeles-Long Beach-Anaheim, CA",06037311100,Los Angeles County,0.478900409934893,0.257612373127115,0.076709796672828
292015,Alpine &amp; 14th,3.1,41860,"San Francisco-Oakland-Fremont, CA",06075017000,San Francisco County,0.298216799624589,0.057484748944158,0.022144890857324
292287,Outdoor Cypress HS,9.8,31080,"Los Angeles-Long Beach-Anaheim, CA",06059110109,Orange County,0.714867617107943,0.134988099285957,0.038065522620905
30151,Skinners,1.4,40900,"Sacramento-Roseville-Folsom, CA",06017030801,El Dorado County,0.257655755015839,0.06553911205074,0.042297650130548
292329,Arbuckle sensor,2.3,41860,"San Francisco-Oakland-Fremont, CA",06001421400,Alameda County,0.224664224664225,0.173513182096873,0.0
292331,Outdoor South JHS,10.8,31080,"Los Angeles-Long Beach-Anaheim, CA",06059086305,Orange County,0.740780217437647,0.166559897501602,0.044123099740452
30221,EHC 25,6.2,41740,"San Diego-Chula Vista-Carlsbad, CA",06073004700,San Diego County,0.678423236514523,0.23314606741573,0.041938490214352
292391,Bergeron Roof,0.2,41860,"San Francisco-Oakland-Fremont, CA",06081611400,San Mateo County,0.337802869912962,0.091864224137931,0.015495296070836
292395,Redwood Dr,15.9,31080,"Los Angeles-Long Beach-Anaheim, CA",06037463800,Los Angeles County,0.510372406898275,0.072489302793859,0.028913260219342
292409,Main Bld Roof,0.2,41860,"San Francisco-Oakland-Fremont, CA",06081611400,San Mateo County,0.337802869912962,0.091864224137931,0.015495296070836
292411,Field House Outside Press Box,0.1,41860,"San Francisco-Oakland-Fremont, CA",06081611400,San Mateo County,0.337802869912962,0.091864224137931,0.015495296070836
292417,PSK/Kinder Playground,0.2,41860,"San Francisco-Oakland-Fremont, CA",06081611400,San Mateo County,0.337802869912962,0.091864224137931,0.015495296070836
30347,CCA Lake Terrace and Lakeland,1.4,40900,"Sacramento-Roseville-Folsom, CA",06067009622,Sacramento County,0.564237415477085,0.062986198243413,0.043457382953181
30409,Marcus,0.3,41940,"San Jose-Sunnyvale-Santa Clara, CA",06085505500,Santa Clara County,0.655867839519416,0.111349495816348,0.047025723472669
292553,Harman Auditorium,0.1,41860,"San Francisco-Oakland-Fremont, CA",06081611400,San Mateo County,0.337802869912962,0.091864224137931,0.015495296070836
292629,XRDS - Middle &amp; Upper School,9.0,31080,"Los Angeles-Long Beach-Anaheim, CA",06037701801,Los Angeles County,0.672615476904619,0.364277144571086,0.053201082055906
30483,"Del Mar, CA",6.1,41740,"San Diego-Chula Vista-Carlsbad, CA",06073017201,San Diego County,0.217036701404622,0.087449025826914,0.009776536312849
292633,Plateau Circle,0.0,40900,"Sacramento-Roseville-Folsom, CA",06017030808,El Dorado County,0.261754726127,0.075294878009371,0.045855379188713
292635,picfair village ogden,0.0,31080,"Los Angeles-Long Beach-Anaheim, CA",06037216901,Los Angeles County,0.697059918124302,0.160876132930514,0.03247183565275
292727,Avalon,7.2,31080,"Los Angeles-Long Beach-Anaheim, CA",06037275604,Los Angeles County,0.428514654744163,0.063966312412272,0.030990415335463
30609,"Las Trampas Regional Wilderness, San Ramon, CA",1.7,41860,"San Francisco-Oakland-Fremont, CA",06013345203,Contra Costa County,0.180615473109002,0.157057363888483,0.044390637610977
292763,Backyard,0.8,41940,"San Jose-Sunnyvale-Santa Clara, CA",06085512005,Santa Clara County,0.538218000904568,0.048287309491474,0.040822072072072
292775,Milford Airway II,13.7,31080,"Los Angeles-Long Beach-Anaheim, CA",06037183702,Los Angeles County,0.753741054001301,0.161678594664932,0.061051441492369
292783,YulupaCoHousingSensor,0.4,42220,"Santa Rosa-Petaluma, CA",06097151701,Sonoma County,0.318516498500136,0.138120032885722,0.149460043196544
30643,oram-01,7.9,31080,"Los Angeles-Long Beach-Anaheim, CA",06037551002,Los Angeles County,0.807764705882353,0.209411764705882,0.067460317460317
292795,Grey Ridge Lane,0.1,39820,"Redding, CA",06089012604,Shasta County,0.171325518485122,0.209655172413793,0.062628336755647
292873,SunRidge School,0.1,42220,"Santa Rosa-Petaluma, CA",06097153403,Sonoma County,0.23475196530225,0.176882171844388,0.059428571428571
30737,Adams Square,13.2,31080,"Los Angeles-Long Beach-Anaheim, CA",06037302504,Los Angeles County,0.556701030927835,0.460216759185831,0.062372188139059
292919,California Northern Pacific Railroad,0.7,42220,"Santa Rosa-Petaluma, CA",06097151800,Sonoma County,0.218345173422482,0.094784678640987,0.026795284030011
292915,Arcadia santa anita wash,5.6,31080,"Los Angeles-Long Beach-Anaheim, CA",06037430803,Los Angeles County,0.816640063846768,0.166600159616919,0.031223267750214
292925,"22023 Bryant St, West Hills, CA 91304",15.8,31080,"Los Angeles-Long Beach-Anaheim, CA",06037113232,Los Angeles County,0.447127937336815,0.152125279642058,0.067049808429119
292931,Carignan Way,0.9,41940,"San Jose-Sunnyvale-Santa Clara, CA",06085503332,Santa Clara County,0.466043717670616,0.097447021525113,0.054935976869062
292985,Chatham Road,0.8,41860,"San Francisco-Oakland-Fremont, CA",06081605400,San Mateo County,0.452282768777614,0.057437407952872,0.043057794151508
293027,West Sac 5th &amp; B st,143.3,40900,"Sacramento-Roseville-Folsom, CA",06113010104,Yolo County,0.753508630424262,0.294402322955315,0.058139534883721
293033,North Escalon,1.1,44700,"Stockton-Lodi, CA",06077004904,San Joaquin County,0.279834494773519,0.238240418118467,0.07723394701392
293035,Spider Lake,1.1,40900,"Sacramento-Roseville-Folsom, CA",06017030603,El Dorado County,0.183106267029973,0.227608874281019,0.02315661182206
30929,PIONEER POINT AIR QUALITY ,0.0,40140,"Riverside-San Bernardino-Ontario, CA",06071008901,San Bernardino County,0.275631855030997,0.546238620028749,0.076479076479076
293133,Hollbrook Heights,1.1,41860,"San Francisco-Oakland-Fremont, CA",06013330000,Contra Costa County,0.527116520494004,0.190588235294118,0.033882499222878
293129,Ravi Auditorium,0.0,41860,"San Francisco-Oakland-Fremont, CA",06081611400,San Mateo County,0.337802869912962,0.091864224137931,0.015495296070836
293151,Murphy Lobby,0.0,41860,"San Francisco-Oakland-Fremont, CA",06081611400,San Mateo County,0.337802869912962,0.091864224137931,0.015495296070836
31151,Laszlo’s Purple Air,1.0,41860,"San Francisco-Oakland-Fremont, CA",06001410000,Alameda County,0.673276676109537,0.093484419263456,0.055656382335148
31155,Upper Cavedale,1.1,42220,"Santa Rosa-Petaluma, CA",06097150502,Sonoma County,0.263993948562784,0.254474708171206,0.091310751104566
31287,SPLA_002,5.9,31080,"Los Angeles-Long Beach-Anaheim, CA",06059052526,Orange County,0.558894813378575,0.166262724188076,0.064303380049464
31399,COI5467,5.6,31080,"Los Angeles-Long Beach-Anaheim, CA",06037405202,Los Angeles County,0.98812351543943,0.280398096062311,0.042602633617351
293631,Entrance to Lower Unit,1.7,41860,"San Francisco-Oakland-Fremont, CA",06001404400,Alameda County,0.413189077794951,0.066117121758544,0.020813320525136
293647,GBUAPCD_LonePineDowntown,1.6,13860,"Bishop, CA",06027000800,Inyo County,0.428711576193591,0.366511318242344,0.02052091554854
293651,PurpleAir 83:BC,12.0,31080,"Los Angeles-Long Beach-Anaheim, CA",06037186203,Los Angeles County,0.606151788699432,0.268137746573053,0.091777188328912
293659,GBUAPCD_HomeStreetMiddleSchool,0.9,13860,"Bishop, CA",06027000400,Inyo County,0.485789014821273,0.243358129649309,0.04922042188933
31533,WindhamAQ,6.0,31080,"Los Angeles-Long Beach-Anaheim, CA",06037575902,Los Angeles County,0.649451381006432,0.39910488421872,0.068429661941112
31539,Doral Ct.,0.6,41860,"San Francisco-Oakland-Fremont, CA",06013355107,Contra Costa County,0.668628500089174,0.203498750446269,0.036021676761237
293709,front deer hill,0.9,41860,"San Francisco-Oakland-Fremont, CA",06013348000,Contra Costa County,0.201701597841876,0.061759201497193,0.015200368493782
293721,Birdland,0.4,42220,"Santa Rosa-Petaluma, CA",06097153003,Sonoma County,0.561570930445953,0.360200111172874,0.012243428159885
293759,Montego Key,0.2,41860,"San Francisco-Oakland-Fremont, CA",06041104300,Marin County,0.181400688863375,0.098163030998852,0.042430086788814
293833,GBUAPCD_KBPT,0.7,13860,"Bishop, CA",06027000400,Inyo County,0.485789014821273,0.243358129649309,0.04922042188933
293915,Gold Ridge,0.1,42220,"Santa Rosa-Petaluma, CA",06097153502,Sonoma County,0.207150368033649,0.157797681770284,0.014232673267327
294053,El Medio,7.9,31080,"Los Angeles-Long Beach-Anaheim, CA",06037262604,Los Angeles County,0.207530799930592,0.111573833073052,0.025885039969547
294143,SBCAPCD-CAPCOA-25,3.2,42200,"Santa Maria-Santa Barbara, CA",06083002103,Santa Barbara County,0.7854996243426,0.482685238924357,0.060492282019191
294139,SBCAPCD-CAPCOA-32,6.4,42200,"Santa Maria-Santa Barbara, CA",06083002936,Santa Barbara County,0.32158185162477,0.76796267496112,0.160442600276625
294145,SBCAPCD-IRA-10,4.2,42200,"Santa Maria-Santa Barbara, CA",06083001908,Santa Barbara County,0.299047974612656,0.189265008415934,0.008678500986193
294147,SBCAPCD-CAPCOA-30,3.7,42200,"Santa Maria-Santa Barbara, CA",06083002103,Santa Barbara County,0.7854996243426,0.482685238924357,0.060492282019191
294180,SBCAPCD-CAPCOA-31,3.6,42200,"Santa Maria-Santa Barbara, CA",06083001912,Santa Barbara County,0.258008153756552,0.140749369054553,0.02858978477353
294177,SBCAPCD-CAPCOA-28,3.6,42200,"Santa Maria-Santa Barbara, CA",06083002710,Santa Barbara County,0.886033284179482,0.420476090162208,0.117152961980548
294189,SBCAPCD-CAPCOA-29,3.9,42200,"Santa Maria-Santa Barbara, CA",06083002710,Santa Barbara County,0.886033284179482,0.420476090162208,0.117152961980548
294207,Morgan Hill,1.8,41940,"San Jose-Sunnyvale-Santa Clara, CA",06085512305,Santa Clara County,0.56784027479605,0.026247848537005,0.029556650246305
32123,Woodcrest Drive,0.2,41860,"San Francisco-Oakland-Fremont, CA",06013333200,Contra Costa County,0.439311285373338,0.086919398907104,0.028132155708211
294313,MIRAMAR,8.6,31080,"Los Angeles-Long Beach-Anaheim, CA",06037651304,Los Angeles County,0.420447906523856,0.129113924050633,0.066799204771372
294423,1900 highway 1 space8,3.8,41500,"Salinas, CA",06053010101,Monterey County,0.879475205692684,0.553765880217786,0.190501319261214
294439,Airpace Integrated,3.6,42100,"Santa Cruz-Watsonville, CA",06087122300,Santa Cruz County,0.417872556486418,0.247428119229755,0.023932426091037
294463,Creekside,0.0,42220,"Santa Rosa-Petaluma, CA",06097152501,Sonoma County,0.43859649122807,0.215365551425031,0.04702455264253
32339,Ackerman,8.8,31080,"Los Angeles-Long Beach-Anaheim, CA",06037186302,Los Angeles County,0.608659793814433,0.223298969072165,0.096456692913386
294487,Hopkins Court 2,1.6,41860,"San Francisco-Oakland-Fremont, CA",06001450701,Alameda County,0.548065918974594,0.053818848047635,0.056944444444444
294509,Surrey St. 00-99 Block,2.9,41860,"San Francisco-Oakland-Fremont, CA",06075021800,San Francisco County,0.402814850764378,0.066003397233681,0.015545914678236
294573,"Big Creek, Pine Mountain Lake",1.3,43760,"Sonora, CA",06109004201,Tuolumne County,0.191161356628983,0.198355601233299,0.077111383108935
32547,Sonoma State University,0.5,42220,"Santa Rosa-Petaluma, CA",06097151310,Sonoma County,0.513018156903049,0.20267204436602,0.096038757480764
294767,PoisonPatrol,7.8,31080,"Los Angeles-Long Beach-Anaheim, CA",06037554518,Los Angeles County,0.911781888997079,0.163696886626199,0.047784535186794
294763,EK Country Club,6.5,41740,"San Diego-Chula Vista-Carlsbad, CA",06073021800,San Diego County,0.257081774452165,0.064136825227151,0.042821158690176
294773,EK Fourth,4.9,41740,"San Diego-Chula Vista-Carlsbad, CA",06073011000,San Diego County,0.247011952191235,0.197492163009404,0.055112400290065
295103,Midtown Terrace BeerBQ,1.3,41860,"San Francisco-Oakland-Fremont, CA",06075030500,San Francisco County,0.561922365988909,0.115631691648822,0.016806722689076
32969,Nichols Canyon Road,12.2,31080,"Los Angeles-Long Beach-Anaheim, CA",06037194102,Los Angeles County,0.306425702811245,0.219277108433735,0.052702702702703
33021,Maya,0.0,42220,"Santa Rosa-Petaluma, CA",06097153904,Sonoma County,0.27027027027027,0.185247747747748,0.027303754266212
33029,Orchid House,3.0,41740,"San Diego-Chula Vista-Carlsbad, CA",06073008310,San Diego County,0.283246977547496,0.126811594202899,0.073170731707317
295181,Seven Arrows Elementary,8.6,31080,"Los Angeles-Long Beach-Anaheim, CA",06037702300,Los Angeles County,0.380645161290323,0.22932107915802,0.034097108565194
33045,1477 California St,1.5,41860,"San Francisco-Oakland-Fremont, CA",06075011102,San Francisco County,0.582055906221821,0.235294117647059,0.042713567839196
33063,Club at Harbor Point,3.5,41860,"San Francisco-Oakland-Fremont, CA",06041125000,Marin County,0.319585355094839,0.134463539247562,0.0497114957834
33081,Sierra Oaks 1,0.7,40900,"Sacramento-Roseville-Folsom, CA",06067005404,Sacramento County,0.239340920672669,0.158824528622388,0.013260795647739
33155,back,0.1,41940,"San Jose-Sunnyvale-Santa Clara, CA",06085511200,Santa Clara County,0.387387387387387,0.03023023023023,0.012101653892699
33157,East Side Bucolic Splendor in the Grass,0.0,41940,"San Jose-Sunnyvale-Santa Clara, CA",06085503703,Santa Clara County,0.998971193415638,0.395144628099174,0.010826771653543
33181,Little Holmby,10.2,31080,"Los Angeles-Long Beach-Anaheim, CA",06037265301,Los Angeles County,0.71760200093794,0.0,0.221016949152542
33235,CCA Maury and Tehachapi 2,5.7,31080,"Los Angeles-Long Beach-Anaheim, CA",06037571504,Los Angeles County,0.65765407554672,0.218943170488534,0.044081052257376
33247,Aldrich Hall,5.6,31080,"Los Angeles-Long Beach-Anaheim, CA",06059062614,Orange County,0.718823414252153,0.430775752437474,0.090809747568572
33289,Peacemaker Ranch,0.1,39820,"Redding, CA",06089012303,Shasta County,0.16097696364141,0.160144324174299,0.044337926902337
33299,UCI EH&amp;S,5.1,31080,"Los Angeles-Long Beach-Anaheim, CA",06059062614,Orange County,0.718823414252153,0.430775752437474,0.090809747568572
33359,Kimaw-out,1.1,21700,"Eureka-Arcata, CA",06023940000,Humboldt County,0.929684378745505,0.538554703270085,0.17752808988764
33621,Outdoor Ynez,0.9,31080,"Los Angeles-Long Beach-Anaheim, CA",06037481713,Los Angeles County,0.926981919332406,0.327190542420028,0.108338405356056
33629,Nicasio Volunteer Fire Department,0.3,41860,"San Francisco-Oakland-Fremont, CA",06041133000,Marin County,0.130067567567568,0.140081799591002,0.038349796629866
33643,Three Sequoias,0.9,40900,"Sacramento-Roseville-Folsom, CA",06067008703,Sacramento County,0.336418511066398,0.124974762770038,0.047332531087044
33647,Cynthia Dr. Outdoor,0.0,41860,"San Francisco-Oakland-Fremont, CA",06013322000,Contra Costa County,0.459511472982976,0.143860173289513,0.03667553978113
33673,Fairhaven,0.0,41500,"Salinas, CA",06053011901,Monterey County,0.252897787144363,0.096980255516841,0.054088050314465
33725,CSC Roof,2.2,40900,"Sacramento-Roseville-Folsom, CA",06067001701,Sacramento County,0.697326687811509,0.490711372904395,0.099688473520249
33855,Alhambra,12.0,31080,"Los Angeles-Long Beach-Anaheim, CA",06037481800,Los Angeles County,0.872128305158214,0.109856708640903,0.043001686340641
33945,FAFE Manor,15.7,47300,"Visalia, CA",06107001501,Tulare County,0.500786472670075,0.409036860879905,0.11092577147623
33997,Alcatraz Dock,1.1,41860,"San Francisco-Oakland-Fremont, CA",06075017903,San Francisco County,0.700892857142857,0.575197889182058,0.126753507014028
34003,Tuolumne Fire District,1.1,43760,"Sonora, CA",06109003200,Tuolumne County,0.238991477272727,0.195095948827292,0.044939101217976
34005,Summerville Elementary School,1.4,43760,"Sonora, CA",06109003200,Tuolumne County,0.238991477272727,0.195095948827292,0.044939101217976
34031,Tuolumne County Superintendent of Schools,1.0,43760,"Sonora, CA",06109001100,Tuolumne County,0.157363977485929,0.2421423183304,0.098702763677383
296187,LOBWX,5.4,42020,"San Luis Obispo-Paso Robles, CA",06079010701,San Luis Obispo County,0.256314127861089,0.177782162588792,0.045942941830308
296201,LQ COVE,3.7,40140,"Riverside-San Bernardino-Ontario, CA",06065045120,Riverside County,0.577079836969552,0.3308451721647,0.113972341440153
296257,DRAGON_BREATH,0.0,41860,"San Francisco-Oakland-Fremont, CA",06041115000,Marin County,0.226365348399247,0.109365018525616,0.070205066344994
34125,PG-Lighthouse,1.5,41500,"Salinas, CA",06053012302,Monterey County,0.176303317535545,0.112322274881517,0.010300429184549
296279,Terok Nor (Exterior),0.6,39820,"Redding, CA",06089012400,Shasta County,0.134958382877527,0.243283582089552,0.094928478543563
296297,House Eve,0.5,46700,"Vallejo, CA",06095252107,Solano County,0.454518252543387,0.168761220825853,0.044652701212789
34241,River Isle Outside,0.4,40900,"Sacramento-Roseville-Folsom, CA",06067004008,Sacramento County,0.658675456997303,0.16062331435421,0.072269807280514
296511,"41 Sugarloaf Terrace, Alamo, CA 94507",1.2,41860,"San Francisco-Oakland-Fremont, CA",06013346101,Contra Costa County,0.285671819262782,0.068668252080856,0.044585987261146
34401,Palo Alto Ave between Fulton St and Everett Ave,0.7,41940,"San Jose-Sunnyvale-Santa Clara, CA",06081613900,San Mateo County,0.395250078641082,0.135178628902478,0.04832
34421,Eastview South,6.3,31080,"Los Angeles-Long Beach-Anaheim, CA",06037670701,Los Angeles County,0.533037626185378,0.082860211753874,0.025751072961373
34437,SCC Hughes Stadium,1.0,40900,"Sacramento-Roseville-Folsom, CA",06067002400,Sacramento County,0.35,0.075175879396985,0.030612244897959
34445,Lassen St &amp; Springs Rd Vallejo,0.5,46700,"Vallejo, CA",06095250300,Solano County,0.702779353374929,0.299971156619556,0.089161772557395
34461,CCA Frank D Parent Elem,8.0,31080,"Los Angeles-Long Beach-Anaheim, CA",06037703002,Los Angeles County,0.855425177459076,0.107242136064375,0.039636663914121
296612,Farmer nr Cooper,0.0,42100,"Santa Cruz-Watsonville, CA",06087120301,Santa Cruz County,0.210322580645161,0.196324324324324,0.021961378265808
34481,Playa Vista,6.1,31080,"Los Angeles-Long Beach-Anaheim, CA",06037275604,Los Angeles County,0.428514654744163,0.063966312412272,0.030990415335463
296633,San Carlos Beverly Terrace West,0.4,41860,"San Francisco-Oakland-Fremont, CA",06081609603,San Mateo County,0.279798192137902,0.075094657130837,0.032975460122699
296653,La Familia - Maple,1.3,40900,"Sacramento-Roseville-Folsom, CA",06067004501,Sacramento County,0.926934483688326,0.616069021299542,0.057840616966581
296651,CRP 41st,0.4,40900,"Sacramento-Roseville-Folsom, CA",06067004602,Sacramento County,0.755943218744655,0.644946126218574,0.095607235142119
296661,Volti,1.8,40900,"Sacramento-Roseville-Folsom, CA",06067007012,Sacramento County,0.784691486592033,0.25540223900026,0.06109785202864
296663,West DPH-GA monitor,1.5,40900,"Sacramento-Roseville-Folsom, CA",06067006706,Sacramento County,0.903693181818182,0.509466437177281,0.042
34517,Westland School,11.3,31080,"Los Angeles-Long Beach-Anaheim, CA",06037262301,Los Angeles County,0.302565930149679,0.153977031050617,0.068416865552904
296659,Dphga sheed,1.5,40900,"Sacramento-Roseville-Folsom, CA",06067006704,Sacramento County,0.824690108778143,0.474499332443258,0.126002290950745
296669,Shop Class: Stockton blvd,1.7,40900,"Sacramento-Roseville-Folsom, CA",06067002900,Sacramento County,0.359676175790285,0.32962962962963,0.101602661022074
34523,Belmont - Island Park - California Cottages,0.8,41860,"San Francisco-Oakland-Fremont, CA",06081608600,San Mateo County,0.569595476294041,0.211249182472204,0.108642832349879
296667,find out farms,1.7,40900,"Sacramento-Roseville-Folsom, CA",06067004401,Sacramento County,0.784971398855954,0.485959438377535,0.09549356223176
296679,ClassicPlus,3.0,41860,"San Francisco-Oakland-Fremont, CA",06001421300,Alameda County,0.275243081525804,0.100275068767192,0.039196940726577
296675,Strawberry Manors DPHGA sensor,1.1,40900,"Sacramento-Roseville-Folsom, CA",06067006705,Sacramento County,0.729036982790187,0.48679593721145,0.109657947686117
296693,Del Paso Manor,1.4,40900,"Sacramento-Roseville-Folsom, CA",06067005701,Sacramento County,0.324731732243229,0.239908022483393,0.065436241610738
296701,1712 Notre Dame Ave,0.8,41860,"San Francisco-Oakland-Fremont, CA",06081608700,San Mateo County,0.533424470266576,0.07154054439219,0.026201923076923
34563,Sierra Springs/Red Robin,1.0,40900,"Sacramento-Roseville-Folsom, CA",06017031406,El Dorado County,0.075229357798165,0.144948453608247,0.051903114186851
296711,Cresta Blanca,1.3,41860,"San Francisco-Oakland-Fremont, CA",06013354001,Contra Costa County,0.281719532554257,0.064691151919866,0.021718602455146
296707,Palo Alto,0.0,41940,"San Jose-Sunnyvale-Santa Clara, CA",06085511000,Santa Clara County,0.625277469478357,0.086015538290788,0.051328346659788
296723,Green Tech Training House,6.1,40900,"Sacramento-Roseville-Folsom, CA",06067003700,Sacramento County,0.902986655369625,0.430366269165247,0.065498539841469
34637,Piedmont Ln,0.8,41860,"San Francisco-Oakland-Fremont, CA",06013346206,Contra Costa County,0.334577114427861,0.092039800995025,0.062103929024081
296839,BWPC,0.8,23420,"Fresno, CA",06019000602,Fresno County,0.830188679245283,0.758677685950413,0.169971671388102
296847,Leucadia,7.4,41740,"San Diego-Chula Vista-Carlsbad, CA",06073017701,San Diego County,0.212475974139437,0.199895159881181,0.03559510567297
296843,Bottom of moon canyon,10.8,31080,"Los Angeles-Long Beach-Anaheim, CA",06037185102,Los Angeles County,0.398644833427442,0.123658949745906,0.10632318501171
34711,Murple,1.7,41860,"San Francisco-Oakland-Fremont, CA",06001406700,Alameda County,0.54182156133829,0.077997021593447,0.033060357901122
34729,Stanford Place,0.3,41940,"San Jose-Sunnyvale-Santa Clara, CA",06085505305,Santa Clara County,0.645929612513331,0.062054208273894,0.045101982189026
296877,Presidio,3.3,41860,"San Francisco-Oakland-Fremont, CA",06075060100,San Francisco County,0.44078947368421,0.109339407744875,0.02689284236657
34733,San Juan Way,0.7,41860,"San Francisco-Oakland-Fremont, CA",06001450701,Alameda County,0.548065918974594,0.053818848047635,0.056944444444444
34735,Santa Clara - San Tomas Woods,1.0,41940,"San Jose-Sunnyvale-Santa Clara, CA",06085506102,Santa Clara County,0.639598540145985,0.074856486796785,0.027038269550749
296887,"Leonards Hill / Meyers Hill, Sonora",1.6,43760,"Sonora, CA",06109001200,Tuolumne County,0.179059180576631,0.452754693751924,0.036092097075296
296905,Barberry Lane,0.0,41860,"San Francisco-Oakland-Fremont, CA",06041108100,Marin County,0.216684077003432,0.116574503063817,0.082356076759062
297015,MC1,2.7,41860,"San Francisco-Oakland-Fremont, CA",06041129000,Marin County,0.654004106776181,0.346680355920602,0.050331125827815
34871,Downtown Campbell,0.6,41940,"San Jose-Sunnyvale-Santa Clara, CA",06085506502,Santa Clara County,0.480891068873902,0.175965665236052,0.013544018058691
297039,MC-8,1.4,41860,"San Francisco-Oakland-Fremont, CA",06041129000,Marin County,0.654004106776181,0.346680355920602,0.050331125827815
297045,MC12,1.2,41860,"San Francisco-Oakland-Fremont, CA",06041129000,Marin County,0.654004106776181,0.346680355920602,0.050331125827815
297047,MC-13,1.2,41860,"San Francisco-Oakland-Fremont, CA",06041129000,Marin County,0.654004106776181,0.346680355920602,0.050331125827815
297049,MC15,1.2,41860,"San Francisco-Oakland-Fremont, CA",06041129000,Marin County,0.654004106776181,0.346680355920602,0.050331125827815
34923,Camden Outdoor,0.0,41860,"San Francisco-Oakland-Fremont, CA",06001407800,Alameda County,0.642831347056699,0.221963704048395,0.053862508858965
34945,Sunnyside,1.4,40900,"Sacramento-Roseville-Folsom, CA",06061022100,Placer County,0.081858407079646,0.064159292035398,0.007058823529412
34947,Deck,1.8,41860,"San Francisco-Oakland-Fremont, CA",06001423100,Alameda County,0.586900584795322,0.397964015151515,0.048466864490603
34975,Hayward West,0.6,41860,"San Francisco-Oakland-Fremont, CA",06001437200,Alameda County,0.885879166175951,0.178721362600456,0.08996001776988
34987,Ramblewood,0.5,41940,"San Jose-Sunnyvale-Santa Clara, CA",06085503207,Santa Clara County,0.927277793257175,0.176093619392588,0.104529616724739
34993,Ho Ko E Koo,0.2,41860,"San Francisco-Oakland-Fremont, CA",06041131100,Marin County,0.143856920684292,0.173221757322176,0.048286604361371
35005,Upper Hastings Ranch - N Tropical Ave,11.8,31080,"Los Angeles-Long Beach-Anaheim, CA",06037460002,Los Angeles County,0.515815959741193,0.082674335010784,0.027192386131883
35021,Amanita,3.1,42220,"Santa Rosa-Petaluma, CA",06097151311,Sonoma County,0.414448669201521,0.130014959880321,0.030524220305242
35027,Comstock-Dunkirk,10.5,31080,"Los Angeles-Long Beach-Anaheim, CA",06037267102,Los Angeles County,0.371926229508197,0.220286885245902,0.042927903137039
35193,COH_CITYHALL,4.4,40140,"Riverside-San Bernardino-Ontario, CA",06065043401,Riverside County,0.709570459683497,0.547940947940948,0.170612244897959
297367,Woodbury,7.1,31080,"Los Angeles-Long Beach-Anaheim, CA",06059052431,Orange County,0.737577973757797,0.147988814798881,0.062287655719139
35231,Fairview Dr,1.8,46700,"Vallejo, CA",06095252910,Solano County,0.493265306122449,0.09729619008603,0.099337748344371
297411,Bayview,0.0,41860,"San Francisco-Oakland-Fremont, CA",06041110200,Marin County,0.134575175822087,0.065576886523475,0.023897058823529
35307,SP @ SCV,5.8,41740,"San Diego-Chula Vista-Carlsbad, CA",06073009306,San Diego County,0.555612331800375,0.13643331630046,0.07989764003412
35337,Lower Springs,0.7,39820,"Redding, CA",06089010603,Shasta County,0.26517571884984,0.155750798722045,0.033395176252319
35401,Front Yard,0.0,41860,"San Francisco-Oakland-Fremont, CA",06081609602,San Mateo County,0.425531914893617,0.031914893617021,0.033333333333333
297877,Rockridge,2.2,41860,"San Francisco-Oakland-Fremont, CA",06001400200,Alameda County,0.301350721937587,0.093153237074988,0.060985797827903
35749,Los Gatos Vista,0.8,41940,"San Jose-Sunnyvale-Santa Clara, CA",06085507002,Santa Clara County,0.217862371888726,0.140345736888368,0.049213943950786
35809,valencia outside,0.0,41860,"San Francisco-Oakland-Fremont, CA",06075020702,San Francisco County,0.472419928825623,0.185516316495306,0.00765306122449
298013,1921 Bonavista Way,0.0,40900,"Sacramento-Roseville-Folsom, CA",06067004301,Sacramento County,0.862859781437587,0.380945051562259,0.151819322459222
298011,Beth Sensor,1.4,40900,"Sacramento-Roseville-Folsom, CA",06067004301,Sacramento County,0.862859781437587,0.380945051562259,0.151819322459222
35883,Orange &amp; Sheridan,0.6,41940,"San Jose-Sunnyvale-Santa Clara, CA",06085510300,Santa Clara County,0.436379347591272,0.063944696478721,0.048141086749285
298189,Fairview Heights,8.2,31080,"Los Angeles-Long Beach-Anaheim, CA",06037600912,Los Angeles County,0.945364238410596,0.392798013245033,0.050531914893617
36111,Coliseum,0.9,41860,"San Francisco-Oakland-Fremont, CA",06001408800,Alameda County,0.958835341365462,0.607806224899598,0.071000855431993
36115,Princeton,9.4,31080,"Los Angeles-Long Beach-Anaheim, CA",06037701602,Los Angeles County,0.502817511920243,0.284496297958268,0.081270779460658
36143,Brentwood School East Campus,10.6,31080,"Los Angeles-Long Beach-Anaheim, CA",06037265410,Los Angeles County,0.149493746277546,0.168458781362007,0.033205619412516
36153,Canyon Elementary School,1.1,41860,"San Francisco-Oakland-Fremont, CA",06013352202,Contra Costa County,0.292819745699327,0.066192969334331,0.020014825796887
36199,37216 Spruce St,0.1,41860,"San Francisco-Oakland-Fremont, CA",06001444304,Alameda County,0.877184769038702,0.14046875,0.028607277289837
36217,240 Lorton,4.3,41860,"San Francisco-Oakland-Fremont, CA",06081605502,San Mateo County,0.510965756060023,0.081269349845201,0.059027777777778
36239,Jackson Ave,0.1,42100,"Santa Cruz-Watsonville, CA",06087120302,Santa Cruz County,0.128452668275677,0.221164309031556,0.124935199585277
298391,Berkeley RSF,2.7,41860,"San Francisco-Oakland-Fremont, CA",06001982100,Alameda County,0.717226435536295,0.375,0.045
36267,El Granada Highlands (Del Monte Rd.),0.0,41860,"San Francisco-Oakland-Fremont, CA",06081613502,San Mateo County,0.148280337443219,0.107142857142857,0.075389948006932
298433,Tahoe Tavern,1.1,40900,"Sacramento-Roseville-Folsom, CA",06061022200,Placer County,0.086614173228346,0.083989501312336,0.0
36309,Kings Mountain North,0.7,41860,"San Francisco-Oakland-Fremont, CA",06081613702,San Mateo County,0.421378280349904,0.183272882440794,0.017478616586091
36343,Dawn Dr.,2.6,41940,"San Jose-Sunnyvale-Santa Clara, CA",06085508404,Santa Clara County,0.630093087135663,0.124675721043797,0.062249614791988
298493,Los Altos Neighborhood,7.3,31080,"Los Angeles-Long Beach-Anaheim, CA",06037574201,Los Angeles County,0.503661254377587,0.074498567335244,0.059237536656891
298491,Colby,1.7,41860,"San Francisco-Oakland-Fremont, CA",06075025701,San Francisco County,0.904708309885575,0.185030395136778,0.07754093296262
36355,Manchester,2.2,41860,"San Francisco-Oakland-Fremont, CA",06001404300,Alameda County,0.248396989127405,0.060775020908837,0.041687849517031
36359,Brentwood School West Campus,8.9,31080,"Los Angeles-Long Beach-Anaheim, CA",06037262302,Los Angeles County,0.174004931313843,0.132128940843075,0.0
298499,Monterey Bees,2.4,41500,"Salinas, CA",06053012800,Monterey County,0.21025641025641,0.101742919389978,0.028812056737589
36367,390-Outdoor,0.2,46700,"Vallejo, CA",06095252311,Solano County,0.704297328687573,0.125786163522013,0.061432058584215
36377,360-Outdoor,0.3,46700,"Vallejo, CA",06095252310,Solano County,0.464666021297193,0.046789286866731,0.043745203376823
298589,Scrub Jay,2.1,40900,"Sacramento-Roseville-Folsom, CA",06113010513,Yolo County,0.390019071837254,0.52827140549273,0.039877300613497
298609,Orinda Downs,0.0,41860,"San Francisco-Oakland-Fremont, CA",06013354002,Contra Costa County,0.236065101541121,0.101175787487299,0.051661730832511
298647,Old Firestone,0.2,41940,"San Jose-Sunnyvale-Santa Clara, CA",06085509401,Santa Clara County,0.63154238073182,0.162806855025475,0.017253521126761
36521,Doerr Park,0.0,41940,"San Jose-Sunnyvale-Santa Clara, CA",06085502902,Santa Clara County,0.393336974330967,0.049868766404199,0.033685469404026
36527,Cynthia Court,0.0,41860,"San Francisco-Oakland-Fremont, CA",06041114200,Marin County,0.138723150357995,0.164617691154423,0.092148309705562
298667,Oak Creek Farm,3.0,23420,"Fresno, CA",06019006405,Fresno County,0.246339202965709,0.133642261353105,0.028301886792453
36529,Western Addition,1.5,41860,"San Francisco-Oakland-Fremont, CA",06075015801,San Francisco County,0.64083677077195,0.31673541543901,0.060413354531002
36537,Untitled No. 1,5.2,31080,"Los Angeles-Long Beach-Anaheim, CA",06037701801,Los Angeles County,0.672615476904619,0.364277144571086,0.053201082055906
36559,SJGR Salinas,1.6,41500,"Salinas, CA",06053010501,Monterey County,0.639040639573618,0.175733333333333,0.088857142857143
36587,Jolley &amp; Groton,7.3,31080,"Los Angeles-Long Beach-Anaheim, CA",06037310300,Los Angeles County,0.281320815797993,0.089751958224543,0.066856330014225
36591,GBUAPCD_NCORE_JO,0.3,13860,"Bishop, CA",06027000100,Inyo County,0.484542792059876,0.395045632333768,0.088419405320814
298765,The Clown Car,0.9,41940,"San Jose-Sunnyvale-Santa Clara, CA",06085507600,Santa Clara County,0.621136590229312,0.072857619206402,0.035968527538404
36619,Empire/Pine Flat,0.0,42100,"Santa Cruz-Watsonville, CA",06087120301,Santa Cruz County,0.210322580645161,0.196324324324324,0.021961378265808
36661,Tunnel Lane,0.1,41860,"San Francisco-Oakland-Fremont, CA",06041121100,Marin County,0.211167159506001,0.079144198991129,0.069454545454545
36667,Lynton Ave,0.6,41860,"San Francisco-Oakland-Fremont, CA",06081609601,San Mateo County,0.38530612244898,0.090884353741497,0.0973630831643
298861,South Natomas,0.0,40900,"Sacramento-Roseville-Folsom, CA",06067007012,Sacramento County,0.784691486592033,0.25540223900026,0.06109785202864
36717,Village Green,7.8,31080,"Los Angeles-Long Beach-Anaheim, CA",06037236001,Los Angeles County,0.699786070834324,0.146422628951747,0.043443282381335
36751,THE RED BARN,0.0,17020,"Chico, CA",06007001500,Butte County,0.21474358974359,0.155952956339617,0.065086782376502
36997,Backyard,0.1,41940,"San Jose-Sunnyvale-Santa Clara, CA",06085509902,Santa Clara County,0.54043048283886,0.107135797588456,0.03006589785832
37011,N Lemon Ave,0.1,41860,"San Francisco-Oakland-Fremont, CA",06081612800,San Mateo County,0.29121041728322,0.091743119266055,0.025016903313049
37021,White Oaks,0.3,41860,"San Francisco-Oakland-Fremont, CA",06081609300,San Mateo County,0.343577848651783,0.036578171091445,0.060622317596567
37025,B59-Mech,2.0,41860,"San Francisco-Oakland-Fremont, CA",06001982100,Alameda County,0.717226435536295,0.375,0.045
37043,Jasmine2,6.0,31080,"Los Angeles-Long Beach-Anaheim, CA",06037702501,Los Angeles County,0.332733093237295,0.085200888350495,0.047151277013752
37061,Caputo Acres,0.8,41940,"San Jose-Sunnyvale-Santa Clara, CA",06085506401,Santa Clara County,0.6276008492569,0.129811804961506,0.025257915332622
37079,Tharp Drive,1.4,41860,"San Francisco-Oakland-Fremont, CA",06013352102,Contra Costa County,0.415268941584731,0.044434763668046,0.052482842147759
37095,"EL Cerrito, Gladys Ave",1.3,41860,"San Francisco-Oakland-Fremont, CA",06013386000,Contra Costa County,0.719797764768494,0.365886109632783,0.080901856763926
37109,Downtown Castro Valley,1.7,41860,"San Francisco-Oakland-Fremont, CA",06001431000,Alameda County,0.734713684891621,0.25913943707538,0.03290676416819
37111,DB Maple,0.7,23420,"Fresno, CA",06019005529,Fresno County,0.422797089733226,0.108649959579628,0.0
299279,270 Kellogg,0.3,41940,"San Jose-Sunnyvale-Santa Clara, CA",06085511400,Santa Clara County,0.458029689608637,0.056950067476383,0.027661795407098
37193,Chestnut Ave - Outside,5.1,31080,"Los Angeles-Long Beach-Anaheim, CA",06037577900,Los Angeles County,0.634503439760099,0.206041394741749,0.045954045954046
37217,"Forrester drive, Los Angeles, Ca 90064",1.0,31080,"Los Angeles-Long Beach-Anaheim, CA",06037269000,Los Angeles County,0.349117520447697,0.063009473452302,0.044952100221076
37223,Home,0.5,41860,"San Francisco-Oakland-Fremont, CA",06013346101,Contra Costa County,0.285671819262782,0.068668252080856,0.044585987261146
37227,"Roble Alto Ct., LAH",0.9,41940,"San Jose-Sunnyvale-Santa Clara, CA",06085511704,Santa Clara County,0.50251256281407,0.040856456194014,0.021870637505817
37289,Marianist Sensor,0.3,41940,"San Jose-Sunnyvale-Santa Clara, CA",06085507705,Santa Clara County,0.690127077223851,0.106240330067045,0.060622610595303
299439,Vinton Ave,10.5,31080,"Los Angeles-Long Beach-Anaheim, CA",06037269905,Los Angeles County,0.533902110462506,0.218679838347553,0.066518847006652
299435,Piedmont Knoll,2.4,41860,"San Francisco-Oakland-Fremont, CA",06001403800,Alameda County,0.383483033932136,0.131487025948104,0.043035107587769
37309,The Seven Hills School,1.9,41860,"San Francisco-Oakland-Fremont, CA",06013338204,Contra Costa County,0.439545454545455,0.098939393939394,0.045813184016289
37311,Alameda Gold Coast,1.4,41860,"San Francisco-Oakland-Fremont, CA",06001427800,Alameda County,0.485727655591951,0.188114178755264,0.045813586097946
37337,Hobart St,0.5,41860,"San Francisco-Oakland-Fremont, CA",06081612800,San Mateo County,0.29121041728322,0.091743119266055,0.025016903313049
37343,Mount Carmel Myrtle,0.2,41860,"San Francisco-Oakland-Fremont, CA",06081609900,San Mateo County,0.285859613428281,0.068836893862326,0.014256619144603
37345,PA-II,2.7,41860,"San Francisco-Oakland-Fremont, CA",06001420600,Alameda County,0.36295871559633,0.091954022988506,0.042222222222222
37347,Worchester Ct.,0.8,41860,"San Francisco-Oakland-Fremont, CA",06013346101,Contra Costa County,0.285671819262782,0.068668252080856,0.044585987261146
37365,Chestnut Park,1.6,40900,"Sacramento-Roseville-Folsom, CA",06113010611,Yolo County,0.408366533864542,0.325581395348837,0.067357512953368
37377,SCPLB_01,6.8,31080,"Los Angeles-Long Beach-Anaheim, CA",06059011402,Orange County,0.501068702290076,0.135639926515615,0.052727272727273
37393,St. Helena Primary School,0.1,34900,"Napa, CA",06055201601,Napa County,0.387571545380213,0.226901062959935,0.035326086956522
37455,Los Altos@Country Club,0.0,41940,"San Jose-Sunnyvale-Santa Clara, CA",06085511702,Santa Clara County,0.422410745846589,0.043478260869565,0.037703513281919
37491,Bowie's House,2.4,41860,"San Francisco-Oakland-Fremont, CA",06001426200,Alameda County,0.319070150174861,0.073235959679078,0.065334997919268
299659,808 La Jennifer Way,0.1,41940,"San Jose-Sunnyvale-Santa Clara, CA",06085510600,Santa Clara County,0.566393442622951,0.174098360655738,0.053679945982444
299667,Canterbury,0.8,41940,"San Jose-Sunnyvale-Santa Clara, CA",06085507906,Santa Clara County,0.855389422004017,0.045748716804285,0.049159663865546
37551,Granada Hills,10.9,31080,"Los Angeles-Long Beach-Anaheim, CA",06037109200,Los Angeles County,0.790572603606454,0.083834229674154,0.023851076207097
37597,"De Anza Dr, Vallejo",0.3,46700,"Vallejo, CA",06095251400,Solano County,0.562163978494624,0.24319200275767,0.023971589227582
299807,Bryant Street,0.0,41940,"San Jose-Sunnyvale-Santa Clara, CA",06085511301,Santa Clara County,0.416050955414013,0.07961367789089,0.025617140195622
37671,"Hiddenbrooke, Vallejo Flood and Wastewater - KCAVALLE34",0.5,46700,"Vallejo, CA",06095250106,Solano County,0.772900763358779,0.115586206896552,0.045977011494253
37673,Dublin Onyx,0.7,41860,"San Francisco-Oakland-Fremont, CA",06001450751,Alameda County,0.873637655978518,0.027167903964619,0.029634300126103
37683,LW ALTA out,5.0,31080,"Los Angeles-Long Beach-Anaheim, CA",06059062648,Orange County,0.312136961173953,0.214918985019872,0.068493150684932
37703,Foster City - Niantic Dr.,0.3,41860,"San Francisco-Oakland-Fremont, CA",06081608100,San Mateo County,0.778338945005612,0.02393018018018,0.051923076923077
37711,Chickasaw Way - Raymus Village,1.0,44700,"Stockton-Lodi, CA",06077005131,San Joaquin County,0.658933299709999,0.352647569444444,0.096198603568658
37715,Pine,1.6,41860,"San Francisco-Oakland-Fremont, CA",06075015202,San Francisco County,0.521699819168174,0.130250117980179,0.065573770491803
37733,Tripoli Outside,0.0,41940,"San Jose-Sunnyvale-Santa Clara, CA",06085511704,Santa Clara County,0.50251256281407,0.040856456194014,0.021870637505817
37771,Old Palo Alto,0.2,41940,"San Jose-Sunnyvale-Santa Clara, CA",06085511400,Santa Clara County,0.458029689608637,0.056950067476383,0.027661795407098
37849,Waverley Street - 800 Block,0.0,41940,"San Jose-Sunnyvale-Santa Clara, CA",06085511301,Santa Clara County,0.416050955414013,0.07961367789089,0.025617140195622
37885,Veteran,6.9,31080,"Los Angeles-Long Beach-Anaheim, CA",06037271703,Los Angeles County,0.516817359855335,0.19810977826245,0.027791814047499
37923,CVCHS,0.5,41860,"San Francisco-Oakland-Fremont, CA",06013334008,Contra Costa County,0.542842077511205,0.17478813559322,0.048192771084337
300065,MC-14,1.7,41860,"San Francisco-Oakland-Fremont, CA",06041129000,Marin County,0.654004106776181,0.346680355920602,0.050331125827815
37953,Emerson and Loma Verde,0.3,41940,"San Jose-Sunnyvale-Santa Clara, CA",06085510900,Santa Clara County,0.490628660679422,0.056032799687622,0.037188545927854
300103,"Daly City, CA USA - St. Francis Heights",2.2,41860,"San Francisco-Oakland-Fremont, CA",06081601400,San Mateo County,0.881319000581058,0.10033888315898,0.058555133079848
300111,5370,8.4,41740,"San Diego-Chula Vista-Carlsbad, CA",06073008006,San Diego County,0.174357695185832,0.16321897073663,0.038955823293173
37971,"1128 Key Route Blvd, Albany CA",1.0,41860,"San Francisco-Oakland-Fremont, CA",06001420600,Alameda County,0.36295871559633,0.091954022988506,0.042222222222222
300197,94580,0.9,41860,"San Francisco-Oakland-Fremont, CA",06001436000,Alameda County,0.729174814235432,0.137856863511928,0.076439790575916
38085,Campbell Ln outside,0.0,41860,"San Francisco-Oakland-Fremont, CA",06081613000,San Mateo County,0.349132947976879,0.097109826589595,0.018259281801582
38193,ARNO,2.0,41860,"San Francisco-Oakland-Fremont, CA",06001407900,Alameda County,0.504533678756477,0.125527084009082,0.01728945900725
38295,Monteverde Dr,0.8,41940,"San Jose-Sunnyvale-Santa Clara, CA",06085511913,Santa Clara County,0.399221453287197,0.037004977277646,0.021549937836718
38309,SL-S,1.3,41860,"San Francisco-Oakland-Fremont, CA",06001421700,Alameda County,0.346974568839521,0.281496638409822,0.01981788966256
38371,670 Vernon St.,2.5,41860,"San Francisco-Oakland-Fremont, CA",06001403900,Alameda County,0.372650012876642,0.12084514300438,0.041564792176039
38383,Across 7 Minute Hill,9.6,31080,"Los Angeles-Long Beach-Anaheim, CA",06037800104,Los Angeles County,0.277216916780355,0.112141882673943,0.096077316657192
38399,Lindenhurst and Crescent Heights,4.5,31080,"Los Angeles-Long Beach-Anaheim, CA",06037214700,Los Angeles County,0.253448275862069,0.160449438202247,0.125442948263643
38401,Loyola,0.3,41940,"San Jose-Sunnyvale-Santa Clara, CA",06085510001,Santa Clara County,0.418663092645334,0.048947458497347,0.033395176252319
38413,Forebay Bridge,0.9,40900,"Sacramento-Roseville-Folsom, CA",06017030603,El Dorado County,0.183106267029973,0.227608874281019,0.02315661182206
38429,Humane Society of the North Bay,0.5,46700,"Vallejo, CA",06095250701,Solano County,0.872869516624756,0.502757619738752,0.080143540669856
38443,Grant St. Vallejo,0.1,46700,"Vallejo, CA",06095250701,Solano County,0.872869516624756,0.502757619738752,0.080143540669856
38459,Horseshoe Hill,0.0,41860,"San Francisco-Oakland-Fremont, CA",06041132100,Marin County,0.169345579793341,0.271526980482204,0.015822784810127
300601,MLS-Cahto-1,0.1,46380,"Ukiah, CA",06045010200,Mendocino County,0.299716356760164,0.546662448592218,0.178807947019868
38467,"Powell Bros. Feed &amp; Pet Supply, Inc.",0.5,46700,"Vallejo, CA",06095251802,Solano County,0.829237555135476,0.604914933837429,0.044766708701135
38481,Vista-Grande,2.7,41860,"San Francisco-Oakland-Fremont, CA",06001435104,Alameda County,0.846120186697783,0.179704635180582,0.031988188976378
300633,800 BLK W SPAIN,0.7,42220,"Santa Rosa-Petaluma, CA",06097150205,Sonoma County,0.337931034482759,0.181692414111137,0.072010287183883
38503,Marina Village Way,1.1,46700,"Vallejo, CA",06095252000,Solano County,0.292410183202474,0.167261479895313,0.061005770816158
300669,3rd Ave,10.1,31080,"Los Angeles-Long Beach-Anaheim, CA",06037212900,Los Angeles County,0.877667881311817,0.428235908141962,0.047434238896076
38547,Toll Gate,0.6,41940,"San Jose-Sunnyvale-Santa Clara, CA",06085507600,Santa Clara County,0.621136590229312,0.072857619206402,0.035968527538404
38589,Sign Hill,2.1,41860,"San Francisco-Oakland-Fremont, CA",06081602001,San Mateo County,0.691079574252408,0.125512295081967,0.003000428632662
38613,Hoolyrood,1.6,41860,"San Francisco-Oakland-Fremont, CA",06001404600,Alameda County,0.417916497770572,0.086137008512363,0.055648535564854
38619,Orange Ave,3.3,41860,"San Francisco-Oakland-Fremont, CA",06041101200,Marin County,0.350902527075812,0.051516258677384,0.025721455457967
38641,451 Portola Rd,0.3,41860,"San Francisco-Oakland-Fremont, CA",06081613200,San Mateo County,0.249306670559042,0.075949367088608,0.044481605351171
38649,875 Terrace 49,20.6,31080,"Los Angeles-Long Beach-Anaheim, CA",06037185102,Los Angeles County,0.398644833427442,0.123658949745906,0.10632318501171
38661,Lower Favre,0.2,42100,"Santa Cruz-Watsonville, CA",06087120500,Santa Cruz County,0.231797397115723,0.114417286574566,0.069718731298624
300811,"Village Hills, Orcutt, CA",2.8,42200,"Santa Maria-Santa Barbara, CA",06083002010,Santa Barbara County,0.409140134286333,0.145901282887584,0.05945252352438
38683,Lina Ave,2.0,41860,"San Francisco-Oakland-Fremont, CA",06001428700,Alameda County,0.77412367073651,0.358354961070074,0.07829869502175
38689,Expressions - outside - alpine,0.5,41940,"San Jose-Sunnyvale-Santa Clara, CA",06085509102,Santa Clara County,0.708735868448099,0.11983556012333,0.033323235383217
38723,Amaral St Union City 94587,1.0,41860,"San Francisco-Oakland-Fremont, CA",06001440301,Alameda County,0.713316369804919,0.181249110826576,0.055810397553517
38747,Bodega Harbour - Pelican Loop,4.0,42220,"Santa Rosa-Petaluma, CA",06097154305,Sonoma County,0.277956741831569,0.153179190751445,0.184065934065934
38817,PVA Unit I - Outside,0.1,42220,"Santa Rosa-Petaluma, CA",06097150205,Sonoma County,0.337931034482759,0.181692414111137,0.072010287183883
38831,13th &amp; t,1.5,40900,"Sacramento-Roseville-Folsom, CA",06067002000,Sacramento County,0.528865979381443,0.255605381165919,0.062022090059473
38837,Outer Sunset 40th &amp; Irving,3.0,41860,"San Francisco-Oakland-Fremont, CA",06075035101,San Francisco County,0.56794425087108,0.217841799342937,0.15702479338843
38847,Reed / Ethel,0.9,41860,"San Francisco-Oakland-Fremont, CA",06041128200,Marin County,0.187842174815934,0.080492424242424,0.050097087378641
38851,Rose Ave,0.0,41860,"San Francisco-Oakland-Fremont, CA",06041127000,Marin County,0.140366172624237,0.095466434176112,0.0708316752885
38889,Branham Jarvis,0.9,41940,"San Jose-Sunnyvale-Santa Clara, CA",06085502907,Santa Clara County,0.477505112474438,0.169270166453265,0.069143932267168
301095,Patio,6.2,31080,"Los Angeles-Long Beach-Anaheim, CA",06059052528,Orange County,0.621954104565886,0.070499171989591,0.03161652218256
301153,Fields house.,4.0,40140,"Riverside-San Bernardino-Ontario, CA",06065042726,Riverside County,0.751007534606623,0.169011591894523,0.042897998093422
39049,Woodward Lake - Outside,1.4,23420,"Fresno, CA",06019005503,Fresno County,0.396498295630617,0.187325689494887,0.036006546644845
39051,Golden Gate District,1.4,41860,"San Francisco-Oakland-Fremont, CA",06001400800,Alameda County,0.486043829296424,0.252892179546506,0.031292984869326
39089,Alderaan,0.4,41860,"San Francisco-Oakland-Fremont, CA",06001440332,Alameda County,0.919450515142054,0.069934436465813,0.02846975088968
39157,J.M. Amador Elementary School,1.0,41860,"San Francisco-Oakland-Fremont, CA",06001450751,Alameda County,0.873637655978518,0.027167903964619,0.029634300126103
39171,Dublin High School,2.3,41860,"San Francisco-Oakland-Fremont, CA",06001450300,Alameda County,0.526981764049125,0.100855973204317,0.046896551724138
39227,Danville / Diablo 94526,0.6,41860,"San Francisco-Oakland-Fremont, CA",06013346205,Contra Costa County,0.206473988439306,0.105433526011561,0.033659730722154
301383,"Alamo, CA",0.6,41860,"San Francisco-Oakland-Fremont, CA",06013346205,Contra Costa County,0.206473988439306,0.105433526011561,0.033659730722154
301385,SMDice,3.0,41860,"San Francisco-Oakland-Fremont, CA",06075025600,San Francisco County,0.84642928187786,0.167723460830436,0.032055518836748
301473,1244 Laurent St,3.9,42100,"Santa Cruz-Watsonville, CA",06087100300,Santa Cruz County,0.318631381983427,0.243711117121991,0.060666335156638
301489,Carmel Valley,10.9,41740,"San Diego-Chula Vista-Carlsbad, CA",06073008327,San Diego County,0.338500360490267,0.102712477396022,0.05168986083499
301491,Lower Hot Springs,11.3,42200,"Santa Maria-Santa Barbara, CA",06083001404,Santa Barbara County,0.157122905027933,0.118060435699227,0.035573122529644
301505,Tabbytown,0.6,41860,"San Francisco-Oakland-Fremont, CA",06013322000,Contra Costa County,0.459511472982976,0.143860173289513,0.03667553978113
301507,Tucana,6.6,41740,"San Diego-Chula Vista-Carlsbad, CA",06073020043,San Diego County,0.324897655377745,0.104577595831783,0.030590262817751
39489,IRR-IRW,0.0,42100,"Santa Cruz-Watsonville, CA",06087120500,Santa Cruz County,0.231797397115723,0.114417286574566,0.069718731298624
301755,Yountville,0.6,34900,"Napa, CA",06055201300,Napa County,0.305858110097145,0.25684575389948,0.071777003484321
39625,-------{---(@,0.5,41860,"San Francisco-Oakland-Fremont, CA",06081608900,San Mateo County,0.557989867177872,0.172909467864547,0.109367455335587
39645,Joe Henderson Elementary,0.0,46700,"Vallejo, CA",06095252106,Solano County,0.400982362134405,0.141995981245814,0.010174418604651
39663,Uplands,1.6,41860,"San Francisco-Oakland-Fremont, CA",06001423800,Alameda County,0.274452554744526,0.124671532846715,0.038732394366197
39665,Mary Farmar Elementary,0.1,46700,"Vallejo, CA",06095252108,Solano County,0.308744993324433,0.119158878504673,0.092345078979344
39743,Robert Semple Elementary,0.5,46700,"Vallejo, CA",06095252102,Solano County,0.432054924242424,0.175592417061611,0.055661274976213
39997,Brooks Ave/7th Ave,8.3,31080,"Los Angeles-Long Beach-Anaheim, CA",06037273200,Los Angeles County,0.397114393679148,0.184472689797321,0.047542735042735
40025,E&amp;S_Out,1.4,20940,"El Centro, CA",06025012201,Imperial County,0.990525175961018,0.567135896047645,0.194871794871795
40059,Longfellowia,2.2,41860,"San Francisco-Oakland-Fremont, CA",06001401000,Alameda County,0.666241835271627,0.163343435954698,0.058147713950762
40101,Cameo Way,2.5,41860,"San Francisco-Oakland-Fremont, CA",06075021600,San Francisco County,0.489352061622111,0.047349342999547,0.005349500713267
302252,Dell Hollow,0.3,42220,"Santa Rosa-Petaluma, CA",06097153705,Sonoma County,0.252336448598131,0.143691588785047,0.042809042809043
40123,Hayfields Rd,0.0,41860,"San Francisco-Oakland-Fremont, CA",06081613200,San Mateo County,0.249306670559042,0.075949367088608,0.044481605351171
40127,Three Oaks Farm,0.1,42220,"Santa Rosa-Petaluma, CA",06097150501,Sonoma County,0.156294200848656,0.203119461183977,0.037012113055182
302278,Sky Valley Road,14.5,31080,"Los Angeles-Long Beach-Anaheim, CA",06037262301,Los Angeles County,0.302565930149679,0.153977031050617,0.068416865552904
40141,Corona Creek,0.1,42220,"Santa Rosa-Petaluma, CA",06097150901,Sonoma County,0.361988304093567,0.282846003898635,0.018277680140598
40169,Meadow,0.2,42220,"Santa Rosa-Petaluma, CA",06097150610,Sonoma County,0.368682901283058,0.112856768787641,0.05386289445049
40209,Rabbit House Bocce,7.4,37100,"Oxnard-Thousand Oaks-Ventura, CA",06111005804,Ventura County,0.322924901185771,0.01798418972332,0.045989698307579
302380,Shadow Lakes,0.2,41860,"San Francisco-Oakland-Fremont, CA",06013303206,Contra Costa County,0.543653705062362,0.143433602347762,0.132430647291942
40239,Garage eaves,1.2,41940,"San Jose-Sunnyvale-Santa Clara, CA",06085511501,Santa Clara County,0.451244813278008,0.103996652019251,0.016993957703927
302426,18 Fairway,1.0,12540,"Bakersfield-Delano, CA",06029005104,Kern County,0.323522257358307,0.131733594515181,0.041034288926363
40309,USD Athletics,4.7,41740,"San Diego-Chula Vista-Carlsbad, CA",06073009000,San Diego County,0.595642805841513,0.234379583455559,0.040049039640376
40399,Wagnon Rd,0.3,42220,"Santa Rosa-Petaluma, CA",06097153502,Sonoma County,0.207150368033649,0.157797681770284,0.014232673267327
302576,Red Hawk,1.5,41860,"San Francisco-Oakland-Fremont, CA",06081600100,San Mateo County,0.618550724637681,0.120686293624488,0.092119089316988
40449,Backyard,3.8,31080,"Los Angeles-Long Beach-Anaheim, CA",06037267502,Los Angeles County,0.51456009913259,0.279739776951673,0.080334728033473
302646,Alhambra Valley,0.9,41860,"San Francisco-Oakland-Fremont, CA",06013356002,Contra Costa County,0.674226441631505,0.164381153305204,0.083486801718846
40569,Black Canyon,1.0,41860,"San Francisco-Oakland-Fremont, CA",06041110100,Marin County,0.270559354725583,0.128415300546448,0.069163163928162
302722,El Capitan,1.8,41500,"Salinas, CA",06053014102,Monterey County,0.693575757575758,0.452351937606629,0.080612244897959
40639,West Fullerton,7.1,31080,"Los Angeles-Long Beach-Anaheim, CA",06059001901,Orange County,0.789473684210526,0.200278164116829,0.049321824907522
40721,TorrAir 5,4.9,31080,"Los Angeles-Long Beach-Anaheim, CA",06037650200,Los Angeles County,0.65505284015852,0.116614212357131,0.036041939711664
40723,Temple Isaiah,1.4,41860,"San Francisco-Oakland-Fremont, CA",06013350000,Contra Costa County,0.346829268292683,0.04837921485584,0.036458333333333
40725,SE Torrance,8.0,31080,"Los Angeles-Long Beach-Anaheim, CA",06037651001,Los Angeles County,0.65348537796579,0.211513702409417,0.037491240364401
40739,Torr air - 16,1.2,31080,"Los Angeles-Long Beach-Anaheim, CA",06037651102,Los Angeles County,0.528880372296742,0.130030112236518,0.051490514905149
302888,146 N. Meyler Street,6.2,31080,"Los Angeles-Long Beach-Anaheim, CA",06037296600,Los Angeles County,0.839894019682059,0.373122980421973,0.103472222222222
40757,St Simon Parish School,0.1,41940,"San Jose-Sunnyvale-Santa Clara, CA",06085510002,Santa Clara County,0.52760736196319,0.020858895705521,0.020327218641547
40771,19th st,4.7,31080,"Los Angeles-Long Beach-Anaheim, CA",06037620305,Los Angeles County,0.215080551403421,0.047428189712759,0.022719565954561
40787,TorrAir M,6.9,31080,"Los Angeles-Long Beach-Anaheim, CA",06037650401,Los Angeles County,0.637019790454016,0.10360884749709,0.065881326352531
40821,187 House,5.9,31080,"Los Angeles-Long Beach-Anaheim, CA",06037650200,Los Angeles County,0.65505284015852,0.116614212357131,0.036041939711664
40827,Seaside,1.4,31080,"Los Angeles-Long Beach-Anaheim, CA",06037651222,Los Angeles County,0.57823017566902,0.081267443769496,0.064207265558997
40835,AVIS AVE,0.6,31080,"Los Angeles-Long Beach-Anaheim, CA",06037650605,Los Angeles County,0.699472759226713,0.125131810193322,0.003916449086162
40885,FPK-8,8.1,20940,"El Centro, CA",06025011903,Imperial County,0.995634845321693,0.174113135186961,0.089730807577268
40931,Carmel Valley / Del Mar Mesa,6.2,41740,"San Diego-Chula Vista-Carlsbad, CA",06073021502,San Diego County,0.547352806937471,0.165335463258786,0.045557059088859
303102,Little Point,12.3,41740,"San Diego-Chula Vista-Carlsbad, CA",06073008101,San Diego County,0.198382904995668,0.130805408583186,0.042916235780765
303126,8th and Kirkham,3.8,41860,"San Francisco-Oakland-Fremont, CA",06075030301,San Francisco County,0.628813835862294,0.121347201584943,0.051489730980619
40989,Terra Bella Elementary School,1.5,47300,"Visalia, CA",06107004500,Tulare County,0.646958145324413,0.458021223470662,0.15527950310559
303146,Eldora Drive,0.2,41940,"San Jose-Sunnyvale-Santa Clara, CA",06085509700,Santa Clara County,0.45,0.107331571994716,0.017386427369602
303412,Inner Richmond,2.0,41860,"San Francisco-Oakland-Fremont, CA",06075040200,San Francisco County,0.56387262079063,0.095900439238653,0.022526375819789
303428,Jack London Square,1.4,41860,"San Francisco-Oakland-Fremont, CA",06001983200,Alameda County,0.458705357142857,0.191964285714286,0.001430615164521
303424,Starfield - Smith Flat,2.3,40900,"Sacramento-Roseville-Folsom, CA",06017031100,El Dorado County,0.250521251002406,0.269002089024586,0.037235627047959
41393,Braddock,1.1,41940,"San Jose-Sunnyvale-Santa Clara, CA",06085502202,Santa Clara County,0.45807560137457,0.180238870792617,0.021173623714459
41399,Stonehurst,0.0,41860,"San Francisco-Oakland-Fremont, CA",06001409300,Alameda County,0.977537872192234,0.440899581589958,0.050661625708885
41447,Redwood City,0.0,41860,"San Francisco-Oakland-Fremont, CA",06081610201,San Mateo County,0.866818873668189,0.261093125119025,0.004017408771342
41461,Eucalyptus Ave (outside),0.1,41860,"San Francisco-Oakland-Fremont, CA",06081609400,San Mateo County,0.346244131455399,0.056924882629108,0.040953862104717
41553,Simmons Ln,0.0,41860,"San Francisco-Oakland-Fremont, CA",06041102100,Marin County,0.297862232779097,0.065675934803452,0.047297297297297
303862,Loma Verde / Cowper,0.1,41940,"San Jose-Sunnyvale-Santa Clara, CA",06085510900,Santa Clara County,0.490628660679422,0.056032799687622,0.037188545927854
304008,SantaMonicAir,8.4,31080,"Los Angeles-Long Beach-Anaheim, CA",06037701501,Los Angeles County,0.328786081455121,0.181099248714907,0.060672744419994
304020,MC18,1.3,41860,"San Francisco-Oakland-Fremont, CA",06041129000,Marin County,0.654004106776181,0.346680355920602,0.050331125827815
304028,EDCAQMD Audubon Hills,0.2,40900,"Sacramento-Roseville-Folsom, CA",06017031301,El Dorado County,0.121398601398601,0.172046028627561,0.063680895731281
41915,Livermore Mars,0.8,41860,"San Francisco-Oakland-Fremont, CA",06001451704,Alameda County,0.305324074074074,0.146759259259259,0.06028217186832
304070,MacArthur Park Outside,9.9,31080,"Los Angeles-Long Beach-Anaheim, CA",06037209401,Los Angeles County,0.949450549450549,0.689033942558747,0.075252525252525
304086,LC Meter,16.3,31080,"Los Angeles-Long Beach-Anaheim, CA",06037300601,Los Angeles County,0.517637271214642,0.220667565745111,0.026533018867925
304092,Tesoro Highlands - Santa Clarita,10.9,31080,"Los Angeles-Long Beach-Anaheim, CA",06037920102,Los Angeles County,0.526025719534599,0.206602990033223,0.093089430894309
304094,Vierra Meadows PL,2.2,41500,"Salinas, CA",06053010501,Monterey County,0.639040639573618,0.175733333333333,0.088857142857143
42003,1000 Rolling Hill Way,0.9,41860,"San Francisco-Oakland-Fremont, CA",06013321101,Contra Costa County,0.48019225167492,0.087532348911554,0.039384454877413
304188,MC27,1.3,41860,"San Francisco-Oakland-Fremont, CA",06041129000,Marin County,0.654004106776181,0.346680355920602,0.050331125827815
42041,Hacienda Adobe,0.0,41740,"San Diego-Chula Vista-Carlsbad, CA",06073019105,San Diego County,0.340745585349902,0.152223675604971,0.107011070110701
304192,MC10,1.2,41860,"San Francisco-Oakland-Fremont, CA",06041129000,Marin County,0.654004106776181,0.346680355920602,0.050331125827815
304194,MC5,4.0,41860,"San Francisco-Oakland-Fremont, CA",06041128100,Marin County,0.234239130434783,0.088858695652174,0.049845837615622
42255,NW Modesto,2.1,33700,"Modesto, CA",06099000803,Stanislaus County,0.674946215529044,0.388637703951248,0.058097686375321
42319,SW Turlock,0.0,33700,"Modesto, CA",06099003802,Stanislaus County,0.843679031037093,0.529911231184871,0.197074010327022
42327,Madison Out,2.0,23420,"Fresno, CA",06019003004,Fresno County,0.682600382409178,0.37841726618705,0.067493112947658
304546,Office Outside,2.1,41860,"San Francisco-Oakland-Fremont, CA",06001427700,Alameda County,0.390696745857457,0.167201283079391,0.041544952937358
42453,Sanchez Way,0.2,41860,"San Francisco-Oakland-Fremont, CA",06081611000,San Mateo County,0.608463251670379,0.237144134744373,0.041436464088398
304600,Parkside,2.2,41860,"San Francisco-Oakland-Fremont, CA",06013340004,Contra Costa County,0.330203045685279,0.064753682072118,0.069115514741421
42467,West Modesto,8.9,33700,"Modesto, CA",06099001603,Stanislaus County,0.83173623517947,0.370720573850668,0.084829285462865
42469,Weston Ranch,0.0,44700,"Stockton-Lodi, CA",06077003804,San Joaquin County,0.837867445681943,0.340514880408983,0.012034161490683
304788,Nebraska Vallejo,10.6,46700,"Vallejo, CA",06095251300,Solano County,0.442700156985871,0.214982688070507,0.085322195704057
304794,Peter and Nancy Noble,17.2,31080,"Los Angeles-Long Beach-Anaheim, CA",06059001902,Orange County,0.769812462189958,0.397826086956522,0.088679245283019
304806,"Overland alley, Vallejo",0.2,46700,"Vallejo, CA",06095251600,Solano County,0.755760368663594,0.482932505818464,0.102796052631579
304800,Beacon Vallejo,0.3,46700,"Vallejo, CA",06095251702,Solano County,0.83018194791295,0.270818247646633,0.025122549019608
304808,"Muller st, Vallejo",0.1,46700,"Vallejo, CA",06095251100,Solano County,0.775787728026534,0.374958485552972,0.026955950032873
304822,Seaview vallejo,0.3,46700,"Vallejo, CA",06095251901,Solano County,0.828184658104825,0.365599404318689,0.118637431480031
304816,Tennessee Vallejo,0.2,46700,"Vallejo, CA",06095251200,Solano County,0.795162278015922,0.291411042944785,0.053865336658354
304862,Meriwether,10.3,31080,"Los Angeles-Long Beach-Anaheim, CA",06059075518,Orange County,0.767264868927934,0.231852551984877,0.043030441748684
304902,Old Ranch Road Air,12.3,31080,"Los Angeles-Long Beach-Anaheim, CA",06037262400,Los Angeles County,0.187931034482759,0.028275862068966,0.009691629955947
304954,Penny 2 Vallejo,0.3,46700,"Vallejo, CA",06095250105,Solano County,0.839236339697169,0.16699696128947,0.117398648648649
304960,Carter2 Vallejo,0.2,46700,"Vallejo, CA",06095251701,Solano County,0.711510582777617,0.363873586546825,0.05952380952381
42861,Casa Loma McKean,0.8,41940,"San Jose-Sunnyvale-Santa Clara, CA",06085512200,Santa Clara County,0.508256880733945,0.04220446629789,0.021218074656189
42909,13474 Robleda Rd Los Altos Hills Ca,0.0,41940,"San Jose-Sunnyvale-Santa Clara, CA",06085511701,Santa Clara County,0.453060285319834,0.0651173492867,0.035852178709322
42967,Bonny Doon,0.9,42100,"Santa Cruz-Watsonville, CA",06087120200,Santa Cruz County,0.304403048264183,0.27498918217222,0.039013452914798
305112,Sandy Neck Vallejo,0.4,46700,"Vallejo, CA",06095250604,Solano County,0.812915947744639,0.259515570934256,0.077763215377894
43019,The Willows Community School,13.1,31080,"Los Angeles-Long Beach-Anaheim, CA",06037702400,Los Angeles County,0.544813917639287,0.146045072912064,0.051617118588697
305160,Broadway and Elm 4th floor balcony,7.5,31080,"Los Angeles-Long Beach-Anaheim, CA",06037576200,Los Angeles County,0.729012696607921,0.463933181473045,0.12286293827876
43239,Front Porch,0.1,17340,"Clearlake, CA",06033000901,Lake County,0.457548728113644,0.062033898305085,0.099045346062053
305436,back ranch meadows campground,0.1,41860,"San Francisco-Oakland-Fremont, CA",06041106002,Marin County,0.42363545317977,0.146380986676269,0.081632653061224
43291,Chubs,1.6,41860,"San Francisco-Oakland-Fremont, CA",06013321101,Contra Costa County,0.48019225167492,0.087532348911554,0.039384454877413
43615,980 Honfleur Ct,0.6,41940,"San Jose-Sunnyvale-Santa Clara, CA",06085508301,Santa Clara County,0.557847724372607,0.059377100604974,0.051065719360568
305876,GBUAPCD_Aspendell,0.9,13860,"Bishop, CA",06027000200,Inyo County,0.345987506006728,0.394358701436935,0.02710027100271
305874,GBUAPCD_Olancha,1.0,13860,"Bishop, CA",06027000800,Inyo County,0.428711576193591,0.366511318242344,0.02052091554854
305984,Olive Tree Ct,2.0,40900,"Sacramento-Roseville-Folsom, CA",06061020604,Placer County,0.245207534589098,0.125463118895251,0.036697247706422
43871,Sherlock Road,2.2,41940,"San Jose-Sunnyvale-Santa Clara, CA",06085511704,Santa Clara County,0.50251256281407,0.040856456194014,0.021870637505817
43881,208,2.0,41940,"San Jose-Sunnyvale-Santa Clara, CA",06085511400,Santa Clara County,0.458029689608637,0.056950067476383,0.027661795407098
43887,allison,0.8,41860,"San Francisco-Oakland-Fremont, CA",06081607000,San Mateo County,0.518917345750873,0.065192083818393,0.026345933562428
43953,SJ,7.6,31080,"Los Angeles-Long Beach-Anaheim, CA",06037702600,Los Angeles County,0.443032296650718,0.064521026263853,0.004385964912281
306126,berryair,15.5,40140,"Riverside-San Bernardino-Ontario, CA",06065042005,Riverside County,0.642637447135717,0.138156628824322,0.071340206185567
306178,Villa Grande,0.2,42220,"Santa Rosa-Petaluma, CA",06097153708,Sonoma County,0.132807363576594,0.240631163708087,0.176229508196721
44047,Hidden Valley Estates,0.0,42220,"Santa Rosa-Petaluma, CA",06097152401,Sonoma County,0.264885669006113,0.06615139804501,0.007596067917784
44055,15th and Castro St.,1.4,41860,"San Francisco-Oakland-Fremont, CA",06075017000,San Francisco County,0.298216799624589,0.057484748944158,0.022144890857324
44089,27 Scott,0.9,41860,"San Francisco-Oakland-Fremont, CA",06075016700,San Francisco County,0.277809361379572,0.099638714584522,0.033393501805054
44091,Pleasanton Hills,1.0,41860,"San Francisco-Oakland-Fremont, CA",06001450701,Alameda County,0.548065918974594,0.053818848047635,0.056944444444444
306368,Cara Ct,2.3,41860,"San Francisco-Oakland-Fremont, CA",06013343002,Contra Costa County,0.363675397166166,0.135771992818671,0.025437864887406
306382,MARIETTABURG,2.8,41860,"San Francisco-Oakland-Fremont, CA",06075030700,San Francisco County,0.486541244573083,0.071056439942113,0.028115942028986
44243,Casitas Springs Community Center,0.0,37100,"Oxnard-Thousand Oaks-Ventura, CA",06111009500,Ventura County,0.26594700686948,0.316272965879265,0.057756883814641
44289,BVW,0.0,41860,"San Francisco-Oakland-Fremont, CA",06001421600,Alameda County,0.287493513233005,0.133874770762379,0.046242774566474
306510,HOLLYWOOD CHURCH OF GOD,8.4,31080,"Los Angeles-Long Beach-Anaheim, CA",06037219700,Los Angeles County,0.940835007814244,0.473766816143498,0.050247116968699
44563,003 FK Parking Lot,8.7,40140,"Riverside-San Bernardino-Ontario, CA",06071000808,San Bernardino County,0.677732379979571,0.23963686193902,0.077997671711292
44577,005- FK Shelby Forest,21.1,40140,"Riverside-San Bernardino-Ontario, CA",06071000808,San Bernardino County,0.677732379979571,0.23963686193902,0.077997671711292
44597,Ms.Roosevelt,3.5,47300,"Visalia, CA",06107002601,Tulare County,0.894269572235674,0.474743326488706,0.261882129277567
44633,Visalia CCAC Colocated,3.8,47300,"Visalia, CA",06107001901,Tulare County,0.524594907407407,0.240451388888889,0.054088050314465
44689,Hughson,1.3,33700,"Modesto, CA",06099002903,Stanislaus County,0.484623541887593,0.206185567010309,0.068746389370306
44691,North Ceres,27.5,33700,"Modesto, CA",06099002604,Stanislaus County,0.85927057475654,0.474612821015487,0.057763211798443
44695,Riverbank,6.3,33700,"Modesto, CA",06099000302,Stanislaus County,0.551905920519059,0.445004198152813,0.07802093244529
306874,Bancroft and Howard,0.9,41860,"San Francisco-Oakland-Fremont, CA",06081605400,San Mateo County,0.452282768777614,0.057437407952872,0.043057794151508
307494,Stone Boat Yard,1.2,41860,"San Francisco-Oakland-Fremont, CA",06001427100,Alameda County,0.420180009474183,0.047560374568753,0.064186046511628
307964,NWSR,0.1,42220,"Santa Rosa-Petaluma, CA",06097152906,Sonoma County,0.339214113873296,0.156204848290255,0.08349197715529
45905,Windsurfer Vallejo,0.1,46700,"Vallejo, CA",06095250605,Solano County,0.684555303602923,0.139470365699874,0.062336530078466
308070,University Outdoor,0.2,41860,"San Francisco-Oakland-Fremont, CA",06081612600,San Mateo County,0.309011893870082,0.082518483186263,0.019191506737444
308218,Spain Street House,0.0,42220,"Santa Rosa-Petaluma, CA",06097150206,Sonoma County,0.337837837837838,0.162162162162162,0.203703703703704
308252,Sierra Waldorf School,1.1,43760,"Sonora, CA",06109005102,Tuolumne County,0.273956496178718,0.262356232514765,0.2062423500612
308250,7' AGL,1.8,41860,"San Francisco-Oakland-Fremont, CA",06001423000,Alameda County,0.427346669597714,0.169200264375413,0.041209704220671
46127,Maybelle-Masterson-Outdoor,1.5,41860,"San Francisco-Oakland-Fremont, CA",06001406900,Alameda County,0.603363518758085,0.166882276843467,0.07069913589945
308358,Home,8.8,31080,"Los Angeles-Long Beach-Anaheim, CA",06037570800,Los Angeles County,0.592565597667638,0.074026686163407,0.053159478435306
46219,Hayward-Southgate,1.3,41860,"San Francisco-Oakland-Fremont, CA",06001437000,Alameda County,0.783923941227312,0.145296671490593,0.049530761209593
46331,Best Ave Outside,0.0,41860,"San Francisco-Oakland-Fremont, CA",06001407700,Alameda County,0.552619159981123,0.101062573789847,0.073036093418259
46333,Monta Loma,0.1,41940,"San Jose-Sunnyvale-Santa Clara, CA",06085509302,Santa Clara County,0.541442715700141,0.072418670438472,0.058733401430031
46465,Lompico Park,0.0,42100,"Santa Cruz-Watsonville, CA",06087120600,Santa Cruz County,0.161102031286481,0.101564324071912,0.056763285024155
46571,Purp-kie,1.1,23420,"Fresno, CA",06019003003,Fresno County,0.875467546754675,0.568704952336666,0.016822429906542
46639,Barron Avenue,1.1,41940,"San Jose-Sunnyvale-Santa Clara, CA",06085510600,Santa Clara County,0.566393442622951,0.174098360655738,0.053679945982444
308800,Brook Knoll,3.6,42100,"Santa Cruz-Watsonville, CA",06087120800,Santa Cruz County,0.273672242975475,0.089773100953634,0.014736120630569
46937,Canyon weather,13.1,31080,"Los Angeles-Long Beach-Anaheim, CA",06037400209,Los Angeles County,0.515309594012248,0.118782648194413,0.028214429665457
46941,La Canada- Fairview Drive,12.5,31080,"Los Angeles-Long Beach-Anaheim, CA",06037460502,Los Angeles County,0.49214001257598,0.034250893044757,0.051724137931034
46943,Calle Cabrillo,7.7,31080,"Los Angeles-Long Beach-Anaheim, CA",06037651304,Los Angeles County,0.420447906523856,0.129113924050633,0.066799204771372
309094,ParkviewCourt,2.0,41940,"San Jose-Sunnyvale-Santa Clara, CA",06085508101,Santa Clara County,0.734775272281025,0.039299969296899,0.013567684242985
47159,Violet01,0.0,41940,"San Jose-Sunnyvale-Santa Clara, CA",06085511100,Santa Clara County,0.569909622541201,0.068757752968279,0.062275449101796
309406,Talega,5.1,31080,"Los Angeles-Long Beach-Anaheim, CA",06059032062,Orange County,0.291127953633527,0.046821985976024,0.036235294117647
309400,Outside,0.9,41940,"San Jose-Sunnyvale-Santa Clara, CA",06085506603,Santa Clara County,0.547507055503293,0.095226786986464,0.034961900493052
309533,MineCourt,2.3,41940,"San Jose-Sunnyvale-Santa Clara, CA",06085508101,Santa Clara County,0.734775272281025,0.039299969296899,0.013567684242985
47411,SCNP_16 (LOS OSOS II),4.0,42020,"San Luis Obispo-Paso Robles, CA",06079010707,San Luis Obispo County,0.22922954725973,0.172502823947071,0.06118941216913
309654,35th &amp; School,2.4,41860,"San Francisco-Oakland-Fremont, CA",06001406601,Alameda County,0.771794305892739,0.256676230412712,0.135570010270455
48045,STEM Club Columbia College,1.8,43760,"Sonora, CA",06109002101,Tuolumne County,0.15625980545968,0.35276776940714,0.098146877144818
48151,Creative Play Center,0.0,41860,"San Francisco-Oakland-Fremont, CA",06013326000,Contra Costa County,0.32014289640011,0.177508269018743,0.044696066746126
48397,Tujunga Village,8.2,31080,"Los Angeles-Long Beach-Anaheim, CA",06037143200,Los Angeles County,0.481936245572609,0.253128689492326,0.085897045385318
310625,573 Santa Rosa,1.9,41860,"San Francisco-Oakland-Fremont, CA",06001421300,Alameda County,0.275243081525804,0.100275068767192,0.039196940726577
310639,Koreatown,11.9,31080,"Los Angeles-Long Beach-Anaheim, CA",06037212306,Los Angeles County,0.942904290429043,0.513201320132013,0.049346016646849
48593,Espresso Ridge,0.5,41940,"San Jose-Sunnyvale-Santa Clara, CA",06085507003,Santa Clara County,0.278139232270657,0.102101116217991,0.0
310765,Walker Ave,0.0,42220,"Santa Rosa-Petaluma, CA",06097153403,Sonoma County,0.23475196530225,0.176882171844388,0.059428571428571
311123,Griffin Ave Air,11.1,31080,"Los Angeles-Long Beach-Anaheim, CA",06037199300,Los Angeles County,0.804055704861959,0.244746600741656,0.095669291338583
48985,Holmes Ranch Rd,0.0,46380,"Ukiah, CA",06045011200,Mendocino County,0.364569961489089,0.354744996772111,0.101060511540861
311339,Mathilda,0.0,41940,"San Jose-Sunnyvale-Santa Clara, CA",06085504602,Santa Clara County,0.872916666666667,0.174479166666667,0.049261083743842
49239,PingoAir,12.1,31080,"Los Angeles-Long Beach-Anaheim, CA",06037463103,Los Angeles County,0.742236024844721,0.203567488047076,0.022066936373667
49249,Esri-Chief-Sci-Batcave,6.7,40140,"Riverside-San Bernardino-Ontario, CA",06071008502,San Bernardino County,0.330093071354705,0.09100310237849,0.053462940461725
49327,MVT Outside,8.8,31080,"Los Angeles-Long Beach-Anaheim, CA",06037195100,Los Angeles County,0.368107893692979,0.078728707935189,0.020504731861199
311559,San Rafael - Dominican,0.0,41860,"San Francisco-Oakland-Fremont, CA",06041110100,Marin County,0.270559354725583,0.128415300546448,0.069163163928162
311577,CarmelWood,4.7,40140,"Riverside-San Bernardino-Ontario, CA",06065050302,Riverside County,0.669353588590916,0.037978607967757,0.011706175007316
311591,Larkspur Lane,0.1,41860,"San Francisco-Oakland-Fremont, CA",06041104102,Marin County,0.612627986348123,0.367652635570724,0.041440743609605
311821,Central Ave,0.9,23420,"Fresno, CA",06019007600,Fresno County,0.7699604743083,0.602016449986734,0.128952262864228
311923,XANABU,12.4,37100,"Oxnard-Thousand Oaks-Ventura, CA",06111007300,Ventura County,0.257987601335241,0.195040534096328,0.042372881355932
312035,Viamonte SL-3,2.0,41860,"San Francisco-Oakland-Fremont, CA",06013338201,Contra Costa County,0.327444637969644,0.080571137174911,0.023517382413088
312043,Viamonte SL-4,2.0,41860,"San Francisco-Oakland-Fremont, CA",06013338201,Contra Costa County,0.327444637969644,0.080571137174911,0.023517382413088
49919,"Wood Ranch Elementary School, Simi Valley, CA",12.0,37100,"Oxnard-Thousand Oaks-Ventura, CA",06111007507,Ventura County,0.312245206099955,0.023554280537521,0.04121601870798
49925,Ventura County Office of Education,13.2,37100,"Oxnard-Thousand Oaks-Ventura, CA",06111005304,Ventura County,0.406820530485704,0.166666666666667,0.067669172932331
312065,195 The Alameda,6.1,41860,"San Francisco-Oakland-Fremont, CA",06041115000,Marin County,0.226365348399247,0.109365018525616,0.070205066344994
49943,OHS_Gym,7.7,37100,"Oxnard-Thousand Oaks-Ventura, CA",06111002905,Ventura County,0.786384544618215,0.192134831460674,0.080158159597412
49947,Blackstock Jr High,9.5,37100,"Oxnard-Thousand Oaks-Ventura, CA",06111004000,Ventura County,0.926380368098159,0.383507050889025,0.066146645865835
312101,Viamonte SL-2,1.8,41860,"San Francisco-Oakland-Fremont, CA",06013338201,Contra Costa County,0.327444637969644,0.080571137174911,0.023517382413088
49971,Little Red School House,16.3,37100,"Oxnard-Thousand Oaks-Ventura, CA",06111000304,Ventura County,0.853799866280366,0.329970858551894,0.032673267326733
49985,Sunkist Elementary School,5.9,37100,"Oxnard-Thousand Oaks-Ventura, CA",06111004200,Ventura County,0.872278911564626,0.319890166466449,0.063989108236896
50093,Juanamaria Elementary School,8.3,37100,"Oxnard-Thousand Oaks-Ventura, CA",06111001202,Ventura County,0.399320786755342,0.10761823845936,0.059966685174903
312251,Viamonte SL-1,1.7,41860,"San Francisco-Oakland-Fremont, CA",06013338201,Contra Costa County,0.327444637969644,0.080571137174911,0.023517382413088
312351,East Side,19.9,31080,"Los Angeles-Long Beach-Anaheim, CA",06037461200,Los Angeles County,0.414512686744131,0.090649536045682,0.035095928872251
312355,Gold Arrow Camp,5.3,23420,"Fresno, CA",06019006409,Fresno County,0.344827586206897,0.251920122887865,0.037974683544304
50233,Westlake High School,13.4,37100,"Oxnard-Thousand Oaks-Ventura, CA",06111007402,Ventura County,0.206917661463116,0.10811227637261,0.022829581993569
50365,Laguna Vista Elementary School,8.9,37100,"Oxnard-Thousand Oaks-Ventura, CA",06111005602,Ventura County,0.555247084952804,0.23034284541162,0.015541922290389
50367,Career Educaiton Center,11.7,37100,"Oxnard-Thousand Oaks-Ventura, CA",06111005602,Ventura County,0.555247084952804,0.23034284541162,0.015541922290389
50371,Berryessa / North San Jose,1.1,41940,"San Jose-Sunnyvale-Santa Clara, CA",06085504311,Santa Clara County,0.910342261904762,0.145004970178926,0.064048719025619
312519,Quakes,10.1,40140,"Riverside-San Bernardino-Ontario, CA",06071002112,San Bernardino County,0.808777429467085,0.262599469496021,0.049221860296779
50377,43rd Outside,1.7,41860,"San Francisco-Oakland-Fremont, CA",06001401000,Alameda County,0.666241835271627,0.163343435954698,0.058147713950762
312549,Mill Valley,0.9,41860,"San Francisco-Oakland-Fremont, CA",06041128200,Marin County,0.187842174815934,0.080492424242424,0.050097087378641
50431,Morelos Ave,0.1,41860,"San Francisco-Oakland-Fremont, CA",06041113000,Marin County,0.191860465116279,0.154804763223484,0.038292253521127
50437,Crooked Palm Transportation Department,10.3,37100,"Oxnard-Thousand Oaks-Ventura, CA",06111009500,Ventura County,0.26594700686948,0.316272965879265,0.057756883814641
50439,Campus Canyon College Preparatory Academy,13.0,37100,"Oxnard-Thousand Oaks-Ventura, CA",06111007614,Ventura County,0.544932079414838,0.097309299895507,0.059694248968697
50457,Unocal Place,0.0,42220,"Santa Rosa-Petaluma, CA",06097152402,Sonoma County,0.277543859649123,0.100284495021337,0.0
312827,Tiburon Bel Aire,1.8,41860,"San Francisco-Oakland-Fremont, CA",06041124100,Marin County,0.207734806629834,0.078503980744307,0.022178734507502
50745,Meder St,1.3,42100,"Santa Cruz-Watsonville, CA",06087100500,Santa Cruz County,0.360833771238395,0.442284112804344,0.06664767872401
50791,"Emmanuel Temple, 6th St. Vallejo",0.2,46700,"Vallejo, CA",06095250701,Solano County,0.872869516624756,0.502757619738752,0.080143540669856
50825,Oscar St. Vallejo,0.1,46700,"Vallejo, CA",06095250801,Solano County,0.705340264650283,0.16138482023968,0.057872980082676
313025,Ohio Ave,0.1,41860,"San Francisco-Oakland-Fremont, CA",06081611200,San Mateo County,0.347760060744115,0.066818526955201,0.015195369030391
50905,Sutter Street Vallejo,0.4,46700,"Vallejo, CA",06095251000,Solano County,0.703082502266546,0.372007366482505,0.054561717352415
50917,Nebraska st. Vallejo,0.3,46700,"Vallejo, CA",06095251300,Solano County,0.442700156985871,0.214982688070507,0.085322195704057
50919,Benicia Road Vallejo,10.0,46700,"Vallejo, CA",06095251100,Solano County,0.775787728026534,0.374958485552972,0.026955950032873
50933,BuchananSt,1.6,41860,"San Francisco-Oakland-Fremont, CA",06001420302,Alameda County,0.652902698282911,0.116925592804579,0.019762845849802
50941,BellaVista Vallejo,0.5,46700,"Vallejo, CA",06095251300,Solano County,0.442700156985871,0.214982688070507,0.085322195704057
51095,CARB_SMOKE_FRAQMD_(Main Street Wheatland),1.6,49700,"Yuba City, CA",06115040800,Yuba County,0.282074613284804,0.243947007766103,0.041423001949318
51111,Lang Ranch Elementary,12.8,37100,"Oxnard-Thousand Oaks-Ventura, CA",06111007510,Ventura County,0.350582832921229,0.051748498763688,0.035921205098494
313261,The Avenue Hollywood,13.0,31080,"Los Angeles-Long Beach-Anaheim, CA",06037189904,Los Angeles County,0.392487046632124,0.438148788927336,0.086842105263158
51129,Colina Middle School,11.6,37100,"Oxnard-Thousand Oaks-Ventura, CA",06111007100,Ventura County,0.476263828595435,0.320100995932108,0.109652321906151
51133,Westlake Elementary,10.2,37100,"Oxnard-Thousand Oaks-Ventura, CA",06111005906,Ventura County,0.359479251423922,0.143069552288122,0.045536249251049
51135,Banyan Elementary School,9.5,37100,"Oxnard-Thousand Oaks-Ventura, CA",06111005901,Ventura County,0.256990679094541,0.073735019973369,0.017753389283409
51169,Terra Buena,2.3,49700,"Yuba City, CA",06101050601,Sutter County,0.455912508544087,0.232057416267943,0.012257809410834
51187,Fillmore High School Stadium,14.5,37100,"Oxnard-Thousand Oaks-Ventura, CA",06111000302,Ventura County,0.735982966643009,0.279136007595538,0.033615316117542
51189,CARB_SMOKE_FRAQMD_Norcal_Adventure_Area_Golden_Empire_Council_BSA,1.8,49700,"Yuba City, CA",06115041101,Yuba County,0.17263986013986,0.541083916083916,0.089655172413793
51191,Piru Elementary School,13.3,37100,"Oxnard-Thousand Oaks-Ventura, CA",06111009700,Ventura County,0.772427440633245,0.27026132980483,0.087306917394224
51195,Wildwood Elementary School,12.0,37100,"Oxnard-Thousand Oaks-Ventura, CA",06111006301,Ventura County,0.265612127203823,0.124666666666667,0.054317548746518
51211,Newbury Park High School,8.4,37100,"Oxnard-Thousand Oaks-Ventura, CA",06111006000,Ventura County,0.26691042047532,0.189889025893958,0.056478405315615
51217,Earths Elementary,8.8,37100,"Oxnard-Thousand Oaks-Ventura, CA",06111006000,Ventura County,0.26691042047532,0.189889025893958,0.056478405315615
51219,Fillmore High School Farm,18.9,37100,"Oxnard-Thousand Oaks-Ventura, CA",06111000303,Ventura County,0.736931818181818,0.180400462071621,0.041499817983254
51233,Fillmore Unified School District,11.4,37100,"Oxnard-Thousand Oaks-Ventura, CA",06111000302,Ventura County,0.735982966643009,0.279136007595538,0.033615316117542
51299,3318 Folsom St.,1.8,41860,"San Francisco-Oakland-Fremont, CA",06075025200,San Francisco County,0.480117280557083,0.194429173538574,0.002317113538563
51301,Hickory Air,1.1,41860,"San Francisco-Oakland-Fremont, CA",06075016300,San Francisco County,0.453323186199899,0.202761442086423,0.070498915401302
51323,Venice Beach,12.3,31080,"Los Angeles-Long Beach-Anaheim, CA",06037273403,Los Angeles County,0.299387442572741,0.34988363072149,0.0
51503,CARB_Dr.Fuhs,3.9,42020,"San Luis Obispo-Paso Robles, CA",06079011705,San Luis Obispo County,0.138922155688623,0.221556886227545,0.011282051282051
51515,Tierra Linda Elementary School,6.8,37100,"Oxnard-Thousand Oaks-Ventura, CA",06111005307,Ventura County,0.497411764705882,0.141640378548896,0.06711597865768
51541,White Oak Elementary School,14.1,37100,"Oxnard-Thousand Oaks-Ventura, CA",06111008302,Ventura County,0.400460741025149,0.154959475106137,0.049156799425906
51551,"Royal High School, Simi Valley, CA",8.6,37100,"Oxnard-Thousand Oaks-Ventura, CA",06111007505,Ventura County,0.450802300938541,0.14199212836815,0.0361380798274
51559,SLOAPCD_CDF,0.0,42020,"San Luis Obispo-Paso Robles, CA",06079012306,San Luis Obispo County,0.164542067071975,0.10200078462142,0.010780508840017
51565,"Hillside Middle School, Simi Valley, CA",12.3,37100,"Oxnard-Thousand Oaks-Ventura, CA",06111007506,Ventura County,0.409463276836158,0.192796610169492,0.026644462947544
51571,Rancho Rosal Elementary School,10.5,37100,"Oxnard-Thousand Oaks-Ventura, CA",06111005601,Ventura County,0.572614783458157,0.172093780527515,0.051345499536035
51575,"Arroyo Elementary School, Simi Valley, CA",11.6,37100,"Oxnard-Thousand Oaks-Ventura, CA",06111007700,Ventura County,0.321171548117155,0.215433545363241,0.020981278244028
51587,Briarglen,0.6,41940,"San Jose-Sunnyvale-Santa Clara, CA",06085503003,Santa Clara County,0.424356435643564,0.085148514851485,0.092164179104478
51589,CARB_SMOKE_FRAQMD_PLUMAS_LAKE,1.4,49700,"Yuba City, CA",06115040701,Yuba County,0.469000119460041,0.147730002402114,0.053815058110157
51679,Santa Rosa Technology Magnet School,11.9,37100,"Oxnard-Thousand Oaks-Ventura, CA",06111005305,Ventura County,0.37332035053554,0.124553039332539,0.048840048840049
51693,Mountain Vista Elementary School,11.1,37100,"Oxnard-Thousand Oaks-Ventura, CA",06111000304,Ventura County,0.853799866280366,0.329970858551894,0.032673267326733
51893,CARB_S_GBUAPCD_CosoJunction,4.6,13860,"Bishop, CA",06027000800,Inyo County,0.428711576193591,0.366511318242344,0.02052091554854
51957,ATLAS Elementary School,12.5,37100,"Oxnard-Thousand Oaks-Ventura, CA",06111001303,Ventura County,0.675857843137255,0.163453650533224,0.052011377488826
314105,Church Right-of-Way,0.8,41860,"San Francisco-Oakland-Fremont, CA",06075021100,San Francisco County,0.297549886334933,0.070472341500379,0.028099754127151
51977,"Sinaloa Middle School, Simi Valley, CA",11.5,37100,"Oxnard-Thousand Oaks-Ventura, CA",06111007700,Ventura County,0.321171548117155,0.215433545363241,0.020981278244028
51979,Sunset Elementary School,7.7,37100,"Oxnard-Thousand Oaks-Ventura, CA",06111001101,Ventura County,0.351210350584307,0.184891485809683,0.056434373663959
51981,NC#137_Gasquet_VFD,0.2,18860,"Crescent City, CA",06015000202,Del Norte County,0.302554632194521,0.295770299475147,0.039800995024876
51989,"Santa Susana Elementary School, Simi Valley, CA",15.8,37100,"Oxnard-Thousand Oaks-Ventura, CA",06111008201,Ventura County,0.521116805089238,0.154487760652765,0.049749687108886
51995,CARB_CALFire_ParkHill,0.0,42020,"San Luis Obispo-Paso Robles, CA",06079012705,San Luis Obispo County,0.148805340829234,0.129066857347158,0.053480141565081
51999,Park Hill Cambria,6.1,42020,"San Luis Obispo-Paso Robles, CA",06079010403,San Luis Obispo County,0.293347033136399,0.210120729514513,0.062347188264059
52029,Montalvo Elementary School,9.6,37100,"Oxnard-Thousand Oaks-Ventura, CA",06111001507,Ventura County,0.54045932603563,0.192315947628246,0.054054054054054
52039,CARB_Hillltop,1.9,42020,"San Luis Obispo-Paso Robles, CA",06079010103,San Luis Obispo County,0.433290155440414,0.476082004555809,0.094297007340486
52053,CARB_Jaycee,3.8,42020,"San Luis Obispo-Paso Robles, CA",06079011201,San Luis Obispo County,0.290838375108038,0.602232142857143,0.029097133076594
52073,Tiffany,4.1,42020,"San Luis Obispo-Paso Robles, CA",06079012302,San Luis Obispo County,0.260038240917782,0.16310461192351,0.035574837310195
52081,Yucaipa - Panorama Dr.,0.2,40140,"Riverside-San Bernardino-Ontario, CA",06071008712,San Bernardino County,0.41113791716928,0.049566794277655,0.006407518154635
52125,CARB_Riverside_HQ1,13.6,40140,"Riverside-San Bernardino-Ontario, CA",06065042209,Riverside County,0.773040752351097,0.648381517173215,0.075454545454545
52335,Esparto YS,0.6,40900,"Sacramento-Roseville-Folsom, CA",06113011500,Yolo County,0.50433091744741,0.305511252879674,0.015979189892233
52357,Dixon Migrant Center YS,2.6,46700,"Vallejo, CA",06095253300,Solano County,0.403095558546433,0.204576043068641,0.027952480782669
52387,Winters Middle School YS,44.0,40900,"Sacramento-Roseville-Folsom, CA",06113011302,Yolo County,0.576564215148189,0.035675082327113,0.015866388308977
52391,Markham YS,2.5,46700,"Vallejo, CA",06095253208,Solano County,0.697852127220157,0.32486575795126,0.02377972465582
52417,CARB_SMOKE_BCAQMD_SOUTHCHICO,5.1,17020,"Chico, CA",06007001500,Butte County,0.21474358974359,0.155952956339617,0.065086782376502
52457,NC#126_Petrolia_Mattole VCC,0.0,21700,"Eureka-Arcata, CA",06023011200,Humboldt County,0.301665799062988,0.356676247713614,0.105351170568562
52463,NC#142_Crescent City_Elk Valley Rancheria,0.0,18860,"Crescent City, CA",06015000102,Del Norte County,0.417573449401523,0.308815272318922,0.045515394912985
52479,CARB_SMOKE_BCAQMD_PLUMAS_ELEMENTARY,3.1,17020,"Chico, CA",06007002900,Butte County,0.449982811962874,0.3970436576143,0.078364565587734
52489,NC#129_Blue Lake_City Hall,3.6,21700,"Eureka-Arcata, CA",06023010300,Humboldt County,0.187832446808511,0.291087766858692,0.103921568627451
52515,CARB_SMOKE_BCAQMD_RICHVALE_ELEMENTARY,2.5,17020,"Chico, CA",06007003600,Butte County,0.34367708819412,0.237672353353587,0.085187194791101
52533,NC#143_Crescent City_Rock Creek Ranch,0.0,18860,"Crescent City, CA",06015000202,Del Norte County,0.302554632194521,0.295770299475147,0.039800995024876
52601,CARB_San Miguel,1.7,42020,"San Luis Obispo-Paso Robles, CA",06079010016,San Luis Obispo County,0.459277756434883,0.366467986925591,0.03610248447205
52695,North Park,3.5,41740,"San Diego-Chula Vista-Carlsbad, CA",06073004200,San Diego County,0.500243704305443,0.117365467150875,0.070611219648339
52703,Larkey Park Neighborhood,1.5,41860,"San Francisco-Oakland-Fremont, CA",06013340001,Contra Costa County,0.43984962406015,0.223208415516108,0.03731778425656
52705,CCA Fran Lou and Kitching,6.8,40140,"Riverside-San Bernardino-Ontario, CA",06065042412,Riverside County,0.631080499354283,0.201387383481465,0.050627943485086
52707,CARB_RighettiRd,3.7,42020,"San Luis Obispo-Paso Robles, CA",06079011505,San Luis Obispo County,0.251966829683181,0.125732551944592,0.037070524412297
52723,Cement Hill,1.4,46020,"Truckee-Grass Valley, CA",06057000801,Nevada County,0.161467889908257,0.302788104089219,0.087524752475248
52735,Cedar Gables,0.7,41940,"San Jose-Sunnyvale-Santa Clara, CA",06085502909,Santa Clara County,0.605734038226922,0.078419328419328,0.05
52741,CARB_SMOKE_BCAQMD_NEALDOW,3.1,17020,"Chico, CA",06007000800,Butte County,0.199155981171888,0.261010888997237,0.054253611556982
52765,CARB_SMOKE_TCAPCD_EVERGREENSCHOOLDISTRICT,0.5,39780,"Red Bluff, CA",06103000202,Tehama County,0.17304347826087,0.375072463768116,0.168323863636364
52841,Gillespie And Mission in Santa Barbara,17.0,42200,"Santa Maria-Santa Barbara, CA",06083001101,Santa Barbara County,0.622744074798869,0.335769656699889,0.015240328253224
52899,Home,1.1,41860,"San Francisco-Oakland-Fremont, CA",06001423601,Alameda County,0.373630387143901,0.18962962962963,0.070649052268811
52913,Gossamer Hollow,0.3,41860,"San Francisco-Oakland-Fremont, CA",06081610303,San Mateo County,0.587787336059794,0.065294034691863,0.04834471886495
52917,Bracken,2.1,41860,"San Francisco-Oakland-Fremont, CA",06013347000,Contra Costa County,0.246133254015467,0.065734681737061,0.043165467625899
52925,Home,3.9,41860,"San Francisco-Oakland-Fremont, CA",06075012700,San Francisco County,0.222332753046506,0.074608306391445,0.025965379494008
52927,Lower Grandview,0.0,41860,"San Francisco-Oakland-Fremont, CA",06081613400,San Mateo County,0.132050864036518,0.117395593554752,0.075914423740511
52931,Almaden Hills Estates,0.8,41940,"San Jose-Sunnyvale-Santa Clara, CA",06085511911,Santa Clara County,0.421469597940186,0.079816878980892,0.022553655874864
52961,The Lab,7.3,40140,"Riverside-San Bernardino-Ontario, CA",06071007307,San Bernardino County,0.634983238020114,0.089723320158103,0.108240223463687
52981,Stone Creek West,0.5,40900,"Sacramento-Roseville-Folsom, CA",06067009011,Sacramento County,0.533743475018643,0.102162565249814,0.014231169732732
53021,menloair,0.2,41860,"San Francisco-Oakland-Fremont, CA",06081612600,San Mateo County,0.309011893870082,0.082518483186263,0.019191506737444
53073,CARB_Smoke_EDCAQMD Silva Valley PKWY,0.3,40900,"Sacramento-Roseville-Folsom, CA",06017030710,El Dorado County,0.246264981119685,0.149236578558529,0.05062436719541
53107,Gold Trail School,1.2,40900,"Sacramento-Roseville-Folsom, CA",06017030901,El Dorado County,0.204833141542002,0.134427173287277,0.048591938155715
53115,CARB smoke EDCAQMD Crestview,1.1,40900,"Sacramento-Roseville-Folsom, CA",06017031504,El Dorado County,0.336797710498569,0.30877839165132,0.058801356954391
53121,CARB Smoke EDCAQMD Park Dr.,1.4,40900,"Sacramento-Roseville-Folsom, CA",06017030706,El Dorado County,0.258218451749735,0.092770655270655,0.018107908351811
53135,bolognese,1.9,41860,"San Francisco-Oakland-Fremont, CA",06001404400,Alameda County,0.413189077794951,0.066117121758544,0.020813320525136
53163,CARB_SMOKE_FRAQMD_FORBESTOWN,2.5,17020,"Chico, CA",06007002402,Butte County,0.277157360406091,0.498476125973586,0.171761280931587
53189,CARB_bc:dd:c2:71:24:19,17.5,20940,"El Centro, CA",06025012004,Imperial County,0.980968045112782,0.508928571428571,0.219453761379971
53201,CARB Smoke EDCAQMD EDC Federated Church,2.1,40900,"Sacramento-Roseville-Folsom, CA",06017031200,El Dorado County,0.196074731081336,0.224031327287716,0.071805273833671
53217,Edgewood Park,0.1,41860,"San Francisco-Oakland-Fremont, CA",06081609900,San Mateo County,0.285859613428281,0.068836893862326,0.014256619144603
53219,WA6TYQ Tower,2.2,41860,"San Francisco-Oakland-Fremont, CA",06001408100,Alameda County,0.626555449200055,0.087105155203063,0.068242102724861
53227,CARB_S_GBUAPCD_NW_BigPine,0.0,13860,"Bishop, CA",06027000500,Inyo County,0.366018261214768,0.251010509296686,0.043676069153776
53229,Alta Heights,2.2,34900,"Napa, CA",06055200400,Napa County,0.279651162790698,0.081686046511628,0.057308435286542
53245,CARB Smoke EDCAQMD Placerville Library Outdoor,1.3,40900,"Sacramento-Roseville-Folsom, CA",06017031000,El Dorado County,0.256909062837734,0.32422417786012,0.053325160894882
53299,Cory Neighborhood,1.2,41940,"San Jose-Sunnyvale-Santa Clara, CA",06085505800,Santa Clara County,0.505893446487506,0.090994813767091,0.036419992251065
53315,Skyhawk,0.0,42220,"Santa Rosa-Petaluma, CA",06097152601,Sonoma County,0.264204545454545,0.045270574126818,0.124483775811209
53349,Nevada City,2.1,46020,"Truckee-Grass Valley, CA",06057000801,Nevada County,0.161467889908257,0.302788104089219,0.087524752475248
53401,South Los Altos,0.8,41940,"San Jose-Sunnyvale-Santa Clara, CA",06085510002,Santa Clara County,0.52760736196319,0.020858895705521,0.020327218641547
53447,Terra Linda,0.0,41860,"San Francisco-Oakland-Fremont, CA",06041108202,Marin County,0.349173121205778,0.251076658053402,0.079943235572375
53455,South Willow Glen (tl),0.3,41940,"San Jose-Sunnyvale-Santa Clara, CA",06085503001,Santa Clara County,0.375757575757576,0.087594588397157,0.010141987829615
53459,Upper Montevina,0.9,41940,"San Jose-Sunnyvale-Santa Clara, CA",06085511800,Santa Clara County,0.180475980608197,0.072185430463576,0.053788771103259
53463,"61st St. Oakland, 300 block @ Colby",2.8,41860,"San Francisco-Oakland-Fremont, CA",06001400400,Alameda County,0.359513791491351,0.157595835305253,0.001966181675187
53503,Elk Run,0.8,41500,"Salinas, CA",06053013200,Monterey County,0.203802281368821,0.077922077922078,0.150525733259546
53509,"Mt. Whitney Drive, Lucas Valley",0.2,41860,"San Francisco-Oakland-Fremont, CA",06041107000,Marin County,0.226712977581307,0.064577397910731,0.024404941247364
53517,AlmondShuey,1.7,41860,"San Francisco-Oakland-Fremont, CA",06013339003,Contra Costa County,0.350830724777269,0.150493619070551,0.035203903799233
53533,Meadow Swim and Tennis,0.3,41860,"San Francisco-Oakland-Fremont, CA",06013353002,Contra Costa County,0.248206599713056,0.020143884892086,0.020489755122439
53551,Charlotte,2.1,40900,"Sacramento-Roseville-Folsom, CA",06067008124,Sacramento County,0.13929648241206,0.146739130434783,0.051186943620178
53563,Daryl,0.9,41860,"San Francisco-Oakland-Fremont, CA",06013353002,Contra Costa County,0.248206599713056,0.020143884892086,0.020489755122439
53665,Katherine Court,0.6,41940,"San Jose-Sunnyvale-Santa Clara, CA",06085500500,Santa Clara County,0.405179282868526,0.127168853152772,0.074894514767932
53705,Glen Ellen,0.2,42220,"Santa Rosa-Petaluma, CA",06097150502,Sonoma County,0.263993948562784,0.254474708171206,0.091310751104566
53727,"River Park, State &amp; Sandburg",1.1,40900,"Sacramento-Roseville-Folsom, CA",06067000100,Sacramento County,0.273759565539373,0.182424092816589,0.035389765662363
53801,Cinnamon Canyon LD,1.2,47300,"Visalia, CA",06107000101,Tulare County,0.191791044776119,0.119402985074627,0.046613255644574
53825,Caltech Hall,14.8,31080,"Los Angeles-Long Beach-Anaheim, CA",06037463500,Los Angeles County,0.525812304139865,0.245038317940656,0.081451612903226
53877,PA-2 Colleen,1.7,42100,"Santa Cruz-Watsonville, CA",06087122001,Santa Cruz County,0.202909503117325,0.090114068441065,0.048201705598813
53893,CCA Steerhead and Warngler,66.5,40140,"Riverside-San Bernardino-Ontario, CA",06071004004,San Bernardino County,0.88709966004652,0.234219569542413,0.088657573582197
53915,Yolansdale,0.0,41860,"San Francisco-Oakland-Fremont, CA",06041116000,Marin County,0.116131084950684,0.079421221864952,0.044592516658124
53917,Castle,2.0,41860,"San Francisco-Oakland-Fremont, CA",06001404600,Alameda County,0.417916497770572,0.086137008512363,0.055648535564854
53957,Science Village,12.2,31080,"Los Angeles-Long Beach-Anaheim, CA",06037463400,Los Angeles County,0.631151974040022,0.177160382464369,0.021351272301843
53973,10th Ave/Palm,0.3,41860,"San Francisco-Oakland-Fremont, CA",06081606400,San Mateo County,0.542519518885841,0.158894281493986,0.0156
54105,Glenwood Street,0.6,41860,"San Francisco-Oakland-Fremont, CA",06081609202,San Mateo County,0.529195668986852,0.1430781129157,0.0246875
54119,"Hack Avenue, Campbell",0.2,41940,"San Jose-Sunnyvale-Santa Clara, CA",06085506703,Santa Clara County,0.526780784097184,0.097176079734219,0.099779492833517
54129,Presidio above El Polin Spring,2.0,41860,"San Francisco-Oakland-Fremont, CA",06075060100,San Francisco County,0.44078947368421,0.109339407744875,0.02689284236657
54137,hillhouse,0.8,41860,"San Francisco-Oakland-Fremont, CA",06075061402,San Francisco County,0.490776490776491,0.146741476046612,0.01423487544484
54165,Hedgerow,0.0,41940,"San Jose-Sunnyvale-Santa Clara, CA",06085509111,Santa Clara County,0.679429250891796,0.230565583634176,0.058823529411765
54169,Summit Rd,1.6,41940,"San Jose-Sunnyvale-Santa Clara, CA",06085511800,Santa Clara County,0.180475980608197,0.072185430463576,0.053788771103259
54189,Brooktree Way,1.1,41940,"San Jose-Sunnyvale-Santa Clara, CA",06085511912,Santa Clara County,0.65170902716915,0.051754385964912,0.062939651980748
54203,CCA Sunny Ridge and Tiffany,8.1,31080,"Los Angeles-Long Beach-Anaheim, CA",06059110605,Orange County,0.827955191439559,0.109680655408795,0.047028916428344
54221,Alvin and Middlefield - Outdoor,0.1,41940,"San Jose-Sunnyvale-Santa Clara, CA",06085509302,Santa Clara County,0.541442715700141,0.072418670438472,0.058733401430031
54319,Legacy Ridge,0.6,41860,"San Francisco-Oakland-Fremont, CA",06013346102,Contra Costa County,0.26704966641957,0.073611628773761,0.00110987791343
54335,Somerset/ Waterstone,0.0,46700,"Vallejo, CA",06095252103,Solano County,0.805484789450022,0.213696987861532,0.044595392793857
54399,Esperanza Kel,0.2,41940,"San Jose-Sunnyvale-Santa Clara, CA",06085511701,Santa Clara County,0.453060285319834,0.0651173492867,0.035852178709322
54411,San Juan Blvd,0.6,41860,"San Francisco-Oakland-Fremont, CA",06081608800,San Mateo County,0.454603376871615,0.019114367633004,0.028156490812092
54417,Quarry,0.6,41940,"San Jose-Sunnyvale-Santa Clara, CA",06085511704,Santa Clara County,0.50251256281407,0.040856456194014,0.021870637505817
54459,Hillvale,61.5,41940,"San Jose-Sunnyvale-Santa Clara, CA",06085507003,Santa Clara County,0.278139232270657,0.102101116217991,0.0
54471,"San Jose Ave and Ocean Ave, 94112",2.2,41860,"San Francisco-Oakland-Fremont, CA",06075025501,San Francisco County,0.815328633158972,0.151230949589683,0.070606902023007
54529,Smoky the House,1.9,40900,"Sacramento-Roseville-Folsom, CA",06061022014,Placer County,0.087825560266505,0.232586311326469,0.061835748792271
54551,Cars may not stop,0.6,41860,"San Francisco-Oakland-Fremont, CA",06001450741,Alameda County,0.549808429118774,0.241170174812701,0.022616562282533
54555,Mockingbird Hill Lane,1.3,41940,"San Jose-Sunnyvale-Santa Clara, CA",06085511917,Santa Clara County,0.613744075829384,0.044312796208531,0.041303350160624
54595,London Ranch Road,0.8,42220,"Santa Rosa-Petaluma, CA",06097150501,Sonoma County,0.156294200848656,0.203119461183977,0.037012113055182
54597,Glenside,1.6,41860,"San Francisco-Oakland-Fremont, CA",06013351200,Contra Costa County,0.191674208144796,0.049434512951478,0.037588388537402
54605,Quail Drive,0.1,43760,"Sonora, CA",06109003101,Tuolumne County,0.213449023861171,0.218655097613883,0.023622047244094
54647,CCA Anaconda and Cole,11.8,31080,"Los Angeles-Long Beach-Anaheim, CA",06037503402,Los Angeles County,0.725129533678756,0.127458693941778,0.023103967855349
54689,CCA Gibson and San Marcus,4.4,31080,"Los Angeles-Long Beach-Anaheim, CA",06037542104,Los Angeles County,0.989953271028037,0.395753816793893,0.035561877667141
54719,MorningStar,0.8,12540,"Bakersfield-Delano, CA",06029000911,Kern County,0.940490550864495,0.726980297547246,0.055185537583254
54745,Granite Ridge,3.4,42100,"Santa Cruz-Watsonville, CA",06087121200,Santa Cruz County,0.201696933611194,0.179191616766467,0.08201554543018
54751,Willow,0.1,41860,"San Francisco-Oakland-Fremont, CA",06081613900,San Mateo County,0.395250078641082,0.135178628902478,0.04832
54793,CCA 19th and Molino,0.8,31080,"Los Angeles-Long Beach-Anaheim, CA",06037573402,Los Angeles County,0.780487804878049,0.33609656777196,0.052330122363968
54809,ShatoRelaxo,13.2,31080,"Los Angeles-Long Beach-Anaheim, CA",06037460700,Los Angeles County,0.413367306938456,0.085260682085457,0.018705035971223
54821,Sherman Park,1.1,33700,"Modesto, CA",06099003501,Stanislaus County,0.717483706432417,0.281178489702517,0.145103857566766
54825,Willow Glen - Minnesota &amp; Curtiss,0.6,41940,"San Jose-Sunnyvale-Santa Clara, CA",06085502400,Santa Clara County,0.335070198292083,0.112690355329949,0.021749876421157
54831,Carneros Barn House,0.3,42220,"Santa Rosa-Petaluma, CA",06097150100,Sonoma County,0.221269296740995,0.200869565217391,0.030854430379747
54833,Stockbridge,0.2,41860,"San Francisco-Oakland-Fremont, CA",06081611400,San Mateo County,0.337802869912962,0.091864224137931,0.015495296070836
54857,VEL AIR,0.9,41860,"San Francisco-Oakland-Fremont, CA",06081609603,San Mateo County,0.279798192137902,0.075094657130837,0.032975460122699
54885,Rawhide,1.3,40900,"Sacramento-Roseville-Folsom, CA",06061022200,Placer County,0.086614173228346,0.083989501312336,0.0
54887,Sun Valley,0.0,41860,"San Francisco-Oakland-Fremont, CA",06081603300,San Mateo County,0.286292204761164,0.118004676539361,0.020981003685852
54897,fritz,1.0,41860,"San Francisco-Oakland-Fremont, CA",06041132100,Marin County,0.169345579793341,0.271526980482204,0.015822784810127
54917,CCA 67th and Myrtle,0.0,31080,"Los Angeles-Long Beach-Anaheim, CA",06037570202,Los Angeles County,0.963420280907547,0.37723704866562,0.056413301662708
54949,CCA Boston and Charleston,5.9,31080,"Los Angeles-Long Beach-Anaheim, CA",06059063903,Orange County,0.577252661646326,0.214117647058824,0.073086419753086
54959,CCA Avenida del Vista and Lark,7.3,40140,"Riverside-San Bernardino-Ontario, CA",06065041906,Riverside County,0.765145492129114,0.305210517825456,0.060770156438026
54965,CCA Donati and Villa Ridge,6.4,31080,"Los Angeles-Long Beach-Anaheim, CA",06059052437,Orange County,0.728018757327081,0.095545134818288,0.061931572109138
54975,CCA 61st and Walnut,8.2,31080,"Los Angeles-Long Beach-Anaheim, CA",06037570502,Los Angeles County,0.92283438433455,0.354263824117255,0.05656819610308
54981,CCA Clematis and Shadeway,8.0,31080,"Los Angeles-Long Beach-Anaheim, CA",06037571000,Los Angeles County,0.470292586609226,0.103243243243243,0.066060817895841
55081,Aarzoo,0.0,41860,"San Francisco-Oakland-Fremont, CA",06001400700,Alameda County,0.51807482135351,0.209331651954603,0.03914373088685
55155,Bernal Hearts,0.0,41860,"San Francisco-Oakland-Fremont, CA",06075025401,San Francisco County,0.529981670594396,0.144540455616654,0.046449307726664
55171,Timber Ridge,0.0,42100,"Santa Cruz-Watsonville, CA",06087121200,Santa Cruz County,0.201696933611194,0.179191616766467,0.08201554543018
55185,Durst Organic Growers Farm,0.1,40900,"Sacramento-Roseville-Folsom, CA",06113011500,Yolo County,0.50433091744741,0.305511252879674,0.015979189892233
55197,Northern Viz Valley,2.0,41860,"San Francisco-Oakland-Fremont, CA",06075026402,San Francisco County,0.809674027339642,0.260555909187354,0.057058169692479
55219,BFF,3306.6,41860,"San Francisco-Oakland-Fremont, CA",06013346102,Contra Costa County,0.26704966641957,0.073611628773761,0.00110987791343
55243,Harrison Gulch,0.1,39820,"Redding, CA",06089012400,Shasta County,0.134958382877527,0.243283582089552,0.094928478543563
55253,Ridge Rd,0.4,41860,"San Francisco-Oakland-Fremont, CA",06041103200,Marin County,0.34088775647043,0.242888402625821,0.130619684082625
55279,Cowper St Sensor,1.2,41860,"San Francisco-Oakland-Fremont, CA",06001423100,Alameda County,0.586900584795322,0.397964015151515,0.048466864490603
55323,Country Club Lane,0.4,42220,"Santa Rosa-Petaluma, CA",06097150304,Sonoma County,0.368054314811506,0.252244165170557,0.077789894583788
55325,Serrano Golf Course Area,1.6,40900,"Sacramento-Roseville-Folsom, CA",06017030710,El Dorado County,0.246264981119685,0.149236578558529,0.05062436719541
55333,359 Fernwood Dr,1.0,41860,"San Francisco-Oakland-Fremont, CA",06013352101,Contra Costa County,0.411245865490628,0.053414727203357,0.051282051282051
55351,CCA Hanscom and Illinois,12.0,31080,"Los Angeles-Long Beach-Anaheim, CA",06037480702,Los Angeles County,0.746056091148116,0.072085889570552,0.081034482758621
55367,Brokedown Palace,3.5,40140,"Riverside-San Bernardino-Ontario, CA",06065044405,Riverside County,0.270877192982456,0.160573476702509,0.056878306878307
55413,On the Plaza,0.7,41860,"San Francisco-Oakland-Fremont, CA",06013319001,Contra Costa County,0.517469310670444,0.109125565880391,0.017155928326344
55419,South Livermore - Hansen,0.7,41860,"San Francisco-Oakland-Fremont, CA",06001451103,Alameda County,0.1373989713446,0.009404388714734,0.058510638297872
55433,Live Oak Elementary School,1.4,41860,"San Francisco-Oakland-Fremont, CA",06013355124,Contra Costa County,0.920669419691371,0.037682422130255,0.073833671399594
55447,"Lyon Canyon - Castro Valley, CA",1.4,41860,"San Francisco-Oakland-Fremont, CA",06001435103,Alameda County,0.652817082582969,0.045695107783658,0.038647342995169
55449,Newhall Neighborhood,0.5,41940,"San Jose-Sunnyvale-Santa Clara, CA",06085505203,Santa Clara County,0.526296566837107,0.354472031109782,0.043816254416961
55457,Myrtle Vista,0.8,40900,"Sacramento-Roseville-Folsom, CA",06067004013,Sacramento County,0.75070314497571,0.300690360521606,0.041437843235147
55461,Murray Park,0.0,41860,"San Francisco-Oakland-Fremont, CA",06041120001,Marin County,0.204334365325077,0.160990712074303,0.007960199004975
55463,Wish we were in Fiji!,0.3,42220,"Santa Rosa-Petaluma, CA",06097151800,Sonoma County,0.218345173422482,0.094784678640987,0.026795284030011
55469,San Marco,0.6,41860,"San Francisco-Oakland-Fremont, CA",06013355202,Contra Costa County,0.863099723687516,0.122833458929917,0.099889012208657
55473,CCA Via Casitas and Via Flora,12.3,40140,"Riverside-San Bernardino-Ontario, CA",06071000121,San Bernardino County,0.772207973886687,0.113896013056657,0.089482612383376
55481,Aeolus,2.1,41860,"San Francisco-Oakland-Fremont, CA",06075021700,San Francisco County,0.492829204693611,0.226386149463073,0.057983193277311
55503,CCA Borden and Carl,12.0,31080,"Los Angeles-Long Beach-Anaheim, CA",06037104105,Los Angeles County,0.943018563357546,0.448086549329889,0.083144368858655
55527,Westview,4.9,41860,"San Francisco-Oakland-Fremont, CA",06001440336,Alameda County,0.853107344632768,0.129123468426013,0.054173354735152
55537,Park Beloit,28.8,31080,"Los Angeles-Long Beach-Anaheim, CA",06037267700,Los Angeles County,0.597943444730077,0.143819642394403,0.037532515793385
55543,CCA 209th and Royal,6.6,31080,"Los Angeles-Long Beach-Anaheim, CA",06037543502,Los Angeles County,0.910071942446043,0.235995740149095,0.070915032679739
55617,Chelton Farms OS,0.7,41860,"San Francisco-Oakland-Fremont, CA",06013352201,Contra Costa County,0.396869851729819,0.244610281923715,0.062921348314607
55619,Deck,1.0,41860,"San Francisco-Oakland-Fremont, CA",06013388000,Contra Costa County,0.523423091110291,0.146341463414634,0.021276595744681
55625,MVA - Alta Way,1.5,41860,"San Francisco-Oakland-Fremont, CA",06041128100,Marin County,0.234239130434783,0.088858695652174,0.049845837615622
55699,Viewpoint,3.5,42100,"Santa Cruz-Watsonville, CA",06087122004,Santa Cruz County,0.228359173126615,0.085594315245478,0.040222772277228
55777,ENCHANTED OZ,0.0,41860,"San Francisco-Oakland-Fremont, CA",06081606800,San Mateo County,0.50774481491205,0.063722897937599,0.05087440381558
55791,Nob Hill,1.6,41860,"San Francisco-Oakland-Fremont, CA",06075011101,San Francisco County,0.585931254996003,0.157074340527578,0.066265060240964
55807,Mendell &amp; La Salle Ave,2.5,41860,"San Francisco-Oakland-Fremont, CA",06075023102,San Francisco County,0.947884561501821,0.504062762678621,0.093171665603063
55811,Locksley,1.8,41860,"San Francisco-Oakland-Fremont, CA",06001400300,Alameda County,0.414486563445453,0.112839771101574,0.071507760532151
55825,"Linfield Oaks, Menlo Park",0.0,41860,"San Francisco-Oakland-Fremont, CA",06081612500,San Mateo County,0.466180371352785,0.119584438549956,0.038004750593824
55829,Gerlinger Steel and Supply (Woodland),4.4,40900,"Sacramento-Roseville-Folsom, CA",06113011208,Yolo County,0.540523128462827,0.081427015250545,0.041729135432284
55831,Rancho Santa Teresa,1.2,41940,"San Jose-Sunnyvale-Santa Clara, CA",06085512059,Santa Clara County,0.62552331456619,0.076066522053507,0.038330494037479
55833,little apple in the sky,1.7,41860,"San Francisco-Oakland-Fremont, CA",06001404502,Alameda County,0.340425531914894,0.042553191489362,0.033469150174622
55841,Glorietta and Rheem,1.2,41860,"San Francisco-Oakland-Fremont, CA",06013353001,Contra Costa County,0.401809954751131,0.018552036199095,0.019082235347569
55915,Sequoyah Rd.,0.0,41860,"San Francisco-Oakland-Fremont, CA",06001409900,Alameda County,0.767511925684158,0.114127702362996,0.034171808258187
55923,CCA Carl and Ralston,10.2,31080,"Los Angeles-Long Beach-Anaheim, CA",06037104701,Los Angeles County,0.993060909791827,0.737548387096774,0.090796019900498
55929,Wright St.,0.8,41860,"San Francisco-Oakland-Fremont, CA",06075025100,San Francisco County,0.506455399061033,0.14231220657277,0.019153225806452
55937,Gowan Creek,0.0,46380,"Ukiah, CA",06045011200,Mendocino County,0.364569961489089,0.354744996772111,0.101060511540861
55939,Woodside @ Olive Hill,0.2,41860,"San Francisco-Oakland-Fremont, CA",06081613300,San Mateo County,0.268836869056328,0.108632040965618,0.018518518518519
55941,Boynton Ave,2.1,41860,"San Francisco-Oakland-Fremont, CA",06001421200,Alameda County,0.304751194827102,0.0152241330702,0.045996592844974
55949,Belveron West,1.7,41860,"San Francisco-Oakland-Fremont, CA",06041124100,Marin County,0.207734806629834,0.078503980744307,0.022178734507502
55951,Daly City,1.9,41860,"San Francisco-Oakland-Fremont, CA",06081601302,San Mateo County,0.962211055276382,0.306331658291457,0.023335883703137
55969,Rancho Laguna Seca,2.6,41940,"San Jose-Sunnyvale-Santa Clara, CA",06085512100,Santa Clara County,0.718292682926829,0.354461538461538,0.030054644808743
55979,Shannon,1.8,41860,"San Francisco-Oakland-Fremont, CA",06001450501,Alameda County,0.463823529411765,0.037647058823529,0.031870114251353
55983,Plateau-Skymont,0.4,41860,"San Francisco-Oakland-Fremont, CA",06081608800,San Mateo County,0.454603376871615,0.019114367633004,0.028156490812092
55991,Glenview La Cresta,0.0,41860,"San Francisco-Oakland-Fremont, CA",06001404900,Alameda County,0.458128078817734,0.134075819233241,0.020074855392991
55993,626 Zion St Nevada City @ El 2595 Ft,2.0,46020,"Truckee-Grass Valley, CA",06057000802,Nevada County,0.15778777761649,0.269036287923855,0.034809245335561
56005,Hillside Monitor,0.0,41860,"San Francisco-Oakland-Fremont, CA",06041119100,Marin County,0.168964847543212,0.12720916682851,0.068336162988115
56007,Creekside Park,0.6,41940,"San Jose-Sunnyvale-Santa Clara, CA",06085503105,Santa Clara County,0.954184198223469,0.358950328022493,0.026315789473684
56009,Beresford,0.4,41860,"San Francisco-Oakland-Fremont, CA",06081607300,San Mateo County,0.44225279003374,0.07734233065144,0.042240995998221
56011,Ross Lane,0.2,42220,"Santa Rosa-Petaluma, CA",06097153712,Sonoma County,0.282813273897969,0.241208519068846,0.161874334398296
56021,LVE,1.6,41860,"San Francisco-Oakland-Fremont, CA",06013351200,Contra Costa County,0.191674208144796,0.049434512951478,0.037588388537402
56027,"Browns Valley, Vacaville",2.5,46700,"Vallejo, CA",06095253205,Solano County,0.528307990941443,0.254231770833333,0.108957219251337
56029,Upper Shrader Cole Valley,0.8,41860,"San Francisco-Oakland-Fremont, CA",06075030102,San Francisco County,0.482014388489209,0.160127513487003,0.039690902704601
56031,Mario Way,1.1,41860,"San Francisco-Oakland-Fremont, CA",06013350000,Contra Costa County,0.346829268292683,0.04837921485584,0.036458333333333
56033,Monterey,1.3,41500,"Salinas, CA",06053013200,Monterey County,0.203802281368821,0.077922077922078,0.150525733259546
56047,CCA Ivy Terrace and Valle,7.9,31080,"Los Angeles-Long Beach-Anaheim, CA",06037543502,Los Angeles County,0.910071942446043,0.235995740149095,0.070915032679739
56055,College Canyon Outside,2.7,42200,"Santa Maria-Santa Barbara, CA",06083001909,Santa Barbara County,0.324228352909041,0.109444444444444,0.089185033316248
56069,Adele,0.3,42220,"Santa Rosa-Petaluma, CA",06097150303,Sonoma County,0.233772693359861,0.07525,0.067360685854256
56075,Cherry,1.7,43760,"Sonora, CA",06109003200,Tuolumne County,0.238991477272727,0.195095948827292,0.044939101217976
56085,Chardonnay,3.5,41860,"San Francisco-Oakland-Fremont, CA",06001450742,Alameda County,0.513739763421292,0.043494085532302,0.037596626844694
56087,CCA Montague and Telfair,12.1,31080,"Los Angeles-Long Beach-Anaheim, CA",06037104823,Los Angeles County,0.977096966091612,0.518441403926234,0.082084225553176
56089,Chenery St,9.1,41860,"San Francisco-Oakland-Fremont, CA",06075021800,San Francisco County,0.402814850764378,0.066003397233681,0.015545914678236
56109,Hill Dr.,11.2,31080,"Los Angeles-Long Beach-Anaheim, CA",06037181000,Los Angeles County,0.572930574098798,0.209723869219041,0.052051439069198
56123,CCA Andalusian and Mantova,0.5,40900,"Sacramento-Roseville-Folsom, CA",06067009326,Sacramento County,0.666212224494433,0.10270393092479,0.0
56127,Solana Beach,3.3,41740,"San Diego-Chula Vista-Carlsbad, CA",06073017303,San Diego County,0.357761107905366,0.250721292556261,0.015918958031838
56175,"Strathmoor Drive, Claremont Hills",1.3,41860,"San Francisco-Oakland-Fremont, CA",06001400100,Alameda County,0.310186601407158,0.08435960591133,0.050347222222222
56177,Homestead Out,0.9,41860,"San Francisco-Oakland-Fremont, CA",06041128200,Marin County,0.187842174815934,0.080492424242424,0.050097087378641
56207,CCA Haddon and Weidner,17.1,31080,"Los Angeles-Long Beach-Anaheim, CA",06037104401,Los Angeles County,0.973127309371851,0.478669801813907,0.050884955752212
56239,West Mar Vista,5.2,31080,"Los Angeles-Long Beach-Anaheim, CA",06037272100,Los Angeles County,0.354314488441291,0.170290684367132,0.067645921917279
56241,San Rafael,0.7,41860,"San Francisco-Oakland-Fremont, CA",06041109001,Marin County,0.438664596273292,0.174603174603175,0.041237113402062
56275,Fremont (Northgate),1.1,41860,"San Francisco-Oakland-Fremont, CA",06001441402,Alameda County,0.823353293413174,0.073540419161677,0.061109148710703
56281,Xanadu,1.4,41860,"San Francisco-Oakland-Fremont, CA",06001402400,Alameda County,0.866946244757911,0.550713459313536,0.106269113149847
56291,CARB_50:2:91:df:80:5e,3.2,20940,"El Centro, CA",06025012004,Imperial County,0.980968045112782,0.508928571428571,0.219453761379971
56347,Manzanita Ct,1.1,41860,"San Francisco-Oakland-Fremont, CA",06081604900,San Mateo County,0.746052631578947,0.121042216358839,0.023371104815864
56493,Big Tree Farm,0.0,46380,"Ukiah, CA",06045011200,Mendocino County,0.364569961489089,0.354744996772111,0.101060511540861
56545,WardAir,0.1,42220,"Santa Rosa-Petaluma, CA",06097150901,Sonoma County,0.361988304093567,0.282846003898635,0.018277680140598
56645,Miramar,0.1,41860,"San Francisco-Oakland-Fremont, CA",06081613502,San Mateo County,0.148280337443219,0.107142857142857,0.075389948006932
56733,San Mateo Oaks CSM,0.0,41860,"San Francisco-Oakland-Fremont, CA",06081606800,San Mateo County,0.50774481491205,0.063722897937599,0.05087440381558
56771,NW Santee,4.0,41740,"San Diego-Chula Vista-Carlsbad, CA",06073016621,San Diego County,0.326274509803922,0.155367976787127,0.043728976453628
56773,Whispering Springs,2.9,23420,"Fresno, CA",06019006406,Fresno County,0.283728115345005,0.225923997917751,0.016149068322981
56777,San Jose West,1.0,41940,"San Jose-Sunnyvale-Santa Clara, CA",06085507903,Santa Clara County,0.843785632839225,0.035347776510832,0.017661900756939
56779,Greene Family,1.8,40900,"Sacramento-Roseville-Folsom, CA",06113011208,Yolo County,0.540523128462827,0.081427015250545,0.041729135432284
56849,Waterfowl,0.0,46380,"Ukiah, CA",06045011800,Mendocino County,0.512102515424775,0.353255587949466,0.17481884057971
56929,Archstone Oral and Facial Surgery rooftop,2.6,41860,"San Francisco-Oakland-Fremont, CA",06081600701,San Mateo County,0.892265193370166,0.336376210235131,0.1051745898191
57001,CCA Kenwood and Torrance,7.0,31080,"Los Angeles-Long Beach-Anaheim, CA",06037543502,Los Angeles County,0.910071942446043,0.235995740149095,0.070915032679739
57107,San Mateo,0.5,41860,"San Francisco-Oakland-Fremont, CA",06081606300,San Mateo County,0.557243908828923,0.180868167202572,0.038341968911917
57153,R. O. U. S.,0.2,41940,"San Jose-Sunnyvale-Santa Clara, CA",06085511702,Santa Clara County,0.422410745846589,0.043478260869565,0.037703513281919
57179,Creekside,1.6,41940,"San Jose-Sunnyvale-Santa Clara, CA",06085503327,Santa Clara County,0.897832817337461,0.150786516853933,0.035559827006247
57249,brookvale-hsa,0.0,41860,"San Francisco-Oakland-Fremont, CA",06001441302,Alameda County,0.84248455730954,0.109986273164036,0.039834289356278
57273,St Jerome's,1.2,41860,"San Francisco-Oakland-Fremont, CA",06013390200,Contra Costa County,0.337912087912088,0.073578595317726,0.044820717131474
57467,Macistan,15.7,40140,"Riverside-San Bernardino-Ontario, CA",06071010424,San Bernardino County,0.31586978636826,0.455239064089522,0.170731707317073
57493,Gerlinger Steel and Supply,0.9,39820,"Redding, CA",06089010100,Shasta County,0.294438386041439,0.626038781163435,0.214088397790055
57513,Guenser Park Air Monitoring Station,4.8,31080,"Los Angeles-Long Beach-Anaheim, CA",06037650101,Los Angeles County,0.827548806941432,0.136421204993667,0.049828832255611
57515,R1180_WILH,0.0,31080,"Los Angeles-Long Beach-Anaheim, CA",06037980015,Los Angeles County,0.902329749103943,0.412568306010929,0.00174520069808
57843,Highlands Lexington,0.6,41860,"San Francisco-Oakland-Fremont, CA",06081606900,San Mateo County,0.46442617089739,0.070432868672047,0.050102951269732
57865,Modesto_CCAC_Colocated,12.6,33700,"Modesto, CA",06099001800,Stanislaus County,0.594020797227036,0.665213600697472,0.144973544973545
57931,Brandywine Outdoors,0.0,41860,"San Francisco-Oakland-Fremont, CA",06081606900,San Mateo County,0.46442617089739,0.070432868672047,0.050102951269732
57937,Maine Coon Manor,0.7,41940,"San Jose-Sunnyvale-Santa Clara, CA",06085508707,Santa Clara County,0.774113563104389,0.114257327372081,0.043049981758482
57951,BDF Mobile1,8.4,40140,"Riverside-San Bernardino-Ontario, CA",06071011003,San Bernardino County,0.431718061674009,0.317460317460317,0.046757164404223
58101,AMTS_SCANS_012,1.3,40900,"Sacramento-Roseville-Folsom, CA",06113010402,Yolo County,0.504527813712807,0.110176800344976,0.035264483627204
58695,Marin Tennis Club,0.5,41860,"San Francisco-Oakland-Fremont, CA",06041110100,Marin County,0.270559354725583,0.128415300546448,0.069163163928162
58727,Fox Hill Rd.,2.2,46020,"Truckee-Grass Valley, CA",06057000801,Nevada County,0.161467889908257,0.302788104089219,0.087524752475248
58743,Lyon Hoag - Burlingame,1.7,41860,"San Francisco-Oakland-Fremont, CA",06081605400,San Mateo County,0.452282768777614,0.057437407952872,0.043057794151508
58787,Maestro Road,0.4,41860,"San Francisco-Oakland-Fremont, CA",06041103100,Marin County,0.241007194244604,0.071082167105445,0.021816198527407
58803,Urbandale Saugus,13.0,31080,"Los Angeles-Long Beach-Anaheim, CA",06037920045,Los Angeles County,0.3733303650935,0.072128227960819,0.067230273752013
58829,Stefani Ranch,0.0,42220,"Santa Rosa-Petaluma, CA",06097154100,Sonoma County,0.306160882432069,0.137772984631976,0.042950513538749
58963,West Hills Circle,0.3,42220,"Santa Rosa-Petaluma, CA",06097153404,Sonoma County,0.226314309811639,0.265651438240271,0.022105263157895
58991,Lake &amp; 21st Ave,1.8,41860,"San Francisco-Oakland-Fremont, CA",06075042601,San Francisco County,0.593310712554532,0.193407658749394,0.049978079789566
58995,Kings Mountain North #2,0.7,41860,"San Francisco-Oakland-Fremont, CA",06081613400,San Mateo County,0.132050864036518,0.117395593554752,0.075914423740511
59021,Madison and NH,5.4,41740,"San Diego-Chula Vista-Carlsbad, CA",06073000500,San Diego County,0.317655078391275,0.144512610770279,0.084521922873745
59389,Redwood Shores,0.3,41860,"San Francisco-Oakland-Fremont, CA",06081610304,San Mateo County,0.575717144763175,0.089615299088281,0.038445638693675
59455,Broadway between Hyde and Larkin,0.8,41860,"San Francisco-Oakland-Fremont, CA",06075010901,San Francisco County,0.391629297458894,0.098654708520179,0.005115089514066
59465,Sequoyah,1.7,41860,"San Francisco-Oakland-Fremont, CA",06001409900,Alameda County,0.767511925684158,0.114127702362996,0.034171808258187
59575,Cabrillo outside,2.2,40900,"Sacramento-Roseville-Folsom, CA",06113010509,Yolo County,0.434410646387833,0.350587488091458,0.051862673484295
59639,Belmont Canyon Rd.,0.8,41860,"San Francisco-Oakland-Fremont, CA",06081608800,San Mateo County,0.454603376871615,0.019114367633004,0.028156490812092
59641,Capital and Starlite,1.0,41940,"San Jose-Sunnyvale-Santa Clara, CA",06085504505,Santa Clara County,0.916214192098858,0.119816100581723,0.058657642413988
59693,SMeast,1.7,41940,"San Jose-Sunnyvale-Santa Clara, CA",06085512402,Santa Clara County,0.556233320625238,0.268966831871902,0.133001422475107
59703,261 larch,0.0,41860,"San Francisco-Oakland-Fremont, CA",06041132100,Marin County,0.169345579793341,0.271526980482204,0.015822784810127
59709,Redwood Oaks,0.3,41860,"San Francisco-Oakland-Fremont, CA",06081610700,San Mateo County,0.611647254575707,0.328888148024671,0.075363196125908
59735,Hell's Air Meter,2.9,41860,"San Francisco-Oakland-Fremont, CA",06081603300,San Mateo County,0.286292204761164,0.118004676539361,0.020981003685852
59737,"King Estates, Oakland CA",1.2,41860,"San Francisco-Oakland-Fremont, CA",06001409800,Alameda County,0.82398177157505,0.170710819297745,0.068237604320079
59859,Cajun Country,1.6,46020,"Truckee-Grass Valley, CA",06057000502,Nevada County,0.326161964684392,0.29278728606357,0.0
59861,0,0.2,41940,"San Jose-Sunnyvale-Santa Clara, CA",06085511609,Santa Clara County,0.430971288943189,0.090793650793651,0.016705069124424
59873,S. Peardale Dr.,0.3,41860,"San Francisco-Oakland-Fremont, CA",06013348000,Contra Costa County,0.201701597841876,0.061759201497193,0.015200368493782
59885,Mustang Mesa,0.7,13860,"Bishop, CA",06027000200,Inyo County,0.345987506006728,0.394358701436935,0.02710027100271
59887,Borrego Springs Bending Elbow,2.0,41740,"San Diego-Chula Vista-Carlsbad, CA",06073021001,San Diego County,0.220443985544657,0.294938016528926,0.147135416666667
59919,Del Ganado,0.1,41860,"San Francisco-Oakland-Fremont, CA",06041108100,Marin County,0.216684077003432,0.116574503063817,0.082356076759062
59931,"Mayfield Ave, Stanford",9.1,41940,"San Jose-Sunnyvale-Santa Clara, CA",06085511502,Santa Clara County,0.324542351846106,0.042096219931271,0.0
59935,La Finisterra,2.8,41860,"San Francisco-Oakland-Fremont, CA",06081613501,San Mateo County,0.411113727336944,0.280433246997881,0.02555910543131
60009,TreaclesParadise,1.1,40900,"Sacramento-Roseville-Folsom, CA",06067008513,Sacramento County,0.583428440995207,0.074022988505747,0.097611202635914
60015,12thAve,4.3,41860,"San Francisco-Oakland-Fremont, CA",06075030202,San Francisco County,0.513186029935852,0.089807555238774,0.043795620437956
60021,Ruby Hill,1.5,41860,"San Francisco-Oakland-Fremont, CA",06001450701,Alameda County,0.548065918974594,0.053818848047635,0.056944444444444
60025,Tech Daddy,0.7,41860,"San Francisco-Oakland-Fremont, CA",06001451404,Alameda County,0.683607299049917,0.228371597993006,0.054198473282443
60065,Waverly Rd,0.1,41860,"San Francisco-Oakland-Fremont, CA",06041117000,Marin County,0.18800539083558,0.089662921348315,0.049737161342499
60067,end-of-bohlman,1.3,41940,"San Jose-Sunnyvale-Santa Clara, CA",06085507302,Santa Clara County,0.438257575757576,0.08274231678487,0.019340974212034
60093,Mount Pisgah,0.0,42220,"Santa Rosa-Petaluma, CA",06097153602,Sonoma County,0.211297071129707,0.189005235602094,0.030762167125803
60099,Miraloma Park / El Sereno,3.0,41860,"San Francisco-Oakland-Fremont, CA",06075030700,San Francisco County,0.486541244573083,0.071056439942113,0.028115942028986
60103,"St Mary’s Garden - Moraga, CA",2.2,41860,"San Francisco-Oakland-Fremont, CA",06013352102,Contra Costa County,0.415268941584731,0.044434763668046,0.052482842147759
60105,Upland Road,0.0,41860,"San Francisco-Oakland-Fremont, CA",06081609800,San Mateo County,0.374808993669504,0.092896174863388,0.066666666666667
60113,E Block,1.0,41860,"San Francisco-Oakland-Fremont, CA",06013321101,Contra Costa County,0.48019225167492,0.087532348911554,0.039384454877413
60115,Belle Monti Ave,1.1,41860,"San Francisco-Oakland-Fremont, CA",06081608700,San Mateo County,0.533424470266576,0.07154054439219,0.026201923076923
60129,Cumberland,0.2,41940,"San Jose-Sunnyvale-Santa Clara, CA",06085508404,Santa Clara County,0.630093087135663,0.124675721043797,0.062249614791988
60143,Highland,1.7,41860,"San Francisco-Oakland-Fremont, CA",06013392000,Contra Costa County,0.26854714064915,0.086788066640837,0.06146408839779
60165,K&amp;S Lockwood,3.0,41500,"Salinas, CA",06053011400,Monterey County,0.38091125026992,0.297636853125935,0.09545983701979
60167,Bay Farm Island,0.8,41860,"San Francisco-Oakland-Fremont, CA",06001428301,Alameda County,0.739830626128002,0.044753300903405,0.045764362220058
60171,South San Francisco Westborough Park,2.6,41860,"San Francisco-Oakland-Fremont, CA",06081602601,San Mateo County,0.81640625,0.1474609375,0.030193780982425
60191,Woodcrest Outdoor,2.0,41500,"Salinas, CA",06053012800,Monterey County,0.21025641025641,0.101742919389978,0.028812056737589
60223,LLD,0.2,41940,"San Jose-Sunnyvale-Santa Clara, CA",06085511704,Santa Clara County,0.50251256281407,0.040856456194014,0.021870637505817
60249,KS Outside,3.9,41860,"San Francisco-Oakland-Fremont, CA",06001421500,Alameda County,0.18503937007874,0.11075,0.053935860058309
60263,White Oak Dr,1.0,41860,"San Francisco-Oakland-Fremont, CA",06013353002,Contra Costa County,0.248206599713056,0.020143884892086,0.020489755122439
60265,Lakeville landing,0.7,42220,"Santa Rosa-Petaluma, CA",06097150612,Sonoma County,0.314016442751153,0.104471626228193,0.026252158894646
60283,Front Porch,2.2,41940,"San Jose-Sunnyvale-Santa Clara, CA",06069000200,San Benito County,0.459599027946537,0.110571081409478,0.033692350179508
60299,Derby &amp; Matthews (outside),0.9,41860,"San Francisco-Oakland-Fremont, CA",06001423300,Alameda County,0.541139240506329,0.287974683544304,0.060312331717824
60313,Timber Ridge Lane,1.1,42100,"Santa Cruz-Watsonville, CA",06087121200,Santa Cruz County,0.201696933611194,0.179191616766467,0.08201554543018
60319,Sunnyvale Heron,0.5,41940,"San Jose-Sunnyvale-Santa Clara, CA",06085508101,Santa Clara County,0.734775272281025,0.039299969296899,0.013567684242985
60333,Burbank,2.7,41860,"San Francisco-Oakland-Fremont, CA",06001427800,Alameda County,0.485727655591951,0.188114178755264,0.045813586097946
60337,Stadium,0.0,33700,"Modesto, CA",06099003610,Stanislaus County,0.615951615951616,0.391216760676873,0.056288819875776
60413,Nove Vineyards,0.2,17340,"Clearlake, CA",06033001302,Lake County,0.310306282137268,0.245974329054842,0.142602495543672
60427,John Scott Trail (East),1.8,40900,"Sacramento-Roseville-Folsom, CA",06061022014,Placer County,0.087825560266505,0.232586311326469,0.061835748792271
60429,Alpine/Galloway Valley,6.8,41740,"San Diego-Chula Vista-Carlsbad, CA",06073021204,San Diego County,0.179296681525508,0.111240827218145,0.07511139401655
60437,Holiday Court,0.6,41940,"San Jose-Sunnyvale-Santa Clara, CA",06085512308,Santa Clara County,0.44468085106383,0.062588904694168,0.039196940726577
60455,Sea Crest Vallejo,2.2,46700,"Vallejo, CA",06095250801,Solano County,0.705340264650283,0.16138482023968,0.057872980082676
60457,Rose Garden outside,0.4,41940,"San Jose-Sunnyvale-Santa Clara, CA",06085500500,Santa Clara County,0.405179282868526,0.127168853152772,0.074894514767932
60479,Laurel Street,8.8,31080,"Los Angeles-Long Beach-Anaheim, CA",06037480704,Los Angeles County,0.665125334631297,0.161085309215351,0.029715762273902
60511,Kenbe la,2.6,41860,"San Francisco-Oakland-Fremont, CA",06075021500,San Francisco County,0.445223961144091,0.083648138154344,0.006028833551769
60537,TwinCreeks,0.9,41860,"San Francisco-Oakland-Fremont, CA",06013345116,Contra Costa County,0.491388044579534,0.021996615905245,0.028100183262065
60549,alta,0.0,42100,"Santa Cruz-Watsonville, CA",06087101100,Santa Cruz County,0.343087971274686,0.301699204627621,0.057235772357724
60561,Carmel Mountain Ranch,16.0,41740,"San Diego-Chula Vista-Carlsbad, CA",06073017055,San Diego County,0.498885059801338,0.042313982011447,0.015436746987952
60563,Hammond Autowerks,0.6,42220,"Santa Rosa-Petaluma, CA",06097151702,Sonoma County,0.23535039464243,0.247049769112365,0.087155963302752
60577,McKinley Ave,1.7,41860,"San Francisco-Oakland-Fremont, CA",06001423000,Alameda County,0.427346669597714,0.169200264375413,0.041209704220671
60625,Pooky's Purple Air,0.4,41860,"San Francisco-Oakland-Fremont, CA",06013325000,Contra Costa County,0.460964129199805,0.105793450881612,0.030245746691871
60645,Boys &amp; Girls Clubs of Sonoma Valley,1.0,42220,"Santa Rosa-Petaluma, CA",06097150205,Sonoma County,0.337931034482759,0.181692414111137,0.072010287183883
60653,Bay Farm Tonga,9.1,41860,"San Francisco-Oakland-Fremont, CA",06001428301,Alameda County,0.739830626128002,0.044753300903405,0.045764362220058
60663,"Glenwood Ave, Willow Glen",1.1,41940,"San Jose-Sunnyvale-Santa Clara, CA",06085502400,Santa Clara County,0.335070198292083,0.112690355329949,0.021749876421157
60699,Alturas Way,0.0,41860,"San Francisco-Oakland-Fremont, CA",06041128200,Marin County,0.187842174815934,0.080492424242424,0.050097087378641
60747,MtnLinksWayDeck,1.5,40900,"Sacramento-Roseville-Folsom, CA",06061022014,Placer County,0.087825560266505,0.232586311326469,0.061835748792271
60801,Panorama,0.3,41860,"San Francisco-Oakland-Fremont, CA",06013348000,Contra Costa County,0.201701597841876,0.061759201497193,0.015200368493782
60815,Brentwood-MallerPark,0.5,41860,"San Francisco-Oakland-Fremont, CA",06013303106,Contra Costa County,0.668647665251668,0.347725894481504,0.068634509239261
60829,QUIEN SABE,0.0,42100,"Santa Cruz-Watsonville, CA",06087120902,Santa Cruz County,0.284972022382094,0.104814137720902,0.014310645724258
60867,Rancho Suburbia,19.9,41740,"San Diego-Chula Vista-Carlsbad, CA",06073017031,San Diego County,0.457443859162739,0.098696978098142,0.002041858090863
60903,Skyline,0.4,46700,"Vallejo, CA",06095250103,Solano County,0.792769376181474,0.138567037124616,0.066759388038943
61133,Mintwood Dr.,1.0,41860,"San Francisco-Oakland-Fremont, CA",06013333101,Contra Costa County,0.414325487218426,0.097696785623893,0.075174013921114
61135,Aire Air,6.7,31080,"Los Angeles-Long Beach-Anaheim, CA",06037701702,Los Angeles County,0.386204704386523,0.372536554354736,0.073514602215509
61145,Hossmoor,1.7,41860,"San Francisco-Oakland-Fremont, CA",06013356002,Contra Costa County,0.674226441631505,0.164381153305204,0.083486801718846
61151,Edgewood,0.3,41860,"San Francisco-Oakland-Fremont, CA",06041128200,Marin County,0.187842174815934,0.080492424242424,0.050097087378641
61161,Creekside,0.2,41860,"San Francisco-Oakland-Fremont, CA",06041120002,Marin County,0.226359832635983,0.088075313807531,0.094887525562372
61173,Chez Smuseby,1.9,41860,"San Francisco-Oakland-Fremont, CA",06001421200,Alameda County,0.304751194827102,0.0152241330702,0.045996592844974
61183,pine valley dr,0.6,42220,"Santa Rosa-Petaluma, CA",06097151601,Sonoma County,0.147200593251761,0.136260408781226,0.091317365269461
61185,"Cow Hollow, San Francisco",1.1,41860,"San Francisco-Oakland-Fremont, CA",06075012801,San Francisco County,0.274411424160556,0.054033191817831,0.027620841180163
61195,Scotia Avenue,0.7,41860,"San Francisco-Oakland-Fremont, CA",06001409900,Alameda County,0.767511925684158,0.114127702362996,0.034171808258187
61205,Homestead Blvd,1.7,41860,"San Francisco-Oakland-Fremont, CA",06041128200,Marin County,0.187842174815934,0.080492424242424,0.050097087378641
61211,Mount Davidson Manor,1.7,41860,"San Francisco-Oakland-Fremont, CA",06075030900,San Francisco County,0.618379357175192,0.147873467534433,0.03690036900369
61217,Fangorn Forest,0.3,41860,"San Francisco-Oakland-Fremont, CA",06081613000,San Mateo County,0.349132947976879,0.097109826589595,0.018259281801582
61229,Poplar &amp; Elm,0.4,41860,"San Francisco-Oakland-Fremont, CA",06081605901,San Mateo County,0.561278863232682,0.223090586145648,0.070298769771529
61233,Montana St,1.4,41860,"San Francisco-Oakland-Fremont, CA",06013378000,Contra Costa County,0.344481605351171,0.104450733213275,0.044611133043822
61235,EQ outside,1.8,41860,"San Francisco-Oakland-Fremont, CA",06013383000,Contra Costa County,0.519493844049248,0.35045368943674,0.046998867497169
61241,"Noe, between Jersey &amp; 25th",1.5,41860,"San Francisco-Oakland-Fremont, CA",06075021400,San Francisco County,0.286,0.103142857142857,0.034728033472803
61243,Arroyo Ct,1.1,41860,"San Francisco-Oakland-Fremont, CA",06081606400,San Mateo County,0.542519518885841,0.158894281493986,0.0156
61321,Full Moon Drive,1.6,41860,"San Francisco-Oakland-Fremont, CA",06013360101,Contra Costa County,0.619791666666667,0.143842130290062,0.098938223938224
61345,Hurricane Gulch,6.4,41860,"San Francisco-Oakland-Fremont, CA",06041130201,Marin County,0.163647163647164,0.115911799761621,0.035752401280683
61389,Vista Tassajara,1.5,41860,"San Francisco-Oakland-Fremont, CA",06013355122,Contra Costa County,0.724770642201835,0.050100566831231,0.051588939331407
61405,Davis - Madrone,0.0,40900,"Sacramento-Roseville-Folsom, CA",06113010609,Yolo County,0.322646937936704,0.122222222222222,0.014184397163121
61415,PineAireRdWashington,2.5,46020,"Truckee-Grass Valley, CA",06057000900,Nevada County,0.179814077025232,0.327609337268581,0.021739130434783
61417,Sonoma Mountain,0.4,42220,"Santa Rosa-Petaluma, CA",06097150501,Sonoma County,0.156294200848656,0.203119461183977,0.037012113055182
61431,Contempo Marin,0.1,41860,"San Francisco-Oakland-Fremont, CA",06041106001,Marin County,0.462495426271497,0.049450549450549,0.036581960346272
61433,Chardonnay Ct,0.7,41860,"San Francisco-Oakland-Fremont, CA",06013304001,Contra Costa County,0.452247667514843,0.096647280191584,0.036482334869432
61567,Briarwood,1.5,41940,"San Jose-Sunnyvale-Santa Clara, CA",06085505305,Santa Clara County,0.645929612513331,0.062054208273894,0.045101982189026
61575,Kenwood - outdoors,1.0,42220,"Santa Rosa-Petaluma, CA",06097150501,Sonoma County,0.156294200848656,0.203119461183977,0.037012113055182
61577,Ascot Road,0.4,41860,"San Francisco-Oakland-Fremont, CA",06081605700,San Mateo County,0.47148871029468,0.025449674703406,0.056581532416503
61593,Cornell,0.7,41860,"San Francisco-Oakland-Fremont, CA",06081606500,San Mateo County,0.29893647599885,0.027594136246048,0.035610040863981
61597,Montauk Outdoors,0.6,41940,"San Jose-Sunnyvale-Santa Clara, CA",06085507301,Santa Clara County,0.567888563049853,0.078689982216953,0.046645367412141
61619,Meadow View Road,2.3,41860,"San Francisco-Oakland-Fremont, CA",06013350000,Contra Costa County,0.346829268292683,0.04837921485584,0.036458333333333
61621,Euclid Ave,2.2,41860,"San Francisco-Oakland-Fremont, CA",06001432200,Alameda County,0.734637572109355,0.302120141342756,0.048961424332344
61625,mousedeck,0.3,41940,"San Jose-Sunnyvale-Santa Clara, CA",06085511707,Santa Clara County,0.488349514563107,0.090363454484828,0.00752508361204
61655,Las Colinas,1.1,41940,"San Jose-Sunnyvale-Santa Clara, CA",06085512312,Santa Clara County,0.549957056971085,0.032517985611511,0.032120925838451
61837,Sylvan,2.2,41860,"San Francisco-Oakland-Fremont, CA",06081607300,San Mateo County,0.44225279003374,0.07734233065144,0.042240995998221
62137,Unitarian Universalist Church,3.4,23420,"Fresno, CA",06019005509,Fresno County,0.476665412118931,0.182544321059809,0.06530612244898
62183,Laurel Glen,0.5,41860,"San Francisco-Oakland-Fremont, CA",06001443104,Alameda County,0.864918268367164,0.070341499628805,0.025228519195612
62185,Woodlands Flats,0.2,41860,"San Francisco-Oakland-Fremont, CA",06041119100,Marin County,0.168964847543212,0.12720916682851,0.068336162988115
62187,Selby Lane,0.4,41860,"San Francisco-Oakland-Fremont, CA",06081611400,San Mateo County,0.337802869912962,0.091864224137931,0.015495296070836
62201,Blithedale Canyon,0.8,41860,"San Francisco-Oakland-Fremont, CA",06041126100,Marin County,0.074856674856675,0.083374283374283,0.066580894178192
62203,Cordelia Silver,0.5,46700,"Vallejo, CA",06095252206,Solano County,0.73887489504618,0.151133501259446,0.078773301262778
62205,Club Los Meganos,0.4,41860,"San Francisco-Oakland-Fremont, CA",06013304001,Contra Costa County,0.452247667514843,0.096647280191584,0.036482334869432
62207,15th Avenue,4.1,42100,"Santa Cruz-Watsonville, CA",06087121501,Santa Cruz County,0.195054945054945,0.255102040816327,0.036255767963085
62209,Kenwood Vista (elev. 725 ft),0.4,42220,"Santa Rosa-Petaluma, CA",06097151602,Sonoma County,0.136706473915776,0.085480829666876,0.027884615384615
62213,6XX Chapman,0.3,41860,"San Francisco-Oakland-Fremont, CA",06041121100,Marin County,0.211167159506001,0.079144198991129,0.069454545454545
62225,Redwood Grove,0.0,41940,"San Jose-Sunnyvale-Santa Clara, CA",06085511701,Santa Clara County,0.453060285319834,0.0651173492867,0.035852178709322
62229,Chesbro Lake,11.2,41940,"San Jose-Sunnyvale-Santa Clara, CA",06085512200,Santa Clara County,0.508256880733945,0.04220446629789,0.021218074656189
62233,19th &amp; Noe,2.5,41860,"San Francisco-Oakland-Fremont, CA",06075020601,San Francisco County,0.357095926412615,0.205978975032852,0.036256323777403
62249,Whisman Station,0.3,41940,"San Jose-Sunnyvale-Santa Clara, CA",06085509109,Santa Clara County,0.675593426658551,0.194109568136731,0.025174476570289
62265,PVRanch - Bay Laurel,0.8,41860,"San Francisco-Oakland-Fremont, CA",06081613200,San Mateo County,0.249306670559042,0.075949367088608,0.044481605351171
62279,Francis Oaks Exterior,0.0,41940,"San Jose-Sunnyvale-Santa Clara, CA",06085506900,Santa Clara County,0.336187912894544,0.059550561797753,0.039226519337017
62289,Donner Crest,2.2,46020,"Truckee-Grass Valley, CA",06057001208,Nevada County,0.076923076923077,0.153846153846154,0.040441176470588
62299,Sutton Manor,0.0,41860,"San Francisco-Oakland-Fremont, CA",06041126200,Marin County,0.351674641148325,0.104343605920893,0.089968976215098
62303,Briggs Ave Outside,3.7,41860,"San Francisco-Oakland-Fremont, CA",06001428100,Alameda County,0.487258528565557,0.080558980682285,0.040202825063383
62305,GLEN DRIVE,1.4,41860,"San Francisco-Oakland-Fremont, CA",06041130204,Marin County,0.128267973856209,0.071486928104575,0.053547523427041
62307,Olympia Drive,0.6,42220,"Santa Rosa-Petaluma, CA",06097151504,Sonoma County,0.247965533748205,0.08605851979346,0.102307357422725
62311,Rancho Seco,0.7,40900,"Sacramento-Roseville-Folsom, CA",06067009406,Sacramento County,0.360853805879984,0.203643724696356,0.170542635658915
62377,Rolando - Outside,1.6,41860,"San Francisco-Oakland-Fremont, CA",06001430600,Alameda County,0.614990390775144,0.183670195700995,0.034303833957913
62425,Morley Way,1.3,40900,"Sacramento-Roseville-Folsom, CA",06067005404,Sacramento County,0.239340920672669,0.158824528622388,0.013260795647739
62447,Arlington L,2.0,41860,"San Francisco-Oakland-Fremont, CA",06013384000,Contra Costa County,0.406952430737062,0.09009718938797,0.057862190812721
62457,Snail_OUT,20.3,41860,"San Francisco-Oakland-Fremont, CA",06081608900,San Mateo County,0.557989867177872,0.172909467864547,0.109367455335587
62473,Purple Air,0.2,42220,"Santa Rosa-Petaluma, CA",06097150702,Sonoma County,0.121053777487481,0.107883817427386,0.026982829108749
62481,scott st,1.9,41860,"San Francisco-Oakland-Fremont, CA",06001403800,Alameda County,0.383483033932136,0.131487025948104,0.043035107587769
62489,Hamlin Outside,1.0,41860,"San Francisco-Oakland-Fremont, CA",06013351200,Contra Costa County,0.191674208144796,0.049434512951478,0.037588388537402
62753,Chestnut Street,0.6,41860,"San Francisco-Oakland-Fremont, CA",06081610201,San Mateo County,0.866818873668189,0.261093125119025,0.004017408771342
62755,LHW,8.6,12540,"Bakersfield-Delano, CA",06029004500,Kern County,0.938164893617021,0.610704787234043,0.082298136645963
62765,Crestview @ Hilldale,2.7,41860,"San Francisco-Oakland-Fremont, CA",06013353001,Contra Costa County,0.401809954751131,0.018552036199095,0.019082235347569
63109,Tammberlin Vineyards,0.2,42220,"Santa Rosa-Petaluma, CA",06097150501,Sonoma County,0.156294200848656,0.203119461183977,0.037012113055182
63111,Marley,5.5,42100,"Santa Cruz-Watsonville, CA",06087121200,Santa Cruz County,0.201696933611194,0.179191616766467,0.08201554543018
63113,FBW,3.0,23420,"Fresno, CA",06039001100,Madera County,0.539007991881263,0.300279329608939,0.069357897588729
63115,Camino Real,1.5,41500,"Salinas, CA",06053011801,Monterey County,0.147664835164835,0.070741758241758,0.018867924528302
63119,POM - Del Rey,12.1,23420,"Fresno, CA",06019006900,Fresno County,0.876507005539264,0.524541884816754,0.077473958333333
63125,WPCA - Delano,13.5,12540,"Bakersfield-Delano, CA",06029004605,Kern County,0.841891499854946,0.132848837209302,0.063218390804598
63131,Sun Valley,0.0,41860,"San Francisco-Oakland-Fremont, CA",06041109002,Marin County,0.223475258918297,0.090424298632043,0.03575503993914
63133,Nancy’s Air,1.9,39820,"Redding, CA",06089010703,Shasta County,0.325755475464375,0.434963868816009,0.03486441615938
63151,Fiori,0.1,42220,"Santa Rosa-Petaluma, CA",06097154306,Sonoma County,0.24739742804654,0.142682180036742,0.02441731409545
63159,Highland Park,0.0,41860,"San Francisco-Oakland-Fremont, CA",06013317000,Contra Costa County,0.259565667011375,0.140124095139607,0.161157024793388
63163,Boyer Outside,0.8,41940,"San Jose-Sunnyvale-Santa Clara, CA",06085507004,Santa Clara County,0.222109016811004,0.110290371879776,0.052658750645328
63205,Coyote,0.0,42220,"Santa Rosa-Petaluma, CA",06097153905,Sonoma County,0.269208211143695,0.201466275659824,0.112320916905444
63213,Canon Del Sol - La Selva Beach,0.2,42100,"Santa Cruz-Watsonville, CA",06087122300,Santa Cruz County,0.417872556486418,0.247428119229755,0.023932426091037
63215,301 Allen Road,0.5,41860,"San Francisco-Oakland-Fremont, CA",06081613800,San Mateo County,0.324557086614173,0.204338180921863,0.010752688172043
63217,Sacramento State Aquatic Center,1.0,40900,"Sacramento-Roseville-Folsom, CA",06067008703,Sacramento County,0.336418511066398,0.124974762770038,0.047332531087044
63221,Menlo Oaks,0.0,41860,"San Francisco-Oakland-Fremont, CA",06081613900,San Mateo County,0.395250078641082,0.135178628902478,0.04832
63229,Tamalpais Ave _ Middle Ridge,0.9,41860,"San Francisco-Oakland-Fremont, CA",06041127000,Marin County,0.140366172624237,0.095466434176112,0.0708316752885
63231,Mississippi Bar,2.6,40900,"Sacramento-Roseville-Folsom, CA",06067008207,Sacramento County,0.140286109829257,0.079196490417917,0.061958405545927
63247,Crossgates neighborhood,0.6,41940,"San Jose-Sunnyvale-Santa Clara, CA",06085511914,Santa Clara County,0.470523154733681,0.035877983246404,0.03126007089913
63249,Alviso Court,1.8,41860,"San Francisco-Oakland-Fremont, CA",06081603300,San Mateo County,0.286292204761164,0.118004676539361,0.020981003685852
63255,Tarry Rd,0.8,41860,"San Francisco-Oakland-Fremont, CA",06041115000,Marin County,0.226365348399247,0.109365018525616,0.070205066344994
63257,Westside,2.4,41860,"San Francisco-Oakland-Fremont, CA",06001427300,Alameda County,0.683323869013818,0.188150671966686,0.02413915512957
63263,Foothill-K,1.5,41860,"San Francisco-Oakland-Fremont, CA",06001450608,Alameda County,0.586732503220266,0.104765993988836,0.037758830694275
63269,German Air,1.5,41860,"San Francisco-Oakland-Fremont, CA",06013343001,Contra Costa County,0.26969696969697,0.068801897983393,0.030172413793103
63273,Palomar Park,0.1,41860,"San Francisco-Oakland-Fremont, CA",06081609603,San Mateo County,0.279798192137902,0.075094657130837,0.032975460122699
63279,Backyard,1.7,41940,"San Jose-Sunnyvale-Santa Clara, CA",06085506204,Santa Clara County,0.785250631085467,0.074648395239812,0.027720027720028
63281,"Kensington, CA",1.5,41860,"San Francisco-Oakland-Fremont, CA",06013392000,Contra Costa County,0.26854714064915,0.086788066640837,0.06146408839779
63297,GFV,0.0,34900,"Napa, CA",06055201500,Napa County,0.342326139088729,0.193024654239327,0.052401746724891
63299,Chenery St 500 block,1.3,41860,"San Francisco-Oakland-Fremont, CA",06075021800,San Francisco County,0.402814850764378,0.066003397233681,0.015545914678236
63301,SouthGate,2.4,31080,"Los Angeles-Long Beach-Anaheim, CA",06037901300,Los Angeles County,0.694922937443336,0.557116953762466,0.200561009817672
63387,Abella,13.6,31080,"Los Angeles-Long Beach-Anaheim, CA",06037300400,Los Angeles County,0.582693649685973,0.131210636808957,0.106329113924051
63421,Ladera Rec,0.2,41860,"San Francisco-Oakland-Fremont, CA",06081613200,San Mateo County,0.249306670559042,0.075949367088608,0.044481605351171
63429,"Eagle Ridge, Gilroy, California",2.9,41940,"San Jose-Sunnyvale-Santa Clara, CA",06085512200,Santa Clara County,0.508256880733945,0.04220446629789,0.021218074656189
63437,Craig Ave,0.1,41940,"San Jose-Sunnyvale-Santa Clara, CA",06085506702,Santa Clara County,0.571650284531816,0.113295395757889,0.095350404312668
63439,Hidden Acres,4.5,42220,"Santa Rosa-Petaluma, CA",06097153903,Sonoma County,0.247139588100687,0.236460717009916,0.028341993386868
63465,Pacheco Street,2.2,41860,"San Francisco-Oakland-Fremont, CA",06075030400,San Francisco County,0.632839224629418,0.063833841463415,0.034985422740525
63471,HillTopVaca,2.3,46700,"Vallejo, CA",06095253207,Solano County,0.391492713666798,0.129972430090587,0.016168148746968
63479,Fairview and King,1.2,41860,"San Francisco-Oakland-Fremont, CA",06001424001,Alameda County,0.536491324703938,0.302762430939227,0.107531760435572
63505,Tasman,0.8,41940,"San Jose-Sunnyvale-Santa Clara, CA",06085505015,Santa Clara County,0.800726716389367,0.06844837531244,0.00999729802756
63507,Granite Creek Rd,2.2,42100,"Santa Cruz-Watsonville, CA",06087121200,Santa Cruz County,0.201696933611194,0.179191616766467,0.08201554543018
63509,Burton Drive,2.1,41860,"San Francisco-Oakland-Fremont, CA",06001404600,Alameda County,0.417916497770572,0.086137008512363,0.055648535564854
63527,Bernal-Out,1.4,41860,"San Francisco-Oakland-Fremont, CA",06075025200,San Francisco County,0.480117280557083,0.194429173538574,0.002317113538563
63531,Belmont Coronet,0.8,41860,"San Francisco-Oakland-Fremont, CA",06081608800,San Mateo County,0.454603376871615,0.019114367633004,0.028156490812092
63547,8 Mariposa Ct.,0.0,41860,"San Francisco-Oakland-Fremont, CA",06041124100,Marin County,0.207734806629834,0.078503980744307,0.022178734507502
63577,Diamante_10,1.3,46700,"Vallejo, CA",06095253502,Solano County,0.45492432550998,0.230313665277473,0.047867298578199
63581,East Palo Alto Charter School,0.0,41860,"San Francisco-Oakland-Fremont, CA",06081611902,San Mateo County,0.807388222464558,0.167257360959651,0.02165256346441
63589,Westside EPA,0.4,41860,"San Francisco-Oakland-Fremont, CA",06081612102,San Mateo County,0.832782719186785,0.4571791613723,0.04984696108439
63593,Lower Loma Alta Ave.,0.8,41940,"San Jose-Sunnyvale-Santa Clara, CA",06085507002,Santa Clara County,0.217862371888726,0.140345736888368,0.049213943950786
63599,Kavanaugh Clarence,1.0,41860,"San Francisco-Oakland-Fremont, CA",06081611800,San Mateo County,0.958315050460728,0.257965282355526,0.113214837712519
63605,fluffy,1.3,41860,"San Francisco-Oakland-Fremont, CA",06001401700,Alameda County,0.546092796092796,0.253598774885145,0.038680781758958
63615,Court Skinner 310 Donohoe,5.4,41860,"San Francisco-Oakland-Fremont, CA",06081612101,San Mateo County,0.701779563719862,0.307405281285878,0.0
63623,East Palo Alto - Jasmine,0.5,41860,"San Francisco-Oakland-Fremont, CA",06081611902,San Mateo County,0.807388222464558,0.167257360959651,0.02165256346441
63629,Tesla Lane,1.8,40900,"Sacramento-Roseville-Folsom, CA",06113010513,Yolo County,0.390019071837254,0.52827140549273,0.039877300613497
63635,Lincoln Street,0.0,41860,"San Francisco-Oakland-Fremont, CA",06081612002,San Mateo County,0.892893573614417,0.346140768446107,0.002695417789757
63839,Liberty Valley,0.4,42220,"Santa Rosa-Petaluma, CA",06097151100,Sonoma County,0.256860809476802,0.191423881821912,0.070051160960252
63847,MV/LA,0.5,41940,"San Jose-Sunnyvale-Santa Clara, CA",06085509801,Santa Clara County,0.56071609525418,0.107245397736869,0.040453570334048
63849,Mountain Ave,0.0,41860,"San Francisco-Oakland-Fremont, CA",06001426100,Alameda County,0.319365079365079,0.023809523809524,0.037158829332456
63851,Albany: Madison St,0.0,41860,"San Francisco-Oakland-Fremont, CA",06001420302,Alameda County,0.652902698282911,0.116925592804579,0.019762845849802
63873,Capitola Mall/Live Oak,2.7,42100,"Santa Cruz-Watsonville, CA",06087121702,Santa Cruz County,0.365271226415094,0.209639266706091,0.051502145922747
63881,Woodside Rick,0.2,41860,"San Francisco-Oakland-Fremont, CA",06081613400,San Mateo County,0.132050864036518,0.117395593554752,0.075914423740511
63883,Bull Run/Kernville/Riverkern,0.8,12540,"Bakersfield-Delano, CA",06029005207,Kern County,0.198429319371728,0.660377358490566,0.237911025145068
63889,Fresno,1.8,41860,"San Francisco-Oakland-Fremont, CA",06001421300,Alameda County,0.275243081525804,0.100275068767192,0.039196940726577
63905,Sequoia Valley Road,1.1,41860,"San Francisco-Oakland-Fremont, CA",06041128200,Marin County,0.187842174815934,0.080492424242424,0.050097087378641
63907,Ardilla,1.0,41860,"San Francisco-Oakland-Fremont, CA",06013354001,Contra Costa County,0.281719532554257,0.064691151919866,0.021718602455146
63909,Maury Missions,0.5,41860,"San Francisco-Oakland-Fremont, CA",06013355307,Contra Costa County,0.4976120081874,0.092520138089758,0.057129798903108
63925,70 grenard,3.6,41860,"San Francisco-Oakland-Fremont, CA",06075010201,San Francisco County,0.288718156085726,0.10351799433886,0.019729425028185
63933,Colton out,0.6,41500,"Salinas, CA",06053012800,Monterey County,0.21025641025641,0.101742919389978,0.028812056737589
63941,Via Recodo,0.7,41860,"San Francisco-Oakland-Fremont, CA",06041128100,Marin County,0.234239130434783,0.088858695652174,0.049845837615622
63953,Moo Ping on Hillsdale,0.6,41860,"San Francisco-Oakland-Fremont, CA",06081607300,San Mateo County,0.44225279003374,0.07734233065144,0.042240995998221
63981,Marina drive,1.8,41860,"San Francisco-Oakland-Fremont, CA",06001427100,Alameda County,0.420180009474183,0.047560374568753,0.064186046511628
64001,Via Harriet (outside),1.1,41860,"San Francisco-Oakland-Fremont, CA",06001435900,Alameda County,0.7117202268431,0.146124763705104,0.077704918032787
64011,834 N Claremont St,0.6,41860,"San Francisco-Oakland-Fremont, CA",06081606000,San Mateo County,0.690467494521549,0.227173119065011,0.050058207217695
64021,Top Forty Ranch,1.1,41860,"San Francisco-Oakland-Fremont, CA",06013355112,Contra Costa County,0.291724137931034,0.088583362339018,0.057647963105304
64025,Braxton Park,1.7,41860,"San Francisco-Oakland-Fremont, CA",06013382000,Contra Costa County,0.857378789666155,0.412850550230742,0.06989247311828
64033,Calistoga Community Pool,0.1,34900,"Napa, CA",06055202000,Napa County,0.42785590445001,0.175990675990676,0.005858659831564
64039,Paradise Valley Estates,1.8,46700,"Vallejo, CA",06095252313,Solano County,0.548914167528438,0.204498125780925,0.040152963671128
64049,Burnham Court,0.0,41860,"San Francisco-Oakland-Fremont, CA",06081609603,San Mateo County,0.279798192137902,0.075094657130837,0.032975460122699
64071,Lower Black Mountain,0.1,41860,"San Francisco-Oakland-Fremont, CA",06081605700,San Mateo County,0.47148871029468,0.025449674703406,0.056581532416503
64099,Castanea Ridge Road,0.0,41860,"San Francisco-Oakland-Fremont, CA",06081613800,San Mateo County,0.324557086614173,0.204338180921863,0.010752688172043
64225,Forge road,0.1,41860,"San Francisco-Oakland-Fremont, CA",06081606900,San Mateo County,0.46442617089739,0.070432868672047,0.050102951269732
64315,Darwin's House,2.8,41940,"San Jose-Sunnyvale-Santa Clara, CA",06085511800,Santa Clara County,0.180475980608197,0.072185430463576,0.053788771103259
64325,Elderwood Ct,1.5,41940,"San Jose-Sunnyvale-Santa Clara, CA",06085507808,Santa Clara County,0.817931509206677,0.063092570246509,0.030656447850716
64343,Special Projects,1.7,41860,"San Francisco-Oakland-Fremont, CA",06041128100,Marin County,0.234239130434783,0.088858695652174,0.049845837615622
64347,sjames-out,0.4,46700,"Vallejo, CA",06095250106,Solano County,0.772900763358779,0.115586206896552,0.045977011494253
64349,Ovejas West Outdoor,0.0,41860,"San Francisco-Oakland-Fremont, CA",06041108100,Marin County,0.216684077003432,0.116574503063817,0.082356076759062
64357,37th Ave,0.2,41860,"San Francisco-Oakland-Fremont, CA",06081607100,San Mateo County,0.417278185456971,0.038487508440243,0.075137446548564
64371,Ignacio Valley,0.1,41860,"San Francisco-Oakland-Fremont, CA",06041104104,Marin County,0.378697080997487,0.309878213802436,0.067741935483871
64373,Farm Road,0.0,41860,"San Francisco-Oakland-Fremont, CA",06081613400,San Mateo County,0.132050864036518,0.117395593554752,0.075914423740511
64375,Aliso Viejo Outside PAII,6.2,31080,"Los Angeles-Long Beach-Anaheim, CA",06059062638,Orange County,0.555053025577043,0.158296943231441,0.054133333333333
64379,OConnell Rd,0.2,42220,"Santa Rosa-Petaluma, CA",06097153602,Sonoma County,0.211297071129707,0.189005235602094,0.030762167125803
64381,Naglee Park - Outdoors,16.9,41940,"San Jose-Sunnyvale-Santa Clara, CA",06085501300,Santa Clara County,0.615801132168349,0.398975526465566,0.039370078740157
64383,Airjawn,1.0,41860,"San Francisco-Oakland-Fremont, CA",06075021200,San Francisco County,0.379356568364611,0.077930802821633,0.056692913385827
64389,Cleveland Heights Outdoor,1.4,41860,"San Francisco-Oakland-Fremont, CA",06001405200,Alameda County,0.66008548748219,0.192143293303481,0.018649517684887
64391,"Adobe Ct, Danville",1.9,41860,"San Francisco-Oakland-Fremont, CA",06013346203,Contra Costa County,0.213736672452269,0.051078601537317,0.031011692933401
64393,Foothill,10.2,37100,"Oxnard-Thousand Oaks-Ventura, CA",06111000901,Ventura County,0.169171483622351,0.189444663253249,0.044905008635579
64399,Plympton,1.0,41940,"San Jose-Sunnyvale-Santa Clara, CA",06085512035,Santa Clara County,0.755714285714286,0.157787303531333,0.045911674682991
64401,Omega,4.1,46020,"Truckee-Grass Valley, CA",06057000701,Nevada County,0.107767385115901,0.224345940084045,0.056179775280899
64403,East vineland,0.0,41940,"San Jose-Sunnyvale-Santa Clara, CA",06085507203,Santa Clara County,0.443295739348371,0.108551593562638,0.025139664804469
64409,Vista del Mar,1.3,41940,"San Jose-Sunnyvale-Santa Clara, CA",06085507002,Santa Clara County,0.217862371888726,0.140345736888368,0.049213943950786
64419,Top of the World,7.9,31080,"Los Angeles-Long Beach-Anaheim, CA",06059062619,Orange County,0.207639836289222,0.128099173553719,0.062846580406654
64421,Upper Vallemar,4.0,41860,"San Francisco-Oakland-Fremont, CA",06081603100,San Mateo County,0.467636579572447,0.117489589530042,0.01815269620929
64423,Sobrante Rd,2.4,41860,"San Francisco-Oakland-Fremont, CA",06001404400,Alameda County,0.413189077794951,0.066117121758544,0.020813320525136
64425,EichlerCourt-Outside,0.2,41940,"San Jose-Sunnyvale-Santa Clara, CA",06085509801,Santa Clara County,0.56071609525418,0.107245397736869,0.040453570334048
64429,Sequoyah,2.2,41860,"San Francisco-Oakland-Fremont, CA",06001409900,Alameda County,0.767511925684158,0.114127702362996,0.034171808258187
64433,Bishop Estates,0.4,41860,"San Francisco-Oakland-Fremont, CA",06013333200,Contra Costa County,0.439311285373338,0.086919398907104,0.028132155708211
64447,Hawthorne and Drake,2.7,41500,"Salinas, CA",06053012504,Monterey County,0.482952416635444,0.167813455657492,0.018089315997739
64451,Thea,0.4,41940,"San Jose-Sunnyvale-Santa Clara, CA",06085509303,Santa Clara County,0.634696016771488,0.092150170648464,0.0
64461,Villa del Monte (West),1.8,42100,"Santa Cruz-Watsonville, CA",06087121000,Santa Cruz County,0.182847896440129,0.118223383409536,0.044211751018034
64467,Napa Dry Creek / Redwood Rd,0.6,34900,"Napa, CA",06055201102,Napa County,0.265465172917681,0.21626887481734,0.079002079002079
64475,Newhall Drive,2.6,41860,"San Francisco-Oakland-Fremont, CA",06041110100,Marin County,0.270559354725583,0.128415300546448,0.069163163928162
64477,220 Rose Ave,0.0,41860,"San Francisco-Oakland-Fremont, CA",06041127000,Marin County,0.140366172624237,0.095466434176112,0.0708316752885
64489,Redwood Hills,2.3,41860,"San Francisco-Oakland-Fremont, CA",06001408000,Alameda County,0.393006993006993,0.045566502463054,0.081998718770019
64597,Galleria patio,0.0,41940,"San Jose-Sunnyvale-Santa Clara, CA",06085505006,Santa Clara County,0.835780129737112,0.106862410378969,0.027193919962
64683,Tulana Ranch,7.3,42200,"Santa Maria-Santa Barbara, CA",06083001706,Santa Barbara County,0.299412915851272,0.148727984344423,0.07688927943761
64693,Outside,0.1,41860,"San Francisco-Oakland-Fremont, CA",06041115000,Marin County,0.226365348399247,0.109365018525616,0.070205066344994
64695,Ward Ave,1.7,40900,"Sacramento-Roseville-Folsom, CA",06061022100,Placer County,0.081858407079646,0.064159292035398,0.007058823529412
64703,Decanter Healdsburg,0.8,42220,"Santa Rosa-Petaluma, CA",06097154100,Sonoma County,0.306160882432069,0.137772984631976,0.042950513538749
64707,Hyrule,0.0,41860,"San Francisco-Oakland-Fremont, CA",06041108202,Marin County,0.349173121205778,0.251076658053402,0.079943235572375
64711,Stance Ave,1.4,42100,"Santa Cruz-Watsonville, CA",06087122001,Santa Cruz County,0.202909503117325,0.090114068441065,0.048201705598813
64717,Sunset Terr,0.3,41860,"San Francisco-Oakland-Fremont, CA",06081606700,San Mateo County,0.456147376852223,0.070084100921105,0.021357742181541
64723,CuriOdyssey at Coyote Point,0.0,41860,"San Francisco-Oakland-Fremont, CA",06081606100,San Mateo County,0.80082498526812,0.268120212139069,0.066440677966102
64733,Fairlands,1.0,41860,"San Francisco-Oakland-Fremont, CA",06001436404,Alameda County,0.553836633663366,0.054196345617838,0.024623115577889
64751,McKendry,0.0,41860,"San Francisco-Oakland-Fremont, CA",06081613900,San Mateo County,0.395250078641082,0.135178628902478,0.04832
64765,Riverwood ranch,16.7,31080,"Los Angeles-Long Beach-Anaheim, CA",06037103202,Los Angeles County,0.462189054726368,0.127680798004988,0.011406844106464
64777,Dogpatch,2.6,41860,"San Francisco-Oakland-Fremont, CA",06075022600,San Francisco County,0.522473369706417,0.060460139111825,0.010315723663645
64779,Hill and Tamalpais,0.4,41860,"San Francisco-Oakland-Fremont, CA",06041103200,Marin County,0.34088775647043,0.242888402625821,0.130619684082625
64783,Galen,1.5,41940,"San Jose-Sunnyvale-Santa Clara, CA",06085512030,Santa Clara County,0.542778918548939,0.081793292265572,0.056210964607911
64785,PeakView,0.0,40900,"Sacramento-Roseville-Folsom, CA",06017030504,El Dorado County,0.200868621064061,0.121322193970214,0.046113306982872
64797,1 5th Avenue Marina Bldg 28 @ El 9 Ft,1.7,41860,"San Francisco-Oakland-Fremont, CA",06001406000,Alameda County,0.824709609292503,0.326673751328374,0.048734416320363
64819,Parrot Park,1.2,41860,"San Francisco-Oakland-Fremont, CA",06081606400,San Mateo County,0.542519518885841,0.158894281493986,0.0156
64823,Santa Clara Ave at Barton St,0.0,41860,"San Francisco-Oakland-Fremont, CA",06081611300,San Mateo County,0.458956732713304,0.098903330625508,0.089657738095238
64835,MB,1.1,41860,"San Francisco-Oakland-Fremont, CA",06001450742,Alameda County,0.513739763421292,0.043494085532302,0.037596626844694
64851,Edson-Smith Greenstone Country,2.2,40900,"Sacramento-Roseville-Folsom, CA",06017030902,El Dorado County,0.19205298013245,0.138125852328073,0.050898203592814
64857,Montego Hills,1.1,41940,"San Jose-Sunnyvale-Santa Clara, CA",06085511918,Santa Clara County,0.521586184841701,0.030700351774864,0.077911646586345
64901,Toussin,0.4,41860,"San Francisco-Oakland-Fremont, CA",06041119100,Marin County,0.168964847543212,0.12720916682851,0.068336162988115
64929,Gloria Ferrer Caves &amp; Vineyards,1.7,42220,"Santa Rosa-Petaluma, CA",06097150100,Sonoma County,0.221269296740995,0.200869565217391,0.030854430379747
64941,31st Ave Mendou Gocki,0.0,41860,"San Francisco-Oakland-Fremont, CA",06081607300,San Mateo County,0.44225279003374,0.07734233065144,0.042240995998221
64953,Near Wildwood School,3.3,41860,"San Francisco-Oakland-Fremont, CA",06001426100,Alameda County,0.319365079365079,0.023809523809524,0.037158829332456
65107,Sunnyslope,3.8,41860,"San Francisco-Oakland-Fremont, CA",06081609000,San Mateo County,0.521425862722791,0.145988258317025,0.053375196232339
65137,Strawberry River House,2.3,43760,"Sonora, CA",06109003103,Tuolumne County,0.15796178343949,0.227338129496403,0.089285714285714
65141,Lakeview Way &amp; Summit,1.4,41860,"San Francisco-Oakland-Fremont, CA",06081609700,San Mateo County,0.268241689316329,0.041204768876804,0.024006296733569
65161,1864 Van Buren Circle,0.7,41940,"San Jose-Sunnyvale-Santa Clara, CA",06085509901,Santa Clara County,0.319983818770227,0.02147872779843,0.047400611620795
65163,Pinehill Rd.,2.7,41860,"San Francisco-Oakland-Fremont, CA",06081605600,San Mateo County,0.496684350132626,0.096118607362985,0.05091044221479
65167,"Fremont Street, San Jose",1.3,41940,"San Jose-Sunnyvale-Santa Clara, CA",06085500600,Santa Clara County,0.675234799802274,0.194760257043994,0.051932723517262
65173,Palo ALto (W of University),0.4,41940,"San Jose-Sunnyvale-Santa Clara, CA",06085511302,Santa Clara County,0.411713791113676,0.220410628019324,0.02671972711768
65181,Griffins Lair,0.0,42220,"Santa Rosa-Petaluma, CA",06097150612,Sonoma County,0.314016442751153,0.104471626228193,0.026252158894646
65195,Colusa Street,5.4,40900,"Sacramento-Roseville-Folsom, CA",06017030506,El Dorado County,0.131351869606903,0.138063279002876,0.057565789473684
65201,"Albany, CA (Evelyn)",2.7,41860,"San Francisco-Oakland-Fremont, CA",06001420500,Alameda County,0.51138147566719,0.115384615384615,0.042918454935622
65209,Osage Circle,1.9,40900,"Sacramento-Roseville-Folsom, CA",06017030507,El Dorado County,0.238326258338387,0.115221346270467,0.0
65211,Jeanne Circle,0.7,41860,"San Francisco-Oakland-Fremont, CA",06013321102,Contra Costa County,0.33637697700962,0.088201224557339,0.070609535304768
65217,Glen Cove Hills,0.2,46700,"Vallejo, CA",06095250605,Solano County,0.684555303602923,0.139470365699874,0.062336530078466
65225,Courage,1.0,41860,"San Francisco-Oakland-Fremont, CA",06001408200,Alameda County,0.83180496533214,0.212291760468258,0.03324208056316
65229,LondonEye,0.6,41860,"San Francisco-Oakland-Fremont, CA",06081609602,San Mateo County,0.425531914893617,0.031914893617021,0.033333333333333
65233,Doe Hill,3.5,23420,"Fresno, CA",06019006408,Fresno County,0.353003161222339,0.223753976670201,0.037406483790524
65237,The Wolf's Den (Outside),1.1,41940,"San Jose-Sunnyvale-Santa Clara, CA",06085512042,Santa Clara County,0.934804413239719,0.190492245448415,0.054897067997505
65243,Summit Ave,2.1,41860,"San Francisco-Oakland-Fremont, CA",06041127000,Marin County,0.140366172624237,0.095466434176112,0.0708316752885
65253,Magdalena,0.5,41940,"San Jose-Sunnyvale-Santa Clara, CA",06085511702,Santa Clara County,0.422410745846589,0.043478260869565,0.037703513281919
65261,Santa Inez Ave,4.9,41860,"San Francisco-Oakland-Fremont, CA",06081606201,San Mateo County,0.904851246314661,0.522564667033572,0.026106696935301
65269,Vale &amp; Parr,0.5,41940,"San Jose-Sunnyvale-Santa Clara, CA",06085506703,Santa Clara County,0.526780784097184,0.097176079734219,0.099779492833517
65273,1260 6th Ave,2.7,41860,"San Francisco-Oakland-Fremont, CA",06075030101,San Francisco County,0.509181969949916,0.149793163509689,0.030667088207398
65283,Midtown Solons,2.5,40900,"Sacramento-Roseville-Folsom, CA",06067002000,Sacramento County,0.528865979381443,0.255605381165919,0.062022090059473
65287,Loma Verde Outside,0.0,41940,"San Jose-Sunnyvale-Santa Clara, CA",06085510801,Santa Clara County,0.633422698838248,0.045040214477212,0.041132075471698
65301,Kentucky Ave at Holmes Path,3.0,41860,"San Francisco-Oakland-Fremont, CA",06001421200,Alameda County,0.304751194827102,0.0152241330702,0.045996592844974
65373,Wendy Lane,0.0,41860,"San Francisco-Oakland-Fremont, CA",06081602900,San Mateo County,0.517958412098299,0.118708971553611,0.041452991452991
65375,Saint Charles,1.7,41860,"San Francisco-Oakland-Fremont, CA",06001427800,Alameda County,0.485727655591951,0.188114178755264,0.045813586097946
65413,Kittyweyr,1.2,41860,"San Francisco-Oakland-Fremont, CA",06013378000,Contra Costa County,0.344481605351171,0.104450733213275,0.044611133043822
65415,Rutherford Cross Rd,0.0,34900,"Napa, CA",06055201500,Napa County,0.342326139088729,0.193024654239327,0.052401746724891
65421,Brackney,0.2,42100,"Santa Cruz-Watsonville, CA",06087120302,Santa Cruz County,0.128452668275677,0.221164309031556,0.124935199585277
65429,Lower Fairlawn,2.1,41860,"San Francisco-Oakland-Fremont, CA",06001421600,Alameda County,0.287493513233005,0.133874770762379,0.046242774566474
65435,Cuttings Wharf Rd,0.4,34900,"Napa, CA",06055201102,Napa County,0.265465172917681,0.21626887481734,0.079002079002079
65447,PaseoAtDriscoll,0.9,41860,"San Francisco-Oakland-Fremont, CA",06001442100,Alameda County,0.912896564670546,0.049106302916275,0.026792179580014
65451,North Shoreview Bayside,1.3,41860,"San Francisco-Oakland-Fremont, CA",06081606100,San Mateo County,0.80082498526812,0.268120212139069,0.066440677966102
65455,Bear Gulch Meadows,0.2,41860,"San Francisco-Oakland-Fremont, CA",06081613400,San Mateo County,0.132050864036518,0.117395593554752,0.075914423740511
65467,Chalet,0.8,40900,"Sacramento-Roseville-Folsom, CA",06017030202,El Dorado County,0.607107107107107,0.386386386386386,0.071294559099437
65475,Delta,0.0,41860,"San Francisco-Oakland-Fremont, CA",06013301000,Contra Costa County,0.44379808594483,0.182398198536311,0.078348128135855
65479,Garden of the Gods,1.7,40900,"Sacramento-Roseville-Folsom, CA",06067005801,Sacramento County,0.31630082763584,0.217164447643037,0.017182130584192
65483,2800 Block Humphrey Ave,1.3,41860,"San Francisco-Oakland-Fremont, CA",06013372000,Contra Costa County,0.897897503285151,0.226281208935611,0.059466274427401
65491,113 W 40th Ave,0.1,41860,"San Francisco-Oakland-Fremont, CA",06081607200,San Mateo County,0.677215189873418,0.278343359555761,0.026112541375506
65493,Tiburon Middle Ridge Open Space,1.5,41860,"San Francisco-Oakland-Fremont, CA",06041124200,Marin County,0.201472908995266,0.056251102098395,0.166347992351816
65499,Harms Vineyard,1.0,34900,"Napa, CA",06055201102,Napa County,0.265465172917681,0.21626887481734,0.079002079002079
65503,San Antonio Valley,0.9,42220,"Santa Rosa-Petaluma, CA",06097150702,Sonoma County,0.121053777487481,0.107883817427386,0.026982829108749
65505,Prides Crossing,0.9,41940,"San Jose-Sunnyvale-Santa Clara, CA",06085507401,Santa Clara County,0.715253089554766,0.057220247164381,0.007883326763894
65519,Oak Terrace,0.5,41860,"San Francisco-Oakland-Fremont, CA",06013336101,Contra Costa County,0.819513294276701,0.375536965860276,0.069090909090909
65547,Dollar,1.6,41860,"San Francisco-Oakland-Fremont, CA",06001442200,Alameda County,0.870012340600576,0.068799780280143,0.029754204398448
65619,Bayhill Rd,0.0,41860,"San Francisco-Oakland-Fremont, CA",06081613701,San Mateo County,0.233138203105116,0.062111801242236,0.010411502231036
65639,Biscuit,0.0,46380,"Ukiah, CA",06045011200,Mendocino County,0.364569961489089,0.354744996772111,0.101060511540861
65641,1110 Bruckner,0.1,41940,"San Jose-Sunnyvale-Santa Clara, CA",06085510001,Santa Clara County,0.418663092645334,0.048947458497347,0.033395176252319
65643,Bernellsworth,2.5,41860,"San Francisco-Oakland-Fremont, CA",06075025402,San Francisco County,0.690953248330297,0.237381462220863,0.12697603263641
65655,Everglades Dr,2.9,41860,"San Francisco-Oakland-Fremont, CA",06081603400,San Mateo County,0.363120811135934,0.062210001718508,0.053515625
65657,Pleasure Point,2.2,42100,"Santa Cruz-Watsonville, CA",06087121601,Santa Cruz County,0.295108259823577,0.162256081261695,0.0440097799511
65673,Burlingame Easton North,5.0,41860,"San Francisco-Oakland-Fremont, CA",06081605200,San Mateo County,0.38945625172509,0.054098813138283,0.049521665728756
65683,Monta Loma and Central Expressway,0.5,41940,"San Jose-Sunnyvale-Santa Clara, CA",06085509302,Santa Clara County,0.541442715700141,0.072418670438472,0.058733401430031
65685,Exterior,2.1,41860,"San Francisco-Oakland-Fremont, CA",06013353001,Contra Costa County,0.401809954751131,0.018552036199095,0.019082235347569
65693,Spindrift,6.3,42100,"Santa Cruz-Watsonville, CA",06087122203,Santa Cruz County,0.247185389041781,0.143721633888048,0.039706517047907
65695,Western Court,2.9,42100,"Santa Cruz-Watsonville, CA",06087100500,Santa Cruz County,0.360833771238395,0.442284112804344,0.06664767872401
65697,El Prado,0.2,41860,"San Francisco-Oakland-Fremont, CA",06081611300,San Mateo County,0.458956732713304,0.098903330625508,0.089657738095238
65699,Lemon Street,0.2,41860,"San Francisco-Oakland-Fremont, CA",06081612800,San Mateo County,0.29121041728322,0.091743119266055,0.025016903313049
65711,Commodore Dr,2.0,41860,"San Francisco-Oakland-Fremont, CA",06081604102,San Mateo County,0.778445006321112,0.139380530973451,0.048116205174762
65713,15th and Noe,2.8,41860,"San Francisco-Oakland-Fremont, CA",06075016900,San Francisco County,0.33812479581836,0.168034131933049,0.120323129251701
65715,N Sage,1.3,41940,"San Jose-Sunnyvale-Santa Clara, CA",06085508403,Santa Clara County,0.489457831325301,0.054375,0.031039136302294
65717,Silver&amp;Black,1.5,41940,"San Jose-Sunnyvale-Santa Clara, CA",06085502701,Santa Clara County,0.579754054535733,0.194617715202281,0.051549652118912
65721,Lincoln Glen,1.6,41940,"San Jose-Sunnyvale-Santa Clara, CA",06085503001,Santa Clara County,0.375757575757576,0.087594588397157,0.010141987829615
65727,Bees Knees,0.6,41940,"San Jose-Sunnyvale-Santa Clara, CA",06085506603,Santa Clara County,0.547507055503293,0.095226786986464,0.034961900493052
65747,Del Rey neighborhood,0.0,41860,"San Francisco-Oakland-Fremont, CA",06013352202,Contra Costa County,0.292819745699327,0.066192969334331,0.020014825796887
65749,pit of despair,2.2,41860,"San Francisco-Oakland-Fremont, CA",06001427800,Alameda County,0.485727655591951,0.188114178755264,0.045813586097946
65755,Western Air Temple,0.0,41860,"San Francisco-Oakland-Fremont, CA",06081606600,San Mateo County,0.418707660239708,0.039343408025013,0.017126546146527
65757,Pratt Ave.,0.2,34900,"Napa, CA",06055201602,Napa County,0.192281879194631,0.153872515421522,0.030342156229826
65761,Arlington Neighborhood,1.6,41860,"San Francisco-Oakland-Fremont, CA",06013318000,Contra Costa County,0.275626423690205,0.209798270893372,0.012665198237885
65763,544 63rd St,2.4,41860,"San Francisco-Oakland-Fremont, CA",06001400500,Alameda County,0.58521144593568,0.267444810961685,0.080478745356995
65765,Alexis Dr,0.2,41940,"San Jose-Sunnyvale-Santa Clara, CA",06085511707,Santa Clara County,0.488349514563107,0.090363454484828,0.00752508361204
65769,Don Timoteo Court,0.5,42220,"Santa Rosa-Petaluma, CA",06097150303,Sonoma County,0.233772693359861,0.07525,0.067360685854256
65787,Purple Haze,2.5,41860,"San Francisco-Oakland-Fremont, CA",06001408000,Alameda County,0.393006993006993,0.045566502463054,0.081998718770019
65807,Gualala Ridge,0.0,46380,"Ukiah, CA",06045011102,Mendocino County,0.371659415786203,0.247407714641228,0.059682804674457
65841,Panoramic,0.0,41860,"San Francisco-Oakland-Fremont, CA",06041131100,Marin County,0.143856920684292,0.173221757322176,0.048286604361371
65853,Northview,2.1,41860,"San Francisco-Oakland-Fremont, CA",06013345113,Contra Costa County,0.507656807216279,0.109083280889448,0.025740025740026
65867,Hays Ct - Outdoor,0.0,41860,"San Francisco-Oakland-Fremont, CA",06001428302,Alameda County,0.557106237539163,0.050350450579316,0.04793944491169
65895,McM,2.9,41860,"San Francisco-Oakland-Fremont, CA",06075020801,San Francisco County,0.718407694362811,0.315803595385028,0.035185925629748
65899,El Cerrito - Burns Ct. - Backyard,2.0,41860,"San Francisco-Oakland-Fremont, CA",06013385100,Contra Costa County,0.489354838709677,0.139277578913114,0.061752988047809
65901,6481 Farallon Way,2.4,41860,"San Francisco-Oakland-Fremont, CA",06001404400,Alameda County,0.413189077794951,0.066117121758544,0.020813320525136
65909,Tahoe,0.6,40900,"Sacramento-Roseville-Folsom, CA",06017031602,El Dorado County,0.637455516014235,0.341800356506239,0.0
65911,180 Toyon,0.0,41860,"San Francisco-Oakland-Fremont, CA",06041114100,Marin County,0.184257602862254,0.181872509960159,0.111254019292605
65913,Blue Oaks,0.8,41860,"San Francisco-Oakland-Fremont, CA",06081613200,San Mateo County,0.249306670559042,0.075949367088608,0.044481605351171
65914,WaverlyAir,0.6,41860,"San Francisco-Oakland-Fremont, CA",06013321103,Contra Costa County,0.303563572371315,0.079567996473441,0.022884283246978
65927,Oswego Ct,2.2,41860,"San Francisco-Oakland-Fremont, CA",06013351200,Contra Costa County,0.191674208144796,0.049434512951478,0.037588388537402
65933,Hillcrest,0.2,41860,"San Francisco-Oakland-Fremont, CA",06041109001,Marin County,0.438664596273292,0.174603174603175,0.041237113402062
65935,Jason &amp; Rena,0.0,41860,"San Francisco-Oakland-Fremont, CA",06081607400,San Mateo County,0.513857053552824,0.211849957374254,0.108954715696289
65937,Stockholm Way,1.5,46020,"Truckee-Grass Valley, CA",06057001208,Nevada County,0.076923076923077,0.153846153846154,0.040441176470588
65945,La Loma Drive LAH,0.0,41940,"San Jose-Sunnyvale-Santa Clara, CA",06085511704,Santa Clara County,0.50251256281407,0.040856456194014,0.021870637505817
65947,Sunny Cove,11.4,42100,"Santa Cruz-Watsonville, CA",06087121501,Santa Cruz County,0.195054945054945,0.255102040816327,0.036255767963085
65965,"24151 Young court, Los Altos, CA 94024",0.6,41940,"San Jose-Sunnyvale-Santa Clara, CA",06085511702,Santa Clara County,0.422410745846589,0.043478260869565,0.037703513281919
65979,Precita Valley,1.8,41860,"San Francisco-Oakland-Fremont, CA",06075025200,San Francisco County,0.480117280557083,0.194429173538574,0.002317113538563
65985,Saint Germain Avenue,0.3,41860,"San Francisco-Oakland-Fremont, CA",06075030500,San Francisco County,0.561922365988909,0.115631691648822,0.016806722689076
65989,St. John the Evangelist School,3.5,40900,"Sacramento-Roseville-Folsom, CA",06067007603,Sacramento County,0.365147988027935,0.25470729202328,0.0
65991,Fairway Circle,0.9,41860,"San Francisco-Oakland-Fremont, CA",06081605600,San Mateo County,0.496684350132626,0.096118607362985,0.05091044221479
66001,Via Ventana,0.3,41940,"San Jose-Sunnyvale-Santa Clara, CA",06085511704,Santa Clara County,0.50251256281407,0.040856456194014,0.021870637505817
66003,larry,1.7,40900,"Sacramento-Roseville-Folsom, CA",06067008703,Sacramento County,0.336418511066398,0.124974762770038,0.047332531087044
66013,Skyline Resort,0.2,41860,"San Francisco-Oakland-Fremont, CA",06081613400,San Mateo County,0.132050864036518,0.117395593554752,0.075914423740511
66019,Branham and Kingspark,1.2,41940,"San Jose-Sunnyvale-Santa Clara, CA",06085512055,Santa Clara County,0.853340883352208,0.146250715512307,0.026351658337119
66045,Outside House,0.7,41860,"San Francisco-Oakland-Fremont, CA",06081609202,San Mateo County,0.529195668986852,0.1430781129157,0.0246875
66153,South Land Park,1.0,40900,"Sacramento-Roseville-Folsom, CA",06067003300,Sacramento County,0.395199314187741,0.166487647690655,0.113389121338912
66163,Lewiston Ct,0.6,41940,"San Jose-Sunnyvale-Santa Clara, CA",06085508303,Santa Clara County,0.621642662514597,0.057609964966913,0.06283185840708
66167,Philo,0.0,46380,"Ukiah, CA",06045011200,Mendocino County,0.364569961489089,0.354744996772111,0.101060511540861
66169,End of Echo Drive,1.8,41940,"San Jose-Sunnyvale-Santa Clara, CA",06085511800,Santa Clara County,0.180475980608197,0.072185430463576,0.053788771103259
66181,ARROYO CROSSINGS,0.0,41860,"San Francisco-Oakland-Fremont, CA",06001451601,Alameda County,0.296813862493013,0.071228789856424,0.042233357193987
66185,SanMiguelCyn / TwinLakes Dr,2.6,41500,"Salinas, CA",06053014601,Monterey County,0.857200811359026,0.443574958813839,0.064041540458676
66191,Flint Court,0.6,42220,"Santa Rosa-Petaluma, CA",06097150303,Sonoma County,0.233772693359861,0.07525,0.067360685854256
66199,Alicante Lane,0.1,41940,"San Jose-Sunnyvale-Santa Clara, CA",06085511701,Santa Clara County,0.453060285319834,0.0651173492867,0.035852178709322
66219,Vicksburg,0.9,41940,"San Jose-Sunnyvale-Santa Clara, CA",06085508006,Santa Clara County,0.795492289442467,0.044602609727165,0.024152345564329
66239,10th and Fulton Deck,4.1,41860,"San Francisco-Oakland-Fremont, CA",06075045201,San Francisco County,0.612435567010309,0.143549951503395,0.022352941176471
66255,Glenmoor-Fremont,0.8,41860,"San Francisco-Oakland-Fremont, CA",06001442602,Alameda County,0.707484452069483,0.254986060476088,0.032130281690141
66281,7027 Buckingham,2.1,41860,"San Francisco-Oakland-Fremont, CA",06001400100,Alameda County,0.310186601407158,0.08435960591133,0.050347222222222
66299,Loma Vista,0.5,42220,"Santa Rosa-Petaluma, CA",06097150303,Sonoma County,0.233772693359861,0.07525,0.067360685854256
66337,"Mountain View Place, San Mateo, CA",1.2,41860,"San Francisco-Oakland-Fremont, CA",06081606800,San Mateo County,0.50774481491205,0.063722897937599,0.05087440381558
66345,Murray Way,0.5,41940,"San Jose-Sunnyvale-Santa Clara, CA",06085510801,Santa Clara County,0.633422698838248,0.045040214477212,0.041132075471698
66347,San Marin East,0.2,41860,"San Francisco-Oakland-Fremont, CA",06041102203,Marin County,0.456616842872767,0.296573095151294,0.072607260726073
66353,ReyerWalk Ranch,0.0,41860,"San Francisco-Oakland-Fremont, CA",06081613400,San Mateo County,0.132050864036518,0.117395593554752,0.075914423740511
66355,Carmel Valley Ranch,0.0,41500,"Salinas, CA",06053011002,Monterey County,0.305991154000804,0.135102533172497,0.0
66365,Stepping Stones,0.3,41940,"San Jose-Sunnyvale-Santa Clara, CA",06085510200,Santa Clara County,0.387958448166207,0.041339834640661,0.035660472124561
66379,Lausanne Way,6.5,46020,"Truckee-Grass Valley, CA",06057001211,Nevada County,0.147396293027361,0.105030891438658,0.100393700787402
66387,"Sunrise Ridge, Martinez, CA, USA",0.8,41860,"San Francisco-Oakland-Fremont, CA",06013320004,Contra Costa County,0.407182906500985,0.07743597514775,0.038050917054476
66395,Sutter - Annex,1.8,41860,"San Francisco-Oakland-Fremont, CA",06013383000,Contra Costa County,0.519493844049248,0.35045368943674,0.046998867497169
66397,Meadow Lane,0.6,41860,"San Francisco-Oakland-Fremont, CA",06041103100,Marin County,0.241007194244604,0.071082167105445,0.021816198527407
66409,1335 sunrise ct,0.4,41940,"San Jose-Sunnyvale-Santa Clara, CA",06085510001,Santa Clara County,0.418663092645334,0.048947458497347,0.033395176252319
66413,HOLBROOK PALMER PARK,0.6,41860,"San Francisco-Oakland-Fremont, CA",06081611500,San Mateo County,0.329272537417334,0.041420118343195,0.03160453808752
66419,Christensen Ranch Airport,1.3,41940,"San Jose-Sunnyvale-Santa Clara, CA",06069000100,San Benito County,0.625181686046512,0.281795058139535,0.096774193548387
66421,purrington,0.0,42220,"Santa Rosa-Petaluma, CA",06097150702,Sonoma County,0.121053777487481,0.107883817427386,0.026982829108749
66427,Graystone outdoor,0.0,41940,"San Jose-Sunnyvale-Santa Clara, CA",06085511911,Santa Clara County,0.421469597940186,0.079816878980892,0.022553655874864
66441,WC 2 - OUTDOOR,4.1,41860,"San Francisco-Oakland-Fremont, CA",06013339004,Contra Costa County,0.444109671587828,0.173546248870142,0.043514644351464
66445,Tripp Home,0.0,41860,"San Francisco-Oakland-Fremont, CA",06081613400,San Mateo County,0.132050864036518,0.117395593554752,0.075914423740511
66451,Foothill Drive,0.3,41860,"San Francisco-Oakland-Fremont, CA",06013304001,Contra Costa County,0.452247667514843,0.096647280191584,0.036482334869432
66455,Rancho Penasquitos,14.2,41740,"San Diego-Chula Vista-Carlsbad, CA",06073017036,San Diego County,0.508626198083067,0.038658146964856,0.041825095057034
66457,BarronParkChimalusOutside,0.5,41940,"San Jose-Sunnyvale-Santa Clara, CA",06085511705,Santa Clara County,0.321446018563752,0.089073019161056,0.015015015015015
66461,GLMS Lafayette,1.6,41860,"San Francisco-Oakland-Fremont, CA",06013351200,Contra Costa County,0.191674208144796,0.049434512951478,0.037588388537402
66473,Anderson1,1.7,39820,"Redding, CA",06089012302,Shasta County,0.206896551724138,0.325888869036984,0.137969505392339
66483,Parkside Drive,2.1,41860,"San Francisco-Oakland-Fremont, CA",06001423800,Alameda County,0.274452554744526,0.124671532846715,0.038732394366197
67081,Turtle Rock,0.0,31080,"Los Angeles-Long Beach-Anaheim, CA",06059062630,Orange County,0.413677130044843,0.091370558375635,0.033586132177681
67089,Forbes Ave,0.0,41860,"San Francisco-Oakland-Fremont, CA",06041117000,Marin County,0.18800539083558,0.089662921348315,0.049737161342499
67091,Montclair-Pinehaven,2.5,41860,"San Francisco-Oakland-Fremont, CA",06001404400,Alameda County,0.413189077794951,0.066117121758544,0.020813320525136
67099,Hawes Right Field,0.4,41860,"San Francisco-Oakland-Fremont, CA",06081610902,San Mateo County,0.596291012838802,0.212067118886112,0.109780439121756
67115,Plant Path Research Fields,4.2,46700,"Vallejo, CA",06095253300,Solano County,0.403095558546433,0.204576043068641,0.027952480782669
67153,Sweet Drive,1.0,41860,"San Francisco-Oakland-Fremont, CA",06013351200,Contra Costa County,0.191674208144796,0.049434512951478,0.037588388537402
67189,Tahoma,1.6,40900,"Sacramento-Roseville-Folsom, CA",06017032001,El Dorado County,0.038271604938272,0.290123456790123,0.0
67191,North Livermore - Pasatiempo ST,0.8,41860,"San Francisco-Oakland-Fremont, CA",06001451202,Alameda County,0.550164173659248,0.136811382707041,0.022670807453416
67193,Crest Lane Outdoors,3.1,42100,"Santa Cruz-Watsonville, CA",06087122300,Santa Cruz County,0.417872556486418,0.247428119229755,0.023932426091037
67195,4254 Lake Drive,1.4,40900,"Sacramento-Roseville-Folsom, CA",06061022014,Placer County,0.087825560266505,0.232586311326469,0.061835748792271
67203,Hill Top,0.0,41860,"San Francisco-Oakland-Fremont, CA",06041120002,Marin County,0.226359832635983,0.088075313807531,0.094887525562372
67205,outdoor yard,0.0,46700,"Vallejo, CA",06095251600,Solano County,0.755760368663594,0.482932505818464,0.102796052631579
67207,Grand View Dr (outside),2.2,41860,"San Francisco-Oakland-Fremont, CA",06001400100,Alameda County,0.310186601407158,0.08435960591133,0.050347222222222
67213,Fernhill exterior,0.5,41860,"San Francisco-Oakland-Fremont, CA",06041118100,Marin County,0.137564052029957,0.078833267638944,0.030782761653474
67217,Surrey,2.7,41860,"San Francisco-Oakland-Fremont, CA",06001408100,Alameda County,0.626555449200055,0.087105155203063,0.068242102724861
67227,Purple.LosAltos.A,0.5,41940,"San Jose-Sunnyvale-Santa Clara, CA",06085510002,Santa Clara County,0.52760736196319,0.020858895705521,0.020327218641547
67241,Elysian Pk NE,12.3,31080,"Los Angeles-Long Beach-Anaheim, CA",06037980010,Los Angeles County,0.914285714285714,0.828571428571429,0.012987012987013
67255,Ezrati Outdoors,0.0,41860,"San Francisco-Oakland-Fremont, CA",06081611100,San Mateo County,0.390600684718332,0.033317691224777,0.030008826125331
67259,Luna Park,0.9,41940,"San Jose-Sunnyvale-Santa Clara, CA",06085500100,Santa Clara County,0.848158926989751,0.215414012738853,0.011017628205128
67261,Barrio 29,2.4,41860,"San Francisco-Oakland-Fremont, CA",06001406500,Alameda County,0.880351093316908,0.325805949229092,0.081668625146886
67263,Danger Stairs,3.5,41860,"San Francisco-Oakland-Fremont, CA",06081601700,San Mateo County,0.723306292479719,0.088859416445623,0.017289907519099
67265,Moraga CC,2.3,41860,"San Francisco-Oakland-Fremont, CA",06013352202,Contra Costa County,0.292819745699327,0.066192969334331,0.020014825796887
67269,Upper Arastradero,0.1,41940,"San Jose-Sunnyvale-Santa Clara, CA",06085511707,Santa Clara County,0.488349514563107,0.090363454484828,0.00752508361204
67271,"40 BUCKEYE, PORTOLA VALLEY, CA",0.2,41860,"San Francisco-Oakland-Fremont, CA",06081613200,San Mateo County,0.249306670559042,0.075949367088608,0.044481605351171
67279,Vasquez Trail,0.9,41500,"Salinas, CA",06053011002,Monterey County,0.305991154000804,0.135102533172497,0.0
67293,Cole Valley (Clayton and Carl Streets),3.5,41860,"San Francisco-Oakland-Fremont, CA",06075017102,San Francisco County,0.30115194733955,0.172938572219148,0.024979854955681
67301,Back yard,0.6,41940,"San Jose-Sunnyvale-Santa Clara, CA",06085510001,Santa Clara County,0.418663092645334,0.048947458497347,0.033395176252319
67305,Tunitas Air,1.3,41860,"San Francisco-Oakland-Fremont, CA",06081613800,San Mateo County,0.324557086614173,0.204338180921863,0.010752688172043
67307,Kennedy,0.7,41940,"San Jose-Sunnyvale-Santa Clara, CA",06085507002,Santa Clara County,0.217862371888726,0.140345736888368,0.049213943950786
67311,EWING ROAD - OUTSIDE,3.4,41860,"San Francisco-Oakland-Fremont, CA",06001430300,Alameda County,0.561771561771562,0.064335664335664,0.070267896354853
67313,Celaya Circle MZA,2.1,41860,"San Francisco-Oakland-Fremont, CA",06013345116,Contra Costa County,0.491388044579534,0.021996615905245,0.028100183262065
67323,LV outside,3.0,42100,"Santa Cruz-Watsonville, CA",06087122002,Santa Cruz County,0.154487821154488,0.085398526456798,0.071785268414482
67327,Indian Valley,0.0,41860,"San Francisco-Oakland-Fremont, CA",06041103200,Marin County,0.34088775647043,0.242888402625821,0.130619684082625
67343,Woodhill,1.0,41940,"San Jose-Sunnyvale-Santa Clara, CA",06085507702,Santa Clara County,0.845270474463584,0.050015110305228,0.027847309136421
67349,Fontenay Villa,2.7,42100,"Santa Cruz-Watsonville, CA",06087121100,Santa Cruz County,0.302690582959641,0.182701652089407,0.031539888682746
67353,Columbia,1.8,41860,"San Francisco-Oakland-Fremont, CA",06001430200,Alameda County,0.487877609231168,0.092279459955433,0.059214167127836
67357,10 Alhambra Ct. Portola Valley,0.1,41860,"San Francisco-Oakland-Fremont, CA",06081613200,San Mateo County,0.249306670559042,0.075949367088608,0.044481605351171
67367,BlubesAir,2.1,46020,"Truckee-Grass Valley, CA",06057001207,Nevada County,0.338150289017341,0.33134988099286,0.059737884791222
67379,Roof,2.4,42100,"Santa Cruz-Watsonville, CA",06087122100,Santa Cruz County,0.309577464788732,0.129305477131564,0.064764492753623
67381,North Beach,2.9,41860,"San Francisco-Oakland-Fremont, CA",06075010401,San Francisco County,0.40049240869922,0.125153877718506,0.076466221232368
67393,Draeger Drive,1.2,41860,"San Francisco-Oakland-Fremont, CA",06013352101,Contra Costa County,0.411245865490628,0.053414727203357,0.051282051282051
67395,WE-DavisStreet,0.0,42220,"Santa Rosa-Petaluma, CA",06097153002,Sonoma County,0.629121640343586,0.36672208367969,0.094862665310275
67397,Alberta Glen,0.8,41860,"San Francisco-Oakland-Fremont, CA",06081605000,San Mateo County,0.536246033683183,0.113901572805682,0.031727099236641
67409,Hazelwood at Mangels,3.7,41860,"San Francisco-Oakland-Fremont, CA",06075031000,San Francisco County,0.673913043478261,0.128260869565217,0.054198134162594
67413,Roland,0.4,41860,"San Francisco-Oakland-Fremont, CA",06081609603,San Mateo County,0.279798192137902,0.075094657130837,0.032975460122699
67415,San Carlos Hills,1.0,41860,"San Francisco-Oakland-Fremont, CA",06081609601,San Mateo County,0.38530612244898,0.090884353741497,0.0973630831643
67417,238 41st Ave,0.0,41860,"San Francisco-Oakland-Fremont, CA",06081607100,San Mateo County,0.417278185456971,0.038487508440243,0.075137446548564
67425,Phil,3.5,41860,"San Francisco-Oakland-Fremont, CA",06081603100,San Mateo County,0.467636579572447,0.117489589530042,0.01815269620929
67435,Lower Oak,0.1,42220,"Santa Rosa-Petaluma, CA",06097150607,Sonoma County,0.286497150372644,0.074749721913237,0.050683829444891
67463,LaPrenda Vineyards,0.8,42220,"Santa Rosa-Petaluma, CA",06097150100,Sonoma County,0.221269296740995,0.200869565217391,0.030854430379747
67465,Agrinemsors - outside,0.8,41500,"Salinas, CA",06053011002,Monterey County,0.305991154000804,0.135102533172497,0.0
67477,MH outside,3.7,42100,"Santa Cruz-Watsonville, CA",06087101001,Santa Cruz County,0.527185501066098,0.420042643923241,0.074095347501436
67479,Donald Drive,0.2,41940,"San Jose-Sunnyvale-Santa Clara, CA",06085510600,Santa Clara County,0.566393442622951,0.174098360655738,0.053679945982444
67483,Bridgegate,0.8,41860,"San Francisco-Oakland-Fremont, CA",06041107000,Marin County,0.226712977581307,0.064577397910731,0.024404941247364
67511,Andiron,0.4,46380,"Ukiah, CA",06045011001,Mendocino County,0.142403388035998,0.361872146118721,0.102285092491839
67521,Mountainside,1.7,40900,"Sacramento-Roseville-Folsom, CA",06061022011,Placer County,0.171576227390181,0.070020746887967,0.024007386888273
67527,Summerhill,0.9,41940,"San Jose-Sunnyvale-Santa Clara, CA",06085511701,Santa Clara County,0.453060285319834,0.0651173492867,0.035852178709322
67531,East of Tomales,1.1,41860,"San Francisco-Oakland-Fremont, CA",06041133000,Marin County,0.130067567567568,0.140081799591002,0.038349796629866
67533,6th Ave Btwn Lake &amp; Calif - Backyard,0.0,41860,"San Francisco-Oakland-Fremont, CA",06075040200,San Francisco County,0.56387262079063,0.095900439238653,0.022526375819789
67537,MC^2,1.5,40900,"Sacramento-Roseville-Folsom, CA",06061022011,Placer County,0.171576227390181,0.070020746887967,0.024007386888273
67539,The Airtight Garage &lt;=&gt; Hawthorne Court,0.0,41860,"San Francisco-Oakland-Fremont, CA",06041114100,Marin County,0.184257602862254,0.181872509960159,0.111254019292605
67603,University Portals,2.7,23420,"Fresno, CA",06019005409,Fresno County,0.707679132172424,0.521888412017167,0.115513126491647
67613,Purdue Hillcrest,1.8,41860,"San Francisco-Oakland-Fremont, CA",06013392000,Contra Costa County,0.26854714064915,0.086788066640837,0.06146408839779
67719,908 Middle Av,0.1,41860,"San Francisco-Oakland-Fremont, CA",06081612600,San Mateo County,0.309011893870082,0.082518483186263,0.019191506737444
67749,Tim+Nomi,2.7,41860,"San Francisco-Oakland-Fremont, CA",06001421400,Alameda County,0.224664224664225,0.173513182096873,0.0
67783,DHHWCF,2.2,41860,"San Francisco-Oakland-Fremont, CA",06013305000,Contra Costa County,0.789360269360269,0.51992435499122,0.111646102919049
67787,Leona Heights,2.4,41860,"San Francisco-Oakland-Fremont, CA",06001408100,Alameda County,0.626555449200055,0.087105155203063,0.068242102724861
67799,Hidden Lakes,0.5,41860,"San Francisco-Oakland-Fremont, CA",06013321102,Contra Costa County,0.33637697700962,0.088201224557339,0.070609535304768
67801,Sunnyhills and Hillcroft Circle,2.7,41860,"San Francisco-Oakland-Fremont, CA",06001405100,Alameda County,0.337622005323869,0.062111801242236,0.002836304700162
67805,Noel PL,2.7,41860,"San Francisco-Oakland-Fremont, CA",06001441100,Alameda County,0.559153713298791,0.130176211453745,0.082083333333333
67811,Solvang Chalet,1.6,46020,"Truckee-Grass Valley, CA",06057001210,Nevada County,0.066587395957194,0.073127229488704,0.0
67817,CBS_SV,2.0,41500,"Salinas, CA",06053011801,Monterey County,0.147664835164835,0.070741758241758,0.018867924528302
67819,Black Point - Grandview,0.1,41860,"San Francisco-Oakland-Fremont, CA",06041101100,Marin County,0.270833333333333,0.094150641025641,0.03811101905551
67827,Jetson,0.5,41860,"San Francisco-Oakland-Fremont, CA",06013340003,Contra Costa County,0.410973641742872,0.165350040860801,0.128205128205128
67837,Hillside Pool Outside,2.0,41860,"San Francisco-Oakland-Fremont, CA",06013351104,Contra Costa County,0.142171565686863,0.134373125374925,0.0
67849,McAllister,0.0,41860,"San Francisco-Oakland-Fremont, CA",06041119100,Marin County,0.168964847543212,0.12720916682851,0.068336162988115
67911,Whispering Oaks,3.3,41940,"San Jose-Sunnyvale-Santa Clara, CA",06085511911,Santa Clara County,0.421469597940186,0.079816878980892,0.022553655874864
67945,Yorkshire Place,2.0,41860,"San Francisco-Oakland-Fremont, CA",06013355113,Contra Costa County,0.459524248570902,0.123338257016248,0.033177064551028
67959,PINE LANE,0.0,41940,"San Jose-Sunnyvale-Santa Clara, CA",06085510500,Santa Clara County,0.478542160879879,0.064181737979709,0.027777777777778
67969,Bellamy,2.3,41860,"San Francisco-Oakland-Fremont, CA",06013340001,Contra Costa County,0.43984962406015,0.223208415516108,0.03731778425656
67973,Corinth,0.8,44700,"Stockton-Lodi, CA",06077004205,San Joaquin County,0.352318705259882,0.277085927770859,0.106533254855798
67975,"Terrace Ave, Kentfield",0.2,41860,"San Francisco-Oakland-Fremont, CA",06041119100,Marin County,0.168964847543212,0.12720916682851,0.068336162988115
67977,Club Drive,0.7,41860,"San Francisco-Oakland-Fremont, CA",06081609601,San Mateo County,0.38530612244898,0.090884353741497,0.0973630831643
67981,Oakraider,1.0,41860,"San Francisco-Oakland-Fremont, CA",06013346102,Contra Costa County,0.26704966641957,0.073611628773761,0.00110987791343
67985,Forest Hill,3.4,41860,"San Francisco-Oakland-Fremont, CA",06075030400,San Francisco County,0.632839224629418,0.063833841463415,0.034985422740525
67997,Eagle Rock,1.0,41860,"San Francisco-Oakland-Fremont, CA",06041124100,Marin County,0.207734806629834,0.078503980744307,0.022178734507502
68025,17000 E. HWY 120 Ripon CA. 95366,1.1,44700,"Stockton-Lodi, CA",06077005003,San Joaquin County,0.348002598246184,0.211745513866232,0.0390625
68057,SCT Outside,0.1,41500,"Salinas, CA",06053011002,Monterey County,0.305991154000804,0.135102533172497,0.0
68097,Ruth Court,1.0,41860,"San Francisco-Oakland-Fremont, CA",06081611901,San Mateo County,0.898451730418944,0.266621129326047,0.07574568288854
68117,Lynwood Place (Outside),2.1,42100,"Santa Cruz-Watsonville, CA",06087110700,Santa Cruz County,0.79532967032967,0.237962316817865,0.029166666666667
68157,Benziger Winery Terrace,0.0,42220,"Santa Rosa-Petaluma, CA",06097150501,Sonoma County,0.156294200848656,0.203119461183977,0.037012113055182
68167,Mission Blvd,0.0,42220,"Santa Rosa-Petaluma, CA",06097152204,Sonoma County,0.341334613538166,0.170089393573327,0.06585136406397
68179,35th St. &amp; Cerrito Ave.,1.5,41860,"San Francisco-Oakland-Fremont, CA",06013371000,Contra Costa County,0.732860110803324,0.141620498614958,0.08867775138559
68291,Crestwood,0.8,41940,"San Jose-Sunnyvale-Santa Clara, CA",06085503002,Santa Clara County,0.519664394336654,0.059015501767745,0.021231422505308
68321,Camp Lagunitas,0.2,41860,"San Francisco-Oakland-Fremont, CA",06041113000,Marin County,0.191860465116279,0.154804763223484,0.038292253521127
68333,Begen,1.5,41940,"San Jose-Sunnyvale-Santa Clara, CA",06085509802,Santa Clara County,0.51931602279924,0.06148969889065,0.049815498154982
68339,Bautista Ct,0.0,41940,"San Jose-Sunnyvale-Santa Clara, CA",06085511000,Santa Clara County,0.625277469478357,0.086015538290788,0.051328346659788
68347,Ceridwen,0.0,41860,"San Francisco-Oakland-Fremont, CA",06001443104,Alameda County,0.864918268367164,0.070341499628805,0.025228519195612
68349,Potting Shed,2.1,41860,"San Francisco-Oakland-Fremont, CA",06001421100,Alameda County,0.233870967741935,0.046489563567362,0.063291139240506
68353,Coronado Ave,0.0,41860,"San Francisco-Oakland-Fremont, CA",06081613502,San Mateo County,0.148280337443219,0.107142857142857,0.075389948006932
68357,Stockton ST,7.5,34900,"Napa, CA",06055201602,Napa County,0.192281879194631,0.153872515421522,0.030342156229826
68377,SERRA PARK,0.9,41940,"San Jose-Sunnyvale-Santa Clara, CA",06085508303,Santa Clara County,0.621642662514597,0.057609964966913,0.06283185840708
68389,East Mulligan Hill,1.3,41860,"San Francisco-Oakland-Fremont, CA",06013313204,Contra Costa County,0.783083219645293,0.242832764505119,0.046668921203923
68391,Cambridge,1.1,41860,"San Francisco-Oakland-Fremont, CA",06081612600,San Mateo County,0.309011893870082,0.082518483186263,0.019191506737444
68393,Dover Elementary,2.3,41860,"San Francisco-Oakland-Fremont, CA",06013368002,Contra Costa County,0.948074110190151,0.325694783032667,0.062295081967213
68397,Ramona @ Matadero Creek,0.0,41940,"San Jose-Sunnyvale-Santa Clara, CA",06085510900,Santa Clara County,0.490628660679422,0.056032799687622,0.037188545927854
68433,5819 Zileman Drive,1.0,41940,"San Jose-Sunnyvale-Santa Clara, CA",06085512029,Santa Clara County,0.580583513823417,0.0919173890872,0.083712465878071
68441,Sousa Drive,1.2,41860,"San Francisco-Oakland-Fremont, CA",06013340004,Contra Costa County,0.330203045685279,0.064753682072118,0.069115514741421
68443,San Pablo Terrace,2.1,41860,"San Francisco-Oakland-Fremont, CA",06081603000,San Mateo County,0.438251366120219,0.132768990866563,0.044722130878001
68463,SKC,0.0,42220,"Santa Rosa-Petaluma, CA",06097154100,Sonoma County,0.306160882432069,0.137772984631976,0.042950513538749
68473,purpleopolis,0.7,42220,"Santa Rosa-Petaluma, CA",06097151503,Sonoma County,0.191469194312796,0.11563981042654,0.0261748958953
68497,Mingoia Street,1.8,41860,"San Francisco-Oakland-Fremont, CA",06001450742,Alameda County,0.513739763421292,0.043494085532302,0.037596626844694
68509,South Side Yard,0.2,41860,"San Francisco-Oakland-Fremont, CA",06041107000,Marin County,0.226712977581307,0.064577397910731,0.024404941247364
68515,Lower Beatty,0.1,42100,"Santa Cruz-Watsonville, CA",06087120500,Santa Cruz County,0.231797397115723,0.114417286574566,0.069718731298624
68533,N.H. Hatton Road,2.2,41500,"Salinas, CA",06053011700,Monterey County,0.128917961297356,0.119378577269011,0.030529172320217
68553,Fox Hollow,0.0,41860,"San Francisco-Oakland-Fremont, CA",06081613400,San Mateo County,0.132050864036518,0.117395593554752,0.075914423740511
68573,Fifth Avenue,0.1,41860,"San Francisco-Oakland-Fremont, CA",06075040100,San Francisco County,0.590586565752129,0.1953143676787,0.057235421166307
68585,Graystone Deer Out,1.6,41940,"San Jose-Sunnyvale-Santa Clara, CA",06085511911,Santa Clara County,0.421469597940186,0.079816878980892,0.022553655874864
68601,Figlandia2,0.0,41860,"San Francisco-Oakland-Fremont, CA",06001423400,Alameda County,0.529274004683841,0.264817150063052,0.064148847542349
68603,Kenwood,0.1,42220,"Santa Rosa-Petaluma, CA",06097150501,Sonoma County,0.156294200848656,0.203119461183977,0.037012113055182
68605,Robson Harrington,0.1,41860,"San Francisco-Oakland-Fremont, CA",06041117000,Marin County,0.18800539083558,0.089662921348315,0.049737161342499
68617,Fremont Foothill Area,2.5,41860,"San Francisco-Oakland-Fremont, CA",06001442000,Alameda County,0.852970795568983,0.100238663484487,0.034236804564907
68625,Oakdale S.Maag,4.7,33700,"Modesto, CA",06099000205,Stanislaus County,0.552764976958525,0.246651270207852,0.097008159564823
68629,Saint Francis Way,0.3,41860,"San Francisco-Oakland-Fremont, CA",06081609300,San Mateo County,0.343577848651783,0.036578171091445,0.060622317596567
68631,McConnell Lane,1.8,41860,"San Francisco-Oakland-Fremont, CA",06013343001,Contra Costa County,0.26969696969697,0.068801897983393,0.030172413793103
68645,Kirkham outside,2.3,41860,"San Francisco-Oakland-Fremont, CA",06075030301,San Francisco County,0.628813835862294,0.121347201584943,0.051489730980619
68651,Riverwood,1.5,40900,"Sacramento-Roseville-Folsom, CA",06017031000,El Dorado County,0.256909062837734,0.32422417786012,0.053325160894882
68655,Skyline and Portola Heights Rd,0.4,41940,"San Jose-Sunnyvale-Santa Clara, CA",06085511707,Santa Clara County,0.488349514563107,0.090363454484828,0.00752508361204
68657,"Gold Coast, Morton St.",2.6,41860,"San Francisco-Oakland-Fremont, CA",06001427900,Alameda County,0.479086641058472,0.18075117370892,0.068828828828829
68661,Sarkesian Dr and Putman Way,1.2,42220,"Santa Rosa-Petaluma, CA",06097150602,Sonoma County,0.300970873786408,0.0906837430283,0.080674734140081
68667,Sunnyvale Courtyard (Outside),0.9,41940,"San Jose-Sunnyvale-Santa Clara, CA",06085508706,Santa Clara County,0.767835253738661,0.076052178193453,0.032271241830065
68669,Cherry Street,1.0,42220,"Santa Rosa-Petaluma, CA",06097150902,Sonoma County,0.223827699018539,0.121592148309706,0.072193758733116
68695,yard,0.0,41860,"San Francisco-Oakland-Fremont, CA",06075030800,San Francisco County,0.424581005586592,0.076543629869025,0.016364177328176
68699,1250 Fremont Ave - Outside,0.0,41940,"San Jose-Sunnyvale-Santa Clara, CA",06085510002,Santa Clara County,0.52760736196319,0.020858895705521,0.020327218641547
68707,Franklin St,5.1,41860,"San Francisco-Oakland-Fremont, CA",06081613600,San Mateo County,0.305985552115583,0.102933427015633,0.055661577608142
68711,Backyard,3332.3,41860,"San Francisco-Oakland-Fremont, CA",06001426200,Alameda County,0.319070150174861,0.073235959679078,0.065334997919268
68713,Austin,1.9,41860,"San Francisco-Oakland-Fremont, CA",06001436602,Alameda County,0.934348239771646,0.248315688161694,0.079063454360366
68719,Hills Of El Dorado,1.2,40900,"Sacramento-Roseville-Folsom, CA",06017030808,El Dorado County,0.261754726127,0.075294878009371,0.045855379188713
68881,Bohlman Rd and Bay Spring,0.0,41940,"San Jose-Sunnyvale-Santa Clara, CA",06085511707,Santa Clara County,0.488349514563107,0.090363454484828,0.00752508361204
68907,Space Scinces Lab - UCB,2.3,41860,"San Francisco-Oakland-Fremont, CA",06001400100,Alameda County,0.310186601407158,0.08435960591133,0.050347222222222
68939,Harbor Pegasus Racing,4.3,42100,"Santa Cruz-Watsonville, CA",06087100900,Santa Cruz County,0.229533282325937,0.21321091558276,0.03780487804878
68947,The Presentation School,1.3,42220,"Santa Rosa-Petaluma, CA",06097150203,Sonoma County,0.184072284093297,0.134045335658239,0.054573016675088
68951,Redwood,0.2,41860,"San Francisco-Oakland-Fremont, CA",06001422200,Alameda County,0.373780487804878,0.141679389312977,0.052016985138004
68967,Cedar Hill,6.6,41860,"San Francisco-Oakland-Fremont, CA",06041108100,Marin County,0.216684077003432,0.116574503063817,0.082356076759062
69029,Pine Knoll Out,1.2,41860,"San Francisco-Oakland-Fremont, CA",06013351105,Contra Costa County,0.151598676957001,0.296082949308756,0.135135135135135
69031,Rio Vista Elementary School,11.0,37100,"Oxnard-Thousand Oaks-Ventura, CA",06111000302,Ventura County,0.735982966643009,0.279136007595538,0.033615316117542
69033,Washington Ridge,2.5,46020,"Truckee-Grass Valley, CA",06057000801,Nevada County,0.161467889908257,0.302788104089219,0.087524752475248
69041,Thunderbird,0.0,41860,"San Francisco-Oakland-Fremont, CA",06041104200,Marin County,0.329040225829217,0.081863091037403,0.056946929039952
69045,Kewanee,2.6,40900,"Sacramento-Roseville-Folsom, CA",06067008006,Sacramento County,0.22920892494929,0.157734470158343,0.008251473477407
69049,"Horse Hill, Walnut Creek",1.4,41860,"San Francisco-Oakland-Fremont, CA",06013343001,Contra Costa County,0.26969696969697,0.068801897983393,0.030172413793103
69061,Frenchmans Creek,3.1,41860,"San Francisco-Oakland-Fremont, CA",06081613501,San Mateo County,0.411113727336944,0.280433246997881,0.02555910543131
69071,harmless science experiment,0.7,42100,"Santa Cruz-Watsonville, CA",06087120500,Santa Cruz County,0.231797397115723,0.114417286574566,0.069718731298624
69081,Tahoe,1.2,40900,"Sacramento-Roseville-Folsom, CA",06017032002,El Dorado County,0.319148936170213,0.333333333333333,0.0
69099,Petit Trianon,1.5,41940,"San Jose-Sunnyvale-Santa Clara, CA",06085505800,Santa Clara County,0.505893446487506,0.090994813767091,0.036419992251065
69109,Platinum St.,2.0,41860,"San Francisco-Oakland-Fremont, CA",06001440338,Alameda County,0.777045177045177,0.239714215323971,0.093413173652695
69117,Monterey Trailhead,0.4,41860,"San Francisco-Oakland-Fremont, CA",06081607000,San Mateo County,0.518917345750873,0.065192083818393,0.026345933562428
69123,Diamond A Point Paco,0.3,42220,"Santa Rosa-Petaluma, CA",06097150303,Sonoma County,0.233772693359861,0.07525,0.067360685854256
69131,Sausal Street,3.4,41860,"San Francisco-Oakland-Fremont, CA",06001406400,Alameda County,0.765588914549654,0.379084967320261,0.016634050880626
69133,"Los Gatos , Suview dr",1.0,41940,"San Jose-Sunnyvale-Santa Clara, CA",06085506900,Santa Clara County,0.336187912894544,0.059550561797753,0.039226519337017
69135,Millside Lane,1.3,41860,"San Francisco-Oakland-Fremont, CA",06041127000,Marin County,0.140366172624237,0.095466434176112,0.0708316752885
69143,Adeline Dr,1.3,41860,"San Francisco-Oakland-Fremont, CA",06081605200,San Mateo County,0.38945625172509,0.054098813138283,0.049521665728756
69155,Lily’s Place,0.3,42220,"Santa Rosa-Petaluma, CA",06097150304,Sonoma County,0.368054314811506,0.252244165170557,0.077789894583788
69173,Rolling Hills Club Tennis Swim and Fitness,0.2,41860,"San Francisco-Oakland-Fremont, CA",06041102100,Marin County,0.297862232779097,0.065675934803452,0.047297297297297
69185,Mid Los Altos,0.2,41940,"San Jose-Sunnyvale-Santa Clara, CA",06085510200,Santa Clara County,0.387958448166207,0.041339834640661,0.035660472124561
69189,Rosecrest Terrace,1.1,41940,"San Jose-Sunnyvale-Santa Clara, CA",06085500500,Santa Clara County,0.405179282868526,0.127168853152772,0.074894514767932
69191,Lexington,0.0,41860,"San Francisco-Oakland-Fremont, CA",06081606900,San Mateo County,0.46442617089739,0.070432868672047,0.050102951269732
69193,Woodside Glens (Raven),0.4,41860,"San Francisco-Oakland-Fremont, CA",06081613300,San Mateo County,0.268836869056328,0.108632040965618,0.018518518518519
69197,Arlington Way,0.4,41860,"San Francisco-Oakland-Fremont, CA",06081613900,San Mateo County,0.395250078641082,0.135178628902478,0.04832
69201,North Glendora,16.0,31080,"Los Angeles-Long Beach-Anaheim, CA",06037401001,Los Angeles County,0.537435137138621,0.106745737583395,0.008467400508044
69207,Sunset Dr - San Carlos,0.4,41860,"San Francisco-Oakland-Fremont, CA",06081609602,San Mateo County,0.425531914893617,0.031914893617021,0.033333333333333
69219,Black Dog Ranch,0.1,42220,"Santa Rosa-Petaluma, CA",06097154100,Sonoma County,0.306160882432069,0.137772984631976,0.042950513538749
69221,Crystal Heights,2.0,40900,"Sacramento-Roseville-Folsom, CA",06017031100,El Dorado County,0.250521251002406,0.269002089024586,0.037235627047959
69227,smoke,1.4,41860,"San Francisco-Oakland-Fremont, CA",06013346203,Contra Costa County,0.213736672452269,0.051078601537317,0.031011692933401
69235,"Boyd Avenue, Oakland",1.5,41860,"San Francisco-Oakland-Fremont, CA",06001400300,Alameda County,0.414486563445453,0.112839771101574,0.071507760532151
69237,Stratford Way,0.8,41860,"San Francisco-Oakland-Fremont, CA",06081607400,San Mateo County,0.513857053552824,0.211849957374254,0.108954715696289
69243,Diamond Heights Blvd,2.1,41860,"San Francisco-Oakland-Fremont, CA",06075021600,San Francisco County,0.489352061622111,0.047349342999547,0.005349500713267
69249,manzanita at villanova,1.8,41860,"San Francisco-Oakland-Fremont, CA",06001404502,Alameda County,0.340425531914894,0.042553191489362,0.033469150174622
69259,Summit West - Mountain Charlie,2.0,42100,"Santa Cruz-Watsonville, CA",06087120500,Santa Cruz County,0.231797397115723,0.114417286574566,0.069718731298624
69267,Calera Wine Company,10.5,41940,"San Jose-Sunnyvale-Santa Clara, CA",06069000802,San Benito County,0.465987200758474,0.123160892263882,0.059265811587793
69269,Dick Rothkopf,1.3,41860,"San Francisco-Oakland-Fremont, CA",06041124200,Marin County,0.201472908995266,0.056251102098395,0.166347992351816
69283,Cherry Ridge Road,1.3,42220,"Santa Rosa-Petaluma, CA",06097153602,Sonoma County,0.211297071129707,0.189005235602094,0.030762167125803
69287,Gardenview,0.0,42220,"Santa Rosa-Petaluma, CA",06097152402,Sonoma County,0.277543859649123,0.100284495021337,0.0
69301,Amber Trail Gulch,2.1,40900,"Sacramento-Roseville-Folsom, CA",06017031405,El Dorado County,0.135124298315958,0.184843624699278,0.068934646374217
69315,Apollo Ct,0.1,41860,"San Francisco-Oakland-Fremont, CA",06041103100,Marin County,0.241007194244604,0.071082167105445,0.021816198527407
69329,"Gazania, Novato",0.6,41860,"San Francisco-Oakland-Fremont, CA",06041102203,Marin County,0.456616842872767,0.296573095151294,0.072607260726073
69331,719 Keokuk,0.5,42220,"Santa Rosa-Petaluma, CA",06097150902,Sonoma County,0.223827699018539,0.121592148309706,0.072193758733116
69333,Emery Cove,1.9,41860,"San Francisco-Oakland-Fremont, CA",06001425101,Alameda County,0.545610034207526,0.096921322690992,0.05157131345689
69339,Backyard Balcony,0.7,41860,"San Francisco-Oakland-Fremont, CA",06081607000,San Mateo County,0.518917345750873,0.065192083818393,0.026345933562428
69341,Pine Knoll,0.0,46020,"Truckee-Grass Valley, CA",06057000701,Nevada County,0.107767385115901,0.224345940084045,0.056179775280899
69353,Hillsdale and Cherry,0.8,41940,"San Jose-Sunnyvale-Santa Clara, CA",06085503003,Santa Clara County,0.424356435643564,0.085148514851485,0.092164179104478
69355,GrizzlyPeakAndSummit,3.1,41860,"San Francisco-Oakland-Fremont, CA",06001421600,Alameda County,0.287493513233005,0.133874770762379,0.046242774566474
69361,Mount Carmel,1.1,41860,"San Francisco-Oakland-Fremont, CA",06081610000,San Mateo County,0.411087866108787,0.125289047719151,0.014435221941537
69373,Moon Lane,0.0,41940,"San Jose-Sunnyvale-Santa Clara, CA",06085511704,Santa Clara County,0.50251256281407,0.040856456194014,0.021870637505817
69375,Roaring Water Way,1.0,41940,"San Jose-Sunnyvale-Santa Clara, CA",06085511800,Santa Clara County,0.180475980608197,0.072185430463576,0.053788771103259
69387,College-Dartmouth outside,0.1,41940,"San Jose-Sunnyvale-Santa Clara, CA",06085511501,Santa Clara County,0.451244813278008,0.103996652019251,0.016993957703927
69389,333 outdoor,0.8,41860,"San Francisco-Oakland-Fremont, CA",06081605700,San Mateo County,0.47148871029468,0.025449674703406,0.056581532416503
69401,Caribbean - Outside,0.6,41860,"San Francisco-Oakland-Fremont, CA",06081606700,San Mateo County,0.456147376852223,0.070084100921105,0.021357742181541
69403,"Sunshine Gardens, SSF",1.8,41860,"San Francisco-Oakland-Fremont, CA",06081601901,San Mateo County,0.711519607843137,0.220343137254902,0.054928886709171
69415,Pacheco,1.2,41860,"San Francisco-Oakland-Fremont, CA",06013321200,Contra Costa County,0.600249287749288,0.19747150997151,0.075218658892128
69417,Kings Mountain Stable,0.0,41860,"San Francisco-Oakland-Fremont, CA",06081613400,San Mateo County,0.132050864036518,0.117395593554752,0.075914423740511
69419,Diamond / Conrad,3.5,41860,"San Francisco-Oakland-Fremont, CA",06075021700,San Francisco County,0.492829204693611,0.226386149463073,0.057983193277311
69435,Black Oak Farm,0.5,34900,"Napa, CA",06055201102,Napa County,0.265465172917681,0.21626887481734,0.079002079002079
69439,De Anza,0.5,41860,"San Francisco-Oakland-Fremont, CA",06081609603,San Mateo County,0.279798192137902,0.075094657130837,0.032975460122699
69443,Indian Cliffs Dr,3.0,17020,"Chico, CA",06007001602,Butte County,0.149583600256246,0.180820148530836,0.014800514800515
69451,Jasper Ridge,0.0,42220,"Santa Rosa-Petaluma, CA",06097150206,Sonoma County,0.337837837837838,0.162162162162162,0.203703703703704
69459,Fairway Dr.,0.0,41860,"San Francisco-Oakland-Fremont, CA",06041104200,Marin County,0.329040225829217,0.081863091037403,0.056946929039952
69461,Last House,1.1,41860,"San Francisco-Oakland-Fremont, CA",06075031302,San Francisco County,0.907407407407407,0.158975491278428,0.053202660133007
69469,Agate Bay,1.2,40900,"Sacramento-Roseville-Folsom, CA",06061020105,Placer County,0.184210526315789,0.07085020242915,0.044267877412032
69471,Central Belmont,2.4,41860,"San Francisco-Oakland-Fremont, CA",06081608700,San Mateo County,0.533424470266576,0.07154054439219,0.026201923076923
69479,Vinvista Farm,1.7,42220,"Santa Rosa-Petaluma, CA",06097150303,Sonoma County,0.233772693359861,0.07525,0.067360685854256
69487,Camp Quail,0.0,42220,"Santa Rosa-Petaluma, CA",06097154000,Sonoma County,0.278116826503923,0.095092024539877,0.039028620988725
69489,Valley Oak St,0.5,41860,"San Francisco-Oakland-Fremont, CA",06081613200,San Mateo County,0.249306670559042,0.075949367088608,0.044481605351171
69491,Leavesley at Crews,4.1,41940,"San Jose-Sunnyvale-Santa Clara, CA",06085512602,Santa Clara County,0.609936575052854,0.177990092002831,0.04189294026377
69505,"590 Via de la Vista, Inverness, CA 94937",4.1,41860,"San Francisco-Oakland-Fremont, CA",06041132200,Marin County,0.112403100775194,0.192691029900332,0.09969481180061
69511,Ralston Ave,1.1,41860,"San Francisco-Oakland-Fremont, CA",06081605502,San Mateo County,0.510965756060023,0.081269349845201,0.059027777777778
69515,Chicken Ranch Beach 94937,2.9,41860,"San Francisco-Oakland-Fremont, CA",06041132200,Marin County,0.112403100775194,0.192691029900332,0.09969481180061
69517,Sanborn Park Proper,0.0,41940,"San Jose-Sunnyvale-Santa Clara, CA",06085511707,Santa Clara County,0.488349514563107,0.090363454484828,0.00752508361204
69519,Falstaff Road,0.0,42220,"Santa Rosa-Petaluma, CA",06097153502,Sonoma County,0.207150368033649,0.157797681770284,0.014232673267327
69525,Parkview,0.9,41940,"San Jose-Sunnyvale-Santa Clara, CA",06085512019,Santa Clara County,0.635104450499546,0.170692057594055,0.032167832167832
69529,Glidden View,6.6,41740,"San Diego-Chula Vista-Carlsbad, CA",06073009000,San Diego County,0.595642805841513,0.234379583455559,0.040049039640376
69539,Henwood Ranch,3.9,49700,"Yuba City, CA",06115040901,Yuba County,0.466062104973894,0.278589143014605,0.070137382501808
69541,Shelter Creek,0.8,34900,"Napa, CA",06055200602,Napa County,0.454261490406069,0.269342901995963,0.061689763075548
69547,Golden Rain e12,1.8,41860,"San Francisco-Oakland-Fremont, CA",06013351104,Contra Costa County,0.142171565686863,0.134373125374925,0.0
69557,Ashley and Balir,0.0,42100,"Santa Cruz-Watsonville, CA",06087120301,Santa Cruz County,0.210322580645161,0.196324324324324,0.021961378265808
69565,929 Olympus Court,0.7,41940,"San Jose-Sunnyvale-Santa Clara, CA",06085507805,Santa Clara County,0.75,0.139846743295019,0.053814713896458
69579,Amapola Ave.,1.4,41860,"San Francisco-Oakland-Fremont, CA",06081603100,San Mateo County,0.467636579572447,0.117489589530042,0.01815269620929
69581,Stockholm #2,3.2,46020,"Truckee-Grass Valley, CA",06057001208,Nevada County,0.076923076923077,0.153846153846154,0.040441176470588
69583,Saddle Wood,0.0,41860,"San Francisco-Oakland-Fremont, CA",06041101100,Marin County,0.270833333333333,0.094150641025641,0.03811101905551
69587,Sea view,2.5,41860,"San Francisco-Oakland-Fremont, CA",06001426100,Alameda County,0.319365079365079,0.023809523809524,0.037158829332456
69599,Aspen Ct,1.2,41860,"San Francisco-Oakland-Fremont, CA",06001451201,Alameda County,0.521733386180473,0.130796670630202,0.044001966568338
69639,Cali oughtta be here,5.6,41940,"San Jose-Sunnyvale-Santa Clara, CA",06085511800,Santa Clara County,0.180475980608197,0.072185430463576,0.053788771103259
69655,Air Wolf,2.2,41860,"San Francisco-Oakland-Fremont, CA",06001421600,Alameda County,0.287493513233005,0.133874770762379,0.046242774566474
69671,Cambria_Leimert_Outside,4.7,42020,"San Luis Obispo-Paso Robles, CA",06079010404,San Luis Obispo County,0.31832298136646,0.191610564474366,0.067173637515843
69673,BT,0.6,41940,"San Jose-Sunnyvale-Santa Clara, CA",06085508401,Santa Clara County,0.678045763760049,0.058110472381905,0.085919928025191
69679,Merced Heights,2.2,41860,"San Francisco-Oakland-Fremont, CA",06075031301,San Francisco County,0.795501551189245,0.236039296794209,0.087712039718659
69681,Front Porch,2.2,41940,"San Jose-Sunnyvale-Santa Clara, CA",06069000200,San Benito County,0.459599027946537,0.110571081409478,0.033692350179508
69683,Upper Valona,0.4,41860,"San Francisco-Oakland-Fremont, CA",06013357000,Contra Costa County,0.318392134181608,0.180451127819549,0.084619213539074
69689,The Lakes,1.8,41860,"San Francisco-Oakland-Fremont, CA",06013304006,Contra Costa County,0.397023086269745,0.038897396630934,0.044811320754717
69693,HawkHaven,0.2,41860,"San Francisco-Oakland-Fremont, CA",06081613200,San Mateo County,0.249306670559042,0.075949367088608,0.044481605351171
69699,4XX S 16th St,0.7,41940,"San Jose-Sunnyvale-Santa Clara, CA",06085501300,Santa Clara County,0.615801132168349,0.398975526465566,0.039370078740157
69709,McManus Cabin,10.2,23420,"Fresno, CA",06019006409,Fresno County,0.344827586206897,0.251920122887865,0.037974683544304
69715,Orange Blossom,0.2,41860,"San Francisco-Oakland-Fremont, CA",06041108100,Marin County,0.216684077003432,0.116574503063817,0.082356076759062
69773,SCAP_14,9.9,31080,"Los Angeles-Long Beach-Anaheim, CA",06037481500,Los Angeles County,0.953113729261842,0.311566265060241,0.037662964751328
69791,The House of the Big Blue Fish,0.6,41940,"San Jose-Sunnyvale-Santa Clara, CA",06085508705,Santa Clara County,0.728209724400627,0.048397938606319,0.007380073800738
69851,3272 Thompson Ave.,0.9,41860,"San Francisco-Oakland-Fremont, CA",06001427100,Alameda County,0.420180009474183,0.047560374568753,0.064186046511628
69859,Domaine Carneros Winery,1.1,34900,"Napa, CA",06055201102,Napa County,0.265465172917681,0.21626887481734,0.079002079002079
69875,Petite Sirah,1.6,41860,"San Francisco-Oakland-Fremont, CA",06001450606,Alameda County,0.500497677504977,0.051752921535893,0.033156083828589
69881,Sun Valley - Shannon Ln,0.4,41860,"San Francisco-Oakland-Fremont, CA",06041109002,Marin County,0.223475258918297,0.090424298632043,0.03575503993914
69885,The Ranch Outside,0.8,41860,"San Francisco-Oakland-Fremont, CA",06041124100,Marin County,0.207734806629834,0.078503980744307,0.022178734507502
69889,Chapel Drive,0.6,41860,"San Francisco-Oakland-Fremont, CA",06013353002,Contra Costa County,0.248206599713056,0.020143884892086,0.020489755122439
69899,The Dunes Marina,1.9,41500,"Salinas, CA",06053014102,Monterey County,0.693575757575758,0.452351937606629,0.080612244897959
69905,Churchill Ave,0.3,41860,"San Francisco-Oakland-Fremont, CA",06081613300,San Mateo County,0.268836869056328,0.108632040965618,0.018518518518519
69907,Maggie’s Farm,0.8,42220,"Santa Rosa-Petaluma, CA",06097150303,Sonoma County,0.233772693359861,0.07525,0.067360685854256
69909,CTC 1770 Scott,3.0,41860,"San Francisco-Oakland-Fremont, CA",06075015300,San Francisco County,0.403837767117314,0.098987108655617,0.012779552715655
69913,DCK,0.2,41860,"San Francisco-Oakland-Fremont, CA",06081613400,San Mateo County,0.132050864036518,0.117395593554752,0.075914423740511
69927,Frandoras Circle,0.6,41860,"San Francisco-Oakland-Fremont, CA",06013306002,Contra Costa County,0.642036494706015,0.286100473079522,0.101123595505618
69929,Vistara1,0.0,42220,"Santa Rosa-Petaluma, CA",06097152401,Sonoma County,0.264885669006113,0.06615139804501,0.007596067917784
69931,Blackney Ranch,0.0,42220,"Santa Rosa-Petaluma, CA",06097153404,Sonoma County,0.226314309811639,0.265651438240271,0.022105263157895
69941,Garland,0.1,41940,"San Jose-Sunnyvale-Santa Clara, CA",06085511100,Santa Clara County,0.569909622541201,0.068757752968279,0.062275449101796
69949,Sammy's House,1.0,41940,"San Jose-Sunnyvale-Santa Clara, CA",06085506604,Santa Clara County,0.625645205107308,0.049171420809563,0.007220216606498
69961,Lovall Valley,2.2,42220,"Santa Rosa-Petaluma, CA",06097150206,Sonoma County,0.337837837837838,0.162162162162162,0.203703703703704
69965,Golestan School,2.7,41860,"San Francisco-Oakland-Fremont, CA",06013390200,Contra Costa County,0.337912087912088,0.073578595317726,0.044820717131474
69985,House,0.1,41860,"San Francisco-Oakland-Fremont, CA",06041114200,Marin County,0.138723150357995,0.164617691154423,0.092148309705562
69987,Bent Creek - Bridge Creek Drive,1.7,41860,"San Francisco-Oakland-Fremont, CA",06013345103,Contra Costa County,0.466704502459327,0.061406844106464,0.06484994825802
69991,Page Mill Rd,0.2,41940,"San Jose-Sunnyvale-Santa Clara, CA",06085511707,Santa Clara County,0.488349514563107,0.090363454484828,0.00752508361204
69993,Partridge Knolls,0.4,41860,"San Francisco-Oakland-Fremont, CA",06041102100,Marin County,0.297862232779097,0.065675934803452,0.047297297297297
69995,Burgandy Way,0.5,42220,"Santa Rosa-Petaluma, CA",06097153602,Sonoma County,0.211297071129707,0.189005235602094,0.030762167125803
69997,30 Maoli,0.2,41860,"San Francisco-Oakland-Fremont, CA",06041107000,Marin County,0.226712977581307,0.064577397910731,0.024404941247364
69999,Los Cedros,0.2,41860,"San Francisco-Oakland-Fremont, CA",06041103100,Marin County,0.241007194244604,0.071082167105445,0.021816198527407
70003,Alliance Redwoods Conference Grounds,0.1,42220,"Santa Rosa-Petaluma, CA",06097154306,Sonoma County,0.24739742804654,0.142682180036742,0.02441731409545
70005,Moon Mountain Road,0.0,42220,"Santa Rosa-Petaluma, CA",06097150306,Sonoma County,0.398001025115325,0.189390056381343,0.05982905982906
70007,Madera Gardens,0.1,41860,"San Francisco-Oakland-Fremont, CA",06041121100,Marin County,0.211167159506001,0.079144198991129,0.069454545454545
70011,Teahouse,0.0,42100,"Santa Cruz-Watsonville, CA",06087120901,Santa Cruz County,0.156742323097463,0.15972972972973,0.046335697399527
70013,Windsor T-S,0.0,41860,"San Francisco-Oakland-Fremont, CA",06081612700,San Mateo County,0.202519379844961,0.062166100048567,0.046121593291405
70025,8566 outside,0.0,42220,"Santa Rosa-Petaluma, CA",06097153807,Sonoma County,0.318448583822404,0.079101811686655,0.012433392539964
70027,Peachland Road,0.1,46380,"Ukiah, CA",06045011200,Mendocino County,0.364569961489089,0.354744996772111,0.101060511540861
70031,Chipper Hill,1.1,41940,"San Jose-Sunnyvale-Santa Clara, CA",06085507600,Santa Clara County,0.621136590229312,0.072857619206402,0.035968527538404
70035,S 20th Brookwood,0.7,41940,"San Jose-Sunnyvale-Santa Clara, CA",06085501502,Santa Clara County,0.811298076923077,0.324747231584015,0.03366524419156
70043,Elena Avenue,0.5,41860,"San Francisco-Oakland-Fremont, CA",06081611400,San Mateo County,0.337802869912962,0.091864224137931,0.015495296070836
70069,Leeward Road,1.0,42220,"Santa Rosa-Petaluma, CA",06097154308,Sonoma County,0.233155080213904,0.233155080213904,0.046511627906977
70075,Juniper Drive,0.8,41860,"San Francisco-Oakland-Fremont, CA",06081611500,San Mateo County,0.329272537417334,0.041420118343195,0.03160453808752
70077,Midpeninsula Regional Open Space District - SFO,0.5,41940,"San Jose-Sunnyvale-Santa Clara, CA",06085511707,Santa Clara County,0.488349514563107,0.090363454484828,0.00752508361204
70079,HORN AVE,0.4,42220,"Santa Rosa-Petaluma, CA",06097150502,Sonoma County,0.263993948562784,0.254474708171206,0.091310751104566
70083,NCEFT,0.0,41860,"San Francisco-Oakland-Fremont, CA",06081613400,San Mateo County,0.132050864036518,0.117395593554752,0.075914423740511
70091,Orinda Country Club,0.0,41860,"San Francisco-Oakland-Fremont, CA",06013354002,Contra Costa County,0.236065101541121,0.101175787487299,0.051661730832511
70097,Christmas Tree Hill,0.0,41860,"San Francisco-Oakland-Fremont, CA",06041121100,Marin County,0.211167159506001,0.079144198991129,0.069454545454545
70109,Krusi,1.6,41860,"San Francisco-Oakland-Fremont, CA",06001428200,Alameda County,0.485868725868726,0.180077821011673,0.026800129157249
70125,Northstar,1.4,40900,"Sacramento-Roseville-Folsom, CA",06061022011,Placer County,0.171576227390181,0.070020746887967,0.024007386888273
70129,Anamor,0.3,41860,"San Francisco-Oakland-Fremont, CA",06081611200,San Mateo County,0.347760060744115,0.066818526955201,0.015195369030391
70143,South Los Altos,0.2,41940,"San Jose-Sunnyvale-Santa Clara, CA",06085510002,Santa Clara County,0.52760736196319,0.020858895705521,0.020327218641547
70147,SMPH - Monroe &amp; Harrison,0.4,41940,"San Jose-Sunnyvale-Santa Clara, CA",06085505600,Santa Clara County,0.471702220287331,0.274303405572755,0.053836882282041
70153,OST RidgeRunner,0.4,41860,"San Francisco-Oakland-Fremont, CA",06081613200,San Mateo County,0.249306670559042,0.075949367088608,0.044481605351171
70159,Palo Alto Ave,0.2,41940,"San Jose-Sunnyvale-Santa Clara, CA",06085509500,Santa Clara County,0.641153632834165,0.215381771122204,0.04320987654321
70161,South Dish,0.0,41940,"San Jose-Sunnyvale-Santa Clara, CA",06085511705,Santa Clara County,0.321446018563752,0.089073019161056,0.015015015015015
70167,Mine,1.9,41860,"San Francisco-Oakland-Fremont, CA",06001451601,Alameda County,0.296813862493013,0.071228789856424,0.042233357193987
70169,MASUK-ANGIN,2.5,41860,"San Francisco-Oakland-Fremont, CA",06013381000,Contra Costa County,0.954199612113979,0.33573249362723,0.093768723786699
70173,Charmian,3.7,42220,"Santa Rosa-Petaluma, CA",06097152501,Sonoma County,0.43859649122807,0.215365551425031,0.04702455264253
70195,Sea Gate Road,2.0,42220,"Santa Rosa-Petaluma, CA",06097154307,Sonoma County,0.217113665389527,0.309067688378033,0.02112676056338
70197,"Brookdale Neighborhood, Carmel",1.5,41500,"Salinas, CA",06053011605,Monterey County,0.296043656207367,0.11395428181508,0.089647812166489
70217,TAHOE ISLAND DR,0.0,40900,"Sacramento-Roseville-Folsom, CA",06017030404,El Dorado County,0.292335115864528,0.287878787878788,0.029347028613353
70235,Pennyroyal Street,0.8,34900,"Napa, CA",06055200302,Napa County,0.453976435935199,0.242636229749632,0.092988929889299
70239,Garden,0.0,42220,"Santa Rosa-Petaluma, CA",06097154100,Sonoma County,0.306160882432069,0.137772984631976,0.042950513538749
70247,159164,1.5,41860,"San Francisco-Oakland-Fremont, CA",06081613800,San Mateo County,0.324557086614173,0.204338180921863,0.010752688172043
70249,Highlander Ranch,1.6,42020,"San Luis Obispo-Paso Robles, CA",06079010016,San Luis Obispo County,0.459277756434883,0.366467986925591,0.03610248447205
70299,Anita Court,1.0,41860,"San Francisco-Oakland-Fremont, CA",06013349000,Contra Costa County,0.25262252794497,0.174055545972054,0.122574385510996
70307,"Los Cerros, Folsom, CA",2.5,40900,"Sacramento-Roseville-Folsom, CA",06067008505,Sacramento County,0.404332129963899,0.095337873232059,0.018418201516793
70317,Middle Road,0.1,46380,"Ukiah, CA",06045010200,Mendocino County,0.299716356760164,0.546662448592218,0.178807947019868
70323,West Cliff,4.0,42100,"Santa Cruz-Watsonville, CA",06087101001,Santa Cruz County,0.527185501066098,0.420042643923241,0.074095347501436
70327,Hellfinger Farms,4.1,41860,"San Francisco-Oakland-Fremont, CA",06041102100,Marin County,0.297862232779097,0.065675934803452,0.047297297297297
70329,McBrown,0.5,42220,"Santa Rosa-Petaluma, CA",06097151100,Sonoma County,0.256860809476802,0.191423881821912,0.070051160960252
70353,SRJC Shone Farm,1.4,42220,"Santa Rosa-Petaluma, CA",06097153810,Sonoma County,0.394272564561493,0.188165066182196,0.065040650406504
70359,San Lorenzo,0.0,41860,"San Francisco-Oakland-Fremont, CA",06001435800,Alameda County,0.792333391946545,0.236334689545374,0.052044609665428
70363,JacksonSt_AlbanyCA,1.2,41860,"San Francisco-Oakland-Fremont, CA",06001420301,Alameda County,0.620415879017013,0.111490329920364,0.02560553633218
70375,Sharks,0.0,41860,"San Francisco-Oakland-Fremont, CA",06001444100,Alameda County,0.710997087782554,0.063236721675218,0.021343681785108
70379,Stevens Creek Blvd &amp; N Wolfe Rd,0.0,41940,"San Jose-Sunnyvale-Santa Clara, CA",06085508102,Santa Clara County,0.721597300337458,0.053515513805864,0.016042780748663
70403,100 Canada Vista,0.3,41860,"San Francisco-Oakland-Fremont, CA",06081613800,San Mateo County,0.324557086614173,0.204338180921863,0.010752688172043
70449,Corte Balboa,1.3,41860,"San Francisco-Oakland-Fremont, CA",06041119202,Marin County,0.238930885529158,0.046241211465657,0.017214397496088
70475,Aviator Ct,0.1,42100,"Santa Cruz-Watsonville, CA",06087120901,Santa Cruz County,0.156742323097463,0.15972972972973,0.046335697399527
70477,Buena Vista,1.2,40900,"Sacramento-Roseville-Folsom, CA",06061020402,Placer County,0.184367034834325,0.250920419144718,0.040417209908735
70495,Creekview Vinyards/FEVS,0.0,41940,"San Jose-Sunnyvale-Santa Clara, CA",06085512402,Santa Clara County,0.556233320625238,0.268966831871902,0.133001422475107
70499,Cypress Cottage,6.3,41860,"San Francisco-Oakland-Fremont, CA",06081603000,San Mateo County,0.438251366120219,0.132768990866563,0.044722130878001
70503,Edgewood,0.4,41940,"San Jose-Sunnyvale-Santa Clara, CA",06085511100,Santa Clara County,0.569909622541201,0.068757752968279,0.062275449101796
70509,Twin Creeks2-Grebob,0.2,41940,"San Jose-Sunnyvale-Santa Clara, CA",06085507301,Santa Clara County,0.567888563049853,0.078689982216953,0.046645367412141
70515,The Madison Outside,0.1,41860,"San Francisco-Oakland-Fremont, CA",06041106002,Marin County,0.42363545317977,0.146380986676269,0.081632653061224
70523,14 Arastradero,0.0,41940,"San Jose-Sunnyvale-Santa Clara, CA",06085511707,Santa Clara County,0.488349514563107,0.090363454484828,0.00752508361204
70525,Medlock Ames,0.0,42220,"Santa Rosa-Petaluma, CA",06097153807,Sonoma County,0.318448583822404,0.079101811686655,0.012433392539964
70539,Rocky Creek Road,0.6,41860,"San Francisco-Oakland-Fremont, CA",06081613200,San Mateo County,0.249306670559042,0.075949367088608,0.044481605351171
70545,"Outside Keane Drive, Carmichael",2.6,40900,"Sacramento-Roseville-Folsom, CA",06067005804,Sacramento County,0.229052466718872,0.094807238394965,0.03382084095064
70549,M-C outside,0.2,41860,"San Francisco-Oakland-Fremont, CA",06013346101,Contra Costa County,0.285671819262782,0.068668252080856,0.044585987261146
70553,West Heights,3.5,41940,"San Jose-Sunnyvale-Santa Clara, CA",06085507302,Santa Clara County,0.438257575757576,0.08274231678487,0.019340974212034
70557,MARIN VALLEY MOBILE COUNTRY CLUB,0.0,41860,"San Francisco-Oakland-Fremont, CA",06041105001,Marin County,0.612627197039778,0.379366180892898,0.161137440758294
70569,Rollingwood / Palmhaus,2.4,41860,"San Francisco-Oakland-Fremont, CA",06081603700,San Mateo County,0.667611622962438,0.132549438802779,0.047782743210725
70571,Hobby Ranch,0.1,46380,"Ukiah, CA",06045010802,Mendocino County,0.182170542635659,0.380490956072351,0.046062407132244
70577,Penryn,2.6,40900,"Sacramento-Roseville-Folsom, CA",06061020501,Placer County,0.194275491949911,0.155992844364937,0.059757942511346
70609,Spirit Rock Meditation Center,1.3,41860,"San Francisco-Oakland-Fremont, CA",06041113000,Marin County,0.191860465116279,0.154804763223484,0.038292253521127
70615,Elliot St.,0.4,41940,"San Jose-Sunnyvale-Santa Clara, CA",06085505302,Santa Clara County,0.671499585749793,0.082850041425021,0.035372144436256
70623,"Rosy Ln, Carmichael",1.4,40900,"Sacramento-Roseville-Folsom, CA",06067007802,Sacramento County,0.259407526020817,0.249481542928246,0.046191247974068
70631,Belmont Shores,0.0,41860,"San Francisco-Oakland-Fremont, CA",06081608600,San Mateo County,0.569595476294041,0.211249182472204,0.108642832349879
70635,MVXC - Byrne,0.6,41940,"San Jose-Sunnyvale-Santa Clara, CA",06085507701,Santa Clara County,0.8,0.060262008733624,0.009395184967704
70651,LeBrun Estates,0.4,41860,"San Francisco-Oakland-Fremont, CA",06001432800,Alameda County,0.629207664422579,0.134130491291916,0.049412915851272
70657,MTV,0.0,41940,"San Jose-Sunnyvale-Santa Clara, CA",06085509304,Santa Clara County,0.665190735694823,0.180177111716621,0.038824181919024
70675,Casa Rudolph,0.6,41860,"San Francisco-Oakland-Fremont, CA",06041104103,Marin County,0.354022191400832,0.165742024965326,0.024955436720143
70677,JZ Outside,70.7,41940,"San Jose-Sunnyvale-Santa Clara, CA",06085507301,Santa Clara County,0.567888563049853,0.078689982216953,0.046645367412141
70679,Home,3.0,41860,"San Francisco-Oakland-Fremont, CA",06081602602,San Mateo County,0.932951945080091,0.122188731741247,0.016872890888639
70685,Vinedo,0.2,41940,"San Jose-Sunnyvale-Santa Clara, CA",06085511704,Santa Clara County,0.50251256281407,0.040856456194014,0.021870637505817
70689,McKinnon at Phelps Backyard 10 Ft Above Grade,2.3,41860,"San Francisco-Oakland-Fremont, CA",06075061200,San Francisco County,0.900898652021967,0.310517112165876,0.011547344110855
70691,Near Sonoma Mountain Elementary School,0.2,42220,"Santa Rosa-Petaluma, CA",06097150607,Sonoma County,0.286497150372644,0.074749721913237,0.050683829444891
70695,John Scott Trail (West),10.5,40900,"Sacramento-Roseville-Folsom, CA",06061022014,Placer County,0.087825560266505,0.232586311326469,0.061835748792271
70699,EdisonPA,2.4,41860,"San Francisco-Oakland-Fremont, CA",06001428100,Alameda County,0.487258528565557,0.080558980682285,0.040202825063383
70701,Zhanger Household,2.0,41860,"San Francisco-Oakland-Fremont, CA",06081600100,San Mateo County,0.618550724637681,0.120686293624488,0.092119089316988
70703,West Dry Creek Rd - Koch,0.0,42220,"Santa Rosa-Petaluma, CA",06097154000,Sonoma County,0.278116826503923,0.095092024539877,0.039028620988725
70707,BEDlaM,1.4,41940,"San Jose-Sunnyvale-Santa Clara, CA",06085506803,Santa Clara County,0.52228490832158,0.142331635540464,0.02423915970913
70719,Red Rock Rd,0.2,41940,"San Jose-Sunnyvale-Santa Clara, CA",06085511704,Santa Clara County,0.50251256281407,0.040856456194014,0.021870637505817
70725,OAK SHADE LN,0.0,41860,"San Francisco-Oakland-Fremont, CA",06041101100,Marin County,0.270833333333333,0.094150641025641,0.03811101905551
70729,Bluebonnet,0.0,42100,"Santa Cruz-Watsonville, CA",06087120901,Santa Cruz County,0.156742323097463,0.15972972972973,0.046335697399527
70739,Pullman Ave,2.7,41860,"San Francisco-Oakland-Fremont, CA",06081608800,San Mateo County,0.454603376871615,0.019114367633004,0.028156490812092
70757,"Woodstock Circle, Vacaville",5.2,46700,"Vallejo, CA",06095252911,Solano County,0.385178236397749,0.11495791889824,0.030945315811785
70759,Natomas Park - Heron,2.8,40900,"Sacramento-Roseville-Folsom, CA",06067007110,Sacramento County,0.664608643696475,0.019318860784704,0.0
70761,Spyglass,0.5,41860,"San Francisco-Oakland-Fremont, CA",06013304001,Contra Costa County,0.452247667514843,0.096647280191584,0.036482334869432
70773,Eden Bower,0.0,41860,"San Francisco-Oakland-Fremont, CA",06081611100,San Mateo County,0.390600684718332,0.033317691224777,0.030008826125331
70777,Eccleston &amp; Sun Valley,0.5,41860,"San Francisco-Oakland-Fremont, CA",06013340001,Contra Costa County,0.43984962406015,0.223208415516108,0.03731778425656
70781,Joker,1.7,40900,"Sacramento-Roseville-Folsom, CA",06017030502,El Dorado County,0.231225296442688,0.118322121092204,0.024199288256228
70785,EstatesOutside,1.7,41940,"San Jose-Sunnyvale-Santa Clara, CA",06085503331,Santa Clara County,0.685637583892617,0.07489932885906,0.023395721925134
70793,Culver Clarkdale,8.0,31080,"Los Angeles-Long Beach-Anaheim, CA",06037702801,Los Angeles County,0.666355663370032,0.191358024691358,0.049279757391964
70859,443 Shepherd Ave,1.3,41940,"San Jose-Sunnyvale-Santa Clara, CA",06085501800,Santa Clara County,0.613587191691908,0.098865124399825,0.022159690467816
70861,Lowell Outside,0.1,41940,"San Jose-Sunnyvale-Santa Clara, CA",06085511400,Santa Clara County,0.458029689608637,0.056950067476383,0.027661795407098
70871,Bear Creek Rec,0.0,42100,"Santa Cruz-Watsonville, CA",06087120301,Santa Cruz County,0.210322580645161,0.196324324324324,0.021961378265808
70891,Hayward Park on El Camino,0.7,41860,"San Francisco-Oakland-Fremont, CA",06081606600,San Mateo County,0.418707660239708,0.039343408025013,0.017126546146527
70893,Lunardi Electric,0.0,42220,"Santa Rosa-Petaluma, CA",06097153301,Sonoma County,0.515492102065614,0.292114145443388,0.056434599156118
71001,uxoman,0.2,44700,"Stockton-Lodi, CA",06077005215,San Joaquin County,0.614920705829797,0.110341746705383,0.020175438596491
71325,"Fort Miley, SF, CA",1.4,41860,"San Francisco-Oakland-Fremont, CA",06075047902,San Francisco County,0.584179104477612,0.165074626865672,0.060506050605061
71441,Upper Coach Drive,1.1,41860,"San Francisco-Oakland-Fremont, CA",06013360102,Contra Costa County,0.514910536779324,0.120398009950249,0.056316590563166
71443,MoonRiver,29.1,41860,"San Francisco-Oakland-Fremont, CA",06001441800,Alameda County,0.676759542599452,0.095506522789499,0.014966401954795
71451,Yellow Hill,8.0,37100,"Oxnard-Thousand Oaks-Ventura, CA",06111007300,Ventura County,0.257987601335241,0.195040534096328,0.042372881355932
71461,City Hall [COSL],1.0,41860,"San Francisco-Oakland-Fremont, CA",06001432300,Alameda County,0.750923266311038,0.177882642593353,0.05076660988075
71471,Chestnut ST,0.5,41860,"San Francisco-Oakland-Fremont, CA",06081609202,San Mateo County,0.529195668986852,0.1430781129157,0.0246875
71481,KensingtonWaySJM,0.5,41860,"San Francisco-Oakland-Fremont, CA",06075030800,San Francisco County,0.424581005586592,0.076543629869025,0.016364177328176
71485,Aufmugo Sensor,0.8,41940,"San Jose-Sunnyvale-Santa Clara, CA",06085511501,Santa Clara County,0.451244813278008,0.103996652019251,0.016993957703927
71491,Monte Cristo,0.0,41860,"San Francisco-Oakland-Fremont, CA",06041131100,Marin County,0.143856920684292,0.173221757322176,0.048286604361371
71497,Roberta &amp; Turkey Farm,0.5,41860,"San Francisco-Oakland-Fremont, CA",06081613400,San Mateo County,0.132050864036518,0.117395593554752,0.075914423740511
71503,Rear deck,1.8,41860,"San Francisco-Oakland-Fremont, CA",06001404900,Alameda County,0.458128078817734,0.134075819233241,0.020074855392991
71525,Lower Alcatraz Place,1.2,41860,"San Francisco-Oakland-Fremont, CA",06041127000,Marin County,0.140366172624237,0.095466434176112,0.0708316752885
71539,M&amp;M Cerro Chico Los Gatos,3.9,41940,"San Jose-Sunnyvale-Santa Clara, CA",06085507002,Santa Clara County,0.217862371888726,0.140345736888368,0.049213943950786
71541,Felton Heights,0.0,42100,"Santa Cruz-Watsonville, CA",06087120301,Santa Cruz County,0.210322580645161,0.196324324324324,0.021961378265808
71549,Coombsville,1.5,34900,"Napa, CA",06055201402,Napa County,0.086542443064182,0.133250311332503,0.031551270815074
71561,Blaburtings,2.5,41860,"San Francisco-Oakland-Fremont, CA",06001400300,Alameda County,0.414486563445453,0.112839771101574,0.071507760532151
71565,Dixon St,13.5,42200,"Santa Maria-Santa Barbara, CA",06083000502,Santa Barbara County,0.178313253012048,0.133456904541242,0.026039783001808
71569,Alexander Ave,0.0,41860,"San Francisco-Oakland-Fremont, CA",06041109002,Marin County,0.223475258918297,0.090424298632043,0.03575503993914
71577,Hartford Avenue,0.9,41940,"San Jose-Sunnyvale-Santa Clara, CA",06085501800,Santa Clara County,0.613587191691908,0.098865124399825,0.022159690467816
71585,6820 Thornhill,3.7,41860,"San Francisco-Oakland-Fremont, CA",06001404502,Alameda County,0.340425531914894,0.042553191489362,0.033469150174622
71593,Chateau,1.4,41860,"San Francisco-Oakland-Fremont, CA",06001451601,Alameda County,0.296813862493013,0.071228789856424,0.042233357193987
71595,Washington Park Sunnyvale,0.0,41940,"San Jose-Sunnyvale-Santa Clara, CA",06085508601,Santa Clara County,0.726361767728674,0.10431654676259,0.009965337954939
71603,Tipperary Court,4.0,41860,"San Francisco-Oakland-Fremont, CA",06001428302,Alameda County,0.557106237539163,0.050350450579316,0.04793944491169
71605,Portola Hts - 5 Points,0.5,41860,"San Francisco-Oakland-Fremont, CA",06081613800,San Mateo County,0.324557086614173,0.204338180921863,0.010752688172043
71609,"Harbour Towne, Glen Cove",0.3,46700,"Vallejo, CA",06095250604,Solano County,0.812915947744639,0.259515570934256,0.077763215377894
71611,Clover rd,1.7,41860,"San Francisco-Oakland-Fremont, CA",06001436402,Alameda County,0.595238095238095,0.063248502994012,0.08155487804878
71621,197 EL TOYONAL,1.5,41860,"San Francisco-Oakland-Fremont, CA",06013354001,Contra Costa County,0.281719532554257,0.064691151919866,0.021718602455146
71639,Town and Country Drive,1.9,41860,"San Francisco-Oakland-Fremont, CA",06013345203,Contra Costa County,0.180615473109002,0.157057363888483,0.044390637610977
71641,dj,1.5,41860,"San Francisco-Oakland-Fremont, CA",06013343003,Contra Costa County,0.207694307252404,0.057447361580452,0.040351784790481
71733,White Hill School,0.8,41860,"San Francisco-Oakland-Fremont, CA",06041114200,Marin County,0.138723150357995,0.164617691154423,0.092148309705562
71753,House Wooster,0.0,42220,"Santa Rosa-Petaluma, CA",06097153903,Sonoma County,0.247139588100687,0.236460717009916,0.028341993386868
71755,Between Lexington and Rollins,1.3,41860,"San Francisco-Oakland-Fremont, CA",06081605400,San Mateo County,0.452282768777614,0.057437407952872,0.043057794151508
71763,476 McCall Drive Benicia Ca 94510,0.2,46700,"Vallejo, CA",06095252104,Solano County,0.551995888298784,0.079150248415282,0.027478260869565
71769,"1232 Kains Ave. Berkeley, CA 94706",13.3,41860,"San Francisco-Oakland-Fremont, CA",06001421900,Alameda County,0.495532480077276,0.097920696324952,0.015102040816327
71771,TnTFarms,0.8,42220,"Santa Rosa-Petaluma, CA",06097153602,Sonoma County,0.211297071129707,0.189005235602094,0.030762167125803
71781,Cedar Street Outside,2.0,41860,"San Francisco-Oakland-Fremont, CA",06001422300,Alameda County,0.47434819175778,0.165449438202247,0.067961165048544
71787,PAPA JOE,1.1,40900,"Sacramento-Roseville-Folsom, CA",06061023900,Placer County,0.338883447600392,0.153418384036637,0.041338582677165
71791,Schiller2,2.2,42100,"Santa Cruz-Watsonville, CA",06087100500,Santa Cruz County,0.360833771238395,0.442284112804344,0.06664767872401
71793,Quail Hollow Bowl,0.1,42100,"Santa Cruz-Watsonville, CA",06087120600,Santa Cruz County,0.161102031286481,0.101564324071912,0.056763285024155
71797,Oakland Near Highland OUTDOOR,3.0,41860,"San Francisco-Oakland-Fremont, CA",06001426200,Alameda County,0.319070150174861,0.073235959679078,0.065334997919268
71799,Bayliss Pl,1.0,41940,"San Jose-Sunnyvale-Santa Clara, CA",06085512035,Santa Clara County,0.755714285714286,0.157787303531333,0.045911674682991
71813,Sunland,22.5,31080,"Los Angeles-Long Beach-Anaheim, CA",06037103101,Los Angeles County,0.390682318415261,0.177916360968452,0.086441681468324
71829,Vacaville High School,2.6,46700,"Vallejo, CA",06095253203,Solano County,0.439061703212647,0.193046185781007,0.04159445407279
71841,"Pine Mountain Lake, Groveland, CA",0.0,43760,"Sonora, CA",06109004201,Tuolumne County,0.191161356628983,0.198355601233299,0.077111383108935
71845,Valley Street,0.8,41860,"San Francisco-Oakland-Fremont, CA",06001423100,Alameda County,0.586900584795322,0.397964015151515,0.048466864490603
71847,N. Inyo St. Ridgecrest,0.0,12540,"Bakersfield-Delano, CA",06029005406,Kern County,0.215068127170719,0.140718562874251,0.061151079136691
71921,Pilgrim Outside,0.0,41940,"San Jose-Sunnyvale-Santa Clara, CA",06085509801,Santa Clara County,0.56071609525418,0.107245397736869,0.040453570334048
72079,The Little School,7.8,41860,"San Francisco-Oakland-Fremont, CA",06075015401,San Francisco County,0.535650089874176,0.118429003021148,0.10725677830941
72081,California State University Maritime Academy - PEAC,0.7,46700,"Vallejo, CA",06095250801,Solano County,0.705340264650283,0.16138482023968,0.057872980082676
72101,Cowper Air,0.6,41940,"San Jose-Sunnyvale-Santa Clara, CA",06085511301,Santa Clara County,0.416050955414013,0.07961367789089,0.025617140195622
72253,Buena Vista Outside,0.3,42100,"Santa Cruz-Watsonville, CA",06087120500,Santa Cruz County,0.231797397115723,0.114417286574566,0.069718731298624
72263,580 Old la Honda outdoors,0.0,41860,"San Francisco-Oakland-Fremont, CA",06081613400,San Mateo County,0.132050864036518,0.117395593554752,0.075914423740511
72269,Dawn Drive,2.1,41940,"San Jose-Sunnyvale-Santa Clara, CA",06085508404,Santa Clara County,0.630093087135663,0.124675721043797,0.062249614791988
72299,Bryant Place,1.1,40900,"Sacramento-Roseville-Folsom, CA",06113010609,Yolo County,0.322646937936704,0.122222222222222,0.014184397163121
72325,Peach,3.2,41860,"San Francisco-Oakland-Fremont, CA",06075030301,San Francisco County,0.628813835862294,0.121347201584943,0.051489730980619
72333,Spring Street Outside,0.0,42100,"Santa Cruz-Watsonville, CA",06087100300,Santa Cruz County,0.318631381983427,0.243711117121991,0.060666335156638
72337,Aliso Woods Canyon,5.6,31080,"Los Angeles-Long Beach-Anaheim, CA",06059042326,Orange County,0.350861287398005,0.130672748004561,0.051218504750103
72343,VBCPhD2,0.8,41860,"San Francisco-Oakland-Fremont, CA",06081606900,San Mateo County,0.46442617089739,0.070432868672047,0.050102951269732
72459,San Gabriel Village,15.0,31080,"Los Angeles-Long Beach-Anaheim, CA",06037481103,Los Angeles County,0.968606431852986,0.35718418514947,0.052064631956912
72469,Thoreau Circle,1.6,41860,"San Francisco-Oakland-Fremont, CA",06041126200,Marin County,0.351674641148325,0.104343605920893,0.089968976215098
72475,Madrona Springs,2.4,46020,"Truckee-Grass Valley, CA",06057000701,Nevada County,0.107767385115901,0.224345940084045,0.056179775280899
72477,Blewett-Willow1,0.0,41940,"San Jose-Sunnyvale-Santa Clara, CA",06085502400,Santa Clara County,0.335070198292083,0.112690355329949,0.021749876421157
72479,Texafornia,0.5,41860,"San Francisco-Oakland-Fremont, CA",06081609800,San Mateo County,0.374808993669504,0.092896174863388,0.066666666666667
72485,Dirt Alpine,0.2,41860,"San Francisco-Oakland-Fremont, CA",06081613200,San Mateo County,0.249306670559042,0.075949367088608,0.044481605351171
72497,Belmont,0.8,41860,"San Francisco-Oakland-Fremont, CA",06081609000,San Mateo County,0.521425862722791,0.145988258317025,0.053375196232339
72499,TC Marna,1.0,46700,"Vallejo, CA",06095252913,Solano County,0.390523582864561,0.137386412808308,0.019262981574539
72501,Passionfruit Studio,1.0,41860,"San Francisco-Oakland-Fremont, CA",06013360101,Contra Costa County,0.619791666666667,0.143842130290062,0.098938223938224
72503,Ridgetop Ranch,0.3,41860,"San Francisco-Oakland-Fremont, CA",06081613800,San Mateo County,0.324557086614173,0.204338180921863,0.010752688172043
72527,Ross@Chabot,1.8,41860,"San Francisco-Oakland-Fremont, CA",06001400200,Alameda County,0.301350721937587,0.093153237074988,0.060985797827903
72549,Leways,2.1,41860,"San Francisco-Oakland-Fremont, CA",06001421500,Alameda County,0.18503937007874,0.11075,0.053935860058309
72553,Funston &amp; Traval,3.0,41860,"San Francisco-Oakland-Fremont, CA",06075030400,San Francisco County,0.632839224629418,0.063833841463415,0.034985422740525
72567,Pasture,0.4,41860,"San Francisco-Oakland-Fremont, CA",06001430600,Alameda County,0.614990390775144,0.183670195700995,0.034303833957913
72573,Sensor3,1.6,41500,"Salinas, CA",06053010202,Monterey County,0.591302136317396,0.277721261444557,0.033109404990403
72577,Tahoe - Outside,1.4,40900,"Sacramento-Roseville-Folsom, CA",06061022011,Placer County,0.171576227390181,0.070020746887967,0.024007386888273
72581,MOUNTAIN VIEW,0.3,41940,"San Jose-Sunnyvale-Santa Clara, CA",06085509600,Santa Clara County,0.592561983471074,0.221578366445916,0.014157014157014
72597,San Bernabe,0.0,41500,"Salinas, CA",06053012800,Monterey County,0.21025641025641,0.101742919389978,0.028812056737589
72599,MSC - Outside,0.0,41860,"San Francisco-Oakland-Fremont, CA",06041107000,Marin County,0.226712977581307,0.064577397910731,0.024404941247364
72603,S 18th St.,20.0,41940,"San Jose-Sunnyvale-Santa Clara, CA",06085501502,Santa Clara County,0.811298076923077,0.324747231584015,0.03366524419156
72609,6948Ridgewood dr,2.8,41860,"San Francisco-Oakland-Fremont, CA",06001404502,Alameda County,0.340425531914894,0.042553191489362,0.033469150174622
72613,Pinehurst Cabana Club,0.8,41940,"San Jose-Sunnyvale-Santa Clara, CA",06085512005,Santa Clara County,0.538218000904568,0.048287309491474,0.040822072072072
72615,Carlmont Outdoor Sensor,1.3,41860,"San Francisco-Oakland-Fremont, CA",06081608900,San Mateo County,0.557989867177872,0.172909467864547,0.109367455335587
72795,Windsong Ridge,0.2,41860,"San Francisco-Oakland-Fremont, CA",06013347000,Contra Costa County,0.246133254015467,0.065734681737061,0.043165467625899
72809,"Cedar Street, San Carlos",0.4,41860,"San Francisco-Oakland-Fremont, CA",06081609202,San Mateo County,0.529195668986852,0.1430781129157,0.0246875
72813,Vista Park,1.6,41940,"San Jose-Sunnyvale-Santa Clara, CA",06085512025,Santa Clara County,0.607777405296681,0.049949715051961,0.047732696897375
72827,Valencia 20th,0.0,41860,"San Francisco-Oakland-Fremont, CA",06075020701,San Francisco County,0.46352341510035,0.126473399171711,0.105200476379516
72893,Fremont Ave / Oakhurst Ave,0.1,41940,"San Jose-Sunnyvale-Santa Clara, CA",06085510001,Santa Clara County,0.418663092645334,0.048947458497347,0.033395176252319
72899,Westside Road,0.1,42220,"Santa Rosa-Petaluma, CA",06097154000,Sonoma County,0.278116826503923,0.095092024539877,0.039028620988725
72903,Bearman,0.0,46380,"Ukiah, CA",06045011200,Mendocino County,0.364569961489089,0.354744996772111,0.101060511540861
72905,Oakville Crossroad,5.8,34900,"Napa, CA",06055201500,Napa County,0.342326139088729,0.193024654239327,0.052401746724891
72917,Dunaweal Lane,0.0,34900,"Napa, CA",06055201900,Napa County,0.447682119205298,0.217218543046358,0.046486486486486
72927,Spur Trail,0.0,41860,"San Francisco-Oakland-Fremont, CA",06081604700,San Mateo County,0.67618707604427,0.133523741520885,0.026618269812462
72951,641Vistamont,2.5,41860,"San Francisco-Oakland-Fremont, CA",06001421100,Alameda County,0.233870967741935,0.046489563567362,0.063291139240506
73087,Bridgeway Lakes,1.1,40900,"Sacramento-Roseville-Folsom, CA",06113010402,Yolo County,0.504527813712807,0.110176800344976,0.035264483627204
73101,Merrill@Circle,3.0,41860,"San Francisco-Oakland-Fremont, CA",06013352102,Contra Costa County,0.415268941584731,0.044434763668046,0.052482842147759
73109,310 Carolina St,1.4,41860,"San Francisco-Oakland-Fremont, CA",06075022704,San Francisco County,0.467438105489774,0.122712594187298,0.031996915959907
73117,Funston Ave,1.6,41860,"San Francisco-Oakland-Fremont, CA",06075040200,San Francisco County,0.56387262079063,0.095900439238653,0.022526375819789
73135,Troon Avenue,8.8,31080,"Los Angeles-Long Beach-Anaheim, CA",06037269300,Los Angeles County,0.211001860217911,0.081052351846931,0.096656217345873
73137,Kentfield,0.0,41860,"San Francisco-Oakland-Fremont, CA",06041119100,Marin County,0.168964847543212,0.12720916682851,0.068336162988115
73139,Ghirard Rd - end,2.6,46020,"Truckee-Grass Valley, CA",06057001207,Nevada County,0.338150289017341,0.33134988099286,0.059737884791222
73149,Limerick,1.4,41860,"San Francisco-Oakland-Fremont, CA",06001428302,Alameda County,0.557106237539163,0.050350450579316,0.04793944491169
73195,Hihn/Azalea,0.0,42100,"Santa Cruz-Watsonville, CA",06087120600,Santa Cruz County,0.161102031286481,0.101564324071912,0.056763285024155
73215,Pacific Elementary School,0.0,42100,"Santa Cruz-Watsonville, CA",06087120200,Santa Cruz County,0.304403048264183,0.27498918217222,0.039013452914798
73219,CV Village,1.7,41500,"Salinas, CA",06053011001,Monterey County,0.110560093348891,0.158957845433255,0.057588482303539
73223,McLaughlin Reserve - mgr res,0.0,17340,"Clearlake, CA",06033001200,Lake County,0.384454409566517,0.471291866028708,0.050719152157456
73229,Green Verdugo Hill,11.7,31080,"Los Angeles-Long Beach-Anaheim, CA",06037102107,Los Angeles County,0.387755102040816,0.250650477016479,0.068945538818076
73231,Air Test 1,1.9,41860,"San Francisco-Oakland-Fremont, CA",06001428302,Alameda County,0.557106237539163,0.050350450579316,0.04793944491169
73237,Silver,2.1,41860,"San Francisco-Oakland-Fremont, CA",06075025600,San Francisco County,0.84642928187786,0.167723460830436,0.032055518836748
73239,Jack's House,0.0,41860,"San Francisco-Oakland-Fremont, CA",06041110100,Marin County,0.270559354725583,0.128415300546448,0.069163163928162
73247,Mendocino Front Porch,0.5,46380,"Ukiah, CA",06045011004,Mendocino County,0.132592298531163,0.231275720164609,0.045528455284553
73263,Pacheco Valle (Novato),0.0,41860,"San Francisco-Oakland-Fremont, CA",06041104200,Marin County,0.329040225829217,0.081863091037403,0.056946929039952
73265,Ridgecrest,0.0,41860,"San Francisco-Oakland-Fremont, CA",06041119100,Marin County,0.168964847543212,0.12720916682851,0.068336162988115
73267,DHC,0.0,34900,"Napa, CA",06055201900,Napa County,0.447682119205298,0.217218543046358,0.046486486486486
73269,Eden Valley,2.2,40900,"Sacramento-Roseville-Folsom, CA",06061022002,Placer County,0.232239614689946,0.186866394310788,0.046042257962788
73273,Alturas Drive,0.0,41860,"San Francisco-Oakland-Fremont, CA",06081605000,San Mateo County,0.536246033683183,0.113901572805682,0.031727099236641
73491,Green Valley Estates,0.8,46700,"Vallejo, CA",06095252204,Solano County,0.559920347574222,0.079833454018827,0.081490104772992
73495,Enchanted Knolls Shelley,0.7,41860,"San Francisco-Oakland-Fremont, CA",06041126200,Marin County,0.351674641148325,0.104343605920893,0.089968976215098
73497,Florence Court,1.9,41940,"San Jose-Sunnyvale-Santa Clara, CA",06085512314,Santa Clara County,0.616362865621026,0.135100286532951,0.040303738317757
73501,Aurora,0.0,33700,"Modesto, CA",06099001300,Stanislaus County,0.399081063340991,0.36546383259186,0.108959632425336
73507,Lowrey Rd,1.2,41860,"San Francisco-Oakland-Fremont, CA",06001409900,Alameda County,0.767511925684158,0.114127702362996,0.034171808258187
73515,Bannock Circle,2.1,41940,"San Jose-Sunnyvale-Santa Clara, CA",06085506604,Santa Clara County,0.625645205107308,0.049171420809563,0.007220216606498
73527,Partrick Road,0.0,34900,"Napa, CA",06055201102,Napa County,0.265465172917681,0.21626887481734,0.079002079002079
73533,Trump sucks - Vote him out!,2.1,41860,"San Francisco-Oakland-Fremont, CA",06013304003,Contra Costa County,0.310765477279658,0.148215919487649,0.060567010309278
73559,Ojibwa St,1.6,40900,"Sacramento-Roseville-Folsom, CA",06017030507,El Dorado County,0.238326258338387,0.115221346270467,0.0
73571,Lola and Papa,0.0,41860,"San Francisco-Oakland-Fremont, CA",06041121100,Marin County,0.211167159506001,0.079144198991129,0.069454545454545
73589,HolbrookHouse,0.0,42100,"Santa Cruz-Watsonville, CA",06087120901,Santa Cruz County,0.156742323097463,0.15972972972973,0.046335697399527
73601,Cannery Outdoors,2.0,40900,"Sacramento-Roseville-Folsom, CA",06113010505,Yolo County,0.513296832225264,0.115565115369574,0.01109520400859
73669,geosynch air,0.2,41940,"San Jose-Sunnyvale-Santa Clara, CA",06085509801,Santa Clara County,0.56071609525418,0.107245397736869,0.040453570334048
73673,KAC_PhD,10.2,40140,"Riverside-San Bernardino-Ontario, CA",06071010903,San Bernardino County,0.088425925925926,0.249074074074074,0.0
73683,Harper Court,1.9,42100,"Santa Cruz-Watsonville, CA",06087121403,Santa Cruz County,0.317042606516291,0.228696741854637,0.036819637139808
73685,"Midpine way Sebastopol, CA",0.1,42220,"Santa Rosa-Petaluma, CA",06097153404,Sonoma County,0.226314309811639,0.265651438240271,0.022105263157895
73687,Mill Valley Tennis Club,2.6,41860,"San Francisco-Oakland-Fremont, CA",06041126100,Marin County,0.074856674856675,0.083374283374283,0.066580894178192
73707,Pomponio,0.3,41860,"San Francisco-Oakland-Fremont, CA",06081613200,San Mateo County,0.249306670559042,0.075949367088608,0.044481605351171
73715,Carquinez Ave -- El Cerrito,2.2,41860,"San Francisco-Oakland-Fremont, CA",06013384000,Contra Costa County,0.406952430737062,0.09009718938797,0.057862190812721
73733,Pratt Barn,11.9,34900,"Napa, CA",06055201602,Napa County,0.192281879194631,0.153872515421522,0.030342156229826
73737,BV.SM Upper,0.0,41860,"San Francisco-Oakland-Fremont, CA",06081607100,San Mateo County,0.417278185456971,0.038487508440243,0.075137446548564
73785,Ozdachs,1.9,41860,"San Francisco-Oakland-Fremont, CA",06075021100,San Francisco County,0.297549886334933,0.070472341500379,0.028099754127151
73863,Zen cabin,2.0,40900,"Sacramento-Roseville-Folsom, CA",06061020200,Placer County,0.18279054916986,0.26886189258312,0.049872588278122
73899,SGA Sensor,0.7,41860,"San Francisco-Oakland-Fremont, CA",06041111002,Marin County,0.214534594325535,0.136145491285678,0.05859375
73919,736 Le Mans Way,3.0,41860,"San Francisco-Oakland-Fremont, CA",06081613501,San Mateo County,0.411113727336944,0.280433246997881,0.02555910543131
74029,Smokey McSmokeface,3.7,41860,"San Francisco-Oakland-Fremont, CA",06001428302,Alameda County,0.557106237539163,0.050350450579316,0.04793944491169
74093,Bartlett,1.9,41860,"San Francisco-Oakland-Fremont, CA",06075020900,San Francisco County,0.662762323084431,0.251893476667481,0.054858372176407
74095,2320 Blake Street,14.2,41860,"San Francisco-Oakland-Fremont, CA",06001423602,Alameda County,0.528619060850236,0.622193985599322,0.075526315789474
74151,PC2,1.4,41860,"San Francisco-Oakland-Fremont, CA",06041124100,Marin County,0.207734806629834,0.078503980744307,0.022178734507502
74157,Parker Street,1.8,41860,"San Francisco-Oakland-Fremont, CA",06001423602,Alameda County,0.528619060850236,0.622193985599322,0.075526315789474
74183,Shear Creek,0.0,42100,"Santa Cruz-Watsonville, CA",06087120500,Santa Cruz County,0.231797397115723,0.114417286574566,0.069718731298624
74253,Lindsay Wildlife Experience,1.1,41860,"San Francisco-Oakland-Fremont, CA",06013340001,Contra Costa County,0.43984962406015,0.223208415516108,0.03731778425656
74363,Petaluma Library - Outside,0.2,42220,"Santa Rosa-Petaluma, CA",06097150701,Sonoma County,0.25922904344279,0.228839486028962,0.079933665008292
74367,Sonoma Valley Library - Outside,0.6,42220,"Santa Rosa-Petaluma, CA",06097150203,Sonoma County,0.184072284093297,0.134045335658239,0.054573016675088
74397,Larkspur,0.1,41860,"San Francisco-Oakland-Fremont, CA",06041120002,Marin County,0.226359832635983,0.088075313807531,0.094887525562372
74413,Big Concrete Wall,2.0,41860,"San Francisco-Oakland-Fremont, CA",06075025100,San Francisco County,0.506455399061033,0.14231220657277,0.019153225806452
74415,Patio,1.0,41940,"San Jose-Sunnyvale-Santa Clara, CA",06085507401,Santa Clara County,0.715253089554766,0.057220247164381,0.007883326763894
74417,Skyblue Mesa,14.1,31080,"Los Angeles-Long Beach-Anaheim, CA",06037920029,Los Angeles County,0.498234175495789,0.132044650149741,0.047533092659446
74461,Lower Mines,0.1,41860,"San Francisco-Oakland-Fremont, CA",06001451103,Alameda County,0.1373989713446,0.009404388714734,0.058510638297872
74467,Back Yard,1.0,34900,"Napa, CA",06055200302,Napa County,0.453976435935199,0.242636229749632,0.092988929889299
74481,Applegate,1.7,41860,"San Francisco-Oakland-Fremont, CA",06001428302,Alameda County,0.557106237539163,0.050350450579316,0.04793944491169
74483,Bond Court,0.8,41940,"San Jose-Sunnyvale-Santa Clara, CA",06085507002,Santa Clara County,0.217862371888726,0.140345736888368,0.049213943950786
74501,Bellevue,0.0,41860,"San Francisco-Oakland-Fremont, CA",06081605800,San Mateo County,0.219243481454278,0.095482923246419,0.069254185692542
74527,Cypress Way,0.0,42220,"Santa Rosa-Petaluma, CA",06097151504,Sonoma County,0.247965533748205,0.08605851979346,0.102307357422725
74529,Edgefield Drive,2.5,41500,"Salinas, CA",06053011605,Monterey County,0.296043656207367,0.11395428181508,0.089647812166489
74717,Healdsburg Library - Outside,0.3,42220,"Santa Rosa-Petaluma, CA",06097153903,Sonoma County,0.247139588100687,0.236460717009916,0.028341993386868
74719,Rescue Redbud,1.0,40900,"Sacramento-Roseville-Folsom, CA",06017030801,El Dorado County,0.257655755015839,0.06553911205074,0.042297650130548
74721,Rohnert Park Library - Outside,0.3,42220,"Santa Rosa-Petaluma, CA",06097151305,Sonoma County,0.59185591229444,0.248394675019577,0.079641206849687
74725,Windsor Library - Outside,0.2,42220,"Santa Rosa-Petaluma, CA",06097153808,Sonoma County,0.396416573348264,0.155095184770437,0.066271018793274
74733,The Silos,2.3,41860,"San Francisco-Oakland-Fremont, CA",06001422000,Alameda County,0.505095801059927,0.172910662824208,0.022349570200573
74737,"Old Soda Springs Rd., Elev: 900 ft.",2.1,34900,"Napa, CA",06055201401,Napa County,0.247252747252747,0.107927786499215,0.027937551355793
74745,Villa San Benito,2.3,41860,"San Francisco-Oakland-Fremont, CA",06081600100,San Mateo County,0.618550724637681,0.120686293624488,0.092119089316988
74747,Central Library - Outside,1.0,42220,"Santa Rosa-Petaluma, CA",06097152000,Sonoma County,0.573560767590618,0.403448275862069,0.042157470551767
74749,Ocean Hills Golf Course Hole 10,6.2,41740,"San Diego-Chula Vista-Carlsbad, CA",06073019808,San Diego County,0.282207256137302,0.055833152291983,0.0
74825,Nobel Gulch Park,2.7,42100,"Santa Cruz-Watsonville, CA",06087121802,Santa Cruz County,0.364327979712595,0.287056813327638,0.008928571428571
74829,Hill Crest Acres,2.2,40900,"Sacramento-Roseville-Folsom, CA",06067008007,Sacramento County,0.37843366452367,0.28521332554062,0.042025862068966
74841,Walt Disney School Park,2.8,41860,"San Francisco-Oakland-Fremont, CA",06013345103,Contra Costa County,0.466704502459327,0.061406844106464,0.06484994825802
74865,Heritage Pointe,1.3,41860,"San Francisco-Oakland-Fremont, CA",06001440308,Alameda County,0.872400598902013,0.197495826377295,0.044384057971014
74967,County Station 5,0.0,42220,"Santa Rosa-Petaluma, CA",06097152204,Sonoma County,0.341334613538166,0.170089393573327,0.06585136406397
74979,60L,0.0,41860,"San Francisco-Oakland-Fremont, CA",06041132200,Marin County,0.112403100775194,0.192691029900332,0.09969481180061
75015,Jessie Ln,0.0,42220,"Santa Rosa-Petaluma, CA",06097150902,Sonoma County,0.223827699018539,0.121592148309706,0.072193758733116
75019,The Cosmic Center,1.9,41500,"Salinas, CA",06053014700,Monterey County,0.713683351468988,0.323145318143929,0.062094848174684
75027,Greenwich and Laguna,3.5,41860,"San Francisco-Oakland-Fremont, CA",06075012902,San Francisco County,0.255568934376881,0.038106945298095,0.010630220197418
75121,rex manor outside,0.4,41940,"San Jose-Sunnyvale-Santa Clara, CA",06085509202,Santa Clara County,0.526468455402466,0.073724921440657,0.02375296912114
75133,Brentwood Park,5.6,31080,"Los Angeles-Long Beach-Anaheim, CA",06037264000,Los Angeles County,0.178234501347709,0.119655172413793,0.093078758949881
75139,Hudson-Shafter,2.2,41860,"San Francisco-Oakland-Fremont, CA",06001400300,Alameda County,0.414486563445453,0.112839771101574,0.071507760532151
75153,Spyglass #16,1.9,41500,"Salinas, CA",06053011901,Monterey County,0.252897787144363,0.096980255516841,0.054088050314465
75155,Blue Dot,0.2,41860,"San Francisco-Oakland-Fremont, CA",06041133000,Marin County,0.130067567567568,0.140081799591002,0.038349796629866
75175,Backyard,0.0,41860,"San Francisco-Oakland-Fremont, CA",06041102203,Marin County,0.456616842872767,0.296573095151294,0.072607260726073
75187,Walsh Lane,0.0,41860,"San Francisco-Oakland-Fremont, CA",06041114100,Marin County,0.184257602862254,0.181872509960159,0.111254019292605
75199,Rancho Santa Margarita,0.6,41860,"San Francisco-Oakland-Fremont, CA",06041133000,Marin County,0.130067567567568,0.140081799591002,0.038349796629866
75213,Residential Outside Home,0.0,46700,"Vallejo, CA",06095252104,Solano County,0.551995888298784,0.079150248415282,0.027478260869565
75223,Zinn Drive,23.5,41860,"San Francisco-Oakland-Fremont, CA",06001404502,Alameda County,0.340425531914894,0.042553191489362,0.033469150174622
75245,near De Anza HS,1.9,41860,"San Francisco-Oakland-Fremont, CA",06013360102,Contra Costa County,0.514910536779324,0.120398009950249,0.056316590563166
75273,"Hamilton Road, Clarksburg CA",1.4,40900,"Sacramento-Roseville-Folsom, CA",06113010401,Yolo County,0.394736842105263,0.20606960950764,0.04302372336148
75275,The Airborne Institute #1,5.9,41740,"San Diego-Chula Vista-Carlsbad, CA",06073021800,San Diego County,0.257081774452165,0.064136825227151,0.042821158690176
75287,Back Yard,0.4,46700,"Vallejo, CA",06095250105,Solano County,0.839236339697169,0.16699696128947,0.117398648648649
75323,OFS,1.2,41860,"San Francisco-Oakland-Fremont, CA",06013349000,Contra Costa County,0.25262252794497,0.174055545972054,0.122574385510996
75331,Vacaville Unified School District,2.6,46700,"Vallejo, CA",06095252911,Solano County,0.385178236397749,0.11495791889824,0.030945315811785
75343,House Family,0.8,41940,"San Jose-Sunnyvale-Santa Clara, CA",06085507600,Santa Clara County,0.621136590229312,0.072857619206402,0.035968527538404
75349,Chateau,0.6,42220,"Santa Rosa-Petaluma, CA",06097150612,Sonoma County,0.314016442751153,0.104471626228193,0.026252158894646
75493,Roblar Valley N,7.4,42220,"Santa Rosa-Petaluma, CA",06097153501,Sonoma County,0.259410430839002,0.193731546672723,0.036519386834986
75515,Johnson Blvd,2.2,40900,"Sacramento-Roseville-Folsom, CA",06017030201,El Dorado County,0.404109589041096,0.371519490851233,0.013868613138686
75529,Wedgewood,0.0,42220,"Santa Rosa-Petaluma, CA",06097152401,Sonoma County,0.264885669006113,0.06615139804501,0.007596067917784
75631,HOL,10.3,31080,"Los Angeles-Long Beach-Anaheim, CA",06037700502,Los Angeles County,0.372731985484707,0.294971487817522,0.106857523302264
75695,McCarty,0.2,41940,"San Jose-Sunnyvale-Santa Clara, CA",06085509700,Santa Clara County,0.45,0.107331571994716,0.017386427369602
75717,St. Francis Wood North,3.5,41860,"San Francisco-Oakland-Fremont, CA",06075030800,San Francisco County,0.424581005586592,0.076543629869025,0.016364177328176
75721,South End of Jean Dr,0.0,42220,"Santa Rosa-Petaluma, CA",06097153404,Sonoma County,0.226314309811639,0.265651438240271,0.022105263157895
75729,Old Spanish at Lake,0.6,41860,"San Francisco-Oakland-Fremont, CA",06081613200,San Mateo County,0.249306670559042,0.075949367088608,0.044481605351171
75753,"Corallitos, CA",4.0,42100,"Santa Cruz-Watsonville, CA",06087122402,Santa Cruz County,0.323401329360532,0.171221677178229,0.061675882603148
75759,Debra Ct - Outdoor,0.8,41860,"San Francisco-Oakland-Fremont, CA",06013353002,Contra Costa County,0.248206599713056,0.020143884892086,0.020489755122439
75761,"40997 Road 612, Raymond, CA",0.0,23420,"Fresno, CA",06039000109,Madera County,0.249677141627206,0.279723303069607,0.123629112662014
75763,Glenwood,0.0,41860,"San Francisco-Oakland-Fremont, CA",06041118100,Marin County,0.137564052029957,0.078833267638944,0.030782761653474
75765,Granelli Ave.,0.0,41860,"San Francisco-Oakland-Fremont, CA",06081613701,San Mateo County,0.233138203105116,0.062111801242236,0.010411502231036
75773,Shelden and Redwood,0.0,41860,"San Francisco-Oakland-Fremont, CA",06081613800,San Mateo County,0.324557086614173,0.204338180921863,0.010752688172043
75775,Castle Hill Drive,2.7,41940,"San Jose-Sunnyvale-Santa Clara, CA",06085512305,Santa Clara County,0.56784027479605,0.026247848537005,0.029556650246305
75825,Bauer Drive,0.6,41860,"San Francisco-Oakland-Fremont, CA",06081609601,San Mateo County,0.38530612244898,0.090884353741497,0.0973630831643
75833,650ish Creston,1.6,41860,"San Francisco-Oakland-Fremont, CA",06001421100,Alameda County,0.233870967741935,0.046489563567362,0.063291139240506
75837,Del Prado,1.1,41860,"San Francisco-Oakland-Fremont, CA",06001450606,Alameda County,0.500497677504977,0.051752921535893,0.033156083828589
75839,San Vicente / Cynthia (outside),11.1,31080,"Los Angeles-Long Beach-Anaheim, CA",06037700501,Los Angeles County,0.207547169811321,0.20324814903272,0.099342332987193
75887,Ben Lomond- Outside,0.5,42100,"Santa Cruz-Watsonville, CA",06087120302,Santa Cruz County,0.128452668275677,0.221164309031556,0.124935199585277
75983,17xx Hamilton Ave,0.5,41940,"San Jose-Sunnyvale-Santa Clara, CA",06085511100,Santa Clara County,0.569909622541201,0.068757752968279,0.062275449101796
75987,Park/Fernando,0.6,41940,"San Jose-Sunnyvale-Santa Clara, CA",06085510700,Santa Clara County,0.582148829431438,0.070443143812709,0.027125372146874
76005,6 Indian Rock Ct,1.3,41860,"San Francisco-Oakland-Fremont, CA",06041124100,Marin County,0.207734806629834,0.078503980744307,0.022178734507502
76041,Pug House,1.6,43760,"Sonora, CA",06109005201,Tuolumne County,0.33971068595427,0.332665330661323,0.195580110497238
76051,Baba House - Golden Hinde BLVD,0.0,41860,"San Francisco-Oakland-Fremont, CA",06041108201,Marin County,0.571247357293869,0.265898420827998,0.107635694572217
76071,Skyline/Hansom,2.3,41860,"San Francisco-Oakland-Fremont, CA",06001408100,Alameda County,0.626555449200055,0.087105155203063,0.068242102724861
76097,Old Creek,4.0,41940,"San Jose-Sunnyvale-Santa Clara, CA",06085512200,Santa Clara County,0.508256880733945,0.04220446629789,0.021218074656189
76125,TRIS Oakland Campus,1.3,41860,"San Francisco-Oakland-Fremont, CA",06001404800,Alameda County,0.473760932944606,0.225583090379009,0.073880597014925
76137,3040 Outside,0.8,41940,"San Jose-Sunnyvale-Santa Clara, CA",06085510900,Santa Clara County,0.490628660679422,0.056032799687622,0.037188545927854
76175,pool,0.2,41860,"San Francisco-Oakland-Fremont, CA",06081609603,San Mateo County,0.279798192137902,0.075094657130837,0.032975460122699
76269,slhess.com,4.9,12540,"Bakersfield-Delano, CA",06029003600,Kern County,0.571058213528164,0.596983266556682,0.123711340206186
76347,Autumn Winds - Elk Grove Greens,1.0,40900,"Sacramento-Roseville-Folsom, CA",06067009648,Sacramento County,0.792963806631233,0.258162490508732,0.02881698685541
76355,Sunset Drive,0.0,42220,"Santa Rosa-Petaluma, CA",06097153903,Sonoma County,0.247139588100687,0.236460717009916,0.028341993386868
76369,Bennett Valley 5400s,0.3,42220,"Santa Rosa-Petaluma, CA",06097151503,Sonoma County,0.191469194312796,0.11563981042654,0.0261748958953
76373,OnTheCliff,2.3,42100,"Santa Cruz-Watsonville, CA",06087100500,Santa Cruz County,0.360833771238395,0.442284112804344,0.06664767872401
76377,Outside on Shed,0.0,41860,"San Francisco-Oakland-Fremont, CA",06081608700,San Mateo County,0.533424470266576,0.07154054439219,0.026201923076923
76381,Fewtrell,0.7,41940,"San Jose-Sunnyvale-Santa Clara, CA",06085502603,Santa Clara County,0.391275611368143,0.107391448458734,0.041365725541694
76387,Odessa Sunset,0.4,41860,"San Francisco-Oakland-Fremont, CA",06081610400,San Mateo County,0.849021902691858,0.466666666666667,0.027099364335898
76389,Ridgewood2,1.2,41860,"San Francisco-Oakland-Fremont, CA",06013345204,Contra Costa County,0.183058375634518,0.032382173773645,0.024865591397849
76397,Parkside,0.1,41940,"San Jose-Sunnyvale-Santa Clara, CA",06085510802,Santa Clara County,0.474211316975463,0.103015075376884,0.047722342733189
76401,Lewis Lights,0.4,41940,"San Jose-Sunnyvale-Santa Clara, CA",06085509106,Santa Clara County,0.667213883677298,0.205537306428907,0.043283582089552
76403,Steele Lane Community Center,0.3,42220,"Santa Rosa-Petaluma, CA",06097152100,Sonoma County,0.594046450768728,0.289451114922813,0.067096774193548
76407,Elm,3332.8,41860,"San Francisco-Oakland-Fremont, CA",06041120002,Marin County,0.226359832635983,0.088075313807531,0.094887525562372
76417,Red Hill Circle,1.1,41860,"San Francisco-Oakland-Fremont, CA",06041124200,Marin County,0.201472908995266,0.056251102098395,0.166347992351816
76427,Finley Pool,0.2,42220,"Santa Rosa-Petaluma, CA",06097153002,Sonoma County,0.629121640343586,0.36672208367969,0.094862665310275
76447,Husted-Fairdell,0.5,41940,"San Jose-Sunnyvale-Santa Clara, CA",06085502903,Santa Clara County,0.4146110056926,0.06831119544592,0.061829878484632
76451,Seven Hills Riviera,0.9,41860,"San Francisco-Oakland-Fremont, CA",06001440100,Alameda County,0.595264937993236,0.077459333849729,0.051635111876076
76463,Inverness,0.5,41860,"San Francisco-Oakland-Fremont, CA",06013313106,Contra Costa County,0.635889484071046,0.103428733352224,0.050431621990005
76481,Wilbur,0.0,42220,"Santa Rosa-Petaluma, CA",06097152201,Sonoma County,0.380996523754345,0.303009097270819,0.043230944254835
76483,Sierra Pelona Ridge AQ Station,7.2,31080,"Los Angeles-Long Beach-Anaheim, CA",06037910804,Los Angeles County,0.423793103448276,0.187586206896552,0.010691375623664
76499,Harper,0.2,41500,"Salinas, CA",06053014110,Monterey County,0.312995729103112,0.069249542403905,0.034515218073423
76511,Highridge Park,6.1,31080,"Los Angeles-Long Beach-Anaheim, CA",06037670406,Los Angeles County,0.638679791546034,0.068684516880093,0.077340569877883
76521,PA-II,13.6,40900,"Sacramento-Roseville-Folsom, CA",06067004005,Sacramento County,0.625828571428571,0.148946246744021,0.031573754316724
76563,DLC-Los Olivos,2.5,42200,"Santa Maria-Santa Barbara, CA",06083001905,Santa Barbara County,0.250894890986007,0.173045469414459,0.071743234738829
76571,Lakeview near Margaret,0.3,41860,"San Francisco-Oakland-Fremont, CA",06075031202,San Francisco County,0.939015691868759,0.229960101559666,0.03456640388114
76575,CValleVista,9.8,37100,"Oxnard-Thousand Oaks-Ventura, CA",06111005803,Ventura County,0.251346982758621,0.079471982758621,0.01013024602026
76583,Saratoga Heights,1.3,41940,"San Jose-Sunnyvale-Santa Clara, CA",06085507302,Santa Clara County,0.438257575757576,0.08274231678487,0.019340974212034
76597,Camden Near Butcher Park,0.3,41940,"San Jose-Sunnyvale-Santa Clara, CA",06085502908,Santa Clara County,0.496441831683168,0.201587795765878,0.029714621947632
76601,Pinole elevation 200 ft.,0.0,41860,"San Francisco-Oakland-Fremont, CA",06013359102,Contra Costa County,0.740169926891919,0.251091703056769,0.039379023097312
76611,Grapeland,0.1,42220,"Santa Rosa-Petaluma, CA",06097154100,Sonoma County,0.306160882432069,0.137772984631976,0.042950513538749
76625,Hiller St,0.2,41860,"San Francisco-Oakland-Fremont, CA",06081608600,San Mateo County,0.569595476294041,0.211249182472204,0.108642832349879
76627,Bancroft Ave,0.0,31080,"Los Angeles-Long Beach-Anaheim, CA",06037187300,Los Angeles County,0.435834692767809,0.152256661228929,0.098780487804878
76719,Jennifer Dr,0.1,42220,"Santa Rosa-Petaluma, CA",06097154305,Sonoma County,0.277956741831569,0.153179190751445,0.184065934065934
76729,MSP,1.9,41860,"San Francisco-Oakland-Fremont, CA",06001421800,Alameda County,0.299115044247788,0.09781152300134,0.028787878787879
76735,Josephine,1.9,41860,"San Francisco-Oakland-Fremont, CA",06001421800,Alameda County,0.299115044247788,0.09781152300134,0.028787878787879
76749,Menlo Park VA Medical Center,0.4,41860,"San Francisco-Oakland-Fremont, CA",06081613900,San Mateo County,0.395250078641082,0.135178628902478,0.04832
76751,Greendell,0.1,41940,"San Jose-Sunnyvale-Santa Clara, CA",06085510802,Santa Clara County,0.474211316975463,0.103015075376884,0.047722342733189
76759,"Pagoda Place, Montecito Heights",5.9,31080,"Los Angeles-Long Beach-Anaheim, CA",06037199300,Los Angeles County,0.804055704861959,0.244746600741656,0.095669291338583
76793,3357Brittan,0.0,41860,"San Francisco-Oakland-Fremont, CA",06081609603,San Mateo County,0.279798192137902,0.075094657130837,0.032975460122699
76823,"Ventura, Clearpoint",10.6,37100,"Oxnard-Thousand Oaks-Ventura, CA",06111009600,Ventura County,0.183412604042806,0.086644756498357,0.082702387885847
76829,Belmont,0.0,41860,"San Francisco-Oakland-Fremont, CA",06081608800,San Mateo County,0.454603376871615,0.019114367633004,0.028156490812092
76839,Park dr.,1.7,40900,"Sacramento-Roseville-Folsom, CA",06017030706,El Dorado County,0.258218451749735,0.092770655270655,0.018107908351811
76871,Out1,0.8,41940,"San Jose-Sunnyvale-Santa Clara, CA",06085507808,Santa Clara County,0.817931509206677,0.063092570246509,0.030656447850716
76943,Jeri Dawn's Sensor,0.0,41860,"San Francisco-Oakland-Fremont, CA",06001450502,Alameda County,0.584743057772103,0.080274497286945,0.032221594120972
77023,Perazul Circle,7.3,40900,"Sacramento-Roseville-Folsom, CA",06067007109,Sacramento County,0.509928514694202,0.186126555467302,0.072226999140155
77045,Star Ridge Farm,0.2,42220,"Santa Rosa-Petaluma, CA",06097150303,Sonoma County,0.233772693359861,0.07525,0.067360685854256
77049,WAPST,6.6,31080,"Los Angeles-Long Beach-Anaheim, CA",06037401801,Los Angeles County,0.542869935079472,0.046309696092619,0.047156726768377
77051,Navigator Drive,0.1,42100,"Santa Cruz-Watsonville, CA",06087120901,Santa Cruz County,0.156742323097463,0.15972972972973,0.046335697399527
77075,Fernwood backyard,0.0,41860,"San Francisco-Oakland-Fremont, CA",06013352101,Contra Costa County,0.411245865490628,0.053414727203357,0.051282051282051
77077,"Topanga,ca",6.8,31080,"Los Angeles-Long Beach-Anaheim, CA",06037800104,Los Angeles County,0.277216916780355,0.112141882673943,0.096077316657192
77149,Holman Road,1.5,41860,"San Francisco-Oakland-Fremont, CA",06001405000,Alameda County,0.430832196452933,0.067394270122783,0.05340622371741
77155,FET,2.2,41860,"San Francisco-Oakland-Fremont, CA",06013392000,Contra Costa County,0.26854714064915,0.086788066640837,0.06146408839779
77167,28 Narcissa,4.2,31080,"Los Angeles-Long Beach-Anaheim, CA",06037670603,Los Angeles County,0.626779124934106,0.048571428571429,0.039054470709147
77221,Highland and Caperton,0.0,41860,"San Francisco-Oakland-Fremont, CA",06001426100,Alameda County,0.319365079365079,0.023809523809524,0.037158829332456
77223,Iron Mountain Dr.,0.0,46020,"Truckee-Grass Valley, CA",06057000200,Nevada County,0.130046445158985,0.305983518452168,0.057228915662651
77243,Fox Apiary,0.0,41940,"San Jose-Sunnyvale-Santa Clara, CA",06085512401,Santa Clara County,0.503478260869565,0.166083916083916,0.052588666938443
77359,So Salinas 776,1.3,41500,"Salinas, CA",06053001600,Monterey County,0.603087478559177,0.212349914236707,0.05052790346908
77375,Fig Tree Farm Sonoma,0.4,42220,"Santa Rosa-Petaluma, CA",06097150100,Sonoma County,0.221269296740995,0.200869565217391,0.030854430379747
77389,Los Esteros,0.3,41940,"San Jose-Sunnyvale-Santa Clara, CA",06085504602,Santa Clara County,0.872916666666667,0.174479166666667,0.049261083743842
77391,N of Anchor Bay on Hwy 1,0.0,46380,"Ukiah, CA",06045011102,Mendocino County,0.371659415786203,0.247407714641228,0.059682804674457
77451,Big Foot Hill,0.4,42100,"Santa Cruz-Watsonville, CA",06087120700,Santa Cruz County,0.160481927710843,0.096626506024096,0.032846715328467
77481,4362 24th St_outside,2.1,41860,"San Francisco-Oakland-Fremont, CA",06075021200,San Francisco County,0.379356568364611,0.077930802821633,0.056692913385827
77543,N Orange Grove Blvd,13.8,31080,"Los Angeles-Long Beach-Anaheim, CA",06037461700,Los Angeles County,0.44011544011544,0.112655449890271,0.062586926286509
77581,PepperTop,0.1,42220,"Santa Rosa-Petaluma, CA",06097151309,Sonoma County,0.316863956081661,0.169931271477663,0.029751487574379
77583,Yolo Land &amp; Cattle Company,2.8,40900,"Sacramento-Roseville-Folsom, CA",06113011301,Yolo County,0.375365141187926,0.34031158714703,0.047075606276748
77585,South Skylonda,4.6,41860,"San Francisco-Oakland-Fremont, CA",06081613400,San Mateo County,0.132050864036518,0.117395593554752,0.075914423740511
77621,2300 Davis St,3.8,41860,"San Francisco-Oakland-Fremont, CA",06001432400,Alameda County,0.873778758272928,0.302101437825881,0.069781194559432
77625,Outside Bryant Street,0.0,41940,"San Jose-Sunnyvale-Santa Clara, CA",06085511302,Santa Clara County,0.411713791113676,0.220410628019324,0.02671972711768
77639,12550 henno,0.0,42220,"Santa Rosa-Petaluma, CA",06097150501,Sonoma County,0.156294200848656,0.203119461183977,0.037012113055182
77657,Miracle Mile,8.1,31080,"Los Angeles-Long Beach-Anaheim, CA",06037216302,Los Angeles County,0.479153702551338,0.284380833851898,0.034176653351087
77675,Cal St outside,3.7,41860,"San Francisco-Oakland-Fremont, CA",06075042700,San Francisco County,0.673360107095047,0.23320537428023,0.05435134260757
77681,Backyard,1.2,41860,"San Francisco-Oakland-Fremont, CA",06075021300,San Francisco County,0.359744648892227,0.113781449493053,0.026602176541717
77691,Woodpecker Hill Farms,0.0,41860,"San Francisco-Oakland-Fremont, CA",06013343003,Contra Costa County,0.207694307252404,0.057447361580452,0.040351784790481
77701,Lakeside,7.4,41740,"San Diego-Chula Vista-Carlsbad, CA",06073016706,San Diego County,0.313141683778234,0.308087731322824,0.104643557880968
77703,Haverhill,2.5,41860,"San Francisco-Oakland-Fremont, CA",06001404600,Alameda County,0.417916497770572,0.086137008512363,0.055648535564854
77711,Rancho San Miguel / Los Felicas,1.8,41860,"San Francisco-Oakland-Fremont, CA",06013338302,Contra Costa County,0.417558498095411,0.042304886943837,0.061057862974796
77719,Yosemite Mountain Sugar Pine Railroad,2.0,23420,"Fresno, CA",06039000103,Madera County,0.195682258510933,0.317004504504505,0.067080045095829
77721,Via Farallon La Cuesta,0.4,41860,"San Francisco-Oakland-Fremont, CA",06013354002,Contra Costa County,0.236065101541121,0.101175787487299,0.051661730832511
77723,Springpark,1.2,41940,"San Jose-Sunnyvale-Santa Clara, CA",06085512019,Santa Clara County,0.635104450499546,0.170692057594055,0.032167832167832
77725,South Mission,0.8,41860,"San Francisco-Oakland-Fremont, CA",06001443200,Alameda County,0.857103295486015,0.052617003600111,0.061872909698997
77797,4055,0.3,41860,"San Francisco-Oakland-Fremont, CA",06013354002,Contra Costa County,0.236065101541121,0.101175787487299,0.051661730832511
77801,Seaview Drive,0.0,41860,"San Francisco-Oakland-Fremont, CA",06041110100,Marin County,0.270559354725583,0.128415300546448,0.069163163928162
77807,phortknox-garage,1.6,41860,"San Francisco-Oakland-Fremont, CA",06075020401,San Francisco County,0.388546798029557,0.107153917621555,0.020433694745621
77813,Old Ranch Estate,0.8,41860,"San Francisco-Oakland-Fremont, CA",06013345112,Contra Costa County,0.638482455004532,0.054383011782986,0.040975364504776
77827,Garden Alameda,0.9,41940,"San Jose-Sunnyvale-Santa Clara, CA",06085500600,Santa Clara County,0.675234799802274,0.194760257043994,0.051932723517262
77841,MVRR,2.7,42100,"Santa Cruz-Watsonville, CA",06087122402,Santa Cruz County,0.323401329360532,0.171221677178229,0.061675882603148
77857,Blackhaus Outside,1.4,41940,"San Jose-Sunnyvale-Santa Clara, CA",06085506606,Santa Clara County,0.657582246447343,0.259295308545844,0.039851024208566
77887,Moraga Avenue,2.7,41860,"San Francisco-Oakland-Fremont, CA",06001426200,Alameda County,0.319070150174861,0.073235959679078,0.065334997919268
78015,Savanna,9.0,41740,"San Diego-Chula Vista-Carlsbad, CA",06073020706,San Diego County,0.294592413236481,0.112221494102228,0.079458709229702
78021,Point Mugu Naval Air Station,12.1,37100,"Oxnard-Thousand Oaks-Ventura, CA",06111004600,Ventura County,0.308648648648649,0.439946914399469,0.04885993485342
78023,StBernard,2.1,41860,"San Francisco-Oakland-Fremont, CA",06013345105,Contra Costa County,0.378469436868282,0.044162518066485,0.025142474019444
78039,Redwood Shores,0.4,41860,"San Francisco-Oakland-Fremont, CA",06081610303,San Mateo County,0.587787336059794,0.065294034691863,0.04834471886495
78091,Bel Air Hills,10.6,31080,"Los Angeles-Long Beach-Anaheim, CA",06037262100,Los Angeles County,0.122914122914123,0.077677841373671,0.093965517241379
78121,"Crossgates, Mojave Drive (Outside)",1.2,41940,"San Jose-Sunnyvale-Santa Clara, CA",06085511914,Santa Clara County,0.470523154733681,0.035877983246404,0.03126007089913
78129,Fairview Ave 1100 Block,14.9,31080,"Los Angeles-Long Beach-Anaheim, CA",06037480500,Los Angeles County,0.475539966771276,0.066876039164973,0.061687229076359
78133,Sierra Ventura-Los Altos,0.2,41940,"San Jose-Sunnyvale-Santa Clara, CA",06085510100,Santa Clara County,0.495622895622896,0.10976430976431,0.029757243539546
78149,Newhall Park,1.2,41860,"San Francisco-Oakland-Fremont, CA",06013334007,Contra Costa County,0.552256186317322,0.279475982532751,0.116978989210676
78217,Joseph Dr.,2.0,46020,"Truckee-Grass Valley, CA",06057000102,Nevada County,0.109456231558241,0.173857507805847,0.037439268362389
78235,Red Oak Way,0.1,41860,"San Francisco-Oakland-Fremont, CA",06081611100,San Mateo County,0.390600684718332,0.033317691224777,0.030008826125331
78245,Conn Valley,0.0,34900,"Napa, CA",06055201700,Napa County,0.436582109479306,0.183995491687799,0.054096432771462
78247,Puppy Palace and Bear Den,2.8,41860,"San Francisco-Oakland-Fremont, CA",06081613600,San Mateo County,0.305985552115583,0.102933427015633,0.055661577608142
78251,Rancho Penasquitos,14.8,41740,"San Diego-Chula Vista-Carlsbad, CA",06073017037,San Diego County,0.481268011527378,0.205571565802113,0.058782365290413
78273,Annex Air,2.1,41860,"San Francisco-Oakland-Fremont, CA",06013383000,Contra Costa County,0.519493844049248,0.35045368943674,0.046998867497169
78287,Big Redwood Park,0.1,42100,"Santa Cruz-Watsonville, CA",06087120500,Santa Cruz County,0.231797397115723,0.114417286574566,0.069718731298624
78291,Nuthouse,2.3,41940,"San Jose-Sunnyvale-Santa Clara, CA",06085502910,Santa Clara County,0.580555555555556,0.166666666666667,0.030808729139923
78317,N Ontare,10.0,42200,"Santa Maria-Santa Barbara, CA",06083000103,Santa Barbara County,0.226675881133379,0.117254088919604,0.052525252525253
78339,Front Yard,1.3,41860,"San Francisco-Oakland-Fremont, CA",06041128100,Marin County,0.234239130434783,0.088858695652174,0.049845837615622
78345,Park Avenue,0.9,41860,"San Francisco-Oakland-Fremont, CA",06013361000,Contra Costa County,0.69977880554997,0.243862852505579,0.036507339104253
78347,Bates-Warford,2.2,41860,"San Francisco-Oakland-Fremont, CA",06013353002,Contra Costa County,0.248206599713056,0.020143884892086,0.020489755122439
78349,Olympia - Outside,1.4,42220,"Santa Rosa-Petaluma, CA",06097151504,Sonoma County,0.247965533748205,0.08605851979346,0.102307357422725
78353,Outside 154,0.0,41860,"San Francisco-Oakland-Fremont, CA",06081611300,San Mateo County,0.458956732713304,0.098903330625508,0.089657738095238
78365,Calle de Amor Backyard,0.9,41940,"San Jose-Sunnyvale-Santa Clara, CA",06085506900,Santa Clara County,0.336187912894544,0.059550561797753,0.039226519337017
78373,Briar Summit,10.6,31080,"Los Angeles-Long Beach-Anaheim, CA",06037194102,Los Angeles County,0.306425702811245,0.219277108433735,0.052702702702703
78379,Sunpark,1.1,41940,"San Jose-Sunnyvale-Santa Clara, CA",06085512019,Santa Clara County,0.635104450499546,0.170692057594055,0.032167832167832
78387,South City Lights,4.2,41860,"San Francisco-Oakland-Fremont, CA",06081602601,San Mateo County,0.81640625,0.1474609375,0.030193780982425
78397,Hanna,0.4,41860,"San Francisco-Oakland-Fremont, CA",06081613900,San Mateo County,0.395250078641082,0.135178628902478,0.04832
78413,Soares Ranch Terrace,2.0,41860,"San Francisco-Oakland-Fremont, CA",06001440307,Alameda County,0.86364650747601,0.146848457755923,0.027813436029097
78427,Redding Road Campbell,1.3,41940,"San Jose-Sunnyvale-Santa Clara, CA",06085502703,Santa Clara County,0.613200498132005,0.09310079507566,0.059240717563621
78433,Pippin,2.0,42100,"Santa Cruz-Watsonville, CA",06087121200,Santa Cruz County,0.201696933611194,0.179191616766467,0.08201554543018
78453,Occidental CA,0.0,42220,"Santa Rosa-Petaluma, CA",06097154304,Sonoma County,0.216915422885572,0.269938650306748,0.014840182648402
78457,Looking Glass Farm,0.1,42220,"Santa Rosa-Petaluma, CA",06097154100,Sonoma County,0.306160882432069,0.137772984631976,0.042950513538749
78461,Vallejo,0.2,46700,"Vallejo, CA",06095250103,Solano County,0.792769376181474,0.138567037124616,0.066759388038943
78469,Laurelwood Cabana Club,0.6,41940,"San Jose-Sunnyvale-Santa Clara, CA",06085508206,Santa Clara County,0.621250635485511,0.038891713268937,0.021190716448032
78475,Centre ct,0.7,41860,"San Francisco-Oakland-Fremont, CA",06001428302,Alameda County,0.557106237539163,0.050350450579316,0.04793944491169
78493,Barbara Drive,0.7,41940,"San Jose-Sunnyvale-Santa Clara, CA",06085506804,Santa Clara County,0.385701868752716,0.061712299000435,0.070182094081942
78511,Emerald Pointe,6.5,42020,"San Luis Obispo-Paso Robles, CA",06079011706,San Luis Obispo County,0.255602468333875,0.114276250414044,0.04261572373255
78523,Byron Hot Springs Road,1.0,41860,"San Francisco-Oakland-Fremont, CA",06013304002,Contra Costa County,0.440660991487231,0.19758064516129,0.083129584352078
78535,Elk Grove - East of CA-99,1.8,40900,"Sacramento-Roseville-Folsom, CA",06067009308,Sacramento County,0.408826450972045,0.224861328402788,0.048463356973995
78537,Bennett Lane Winery,0.3,34900,"Napa, CA",06055201900,Napa County,0.447682119205298,0.217218543046358,0.046486486486486
78543,The Towers,0.9,41860,"San Francisco-Oakland-Fremont, CA",06081605600,San Mateo County,0.496684350132626,0.096118607362985,0.05091044221479
78569,Point Blue Palomarin Field Station,1.0,41860,"San Francisco-Oakland-Fremont, CA",06041132200,Marin County,0.112403100775194,0.192691029900332,0.09969481180061
78587,South Pasadena,13.2,31080,"Los Angeles-Long Beach-Anaheim, CA",06037480500,Los Angeles County,0.475539966771276,0.066876039164973,0.061687229076359
78589,Buchanan and Broadway,1.9,41860,"San Francisco-Oakland-Fremont, CA",06075013200,San Francisco County,0.354617145764437,0.077709611451943,0.012478485370052
78591,GraniteCreek near Southwood,2.9,42100,"Santa Cruz-Watsonville, CA",06087121200,Santa Cruz County,0.201696933611194,0.179191616766467,0.08201554543018
78593,Lower Orr Ranch,4.6,42220,"Santa Rosa-Petaluma, CA",06097151309,Sonoma County,0.316863956081661,0.169931271477663,0.029751487574379
78623,Los Altos,0.2,41940,"San Jose-Sunnyvale-Santa Clara, CA",06085511702,Santa Clara County,0.422410745846589,0.043478260869565,0.037703513281919
78627,Hacienda,0.6,17340,"Clearlake, CA",06033001101,Lake County,0.083487084870849,0.299392807099486,0.026192703461179
78629,Flagship &amp; Nereus,0.7,46700,"Vallejo, CA",06095250801,Solano County,0.705340264650283,0.16138482023968,0.057872980082676
78635,Baltimore St,7.5,31080,"Los Angeles-Long Beach-Anaheim, CA",06037183401,Los Angeles County,0.77773178807947,0.292120704107293,0.050110537951363
78637,AFC,5.8,31080,"Los Angeles-Long Beach-Anaheim, CA",06037552302,Los Angeles County,0.711737089201878,0.278982092365693,0.021468441391155
78743,Low Gap KBAD,0.0,46380,"Ukiah, CA",06045011300,Mendocino County,0.488497761309248,0.494885306881587,0.029255319148936
78773,Snowshoe Cabin,1.8,40900,"Sacramento-Roseville-Folsom, CA",06061022100,Placer County,0.081858407079646,0.064159292035398,0.007058823529412
78781,Oliven,0.0,34900,"Napa, CA",06055201900,Napa County,0.447682119205298,0.217218543046358,0.046486486486486
78785,Emshee Lane,0.4,41860,"San Francisco-Oakland-Fremont, CA",06013320004,Contra Costa County,0.407182906500985,0.07743597514775,0.038050917054476
78819,Dolores Ave,0.8,41940,"San Jose-Sunnyvale-Santa Clara, CA",06085505902,Santa Clara County,0.496455696202532,0.192368421052632,0.022268907563025
78827,Berta road,0.0,21700,"Eureka-Arcata, CA",06023010702,Humboldt County,0.221458946679751,0.545157068062827,0.076368876080692
78829,Shotwell Design Lab,1.3,41860,"San Francisco-Oakland-Fremont, CA",06075022801,San Francisco County,0.570505050505051,0.187436263512135,0.076992753623188
78839,5 Descanso Drive,1.7,41860,"San Francisco-Oakland-Fremont, CA",06013352201,Contra Costa County,0.396869851729819,0.244610281923715,0.062921348314607
78919,19yoZemite,0.3,41500,"Salinas, CA",06053013900,Monterey County,0.592400690846287,0.314991334488735,0.018837018837019
78937,817,0.0,41860,"San Francisco-Oakland-Fremont, CA",06001421200,Alameda County,0.304751194827102,0.0152241330702,0.045996592844974
78939,exterior,0.0,41940,"San Jose-Sunnyvale-Santa Clara, CA",06085509106,Santa Clara County,0.667213883677298,0.205537306428907,0.043283582089552
78955,Green and Baker,7.7,41860,"San Francisco-Oakland-Fremont, CA",06075012801,San Francisco County,0.274411424160556,0.054033191817831,0.027620841180163
78961,"Ohlone College, Fremont, Building 19",2.2,41860,"San Francisco-Oakland-Fremont, CA",06001443103,Alameda County,0.812121212121212,0.059393939393939,0.056440600819299
78977,RanchoPQ1959,13.8,41740,"San Diego-Chula Vista-Carlsbad, CA",06073008337,San Diego County,0.56253825749847,0.03060599877576,0.053867962737951
79045,5Roses,0.9,40900,"Sacramento-Roseville-Folsom, CA",06017030712,El Dorado County,0.299857983363765,0.055386488131467,0.014918625678119
79057,11950,0.9,41940,"San Jose-Sunnyvale-Santa Clara, CA",06085511704,Santa Clara County,0.50251256281407,0.040856456194014,0.021870637505817
79083,Alizia Canyon,4.5,31080,"Los Angeles-Long Beach-Anaheim, CA",06037800205,Los Angeles County,0.460356788899901,0.213647642679901,0.067164179104478
79085,Ashwood,8.3,31080,"Los Angeles-Long Beach-Anaheim, CA",06037272100,Los Angeles County,0.354314488441291,0.170290684367132,0.067645921917279
79105,Rainier,0.6,41860,"San Francisco-Oakland-Fremont, CA",06013313106,Contra Costa County,0.635889484071046,0.103428733352224,0.050431621990005
79163,El Cajon Way,0.7,41940,"San Jose-Sunnyvale-Santa Clara, CA",06085511100,Santa Clara County,0.569909622541201,0.068757752968279,0.062275449101796
79169,eadhar ur,0.3,42220,"Santa Rosa-Petaluma, CA",06097151702,Sonoma County,0.23535039464243,0.247049769112365,0.087155963302752
79173,Inverness ridge,1.0,41860,"San Francisco-Oakland-Fremont, CA",06041132200,Marin County,0.112403100775194,0.192691029900332,0.09969481180061
79177,Emerson,0.4,41940,"San Jose-Sunnyvale-Santa Clara, CA",06085502703,Santa Clara County,0.613200498132005,0.09310079507566,0.059240717563621
79213,Lake View Oaks,0.3,40900,"Sacramento-Roseville-Folsom, CA",06067008512,Sacramento County,0.411907654921021,0.047185095180235,0.042741624951868
79225,"Ohlone College, Fremont, East",1.0,41860,"San Francisco-Oakland-Fremont, CA",06001443103,Alameda County,0.812121212121212,0.059393939393939,0.056440600819299
79313,2272 26th Street,8.4,31080,"Los Angeles-Long Beach-Anaheim, CA",06037702300,Los Angeles County,0.380645161290323,0.22932107915802,0.034097108565194
79321,BryCyn Station,1.9,40900,"Sacramento-Roseville-Folsom, CA",06061021324,Placer County,0.268348275338095,0.020057741984501,0.064788732394366
79325,San Vicente,1.2,41940,"San Jose-Sunnyvale-Santa Clara, CA",06085511911,Santa Clara County,0.421469597940186,0.079816878980892,0.022553655874864
79335,Mount Wilson Observatory,18.2,31080,"Los Angeles-Long Beach-Anaheim, CA",06037930400,Los Angeles County,0.609400324149109,0.206273764258555,0.069548872180451
79337,Phillips Ave.,0.2,42220,"Santa Rosa-Petaluma, CA",06097150702,Sonoma County,0.121053777487481,0.107883817427386,0.026982829108749
79339,Kelly Elementary / Old Carlsbad,4.3,41740,"San Diego-Chula Vista-Carlsbad, CA",06073017810,San Diego County,0.209553478712357,0.101959966638866,0.039844509232264
79347,Apple Road,0.0,40900,"Sacramento-Roseville-Folsom, CA",06067009404,Sacramento County,0.40829533754964,0.141448336767736,0.016601267733172
79355,Worker,0.4,42220,"Santa Rosa-Petaluma, CA",06097151203,Sonoma County,0.313696612665685,0.20576478013886,0.033466715169152
79357,Burlingame Fitness,1.4,41860,"San Francisco-Oakland-Fremont, CA",06081605502,San Mateo County,0.510965756060023,0.081269349845201,0.059027777777778
79361,Hiddenlake Drive,0.5,41940,"San Jose-Sunnyvale-Santa Clara, CA",06085504806,Santa Clara County,0.774161073825503,0.170649612924941,0.071005917159763
79363,Richmond-n&amp;e,1.4,41860,"San Francisco-Oakland-Fremont, CA",06013371000,Contra Costa County,0.732860110803324,0.141620498614958,0.08867775138559
79377,Running Quail,0.6,23420,"Fresno, CA",06039000110,Madera County,0.224012576144626,0.23491124260355,0.132957990472066
79485,La Espiral,0.3,41860,"San Francisco-Oakland-Fremont, CA",06013354002,Contra Costa County,0.236065101541121,0.101175787487299,0.051661730832511
79543,Carlsbad Highlands,5.6,41740,"San Diego-Chula Vista-Carlsbad, CA",06073017809,San Diego County,0.254768969902501,0.136922424756253,0.059090909090909
79545,Pine Mountain Lake at Long Gulch,0.9,43760,"Sonora, CA",06109004201,Tuolumne County,0.191161356628983,0.198355601233299,0.077111383108935
79565,Inverness Ridge,0.5,41860,"San Francisco-Oakland-Fremont, CA",06041132200,Marin County,0.112403100775194,0.192691029900332,0.09969481180061
79615,Wizard2,1.6,40900,"Sacramento-Roseville-Folsom, CA",06061020200,Placer County,0.18279054916986,0.26886189258312,0.049872588278122
79623,SanRamonPortilloValley,2.7,41860,"San Francisco-Oakland-Fremont, CA",06013345112,Contra Costa County,0.638482455004532,0.054383011782986,0.040975364504776
79637,RTBradley,1.6,46020,"Truckee-Grass Valley, CA",06057001210,Nevada County,0.066587395957194,0.073127229488704,0.0
79661,Verona Terrace,3.0,40900,"Sacramento-Roseville-Folsom, CA",06113010605,Yolo County,0.503110859728507,0.242929864253394,0.05724986623863
79689,3929 Waynesboro Ct,1.2,44700,"Stockton-Lodi, CA",06077003108,San Joaquin County,0.660508083140878,0.31363460795674,0.052284890901606
79691,Merritt,1.8,46020,"Truckee-Grass Valley, CA",06057000802,Nevada County,0.15778777761649,0.269036287923855,0.034809245335561
79705,Meadow Drive,0.0,41860,"San Francisco-Oakland-Fremont, CA",06041106002,Marin County,0.42363545317977,0.146380986676269,0.081632653061224
79715,Hodgson Circle Topanga,11.5,31080,"Los Angeles-Long Beach-Anaheim, CA",06037800103,Los Angeles County,0.431791569086651,0.141686182669789,0.088899567515617
79717,French Camp,1.0,40900,"Sacramento-Roseville-Folsom, CA",06067008702,Sacramento County,0.224022878932316,0.03844931680966,0.011673151750973
79747,WoodBridge Ranch,2.3,40900,"Sacramento-Roseville-Folsom, CA",06067008203,Sacramento County,0.227586206896552,0.207082833133253,0.054337464251668
79761,Almaden Village,1.4,41940,"San Jose-Sunnyvale-Santa Clara, CA",06085511912,Santa Clara County,0.65170902716915,0.051754385964912,0.062939651980748
79781,CH-OD-01-PA (Front vestibule),1.3,41940,"San Jose-Sunnyvale-Santa Clara, CA",06085511301,Santa Clara County,0.416050955414013,0.07961367789089,0.025617140195622
79789,999 Pine St. Colfax,1.8,40900,"Sacramento-Roseville-Folsom, CA",06061022002,Placer County,0.232239614689946,0.186866394310788,0.046042257962788
79809,Belvedere Avenue,0.0,41860,"San Francisco-Oakland-Fremont, CA",06041123000,Marin County,0.124567474048443,0.095010845986985,0.013829787234043
79813,Burbury Way,5.9,41740,"San Diego-Chula Vista-Carlsbad, CA",06073017113,San Diego County,0.496601073345259,0.173555197709787,0.014136904761905
79821,Cottage,0.9,42220,"Santa Rosa-Petaluma, CA",06097150702,Sonoma County,0.121053777487481,0.107883817427386,0.026982829108749
79919,tuftfarm,0.5,42220,"Santa Rosa-Petaluma, CA",06097151000,Sonoma County,0.288100208768267,0.293026040107752,0.05223478729133
79945,Brown/Klingler,0.2,13860,"Bishop, CA",06027000200,Inyo County,0.345987506006728,0.394358701436935,0.02710027100271
79953,Madison and Fillmore,12.6,31080,"Los Angeles-Long Beach-Anaheim, CA",06037464000,Los Angeles County,0.545943939112679,0.08668788616364,0.097108066971081
79961,Oak Tree Village,1.3,40900,"Sacramento-Roseville-Folsom, CA",06017030709,El Dorado County,0.225893200153669,0.03937764118325,0.024968789013733
79963,Saratoga Swim Club,0.6,41940,"San Jose-Sunnyvale-Santa Clara, CA",06085507301,Santa Clara County,0.567888563049853,0.078689982216953,0.046645367412141
79977,Dartmouth Ave,0.0,41860,"San Francisco-Oakland-Fremont, CA",06081609500,San Mateo County,0.386557963809903,0.091054953870838,0.047054322876817
80045,D&amp;M Nipomo,3.3,42020,"San Luis Obispo-Paso Robles, CA",06079012404,San Luis Obispo County,0.512178733411725,0.201967101916229,0.057142857142857
80061,Brewster Estates,2.0,41860,"San Francisco-Oakland-Fremont, CA",06013385100,Contra Costa County,0.489354838709677,0.139277578913114,0.061752988047809
80063,Temple and Tulip,4.2,40900,"Sacramento-Roseville-Folsom, CA",06113010609,Yolo County,0.322646937936704,0.122222222222222,0.014184397163121
80075,Mandville 2a,2.4,17020,"Chico, CA",06007001400,Butte County,0.179281055665099,0.174874218630889,0.037305122494432
80099,Silver Trail,2.5,34900,"Napa, CA",06055201401,Napa County,0.247252747252747,0.107927786499215,0.027937551355793
80115,Eloise,0.1,41940,"San Jose-Sunnyvale-Santa Clara, CA",06085511704,Santa Clara County,0.50251256281407,0.040856456194014,0.021870637505817
80125,ShippAQWx 2,1.1,23420,"Fresno, CA",06019005508,Fresno County,0.602069305304648,0.121975308641975,0.015640599001664
80219,585 California Ave,0.0,21700,"Eureka-Arcata, CA",06023001200,Humboldt County,0.238354506957048,0.452436738519213,0.128526645768025
80223,GreenBee,0.0,41860,"San Francisco-Oakland-Fremont, CA",06013343002,Contra Costa County,0.363675397166166,0.135771992818671,0.025437864887406
80307,Kokatat,0.0,21700,"Eureka-Arcata, CA",06023001200,Humboldt County,0.238354506957048,0.452436738519213,0.128526645768025
80339,Marin Country Club,0.1,41860,"San Francisco-Oakland-Fremont, CA",06041104200,Marin County,0.329040225829217,0.081863091037403,0.056946929039952
80345,Melvine,0.0,41860,"San Francisco-Oakland-Fremont, CA",06041117000,Marin County,0.18800539083558,0.089662921348315,0.049737161342499
80357,Varsity Park Villas,10.5,37100,"Oxnard-Thousand Oaks-Ventura, CA",06111007614,Ventura County,0.544932079414838,0.097309299895507,0.059694248968697
80377,Michi-watchdog,0.8,41940,"San Jose-Sunnyvale-Santa Clara, CA",06085505902,Santa Clara County,0.496455696202532,0.192368421052632,0.022268907563025
80387,Lassen College,1.4,45000,"Susanville, CA",06035040303,Lassen County,0.377580071174377,0.408132530120482,0.129055515501081
80391,britanny hills/mpe,0.1,41860,"San Francisco-Oakland-Fremont, CA",06013320003,Contra Costa County,0.364406779661017,0.042046936114733,0.036713286713287
80399,Sequoyah Highlands,1.8,41860,"San Francisco-Oakland-Fremont, CA",06001409900,Alameda County,0.767511925684158,0.114127702362996,0.034171808258187
80401,Wondernut Farm,1.7,43760,"Sonora, CA",06109004202,Tuolumne County,0.245514223194748,0.263457330415755,0.089692101740295
80409,Live Oak Santa Cruz,0.0,42100,"Santa Cruz-Watsonville, CA",06087121403,Santa Cruz County,0.317042606516291,0.228696741854637,0.036819637139808
80425,McClay Road,0.0,41860,"San Francisco-Oakland-Fremont, CA",06041103200,Marin County,0.34088775647043,0.242888402625821,0.130619684082625
80433,EDH BLKSTN,1.3,40900,"Sacramento-Roseville-Folsom, CA",06017030712,El Dorado County,0.299857983363765,0.055386488131467,0.014918625678119
80435,"Folsom, California",1.1,40900,"Sacramento-Roseville-Folsom, CA",06067008512,Sacramento County,0.411907654921021,0.047185095180235,0.042741624951868
80445,1550 exterior,0.0,41860,"San Francisco-Oakland-Fremont, CA",06081605700,San Mateo County,0.47148871029468,0.025449674703406,0.056581532416503
80457,Shakespeare Estates,1.5,43760,"Sonora, CA",06109004201,Tuolumne County,0.191161356628983,0.198355601233299,0.077111383108935
80525,East Piper Lane,2.6,46020,"Truckee-Grass Valley, CA",06057000801,Nevada County,0.161467889908257,0.302788104089219,0.087524752475248
80541,Great Basin,1.2,40900,"Sacramento-Roseville-Folsom, CA",06061022800,Placer County,0.429297205757832,0.114413075780089,0.058586598315635
80545,Vramaish Outside,0.0,41940,"San Jose-Sunnyvale-Santa Clara, CA",06085509902,Santa Clara County,0.54043048283886,0.107135797588456,0.03006589785832
80559,Sequoia Grove,0.0,34900,"Napa, CA",06055201500,Napa County,0.342326139088729,0.193024654239327,0.052401746724891
80561,St Francis Winery,0.5,42220,"Santa Rosa-Petaluma, CA",06097151601,Sonoma County,0.147200593251761,0.136260408781226,0.091317365269461
80567,Craig Ginestra  ALT  First gate ART,1.9,40900,"Sacramento-Roseville-Folsom, CA",06017030601,El Dorado County,0.145563684111799,0.116375258507238,0.036164844407065
80572,Rose Garden-Almaden Winery,0.7,41940,"San Jose-Sunnyvale-Santa Clara, CA",06085511916,Santa Clara County,0.554559713197401,0.172313215167153,0.084670231729055
80581,Stable,1.1,43760,"Sonora, CA",06109004201,Tuolumne County,0.191161356628983,0.198355601233299,0.077111383108935
80583,Black Mountain-West Side,12.0,41740,"San Diego-Chula Vista-Carlsbad, CA",06073017033,San Diego County,0.550274223034735,0.056855575868373,0.060344827586207
80605,Belcourt Lane,2.4,40900,"Sacramento-Roseville-Folsom, CA",06061022011,Placer County,0.171576227390181,0.070020746887967,0.024007386888273
80607,Crestview VH,13.3,41860,"San Francisco-Oakland-Fremont, CA",06081608900,San Mateo County,0.557989867177872,0.172909467864547,0.109367455335587
80657,Celeste2,7.4,31080,"Los Angeles-Long Beach-Anaheim, CA",06059110203,Orange County,0.568235692516085,0.17732903444765,0.054714784633295
80667,Magnolia Primary,0.0,42220,"Santa Rosa-Petaluma, CA",06097151311,Sonoma County,0.414448669201521,0.130014959880321,0.030524220305242
80675,Poet's Corner,0.1,41860,"San Francisco-Oakland-Fremont, CA",06013325000,Contra Costa County,0.460964129199805,0.105793450881612,0.030245746691871
80677,Lassen College,1.8,45000,"Susanville, CA",06035040303,Lassen County,0.377580071174377,0.408132530120482,0.129055515501081
80679,Camellia Ct,0.5,41860,"San Francisco-Oakland-Fremont, CA",06001443102,Alameda County,0.894310631229236,0.057308970099668,0.034292972057578
80691,JEAER,2.6,41860,"San Francisco-Oakland-Fremont, CA",06075030700,San Francisco County,0.486541244573083,0.071056439942113,0.028115942028986
80695,Laughlin Rd,0.0,42220,"Santa Rosa-Petaluma, CA",06097152702,Sonoma County,0.407861849579641,0.202060819301332,0.048409405255878
80779,Castro Valley Central,0.0,41860,"San Francisco-Oakland-Fremont, CA",06001430700,Alameda County,0.614443084455324,0.170228445099484,0.044670050761421
80789,Riverside Homestays,0.5,39820,"Redding, CA",06089012101,Shasta County,0.271106758080313,0.29808865392436,0.06077568972411
80797,Cotton Street West,0.3,41860,"San Francisco-Oakland-Fremont, CA",06081612800,San Mateo County,0.29121041728322,0.091743119266055,0.025016903313049
80799,Outside,0.0,41860,"San Francisco-Oakland-Fremont, CA",06001428200,Alameda County,0.485868725868726,0.180077821011673,0.026800129157249
80807,Rose Bowl,15.3,31080,"Los Angeles-Long Beach-Anaheim, CA",06037461700,Los Angeles County,0.44011544011544,0.112655449890271,0.062586926286509
80813,Hickman Ct.,0.0,42100,"Santa Cruz-Watsonville, CA",06087121601,Santa Cruz County,0.295108259823577,0.162256081261695,0.0440097799511
80833,Gan Avraham,2.1,41860,"San Francisco-Oakland-Fremont, CA",06001403600,Alameda County,0.617681962025316,0.159967683296304,0.046829552065154
80841,1050 Kirkham Street,2.3,41860,"San Francisco-Oakland-Fremont, CA",06075030201,San Francisco County,0.510045993706124,0.192382338670548,0.022161741835148
80931,Hope,0.8,42200,"Santa Maria-Santa Barbara, CA",06083000102,Santa Barbara County,0.428971761155421,0.245333333333333,0.01455381080046
80965,PA Spa Taranga,0.2,41940,"San Jose-Sunnyvale-Santa Clara, CA",06085512035,Santa Clara County,0.755714285714286,0.157787303531333,0.045911674682991
80967,Garden Road,0.0,41860,"San Francisco-Oakland-Fremont, CA",06041118100,Marin County,0.137564052029957,0.078833267638944,0.030782761653474
80973,E estates,0.9,41940,"San Jose-Sunnyvale-Santa Clara, CA",06085508006,Santa Clara County,0.795492289442467,0.044602609727165,0.024152345564329
80977,Somerset Hills Georgia,0.2,46700,"Vallejo, CA",06095252103,Solano County,0.805484789450022,0.213696987861532,0.044595392793857
80979,Baja Loma Ct. Danville CA,0.5,41860,"San Francisco-Oakland-Fremont, CA",06013346204,Contra Costa County,0.292120597922473,0.030206879045564,0.063044051701398
80981,Backyard deck,1.8,41860,"San Francisco-Oakland-Fremont, CA",06013343003,Contra Costa County,0.207694307252404,0.057447361580452,0.040351784790481
81009,san gregorio,0.2,41860,"San Francisco-Oakland-Fremont, CA",06081613800,San Mateo County,0.324557086614173,0.204338180921863,0.010752688172043
81017,RJ Wilshire,1.2,41860,"San Francisco-Oakland-Fremont, CA",06001406700,Alameda County,0.54182156133829,0.077997021593447,0.033060357901122
81029,AcuCraig2000,7.4,31080,"Los Angeles-Long Beach-Anaheim, CA",06037571502,Los Angeles County,0.796344128750248,0.168657905217045,0.099391480730223
81043,Backyard,2.4,41860,"San Francisco-Oakland-Fremont, CA",06001404300,Alameda County,0.248396989127405,0.060775020908837,0.041687849517031
81047,Dover and Howe Outdoor,4.5,42100,"Santa Cruz-Watsonville, CA",06087121300,Santa Cruz County,0.337570621468927,0.111714690599906,0.011566265060241
81053,SacRo,1.0,41860,"San Francisco-Oakland-Fremont, CA",06001421800,Alameda County,0.299115044247788,0.09781152300134,0.028787878787879
81057,San Marino Tennis Club,13.3,31080,"Los Angeles-Long Beach-Anaheim, CA",06037464102,Los Angeles County,0.789735816370723,0.173884798614119,0.022278268179908
81065,Wardlow / Chatwin,7.1,31080,"Los Angeles-Long Beach-Anaheim, CA",06037574100,Los Angeles County,0.518371961560203,0.074291115311909,0.048286030224843
81075,Wente Greenfield Office,1.6,41500,"Salinas, CA",06053011303,Monterey County,0.536884221055264,0.254004004004004,0.031079607415485
81083,Winery,0.8,41860,"San Francisco-Oakland-Fremont, CA",06001451103,Alameda County,0.1373989713446,0.009404388714734,0.058510638297872
81089,San Gregorio,3.1,42020,"San Luis Obispo-Paso Robles, CA",06079012706,San Luis Obispo County,0.143620899149453,0.081166464155529,0.050578915295551
81093,pad-on-the-pond,1.1,45000,"Susanville, CA",06035040200,Lassen County,0.082810539523212,0.412797992471769,0.159303882195448
81159,Zeibright Rd,2.2,46020,"Truckee-Grass Valley, CA",06057000701,Nevada County,0.107767385115901,0.224345940084045,0.056179775280899
81181,Reposa &amp; Marietta - Outside,2.2,41860,"San Francisco-Oakland-Fremont, CA",06075030700,San Francisco County,0.486541244573083,0.071056439942113,0.028115942028986
81185,Edgebrook; East La Loma Park,14.4,33700,"Modesto, CA",06099001900,Stanislaus County,0.506661115736886,0.258742714404663,0.108003108003108
81187,"Fitzpatrick Ln at Joy Rd, Occidental CA",0.2,42220,"Santa Rosa-Petaluma, CA",06097154305,Sonoma County,0.277956741831569,0.153179190751445,0.184065934065934
81199,Cañada College Science Building (B23),0.0,41860,"San Francisco-Oakland-Fremont, CA",06081613300,San Mateo County,0.268836869056328,0.108632040965618,0.018518518518519
81207,12th Ave,2.9,41860,"San Francisco-Oakland-Fremont, CA",06075045201,San Francisco County,0.612435567010309,0.143549951503395,0.022352941176471
81217,Garage,5.4,41740,"San Diego-Chula Vista-Carlsbad, CA",06073020015,San Diego County,0.180750756093222,0.093577655221491,0.061334176414796
81219,Highland Hall Waldorf School,13.7,31080,"Los Angeles-Long Beach-Anaheim, CA",06037115101,Los Angeles County,0.460025651988029,0.168421052631579,0.065154639175258
81245,Ascot dr,2.2,41860,"San Francisco-Oakland-Fremont, CA",06001404600,Alameda County,0.417916497770572,0.086137008512363,0.055648535564854
81259,Barber,3.2,17020,"Chico, CA",06007001200,Butte County,0.349908400942162,0.584885856730517,0.066904549509367
81275,Flowers,1.1,41860,"San Francisco-Oakland-Fremont, CA",06013359203,Contra Costa County,0.725972222222222,0.144802668148972,0.058380902957966
81291,62 La Salle,1.4,41860,"San Francisco-Oakland-Fremont, CA",06001426100,Alameda County,0.319365079365079,0.023809523809524,0.037158829332456
81307,Altamont Cir,2.0,41860,"San Francisco-Oakland-Fremont, CA",06001451104,Alameda County,0.459798994974874,0.114141838019303,0.033379694019471
81327,RWC,0.2,41860,"San Francisco-Oakland-Fremont, CA",06081610000,San Mateo County,0.411087866108787,0.125289047719151,0.014435221941537
81345,Groveland east,0.9,43760,"Sonora, CA",06109004202,Tuolumne County,0.245514223194748,0.263457330415755,0.089692101740295
81349,Panoramic Way,2.6,41860,"San Francisco-Oakland-Fremont, CA",06001422700,Alameda County,0.636893608161566,0.575626959247649,0.068897637795276
81369,Louise Ln,6.3,42020,"San Luis Obispo-Paso Robles, CA",06079012306,San Luis Obispo County,0.164542067071975,0.10200078462142,0.010780508840017
81387,Bad Dog Farms,0.8,41500,"Salinas, CA",06053011606,Monterey County,0.312089356110381,0.090693739424704,0.02851587815943
81429,English / Baker,0.2,42220,"Santa Rosa-Petaluma, CA",06097150800,Sonoma County,0.33032967032967,0.13001415762152,0.029766693483508
81533,San Mateo County Mosquito and Vector Control District Shop area,1.1,41860,"San Francisco-Oakland-Fremont, CA",06081605100,San Mateo County,0.479672019132217,0.130509053638538,0.036374478234943
81541,Sunnybrae,0.2,41940,"San Jose-Sunnyvale-Santa Clara, CA",06085505500,Santa Clara County,0.655867839519416,0.111349495816348,0.047025723472669
81559,Sorrento Mesa,6.1,41740,"San Diego-Chula Vista-Carlsbad, CA",06073008346,San Diego County,0.568328716528163,0.052206052206052,0.047859922178988
81663,1909 pelham,8.6,31080,"Los Angeles-Long Beach-Anaheim, CA",06037267101,Los Angeles County,0.321428571428571,0.104272959183673,0.036258539148713
81671,"Graystone Hills, Almaden Valley, San Jose, CA",0.9,41940,"San Jose-Sunnyvale-Santa Clara, CA",06085511911,Santa Clara County,0.421469597940186,0.079816878980892,0.022553655874864
81677,"1044 Keith Ave, Berkeley",1.4,41860,"San Francisco-Oakland-Fremont, CA",06001421500,Alameda County,0.18503937007874,0.11075,0.053935860058309
81689,Priest Road - outside,7.8,23420,"Fresno, CA",06039000102,Madera County,0.25039405539293,0.299932447646926,0.15748469671675
81695,Garland Way out,0.1,41940,"San Jose-Sunnyvale-Santa Clara, CA",06085510500,Santa Clara County,0.478542160879879,0.064181737979709,0.027777777777778
81715,The Wildlands Conservancy's Oak Glen Preserve,0.0,40140,"Riverside-San Bernardino-Ontario, CA",06071008711,San Bernardino County,0.1668960770819,0.118603042876902,0.043514644351464
81727,Top of La Fond,1.5,41860,"San Francisco-Oakland-Fremont, CA",06013353001,Contra Costa County,0.401809954751131,0.018552036199095,0.019082235347569
81791,Angora,0.8,40900,"Sacramento-Roseville-Folsom, CA",06017030502,El Dorado County,0.231225296442688,0.118322121092204,0.024199288256228
81811,Quail Hill Newcastle Ca,0.0,40900,"Sacramento-Roseville-Folsom, CA",06061020502,Placer County,0.18892208687658,0.122782446311858,0.038423153692615
81817,DLH015,1.6,41860,"San Francisco-Oakland-Fremont, CA",06001435102,Alameda County,0.752484927489001,0.202682875707399,0.091472410740631
81843,Miss Eddie’s House,1.4,41500,"Salinas, CA",06053011700,Monterey County,0.128917961297356,0.119378577269011,0.030529172320217
81847,Parker Ranch,1.1,41940,"San Jose-Sunnyvale-Santa Clara, CA",06085507600,Santa Clara County,0.621136590229312,0.072857619206402,0.035968527538404
81863,Lower Norumbega Loop,14.4,31080,"Los Angeles-Long Beach-Anaheim, CA",06037430301,Los Angeles County,0.487467018469657,0.11431718061674,0.018984547461369
81977,Osborne Ave,0.5,41940,"San Jose-Sunnyvale-Santa Clara, CA",06085505901,Santa Clara County,0.474355887310378,0.108114615940284,0.032027128862095
81989,CBS Dora Drive,5.4,41740,"San Diego-Chula Vista-Carlsbad, CA",06073017406,San Diego County,0.14,0.113305613305613,0.012148823082764
82053,Oak Crest Institute of Science,15.7,31080,"Los Angeles-Long Beach-Anaheim, CA",06037431100,Los Angeles County,0.839280657037666,0.224394390140246,0.065833733781836
82055,Steel Works Lofts,0.9,41860,"San Francisco-Oakland-Fremont, CA",06001401500,Alameda County,0.781878088962109,0.337994542974079,0.09273570324575
82067,Los Altos Drive,4.1,42100,"Santa Cruz-Watsonville, CA",06087122203,Santa Cruz County,0.247185389041781,0.143721633888048,0.039706517047907
82071,Varna,11.3,31080,"Los Angeles-Long Beach-Anaheim, CA",06037141101,Los Angeles County,0.386783942264321,0.177266576454668,0.087401055408971
82087,Pacheco Valle,0.0,41860,"San Francisco-Oakland-Fremont, CA",06041104200,Marin County,0.329040225829217,0.081863091037403,0.056946929039952
82089,Cunningham - Outside,0.6,41940,"San Jose-Sunnyvale-Santa Clara, CA",06085505303,Santa Clara County,0.807049782826595,0.170731707317073,0.015079365079365
82101,La Jolla Shores,5.6,41740,"San Diego-Chula Vista-Carlsbad, CA",06073008312,San Diego County,0.291199054932073,0.073632752826153,0.058060531192094
82105,SL-LewisAve,1.5,41860,"San Francisco-Oakland-Fremont, CA",06001432100,Alameda County,0.676258992805755,0.156873032528856,0.017615176151762
82121,Bakerton,10.4,31080,"Los Angeles-Long Beach-Anaheim, CA",06037920034,Los Angeles County,0.582097058083983,0.194239102727504,0.072711719418306
82123,PreservePleasanton,0.0,41860,"San Francisco-Oakland-Fremont, CA",06001450601,Alameda County,0.526732133115112,0.029740791268759,0.056836461126005
82271,Garfield,17.9,31080,"Los Angeles-Long Beach-Anaheim, CA",06037462001,Los Angeles County,0.911448598130841,0.529981114258735,0.056395586432366
82281,"Mathewson Park, Coronado",5.7,41740,"San Diego-Chula Vista-Carlsbad, CA",06073010900,San Diego County,0.153610771113831,0.121175030599755,0.066971080669711
82337,Tribute Trail,2.4,46020,"Truckee-Grass Valley, CA",06057000802,Nevada County,0.15778777761649,0.269036287923855,0.034809245335561
82349,Whirlaway,11.0,40140,"Riverside-San Bernardino-Ontario, CA",06071002017,San Bernardino County,0.462224649553978,0.128914785142025,0.070478245235527
82353,Lafitte Ct,1.6,40900,"Sacramento-Roseville-Folsom, CA",06067008006,Sacramento County,0.22920892494929,0.157734470158343,0.008251473477407
82363,South Carthay Whitworth,8.4,31080,"Los Angeles-Long Beach-Anaheim, CA",06037216800,Los Angeles County,0.452767749699158,0.193140794223827,0.043960923623446
82375,Wilder Quarry House,0.0,41860,"San Francisco-Oakland-Fremont, CA",06013353001,Contra Costa County,0.401809954751131,0.018552036199095,0.019082235347569
82379,Sunnyvale SNAIL Borregas,1.0,41940,"San Jose-Sunnyvale-Santa Clara, CA",06085509001,Santa Clara County,0.875725503584841,0.170023898941618,0.011731843575419
82391,Lansdale Estates,6.1,41740,"San Diego-Chula Vista-Carlsbad, CA",06073008328,San Diego County,0.624932759548144,0.082840236686391,0.086024578450986
82415,18th Ave RWC,0.3,41860,"San Francisco-Oakland-Fremont, CA",06081610400,San Mateo County,0.849021902691858,0.466666666666667,0.027099364335898
82435,Patio,2.7,42020,"San Luis Obispo-Paso Robles, CA",06079011505,San Luis Obispo County,0.251966829683181,0.125732551944592,0.037070524412297
82437,Cottonwood,11.0,31080,"Los Angeles-Long Beach-Anaheim, CA",06037800337,Los Angeles County,0.429329090426943,0.261885790172643,0.173452078032231
82447,Via Ventana,1.9,42100,"Santa Cruz-Watsonville, CA",06087110402,Santa Cruz County,0.917601281757839,0.266851980542043,0.021804511278195
82453,Entrada Dr/Dulce Dr,0.0,37100,"Oxnard-Thousand Oaks-Ventura, CA",06111009200,Ventura County,0.834756403817177,0.190140845070423,0.071639150943396
82457,Cov House - Outside,0.0,41940,"San Jose-Sunnyvale-Santa Clara, CA",06085510001,Santa Clara County,0.418663092645334,0.048947458497347,0.033395176252319
82459,Summit Rd.,3.6,42100,"Santa Cruz-Watsonville, CA",06087122401,Santa Cruz County,0.220131702728128,0.464722483537159,0.035714285714286
82485,Lake Blvd &amp; Shasta Dam Blvd,0.7,39820,"Redding, CA",06089011600,Shasta County,0.168423759321162,0.378007761966365,0.103105590062112
82499,Loo,14.9,31080,"Los Angeles-Long Beach-Anaheim, CA",06037300100,Los Angeles County,0.49489944622559,0.080871599883007,0.072145545796738
82501,CV2,8.6,31080,"Los Angeles-Long Beach-Anaheim, CA",06037800410,Los Angeles County,0.382761553728381,0.088333333333333,0.117391304347826
82555,Indian Cove,1.9,40140,"Riverside-San Bernardino-Ontario, CA",06071010432,San Bernardino County,0.272196261682243,0.317172897196262,0.086474501108647
82569,Majestic,11.0,31080,"Los Angeles-Long Beach-Anaheim, CA",06037300702,Los Angeles County,0.21115266916015,0.160829649778987,0.062754686226569
82577,Culver Crest,8.3,31080,"Los Angeles-Long Beach-Anaheim, CA",06037702600,Los Angeles County,0.443032296650718,0.064521026263853,0.004385964912281
82591,Hacienda,1.1,41860,"San Francisco-Oakland-Fremont, CA",06041124200,Marin County,0.201472908995266,0.056251102098395,0.166347992351816
82603,"45 Elm Avenue, San Anselmo, CA 94960",0.1,41860,"San Francisco-Oakland-Fremont, CA",06041116000,Marin County,0.116131084950684,0.079421221864952,0.044592516658124
82609,171xx Escalon Dr,11.1,31080,"Los Angeles-Long Beach-Anaheim, CA",06037139704,Los Angeles County,0.092799383904505,0.1455525606469,0.071551724137931
82643,Cadura Circle,1.2,40900,"Sacramento-Roseville-Folsom, CA",06067009309,Sacramento County,0.440713101160862,0.269408308854385,0.088122605363985
82655,Hunter's Bluff,0.6,42220,"Santa Rosa-Petaluma, CA",06097151503,Sonoma County,0.191469194312796,0.11563981042654,0.0261748958953
82675,Alameda Outside,0.3,41860,"San Francisco-Oakland-Fremont, CA",06081609800,San Mateo County,0.374808993669504,0.092896174863388,0.066666666666667
82679,NW Ridgecrest AQI,0.0,12540,"Bakersfield-Delano, CA",06029005509,Kern County,0.370899352823031,0.244979919678715,0.102424542305789
82691,AngieCtPennValleyCA,1.2,46020,"Truckee-Grass Valley, CA",06057000403,Nevada County,0.271806167400881,0.384140969162996,0.064220183486239
82701,Cracker's Air Quality,1.0,40900,"Sacramento-Roseville-Folsom, CA",06017030504,El Dorado County,0.200868621064061,0.121322193970214,0.046113306982872
82703,Bowerwood,1.1,40900,"Sacramento-Roseville-Folsom, CA",06067005801,Sacramento County,0.31630082763584,0.217164447643037,0.017182130584192
82755,GE Office,32.6,40140,"Riverside-San Bernardino-Ontario, CA",06065041914,Riverside County,0.760603520536463,0.160603520536463,0.040890836071559
82813,Maerz Mountain,0.0,41860,"San Francisco-Oakland-Fremont, CA",06081613702,San Mateo County,0.421378280349904,0.183272882440794,0.017478616586091
82831,Battle Zone,0.2,41860,"San Francisco-Oakland-Fremont, CA",06041110200,Marin County,0.134575175822087,0.065576886523475,0.023897058823529
82841,Vinwood Cellars,0.0,42220,"Santa Rosa-Petaluma, CA",06097154100,Sonoma County,0.306160882432069,0.137772984631976,0.042950513538749
82847,GoofyDome,1.3,40900,"Sacramento-Roseville-Folsom, CA",06067009309,Sacramento County,0.440713101160862,0.269408308854385,0.088122605363985
82849,Freeman And Juanita,0.4,41860,"San Francisco-Oakland-Fremont, CA",06013341000,Contra Costa County,0.36827731092437,0.087341772151899,0.047470817120623
82855,Richard Lane,1.3,41860,"San Francisco-Oakland-Fremont, CA",06013346204,Contra Costa County,0.292120597922473,0.030206879045564,0.063044051701398
82861,Brigadoon,1.1,41940,"San Jose-Sunnyvale-Santa Clara, CA",06085503336,Santa Clara County,0.947744238883479,0.149040026033192,0.046181172291297
82863,Grace to You - Outside,14.2,31080,"Los Angeles-Long Beach-Anaheim, CA",06037920106,Los Angeles County,0.667641584684924,0.217495346982186,0.051172707889126
82905,Cresta Vista,0.5,42100,"Santa Cruz-Watsonville, CA",06087120400,Santa Cruz County,0.219061166429587,0.106076000812843,0.084739803094233
82907,E 7th St &amp; Willow (OUTSIDE),6.9,17020,"Chico, CA",06007001000,Butte County,0.309871244635193,0.627543604651163,0.139727361246349
82917,Capistrano Beach,6.2,31080,"Los Angeles-Long Beach-Anaheim, CA",06059042201,Orange County,0.312059177705144,0.122312059177705,0.040645161290323
82919,Blue Canyon,1.8,40900,"Sacramento-Roseville-Folsom, CA",06061022013,Placer County,0.09640522875817,0.275986842105263,0.039033457249071
82973,Branstetter lane,1.2,39820,"Redding, CA",06089011001,Shasta County,0.228713486637663,0.129072681704261,0.027859237536657
82975,The Bishop's Ranch,0.0,42220,"Santa Rosa-Petaluma, CA",06097154000,Sonoma County,0.278116826503923,0.095092024539877,0.039028620988725
82983,Valley_Ridge_Paradise,3.0,17020,"Chico, CA",06007001800,Butte County,0.231646471846044,0.327807083647325,0.048484848484848
82997,"Contra Costa Ave, Berkeley",1.0,41860,"San Francisco-Oakland-Fremont, CA",06001421200,Alameda County,0.304751194827102,0.0152241330702,0.045996592844974
83007,Christmas Light Corner,2.4,41860,"San Francisco-Oakland-Fremont, CA",06075031301,San Francisco County,0.795501551189245,0.236039296794209,0.087712039718659
83017,Outside La Lena St,0.0,42100,"Santa Cruz-Watsonville, CA",06087120600,Santa Cruz County,0.161102031286481,0.101564324071912,0.056763285024155
83025,Underhill Rd,0.7,41860,"San Francisco-Oakland-Fremont, CA",06041126200,Marin County,0.351674641148325,0.104343605920893,0.089968976215098
83039,Back Yard,0.7,41940,"San Jose-Sunnyvale-Santa Clara, CA",06085506900,Santa Clara County,0.336187912894544,0.059550561797753,0.039226519337017
83041,Cottonwood Canyon,12.4,31080,"Los Angeles-Long Beach-Anaheim, CA",06037460800,Los Angeles County,0.487762237762238,0.044405594405594,0.043509272467903
83071,Cowper Ct,0.6,41940,"San Jose-Sunnyvale-Santa Clara, CA",06085511916,Santa Clara County,0.554559713197401,0.172313215167153,0.084670231729055
83081,AC Stelle Middle School,8.6,31080,"Los Angeles-Long Beach-Anaheim, CA",06037800101,Los Angeles County,0.196198116498082,0.105162190442972,0.0906292749658
83089,Hancock Park,9.1,31080,"Los Angeles-Long Beach-Anaheim, CA",06037214100,Los Angeles County,0.203418324460633,0.133370692070608,0.056728232189974
83115,skynet.saratoga,5.6,41940,"San Jose-Sunnyvale-Santa Clara, CA",06085507500,Santa Clara County,0.699147381242387,0.062815381938403,0.041101202016285
83129,Boyd Family Vineyards,0.0,34900,"Napa, CA",06055201200,Napa County,0.413342053629823,0.253978635273599,0.078616352201258
83173,Lindero Canyon Middle School,8.8,31080,"Los Angeles-Long Beach-Anaheim, CA",06037800338,Los Angeles County,0.300262710554783,0.125464108910891,0.026456515620602
83179,Hall Drive,1.1,41860,"San Francisco-Oakland-Fremont, CA",06013353001,Contra Costa County,0.401809954751131,0.018552036199095,0.019082235347569
83191,22nd &amp; 8th Ave.,0.9,41860,"San Francisco-Oakland-Fremont, CA",06001405500,Alameda County,0.786259541984733,0.284580498866213,0.055348837209302
83193,Fisher Vineyards Calistoga Estate,0.0,34900,"Napa, CA",06055201900,Napa County,0.447682119205298,0.217218543046358,0.046486486486486
83205,Trinchero Family Estates Westside Facility,0.8,44700,"Stockton-Lodi, CA",06077004001,San Joaquin County,0.602934637616719,0.478202247191011,0.108885017421603
83207,Wolf Den,0.9,41860,"San Francisco-Oakland-Fremont, CA",06013323000,Contra Costa County,0.361533518954808,0.112003472975906,0.034103827207275
83223,RKWagPro,0.3,34900,"Napa, CA",06055201200,Napa County,0.413342053629823,0.253978635273599,0.078616352201258
83227,Chadwick School,6.8,31080,"Los Angeles-Long Beach-Anaheim, CA",06037670201,Los Angeles County,0.347862068965517,0.064382426084554,0.098948670377242
83229,Rolling Hills,1.4,23420,"Fresno, CA",06039001100,Madera County,0.539007991881263,0.300279329608939,0.069357897588729
83235,Halifax Snoopy LFL,0.7,41940,"San Jose-Sunnyvale-Santa Clara, CA",06085506604,Santa Clara County,0.625645205107308,0.049171420809563,0.007220216606498
83239,LazyAir,0.2,41860,"San Francisco-Oakland-Fremont, CA",06081613200,San Mateo County,0.249306670559042,0.075949367088608,0.044481605351171
83243,Brickhouse Fair Oaks,1.6,40900,"Sacramento-Roseville-Folsom, CA",06067008010,Sacramento County,0.196214219759926,0.129785247432306,0.05159903251814
83249,Wizards EWorkshop,0.9,23420,"Fresno, CA",06039000103,Madera County,0.195682258510933,0.317004504504505,0.067080045095829
83251,Creekside Outside,3.6,42200,"Santa Maria-Santa Barbara, CA",06083001910,Santa Barbara County,0.349545136459062,0.212218649517685,0.024021962937543
83257,FredLee,1.2,41860,"San Francisco-Oakland-Fremont, CA",06075021400,San Francisco County,0.286,0.103142857142857,0.034728033472803
83259,Outside-Tinkers,0.0,42100,"Santa Cruz-Watsonville, CA",06087120301,Santa Cruz County,0.210322580645161,0.196324324324324,0.021961378265808
83265,V-deodara,0.0,41940,"San Jose-Sunnyvale-Santa Clara, CA",06085510100,Santa Clara County,0.495622895622896,0.10976430976431,0.029757243539546
83295,Pacific Primary,1.4,41860,"San Francisco-Oakland-Fremont, CA",06075016500,San Francisco County,0.344931352266316,0.243624420401855,0.042099507927829
83325,Rinconada Pool,2.3,41940,"San Jose-Sunnyvale-Santa Clara, CA",06085511200,Santa Clara County,0.387387387387387,0.03023023023023,0.012101653892699
83333,Alhambra,0.3,41860,"San Francisco-Oakland-Fremont, CA",06081613200,San Mateo County,0.249306670559042,0.075949367088608,0.044481605351171
83409,Kings Mountain,0.8,41860,"San Francisco-Oakland-Fremont, CA",06081613702,San Mateo County,0.421378280349904,0.183272882440794,0.017478616586091
83417,Vista,12.2,31080,"Los Angeles-Long Beach-Anaheim, CA",06037430501,Los Angeles County,0.432848774137557,0.076588337684943,0.032860343539955
83441,AL outside,2.3,40900,"Sacramento-Roseville-Folsom, CA",06061021801,Placer County,0.117094017094017,0.13034188034188,0.016493873704053
83457,Redwoodridgeestate-out,1.3,41940,"San Jose-Sunnyvale-Santa Clara, CA",06085511800,Santa Clara County,0.180475980608197,0.072185430463576,0.053788771103259
83465,Farlin Air,9.4,31080,"Los Angeles-Long Beach-Anaheim, CA",06037265410,Los Angeles County,0.149493746277546,0.168458781362007,0.033205619412516
83475,Alex Home,0.9,41860,"San Francisco-Oakland-Fremont, CA",06013330000,Contra Costa County,0.527116520494004,0.190588235294118,0.033882499222878
83481,Brown Street,0.0,42220,"Santa Rosa-Petaluma, CA",06097153903,Sonoma County,0.247139588100687,0.236460717009916,0.028341993386868
83495,Sakamoto,1.1,41940,"San Jose-Sunnyvale-Santa Clara, CA",06085512045,Santa Clara County,0.575896262395118,0.090839694656489,0.038433908045977
83509,Canyada North,15.9,31080,"Los Angeles-Long Beach-Anaheim, CA",06037461000,Los Angeles County,0.866793365583967,0.247277836318932,0.089268132589432
83511,Mosewatson,2.6,41940,"San Jose-Sunnyvale-Santa Clara, CA",06085512305,Santa Clara County,0.56784027479605,0.026247848537005,0.029556650246305
83523,"Pheasant Run Golf Course #17 Chowchilla, Ca.",2.2,23420,"Fresno, CA",06039000204,Madera County,0.492630803242447,0.211680176860722,0.096627510420614
83525,2607 Webster Street,2.0,41860,"San Francisco-Oakland-Fremont, CA",06001423902,Alameda County,0.311507936507937,0.218476062036413,0.042051282051282
83529,La Jolla EPO,7.1,41740,"San Diego-Chula Vista-Carlsbad, CA",06073019108,San Diego County,0.614422676115048,0.168137873055906,0.039192399049881
83535,Smith Hills Road,0.0,46380,"Ukiah, CA",06045011200,Mendocino County,0.364569961489089,0.354744996772111,0.101060511540861
83537,914 Gray Fox Circle,0.8,41860,"San Francisco-Oakland-Fremont, CA",06001450701,Alameda County,0.548065918974594,0.053818848047635,0.056944444444444
83539,Lazare Vineyards,0.6,34900,"Napa, CA",06055201200,Napa County,0.413342053629823,0.253978635273599,0.078616352201258
83553,Cedar Rail Way,1.6,40900,"Sacramento-Roseville-Folsom, CA",06067009331,Sacramento County,0.662522662522663,0.158632433848572,0.081853281853282
83569,Cinderella,7.9,41740,"San Diego-Chula Vista-Carlsbad, CA",06073014001,San Diego County,0.696531219028741,0.274376869391825,0.152453740949316
83575,Stonehaven Dr,0.1,41940,"San Jose-Sunnyvale-Santa Clara, CA",06085510100,Santa Clara County,0.495622895622896,0.10976430976431,0.029757243539546
83579,Orchard-Meadow-Art,0.4,41940,"San Jose-Sunnyvale-Santa Clara, CA",06085507600,Santa Clara County,0.621136590229312,0.072857619206402,0.035968527538404
83583,RHR,0.0,42220,"Santa Rosa-Petaluma, CA",06097152601,Sonoma County,0.264204545454545,0.045270574126818,0.124483775811209
83595,Lakefront,2.2,40900,"Sacramento-Roseville-Folsom, CA",06061020105,Placer County,0.184210526315789,0.07085020242915,0.044267877412032
83603,Tustin City Hall,6.2,31080,"Los Angeles-Long Beach-Anaheim, CA",06059075505,Orange County,0.574233128834356,0.3234652539732,0.047226798462383
83641,"Maricopa Dr, 95032",0.9,41940,"San Jose-Sunnyvale-Santa Clara, CA",06085506801,Santa Clara County,0.269186712485682,0.063698515924629,0.056610056610057
83647,backyard,11.1,31080,"Los Angeles-Long Beach-Anaheim, CA",06037480602,Los Angeles County,0.508074234755363,0.092495636998255,0.036440352896049
83655,Verite Winery,0.2,42220,"Santa Rosa-Petaluma, CA",06097154100,Sonoma County,0.306160882432069,0.137772984631976,0.042950513538749
83717,KCAMORAG34-Donald,1.5,41860,"San Francisco-Oakland-Fremont, CA",06013352201,Contra Costa County,0.396869851729819,0.244610281923715,0.062921348314607
83719,Pfaufaphgefs,0.4,42220,"Santa Rosa-Petaluma, CA",06097153710,Sonoma County,0.275,0.240202275600506,0.078361531611754
83725,"Mill Creek Rd Healdsburg, CA",0.3,42220,"Santa Rosa-Petaluma, CA",06097154000,Sonoma County,0.278116826503923,0.095092024539877,0.039028620988725
83727,WEST_OUT,16.1,31080,"Los Angeles-Long Beach-Anaheim, CA",06037301400,Los Angeles County,0.254272942413884,0.149355771759138,0.058911632551173
83733,Chelan,0.1,41860,"San Francisco-Oakland-Fremont, CA",06041108100,Marin County,0.216684077003432,0.116574503063817,0.082356076759062
83737,Piedmont Pines (O deck),2.7,41860,"San Francisco-Oakland-Fremont, CA",06001404600,Alameda County,0.417916497770572,0.086137008512363,0.055648535564854
83739,46-Outdoor,0.1,41860,"San Francisco-Oakland-Fremont, CA",06001982100,Alameda County,0.717226435536295,0.375,0.045
83745,Sam's Outside Place,2.0,41860,"San Francisco-Oakland-Fremont, CA",06013352102,Contra Costa County,0.415268941584731,0.044434763668046,0.052482842147759
83747,Tustin Corporate Yard,3.4,31080,"Los Angeles-Long Beach-Anaheim, CA",06059075517,Orange County,0.928605654048874,0.380093412787889,0.076178582578832
83753,Marlin Court,1.0,41860,"San Francisco-Oakland-Fremont, CA",06013359202,Contra Costa County,0.655667986508286,0.093225331369661,0.03589177250138
83769,Ukiah Dolphins,0.1,46380,"Ukiah, CA",06045011501,Mendocino County,0.39294403892944,0.185158150851582,0.097433460076046
83827,CH-OD-11-PA (Garden Terrace),0.3,41940,"San Jose-Sunnyvale-Santa Clara, CA",06085511301,Santa Clara County,0.416050955414013,0.07961367789089,0.025617140195622
83829,Rutgers way,1.9,40900,"Sacramento-Roseville-Folsom, CA",06067005901,Sacramento County,0.307196908710353,0.187489462148036,0.031114327062229
83833,"Castaic, CA",10.6,31080,"Los Angeles-Long Beach-Anaheim, CA",06037920104,Los Angeles County,0.471781007096992,0.190573770491803,0.118193891102258
83847,Runner,0.3,41860,"San Francisco-Oakland-Fremont, CA",06013321103,Contra Costa County,0.303563572371315,0.079567996473441,0.022884283246978
83897,Dollar Point Pool,1.4,40900,"Sacramento-Roseville-Folsom, CA",06061020104,Placer County,0.221783741120758,0.079841897233202,0.024590163934426
83901,Crystal Rock Rd,1.5,43760,"Sonora, CA",06109005102,Tuolumne County,0.273956496178718,0.262356232514765,0.2062423500612
83925,"Albion Ridge Rd between F&amp;G, Albion, CA",0.0,46380,"Ukiah, CA",06045011001,Mendocino County,0.142403388035998,0.361872146118721,0.102285092491839
83931,Carmel Highlands,2.7,41500,"Salinas, CA",06053011604,Monterey County,0.291984732824427,0.241412213740458,0.041625371655104
83997,Lassen Volcanic NP Manzanita Lake,0.2,39820,"Redding, CA",06089012603,Shasta County,0.160058379956215,0.230029585798817,0.054578532443905
83999,Brookdale,0.0,42100,"Santa Cruz-Watsonville, CA",06087120400,Santa Cruz County,0.219061166429587,0.106076000812843,0.084739803094233
84007,AHMF,0.0,42100,"Santa Cruz-Watsonville, CA",06087120500,Santa Cruz County,0.231797397115723,0.114417286574566,0.069718731298624
84029,Rock Pit Rd,1.3,21700,"Eureka-Arcata, CA",06023010300,Humboldt County,0.187832446808511,0.291087766858692,0.103921568627451
84031,Thistle Dr,0.9,41940,"San Jose-Sunnyvale-Santa Clara, CA",06085512005,Santa Clara County,0.538218000904568,0.048287309491474,0.040822072072072
84045,Fir Hill,0.5,34900,"Napa, CA",06055201602,Napa County,0.192281879194631,0.153872515421522,0.030342156229826
84061,Outlook Drive - Carmel,0.9,41500,"Salinas, CA",06053011605,Monterey County,0.296043656207367,0.11395428181508,0.089647812166489
84064,Hacienda de Estrellas,2.0,40900,"Sacramento-Roseville-Folsom, CA",06017030804,El Dorado County,0.214916878837801,0.16264789576157,0.029159519725557
84069,Tarzana-Aleman,14.6,31080,"Los Angeles-Long Beach-Anaheim, CA",06037139802,Los Angeles County,0.251607923848727,0.108052482634422,0.069392146315223
84079,Harrison Ranch - Outdoor,2.3,47300,"Visalia, CA",06107000102,Tulare County,0.522698345354264,0.234196011879508,0.077962577962578
84093,Sierra Madre Manzanita,12.8,31080,"Los Angeles-Long Beach-Anaheim, CA",06037430502,Los Angeles County,0.416386426169367,0.130514705882353,0.031352235550709
84101,taftpr,13.2,31080,"Los Angeles-Long Beach-Anaheim, CA",06037262601,Los Angeles County,0.291891891891892,0.064203513022411,0.023367697594502
84117,Lake Elizabeth,0.7,41860,"San Francisco-Oakland-Fremont, CA",06001441921,Alameda County,0.814497272018706,0.08287866978436,0.079238095238095
84119,Sleeper Gulch,0.1,42100,"Santa Cruz-Watsonville, CA",06087120500,Santa Cruz County,0.231797397115723,0.114417286574566,0.069718731298624
84123,Upper Pine Hills Drive,1.3,41500,"Salinas, CA",06053011605,Monterey County,0.296043656207367,0.11395428181508,0.089647812166489
84125,mackerels house,1.5,41860,"San Francisco-Oakland-Fremont, CA",06001421200,Alameda County,0.304751194827102,0.0152241330702,0.045996592844974
84127,Moody Road,0.1,41940,"San Jose-Sunnyvale-Santa Clara, CA",06085511707,Santa Clara County,0.488349514563107,0.090363454484828,0.00752508361204
84131,Briones Hill,0.7,41860,"San Francisco-Oakland-Fremont, CA",06013356002,Contra Costa County,0.674226441631505,0.164381153305204,0.083486801718846
84133,Yard,0.3,41940,"San Jose-Sunnyvale-Santa Clara, CA",06085510300,Santa Clara County,0.436379347591272,0.063944696478721,0.048141086749285
84177,Lambourne,10.0,37100,"Oxnard-Thousand Oaks-Ventura, CA",06111007405,Ventura County,0.282506527415144,0.09038157200633,0.047241254958529
84179,Sweet Sweet Palma Street,4.0,41860,"San Francisco-Oakland-Fremont, CA",06081613502,San Mateo County,0.148280337443219,0.107142857142857,0.075389948006932
84207,Warner Drive,0.5,41940,"San Jose-Sunnyvale-Santa Clara, CA",06085504202,Santa Clara County,0.647944550669216,0.126195028680688,0.044258872651357
84215,Schulties Rd,0.8,42100,"Santa Cruz-Watsonville, CA",06087121000,Santa Cruz County,0.182847896440129,0.118223383409536,0.044211751018034
84217,4000 Luneman Rd,1.6,40900,"Sacramento-Roseville-Folsom, CA",06017030901,El Dorado County,0.204833141542002,0.134427173287277,0.048591938155715
84225,Hollingsworth,1.6,40900,"Sacramento-Roseville-Folsom, CA",06113011208,Yolo County,0.540523128462827,0.081427015250545,0.041729135432284
84231,CampoEPA Building,13.9,41740,"San Diego-Chula Vista-Carlsbad, CA",06073021102,San Diego County,0.444642221431114,0.360239162929746,0.104938271604938
84247,FM Park Dr Outside,0.0,41860,"San Francisco-Oakland-Fremont, CA",06041116000,Marin County,0.116131084950684,0.079421221864952,0.044592516658124
84249,Huntington Ct,2.1,42100,"Santa Cruz-Watsonville, CA",06087122204,Santa Cruz County,0.302007008601465,0.110082961072112,0.044688644688645
84255,Deep Canyon Ranch,2.9,40140,"Riverside-San Bernardino-Ontario, CA",06065045117,Riverside County,0.32711061577041,0.320980774589022,0.050230946882217
84267,Faded Giant,0.0,41860,"San Francisco-Oakland-Fremont, CA",06081609800,San Mateo County,0.374808993669504,0.092896174863388,0.066666666666667
84273,Creative Learning Center,0.7,41860,"San Francisco-Oakland-Fremont, CA",06013345204,Contra Costa County,0.183058375634518,0.032382173773645,0.024865591397849
84277,Kavala Ranch,0.9,40900,"Sacramento-Roseville-Folsom, CA",06067008707,Sacramento County,0.557695178384834,0.110314972383938,0.051356871899621
84319,Crownview,6.2,31080,"Los Angeles-Long Beach-Anaheim, CA",06037670702,Los Angeles County,0.304613771408598,0.159559594547361,0.053314626446861
84323,Lockhurst Sensor,12.4,31080,"Los Angeles-Long Beach-Anaheim, CA",06037137302,Los Angeles County,0.231718464351005,0.111517367458867,0.067160722556739
84325,Foster City Spinnaker Cove,0.4,41860,"San Francisco-Oakland-Fremont, CA",06081608024,San Mateo County,0.656015037593985,0.045739348370927,0.031925849639547
84331,Light Springs Road,0.0,42100,"Santa Cruz-Watsonville, CA",06087122002,Santa Cruz County,0.154487821154488,0.085398526456798,0.071785268414482
84335,North RB: Artesia Blvd/Inglewood Ave,7.1,31080,"Los Angeles-Long Beach-Anaheim, CA",06037620521,Los Angeles County,0.433282707745715,0.146452592753309,0.055595667870036
84343,San Gregorio,2.0,41860,"San Francisco-Oakland-Fremont, CA",06081613800,San Mateo County,0.324557086614173,0.204338180921863,0.010752688172043
84369,ViaRoyal,1.6,41860,"San Francisco-Oakland-Fremont, CA",06013340001,Contra Costa County,0.43984962406015,0.223208415516108,0.03731778425656
84375,DVE,0.7,41860,"San Francisco-Oakland-Fremont, CA",06013321102,Contra Costa County,0.33637697700962,0.088201224557339,0.070609535304768
84395,"9th and Buena Vista, Alameda West-End",1.8,41860,"San Francisco-Oakland-Fremont, CA",06001427300,Alameda County,0.683323869013818,0.188150671966686,0.02413915512957
84397,Rosati Vineyards,0.0,46380,"Ukiah, CA",06045011800,Mendocino County,0.512102515424775,0.353255587949466,0.17481884057971
84419,RSF-out,7.9,41740,"San Diego-Chula Vista-Carlsbad, CA",06073017106,San Diego County,0.273822327382233,0.09703270521984,0.048736462093863
84435,Battle Mountain Ranch 2,2.4,47300,"Visalia, CA",06107000101,Tulare County,0.191791044776119,0.119402985074627,0.046613255644574
84445,Candy's House,0.9,41940,"San Jose-Sunnyvale-Santa Clara, CA",06085507402,Santa Clara County,0.572361809045226,0.064654088050314,0.030131826741996
84457,Char Siu Bao,0.0,42220,"Santa Rosa-Petaluma, CA",06097153602,Sonoma County,0.211297071129707,0.189005235602094,0.030762167125803
84477,Wallace Creek - Upper Vineyard,0.0,42220,"Santa Rosa-Petaluma, CA",06097154000,Sonoma County,0.278116826503923,0.095092024539877,0.039028620988725
84491,Hayward Police Department,1.0,41860,"San Francisco-Oakland-Fremont, CA",06001436800,Alameda County,0.891086749285033,0.188989513822688,0.055294117647059
84505,Cayuga&amp;Ocean,2.9,41860,"San Francisco-Oakland-Fremont, CA",06075026100,San Francisco County,0.925425207152202,0.220731885114448,0.077734183423247
84513,Anderson Dam Look Out,0.8,41940,"San Jose-Sunnyvale-Santa Clara, CA",06085512308,Santa Clara County,0.44468085106383,0.062588904694168,0.039196940726577
84529,4400 Blk Moraga Ave. Outside,5.3,41740,"San Diego-Chula Vista-Carlsbad, CA",06073008503,San Diego County,0.474707201594817,0.255335080494197,0.02301394113742
84571,Siri Rd,0.3,42220,"Santa Rosa-Petaluma, CA",06097153707,Sonoma County,0.155327342747112,0.234274711168164,0.029868578255675
84581,car wash,2.5,42100,"Santa Cruz-Watsonville, CA",06087121401,Santa Cruz County,0.402426693629929,0.275587703435805,0.07447528774543
84589,DnM Thomas ST,0.2,42220,"Santa Rosa-Petaluma, CA",06097150502,Sonoma County,0.263993948562784,0.254474708171206,0.091310751104566
84591,Like2Breathe,1.4,12540,"Bakersfield-Delano, CA",06029005207,Kern County,0.198429319371728,0.660377358490566,0.237911025145068
84599,Layman Ct Outside,0.7,41860,"San Francisco-Oakland-Fremont, CA",06013343003,Contra Costa County,0.207694307252404,0.057447361580452,0.040351784790481
84627,Lark,9.7,31080,"Los Angeles-Long Beach-Anaheim, CA",06037185102,Los Angeles County,0.398644833427442,0.123658949745906,0.10632318501171
84633,Linden,0.1,41940,"San Jose-Sunnyvale-Santa Clara, CA",06085510500,Santa Clara County,0.478542160879879,0.064181737979709,0.027777777777778
84649,Connecticut and Mariposa,2.0,41860,"San Francisco-Oakland-Fremont, CA",06075060701,San Francisco County,0.782586622667851,0.200345423143351,0.031580868930267
84679,Upper Comanche Trl,0.0,41940,"San Jose-Sunnyvale-Santa Clara, CA",06085511800,Santa Clara County,0.180475980608197,0.072185430463576,0.053788771103259
84693,Reed_Home,0.0,42220,"Santa Rosa-Petaluma, CA",06097151506,Sonoma County,0.219356796116505,0.24560072815534,0.089556428972487
84699,Deck,0.0,42220,"Santa Rosa-Petaluma, CA",06097152601,Sonoma County,0.264204545454545,0.045270574126818,0.124483775811209
84707,"Sunhill Ct., Martinez",0.7,41860,"San Francisco-Oakland-Fremont, CA",06013320004,Contra Costa County,0.407182906500985,0.07743597514775,0.038050917054476
84711,The College Preparatory School,2.2,41860,"San Francisco-Oakland-Fremont, CA",06001404300,Alameda County,0.248396989127405,0.060775020908837,0.041687849517031
84721,Ashmount,1.8,41860,"San Francisco-Oakland-Fremont, CA",06001405100,Alameda County,0.337622005323869,0.062111801242236,0.002836304700162
84733,Sunnyside - Congo,0.0,41860,"San Francisco-Oakland-Fremont, CA",06075031100,San Francisco County,0.621858097359211,0.101654470251352,0.061486322924231
84795,PurpleAir Sensor 16,17.2,31080,"Los Angeles-Long Beach-Anaheim, CA",06037460501,Los Angeles County,0.521296645307199,0.121269361541368,0.070337806571032
84821,Kids Connection,0.7,41860,"San Francisco-Oakland-Fremont, CA",06081608200,San Mateo County,0.722222222222222,0.093649946638207,0.055791710945802
84883,Stonestreet Winery Outside,0.0,42220,"Santa Rosa-Petaluma, CA",06097154100,Sonoma County,0.306160882432069,0.137772984631976,0.042950513538749
84899,Montair Court,1.8,41860,"San Francisco-Oakland-Fremont, CA",06013345203,Contra Costa County,0.180615473109002,0.157057363888483,0.044390637610977
84901,Santa Cruz Ave (Between Orange and Lemon),0.1,41860,"San Francisco-Oakland-Fremont, CA",06081612800,San Mateo County,0.29121041728322,0.091743119266055,0.025016903313049
84915,Hessel Road Area,1.8,42220,"Santa Rosa-Petaluma, CA",06097153501,Sonoma County,0.259410430839002,0.193731546672723,0.036519386834986
84923,Laurel,1.8,41860,"San Francisco-Oakland-Fremont, CA",06001406700,Alameda County,0.54182156133829,0.077997021593447,0.033060357901122
84925,230 Woodside Drive,0.3,41860,"San Francisco-Oakland-Fremont, CA",06081613300,San Mateo County,0.268836869056328,0.108632040965618,0.018518518518519
84943,SHKIM,1.6,41860,"San Francisco-Oakland-Fremont, CA",06013352101,Contra Costa County,0.411245865490628,0.053414727203357,0.051282051282051
84945,Sievers Park,0.7,46700,"Vallejo, CA",06095253403,Solano County,0.482511923688394,0.099480623252097,0.074048201187565
84949,PXVS_Las_Cruces,5.6,31080,"Los Angeles-Long Beach-Anaheim, CA",06059052522,Orange County,0.666326530612245,0.159948979591837,0.055763823805061
84957,LTR,0.0,42220,"Santa Rosa-Petaluma, CA",06097150303,Sonoma County,0.233772693359861,0.07525,0.067360685854256
84993,"Carmel Valley, SD",5.3,41740,"San Diego-Chula Vista-Carlsbad, CA",06073008327,San Diego County,0.338500360490267,0.102712477396022,0.05168986083499
84997,Red Fir Ct,1.0,41940,"San Jose-Sunnyvale-Santa Clara, CA",06085507807,Santa Clara County,0.840909090909091,0.01020110754882,0.030813953488372
85007,"Claremont, CA",12.6,31080,"Los Angeles-Long Beach-Anaheim, CA",06037400205,Los Angeles County,0.593653250773994,0.02573381584238,0.053781512605042
85013,"Greenfield Ranch / 2,000’ elevation",0.1,46380,"Ukiah, CA",06045010900,Mendocino County,0.430675287356322,0.333875338753388,0.127584861490441
85015,Giant Panda Outdoor,3.6,40900,"Sacramento-Roseville-Folsom, CA",06067009311,Sacramento County,0.710105232809572,0.342911318553092,0.099806825499034
85063,Hoopa,3.3,17020,"Chico, CA",06007000601,Butte County,0.241001124859393,0.188695163104612,0.03888334995015
85067,CYPRESS POINT,0.2,41860,"San Francisco-Oakland-Fremont, CA",06013304004,Contra Costa County,0.283709411117226,0.088057237204183,0.02495840266223
85081,510 Berkeley Ave Outside,0.9,41860,"San Francisco-Oakland-Fremont, CA",06081613900,San Mateo County,0.395250078641082,0.135178628902478,0.04832
85083,Padova,1.5,40900,"Sacramento-Roseville-Folsom, CA",06017031700,El Dorado County,0.390473474044495,0.078722190530519,0.054913294797688
85095,Etna St.,1.1,41860,"San Francisco-Oakland-Fremont, CA",06001423700,Alameda County,0.395729339988907,0.227701993704092,0.054114994363021
85099,Walnut Ave &amp; Dover Dr,0.9,41860,"San Francisco-Oakland-Fremont, CA",06013338301,Contra Costa County,0.31340206185567,0.031228313671062,0.010378057820608
85101,Trescony Backyard,2.7,42100,"Santa Cruz-Watsonville, CA",06087100600,Santa Cruz County,0.185765589291544,0.179562520404832,0.035734226689001
85121,Heimat der Gäste,2.8,41860,"San Francisco-Oakland-Fremont, CA",06075031401,San Francisco County,0.870114488748519,0.190118577075099,0.028449502133713
85149,Lone Pine Village,0.2,42220,"Santa Rosa-Petaluma, CA",06097153501,Sonoma County,0.259410430839002,0.193731546672723,0.036519386834986
85151,La Rinconada,0.7,41940,"San Jose-Sunnyvale-Santa Clara, CA",06085507205,Santa Clara County,0.377901977644024,0.066423043852107,0.072649572649573
85165,Lodge Court,1.4,41860,"San Francisco-Oakland-Fremont, CA",06001404502,Alameda County,0.340425531914894,0.042553191489362,0.033469150174622
85169,Cayuga,2.0,41860,"San Francisco-Oakland-Fremont, CA",06075025502,San Francisco County,0.663286531461258,0.183425705991027,0.099866844207723
85235,Hank's,4.9,42020,"San Luis Obispo-Paso Robles, CA",06079010701,San Luis Obispo County,0.256314127861089,0.177782162588792,0.045942941830308
85249,Cloud9,0.4,42100,"Santa Cruz-Watsonville, CA",06087120500,Santa Cruz County,0.231797397115723,0.114417286574566,0.069718731298624
85251,Whaler's Village @ Morton Place,1.7,41860,"San Francisco-Oakland-Fremont, CA",06001430101,Alameda County,0.661501279499573,0.079142857142857,0.053032225323522
85269,Desert Heights,7.0,40140,"Riverside-San Bernardino-Ontario, CA",06071010431,San Bernardino County,0.608598548297041,0.704075935231714,0.112595419847328
85289,Joey,1.3,41860,"San Francisco-Oakland-Fremont, CA",06075023001,San Francisco County,0.91047385906627,0.33140756302521,0.147965879265092
85291,Bald Mountain Road,1.7,23420,"Fresno, CA",06019006409,Fresno County,0.344827586206897,0.251920122887865,0.037974683544304
85293,Contra Costa,1.8,41860,"San Francisco-Oakland-Fremont, CA",06001421200,Alameda County,0.304751194827102,0.0152241330702,0.045996592844974
85313,La Crema Saralee Estate,0.1,42220,"Santa Rosa-Petaluma, CA",06097153810,Sonoma County,0.394272564561493,0.188165066182196,0.065040650406504
85359,Hollywoodland,8.4,31080,"Los Angeles-Long Beach-Anaheim, CA",06037189400,Los Angeles County,0.290354656943984,0.111111111111111,0.072026022304833
85373,Sherer,18.6,31080,"Los Angeles-Long Beach-Anaheim, CA",06037300800,Los Angeles County,0.431260457334077,0.162627819022272,0.147952775684501
85377,CCWD - Antioch Service Center,14.1,41860,"San Francisco-Oakland-Fremont, CA",06013308002,Contra Costa County,0.766830138207757,0.155789003129191,0.055754679410593
85379,Hughes Ave.,0.8,42220,"Santa Rosa-Petaluma, CA",06097153201,Sonoma County,0.680095351609058,0.251251489868892,0.039432176656151
85385,Highland Eagle’s Nest,2.8,40900,"Sacramento-Roseville-Folsom, CA",06067002600,Sacramento County,0.295227097767513,0.166666666666667,0.009079118028534
85389,"Shadow Creek, Danville",0.0,41860,"San Francisco-Oakland-Fremont, CA",06013355113,Contra Costa County,0.459524248570902,0.123338257016248,0.033177064551028
85401,Martin Ave,0.3,41940,"San Jose-Sunnyvale-Santa Clara, CA",06085500600,Santa Clara County,0.675234799802274,0.194760257043994,0.051932723517262
85469,Bees N Blooms-Outside,0.2,42220,"Santa Rosa-Petaluma, CA",06097151405,Sonoma County,0.65231742538853,0.413560720671159,0.049622437971953
85471,Seapine,17.9,31080,"Los Angeles-Long Beach-Anaheim, CA",06037300100,Los Angeles County,0.49489944622559,0.080871599883007,0.072145545796738
85475,Devils Postpile Ranger Station,1.0,23420,"Fresno, CA",06039000102,Madera County,0.25039405539293,0.299932447646926,0.15748469671675
85479,Owens Valley Radio Observatory,0.2,13860,"Bishop, CA",06027000100,Inyo County,0.484542792059876,0.395045632333768,0.088419405320814
85481,Pomo Court,1.7,40900,"Sacramento-Roseville-Folsom, CA",06017030810,El Dorado County,0.30842860941239,0.253222341568206,0.112413425679275
85495,W. Cornell,1.2,23420,"Fresno, CA",06019003702,Fresno County,0.804878048780488,0.556062819576333,0.157272727272727
85551,Sequoia Rooftop,1.9,41860,"San Francisco-Oakland-Fremont, CA",06075015500,San Francisco County,0.630258899676375,0.350041310933627,0.082359488035615
85553,SoboCo,0.4,41860,"San Francisco-Oakland-Fremont, CA",06013303204,Contra Costa County,0.454699049630412,0.122280887011616,0.043288150415391
85559,Monte Nido,12.8,31080,"Los Angeles-Long Beach-Anaheim, CA",06037800202,Los Angeles County,0.14801503022382,0.179872569841529,0.04914089347079
85561,Summit Road Berkeley,2.0,41860,"San Francisco-Oakland-Fremont, CA",06001421600,Alameda County,0.287493513233005,0.133874770762379,0.046242774566474
85563,John Dodson,0.6,41860,"San Francisco-Oakland-Fremont, CA",06013303204,Contra Costa County,0.454699049630412,0.122280887011616,0.043288150415391
85575,Sunrise,0.0,42100,"Santa Cruz-Watsonville, CA",06087120301,Santa Cruz County,0.210322580645161,0.196324324324324,0.021961378265808
85577,Korriban,0.0,42220,"Santa Rosa-Petaluma, CA",06097152300,Sonoma County,0.112573099415205,0.125122428991185,0.097969543147208
85585,"22004 Rd. 24 Madera, CA 93638",1.2,23420,"Fresno, CA",06039000201,Madera County,0.747976714468266,0.602608098833219,0.116788321167883
85589,unincorporated Santa Clara County,0.1,41940,"San Jose-Sunnyvale-Santa Clara, CA",06085504308,Santa Clara County,0.773237997957099,0.156932030762835,0.085225009956193
85591,6550 Longwalk,2.3,41860,"San Francisco-Oakland-Fremont, CA",06001404600,Alameda County,0.417916497770572,0.086137008512363,0.055648535564854
85599,LP Hurricane,1.3,40900,"Sacramento-Roseville-Folsom, CA",06061022100,Placer County,0.081858407079646,0.064159292035398,0.007058823529412
85607,Mt. View Dr.,0.0,41860,"San Francisco-Oakland-Fremont, CA",06013350000,Contra Costa County,0.346829268292683,0.04837921485584,0.036458333333333
85609,Sacramento Waldorf School,1.6,40900,"Sacramento-Roseville-Folsom, CA",06067008010,Sacramento County,0.196214219759926,0.129785247432306,0.05159903251814
85615,Palazzo’D,1.2,23420,"Fresno, CA",06019004301,Fresno County,0.329096686336813,0.125684306569343,0.046867040244524
85629,HomeRedondo,10.2,31080,"Los Angeles-Long Beach-Anaheim, CA",06037620703,Los Angeles County,0.370002683123155,0.024416420713711,0.029799706888129
85631,Bogue Road,0.6,49700,"Yuba City, CA",06101050504,Sutter County,0.677063522251807,0.351809083910701,0.103945578231293
85641,spider,2.9,41740,"San Diego-Chula Vista-Carlsbad, CA",06073008303,San Diego County,0.198162729658793,0.11158940397351,0.049598832968636
85645,AEnv,13.0,31080,"Los Angeles-Long Beach-Anaheim, CA",06037103300,Los Angeles County,0.283018867924528,0.135397533455786,0.089225589225589
85653,Torrey Del Mar,1.4,41740,"San Diego-Chula Vista-Carlsbad, CA",06073008367,San Diego County,0.642310146777281,0.335035098915124,0.032450331125828
85667,14th and Sanchez,2.6,41860,"San Francisco-Oakland-Fremont, CA",06075016900,San Francisco County,0.33812479581836,0.168034131933049,0.120323129251701
85701,Western Hills Garden,0.0,42220,"Santa Rosa-Petaluma, CA",06097154306,Sonoma County,0.24739742804654,0.142682180036742,0.02441731409545
85703,Husin’s Habitat,0.9,41860,"San Francisco-Oakland-Fremont, CA",06001451503,Alameda County,0.490006553079948,0.165223184543638,0.007798960138648
85707,McKlintock,0.4,41940,"San Jose-Sunnyvale-Santa Clara, CA",06085507705,Santa Clara County,0.690127077223851,0.106240330067045,0.060622610595303
85711,Hillcrest Avenue,0.0,42220,"Santa Rosa-Petaluma, CA",06097154306,Sonoma County,0.24739742804654,0.142682180036742,0.02441731409545
85719,Yankee O2,0.1,17340,"Clearlake, CA",06033001302,Lake County,0.310306282137268,0.245974329054842,0.142602495543672
85721,Bella Vista Dr,0.2,41860,"San Francisco-Oakland-Fremont, CA",06081605600,San Mateo County,0.496684350132626,0.096118607362985,0.05091044221479
85723,Ryder Road,0.0,42100,"Santa Cruz-Watsonville, CA",06087120901,Santa Cruz County,0.156742323097463,0.15972972972973,0.046335697399527
85725,Silverado,0.0,34900,"Napa, CA",06055201402,Napa County,0.086542443064182,0.133250311332503,0.031551270815074
85743,Cabin,8.5,40140,"Riverside-San Bernardino-Ontario, CA",06071011003,San Bernardino County,0.431718061674009,0.317460317460317,0.046757164404223
85745,Edgewood park,0.0,41860,"San Francisco-Oakland-Fremont, CA",06081609900,San Mateo County,0.285859613428281,0.068836893862326,0.014256619144603
85783,Camp Meeker - South Hill,0.4,42220,"Santa Rosa-Petaluma, CA",06097154306,Sonoma County,0.24739742804654,0.142682180036742,0.02441731409545
85799,College Dr.,0.6,41940,"San Jose-Sunnyvale-Santa Clara, CA",06085502103,Santa Clara County,0.701947899554095,0.243839474301807,0.022423288749017
85803,541 Mississippi,1.4,41860,"San Francisco-Oakland-Fremont, CA",06075061402,San Francisco County,0.490776490776491,0.146741476046612,0.01423487544484
85807,MixedGreens1,0.4,42220,"Santa Rosa-Petaluma, CA",06097151800,Sonoma County,0.218345173422482,0.094784678640987,0.026795284030011
85811,16605 Oak View Circle,1.0,41940,"San Jose-Sunnyvale-Santa Clara, CA",06085512309,Santa Clara County,0.433805476864967,0.057951738552157,0.059266535690897
85817,Northside SJ,0.0,41940,"San Jose-Sunnyvale-Santa Clara, CA",06085501200,Santa Clara County,0.664902186421174,0.335198135198135,0.023297491039427
85819,Heke Bentley Oak Ct,0.7,41860,"San Francisco-Oakland-Fremont, CA",06013345103,Contra Costa County,0.466704502459327,0.061406844106464,0.06484994825802
85825,Baker Beach,0.0,41860,"San Francisco-Oakland-Fremont, CA",06075042800,San Francisco County,0.425042589437819,0.063032367972743,0.012913640032284
85827,Tahoe Expedition Academy,1.2,40900,"Sacramento-Roseville-Folsom, CA",06061022011,Placer County,0.171576227390181,0.070020746887967,0.024007386888273
85829,Regent Park Drive,17.1,31080,"Los Angeles-Long Beach-Anaheim, CA",06037460700,Los Angeles County,0.413367306938456,0.085260682085457,0.018705035971223
85849,TMS-Outside,1.0,41860,"San Francisco-Oakland-Fremont, CA",06013343002,Contra Costa County,0.363675397166166,0.135771992818671,0.025437864887406
85881,East Corte Madera,0.1,41860,"San Francisco-Oakland-Fremont, CA",06041121200,Marin County,0.270620204603581,0.081226828446242,0.027034718269778
85891,Centerville-outside,0.0,17020,"Chico, CA",06007001602,Butte County,0.149583600256246,0.180820148530836,0.014800514800515
85907,Whiskeytown NRA - Oak Bottom Fire Station,0.1,39820,"Redding, CA",06089012400,Shasta County,0.134958382877527,0.243283582089552,0.094928478543563
85927,UC South,5.5,41740,"San Diego-Chula Vista-Carlsbad, CA",06073008307,San Diego County,0.382128838605403,0.098451583082967,0.049
85957,Menlo Circus Club,0.2,41860,"San Francisco-Oakland-Fremont, CA",06081611400,San Mateo County,0.337802869912962,0.091864224137931,0.015495296070836
85971,tacobellheights,0.1,41860,"San Francisco-Oakland-Fremont, CA",06081609400,San Mateo County,0.346244131455399,0.056924882629108,0.040953862104717
85985,Kester Av,14.3,31080,"Los Angeles-Long Beach-Anaheim, CA",06037141306,Los Angeles County,0.362158647594278,0.114759427828348,0.137449301487156
86027,Stockton Spanos West,1.0,44700,"Stockton-Lodi, CA",06077004004,San Joaquin County,0.772510435301133,0.158914728682171,0.054450902416641
86039,Oak Hill Dr &amp; Stanford Circle,2.4,42200,"Santa Maria-Santa Barbara, CA",06083002808,Santa Barbara County,0.386302596239928,0.178453700928978,0.071210268948655
86071,Invalid,9.0,31080,"Los Angeles-Long Beach-Anaheim, CA",06037186302,Los Angeles County,0.608659793814433,0.223298969072165,0.096456692913386
86075,Beverly Glen,11.4,31080,"Los Angeles-Long Beach-Anaheim, CA",06037261200,Los Angeles County,0.298210234434081,0.10343949044586,0.072886297376093
86081,Mountain St,15.1,31080,"Los Angeles-Long Beach-Anaheim, CA",06037301100,Los Angeles County,0.225350140056022,0.279050161584937,0.039205009528995
86099,oxford-shane,1.1,41860,"San Francisco-Oakland-Fremont, CA",06013367100,Contra Costa County,0.91754720249437,0.286284722222222,0.072639225181598
86115,Via Sorrento,0.7,41940,"San Jose-Sunnyvale-Santa Clara, CA",06085508101,Santa Clara County,0.734775272281025,0.039299969296899,0.013567684242985
86121,Fratellanza Club,1.7,41860,"San Francisco-Oakland-Fremont, CA",06001400800,Alameda County,0.486043829296424,0.252892179546506,0.031292984869326
86129,Gateway trailhead,0.8,12540,"Bakersfield-Delano, CA",06029005509,Kern County,0.370899352823031,0.244979919678715,0.102424542305789
86133,Baywood: Stage Coach Drive at Winchester,0.5,41860,"San Francisco-Oakland-Fremont, CA",06013347000,Contra Costa County,0.246133254015467,0.065734681737061,0.043165467625899
86143,TheBatCave,1.8,41940,"San Jose-Sunnyvale-Santa Clara, CA",06085512307,Santa Clara County,0.542931483087598,0.128308983075365,0.057365919891378
86145,Rapley Trail,0.0,41860,"San Francisco-Oakland-Fremont, CA",06081613200,San Mateo County,0.249306670559042,0.075949367088608,0.044481605351171
86149,"Valley Court, Orinda, CA 94563",1.2,41860,"San Francisco-Oakland-Fremont, CA",06013353002,Contra Costa County,0.248206599713056,0.020143884892086,0.020489755122439
86161,ASC Training Center Nordic Stadium,0.0,46020,"Truckee-Grass Valley, CA",06057000900,Nevada County,0.179814077025232,0.327609337268581,0.021739130434783
86185,Silver Lake,23.0,31080,"Los Angeles-Long Beach-Anaheim, CA",06037195100,Los Angeles County,0.368107893692979,0.078728707935189,0.020504731861199
86205,Gummy,1.3,41860,"San Francisco-Oakland-Fremont, CA",06001442100,Alameda County,0.912896564670546,0.049106302916275,0.026792179580014
86213,Dublin Street near dog park,3.3,41860,"San Francisco-Oakland-Fremont, CA",06075026003,San Francisco County,0.851626016260163,0.207046632124352,0.047076130930489
86215,C. Latimer backyard,2.4,12540,"Bakersfield-Delano, CA",06029002820,Kern County,0.646901408450704,0.08679031572986,0.048787613204791
86221,Razor Crest,0.1,41940,"San Jose-Sunnyvale-Santa Clara, CA",06085511707,Santa Clara County,0.488349514563107,0.090363454484828,0.00752508361204
86277,Mission Vineyard,0.9,34900,"Napa, CA",06055201700,Napa County,0.436582109479306,0.183995491687799,0.054096432771462
86313,White Oak Elementary School,12.9,31080,"Los Angeles-Long Beach-Anaheim, CA",06037800325,Los Angeles County,0.196083763937993,0.116671199347294,0.048322910744741
86319,Quail Oaks West - Church Residence,0.5,23420,"Fresno, CA",06019006407,Fresno County,0.354880694143167,0.206507592190889,0.050587172538392
86347,LonePineSteve,1.6,13860,"Bishop, CA",06027000800,Inyo County,0.428711576193591,0.366511318242344,0.02052091554854
86367,Casa de Beegle,11.3,31080,"Los Angeles-Long Beach-Anaheim, CA",06037430502,Los Angeles County,0.416386426169367,0.130514705882353,0.031352235550709
86369,Camino Encinas,2.0,41860,"San Francisco-Oakland-Fremont, CA",06013353001,Contra Costa County,0.401809954751131,0.018552036199095,0.019082235347569
86391,Brightside Ranch,0.8,41860,"San Francisco-Oakland-Fremont, CA",06001435103,Alameda County,0.652817082582969,0.045695107783658,0.038647342995169
86399,Tiffany Farms,1.2,40900,"Sacramento-Roseville-Folsom, CA",06067008909,Sacramento County,0.599078341013825,0.389873417721519,0.07439446366782
86435,Bay Laurel Elementary School,12.7,31080,"Los Angeles-Long Beach-Anaheim, CA",06037800202,Los Angeles County,0.14801503022382,0.179872569841529,0.04914089347079
86451,Sonata Drive,1.7,40900,"Sacramento-Roseville-Folsom, CA",06067008907,Sacramento County,0.362049639711769,0.413110001610565,0.070671378091873
86459,Sunol Ridge,0.5,41860,"San Francisco-Oakland-Fremont, CA",06001435103,Alameda County,0.652817082582969,0.045695107783658,0.038647342995169
86461,Sunnyside-StaplesAve,2.4,41860,"San Francisco-Oakland-Fremont, CA",06075031100,San Francisco County,0.621858097359211,0.101654470251352,0.061486322924231
86463,Parkside,1.7,41860,"San Francisco-Oakland-Fremont, CA",06001435102,Alameda County,0.752484927489001,0.202682875707399,0.091472410740631
86475,"Bret Harte, San Rafael, CA, USA",0.0,41860,"San Francisco-Oakland-Fremont, CA",06041112100,Marin County,0.333869485294118,0.178308823529412,0.055431547619048
86505,Burgess Pool,0.1,41860,"San Francisco-Oakland-Fremont, CA",06081612500,San Mateo County,0.466180371352785,0.119584438549956,0.038004750593824
86517,Fiori Lane Farm,0.3,42220,"Santa Rosa-Petaluma, CA",06097154306,Sonoma County,0.24739742804654,0.142682180036742,0.02441731409545
86523,CHC Palo Alto,0.0,41940,"San Jose-Sunnyvale-Santa Clara, CA",06085511609,Santa Clara County,0.430971288943189,0.090793650793651,0.016705069124424
86543,Ranch South Outside,4.7,41740,"San Diego-Chula Vista-Carlsbad, CA",06073017061,San Diego County,0.300713860797145,0.144259369422963,0.028045574057844
86559,"Lower Peck Park, San Pedro, CA",5.8,31080,"Los Angeles-Long Beach-Anaheim, CA",06037296402,Los Angeles County,0.634787806335923,0.110369921164342,0.068134171907757
86705,AzaliaHills,3.5,21700,"Eureka-Arcata, CA",06023010502,Humboldt County,0.286080117066033,0.204295154185022,0.05546875
86761,B9 North AHU-5012,1.7,41860,"San Francisco-Oakland-Fremont, CA",06081602300,San Mateo County,0.941163159085766,0.207974626189397,0.052534221235664
86879,Crestbrool,10.3,40140,"Riverside-San Bernardino-Ontario, CA",06065030605,Riverside County,0.373676944316613,0.087896916705016,0.020725388601036
86909,University City - Radcliffe and Dennison,0.6,41740,"San Diego-Chula Vista-Carlsbad, CA",06073008307,San Diego County,0.382128838605403,0.098451583082967,0.049
86911,1331,2.3,41860,"San Francisco-Oakland-Fremont, CA",06013352102,Contra Costa County,0.415268941584731,0.044434763668046,0.052482842147759
86915,Vendola marsh,0.0,41860,"San Francisco-Oakland-Fremont, CA",06041106002,Marin County,0.42363545317977,0.146380986676269,0.081632653061224
86939,Shaver Lake Point,4.1,23420,"Fresno, CA",06019006409,Fresno County,0.344827586206897,0.251920122887865,0.037974683544304
86947,500 E Edith,0.1,41940,"San Jose-Sunnyvale-Santa Clara, CA",06085510300,Santa Clara County,0.436379347591272,0.063944696478721,0.048141086749285
86957,Marit-out Gene,0.0,42220,"Santa Rosa-Petaluma, CA",06097152601,Sonoma County,0.264204545454545,0.045270574126818,0.124483775811209
86965,Homez,1.4,41860,"San Francisco-Oakland-Fremont, CA",06013343003,Contra Costa County,0.207694307252404,0.057447361580452,0.040351784790481
86997,McLarren,0.5,41860,"San Francisco-Oakland-Fremont, CA",06001451501,Alameda County,0.408362989323843,0.157250889679715,0.037484885126965
86999,Harriman,0.0,31080,"Los Angeles-Long Beach-Anaheim, CA",06037620704,Los Angeles County,0.393279569892473,0.034408602150538,0.048258706467662
87005,Gualala Point Regional Park,1.7,42220,"Santa Rosa-Petaluma, CA",06097154308,Sonoma County,0.233155080213904,0.233155080213904,0.046511627906977
87085,6039 Allen Avenue,2.9,41940,"San Jose-Sunnyvale-Santa Clara, CA",06085512053,Santa Clara County,0.677041306436119,0.124111431316042,0.060846560846561
87089,"Silver Hills, Point Reyes Station",0.4,41860,"San Francisco-Oakland-Fremont, CA",06041132200,Marin County,0.112403100775194,0.192691029900332,0.09969481180061
87115,MORA'S PLACE,0.1,41940,"San Jose-Sunnyvale-Santa Clara, CA",06085511704,Santa Clara County,0.50251256281407,0.040856456194014,0.021870637505817
87127,Olive Hill Barn,2.9,41740,"San Diego-Chula Vista-Carlsbad, CA",06073018801,San Diego County,0.359565807327001,0.2025522671735,0.17617237008872
87129,Voets front porch,8.2,31080,"Los Angeles-Long Beach-Anaheim, CA",06037276102,Los Angeles County,0.823421213979154,0.162170447578173,0.15183752417795
87149,Chanate Outside,0.0,42220,"Santa Rosa-Petaluma, CA",06097152401,Sonoma County,0.264885669006113,0.06615139804501,0.007596067917784
87181,Granada Hills,12.2,31080,"Los Angeles-Long Beach-Anaheim, CA",06037106603,Los Angeles County,0.50931151241535,0.188135593220339,0.04851157662624
87185,Sunnyarts-2,0.4,41940,"San Jose-Sunnyvale-Santa Clara, CA",06085508503,Santa Clara County,0.809884095299421,0.08478721669656,0.017900732302685
87219,Scripps ranch,7.4,41740,"San Diego-Chula Vista-Carlsbad, CA",06073009504,San Diego County,0.446111648919006,0.041949015811552,0.007269789983845
87251,Logan Park Air,2.0,23420,"Fresno, CA",06019004213,Fresno County,0.588410991636798,0.140503295386459,0.051268772656655
87253,GBUAPCD_BPT_EMO,0.7,13860,"Bishop, CA",06027000400,Inyo County,0.485789014821273,0.243358129649309,0.04922042188933
87275,Saramead 2,0.5,41860,"San Francisco-Oakland-Fremont, CA",06013334200,Contra Costa County,0.331919968199284,0.077373483897951,0.059741819273491
87277,Oak Home,0.9,41860,"San Francisco-Oakland-Fremont, CA",06001451501,Alameda County,0.408362989323843,0.157250889679715,0.037484885126965
87279,Walden Woods,1.7,40900,"Sacramento-Roseville-Folsom, CA",06061020601,Placer County,0.171604938271605,0.031995586815612,0.029507229271171
87297,Arlington and Tulare,0.0,41860,"San Francisco-Oakland-Fremont, CA",06013362000,Contra Costa County,0.450918079096045,0.140431552882915,0.043911007025761
87315,BerkeleyRoseVilla,9.5,31080,"Los Angeles-Long Beach-Anaheim, CA",06037463300,Los Angeles County,0.559979317476732,0.113753877973113,0.040765391014975
87319,CHARA W1,16.4,31080,"Los Angeles-Long Beach-Anaheim, CA",06037930400,Los Angeles County,0.609400324149109,0.206273764258555,0.069548872180451
87323,Glenwood,11.7,31080,"Los Angeles-Long Beach-Anaheim, CA",06037301501,Los Angeles County,0.235730593607306,0.093036529680365,0.08125
87337,Hammond,0.9,41860,"San Francisco-Oakland-Fremont, CA",06013348000,Contra Costa County,0.201701597841876,0.061759201497193,0.015200368493782
87343,S Land Park,1.9,40900,"Sacramento-Roseville-Folsom, CA",06067003300,Sacramento County,0.395199314187741,0.166487647690655,0.113389121338912
87355,"Encino, Luverne Pl",12.1,31080,"Los Angeles-Long Beach-Anaheim, CA",06037139704,Los Angeles County,0.092799383904505,0.1455525606469,0.071551724137931
87363,Poipu-PurpleAir,5.5,31080,"Los Angeles-Long Beach-Anaheim, CA",06059042113,Orange County,0.231367169638775,0.171191900598251,0.022893326838773
87373,El Toro Way,0.3,41860,"San Francisco-Oakland-Fremont, CA",06013359103,Contra Costa County,0.697148114075437,0.155937846836848,0.038247793396535
87395,Coastal Canyon,4.1,31080,"Los Angeles-Long Beach-Anaheim, CA",06059062643,Orange County,0.411559778305622,0.102612826603325,0.026012634708287
87401,West_Floresta_Way,0.1,41860,"San Francisco-Oakland-Fremont, CA",06081613200,San Mateo County,0.249306670559042,0.075949367088608,0.044481605351171
87423,Lagunitas,0.0,41860,"San Francisco-Oakland-Fremont, CA",06041113000,Marin County,0.191860465116279,0.154804763223484,0.038292253521127
87429,Duncan's PurpleAir,1.7,40900,"Sacramento-Roseville-Folsom, CA",06067009317,Sacramento County,0.732266164469554,0.155530868116172,0.020551801801802
87433,Gatetree Circle,1.6,41860,"San Francisco-Oakland-Fremont, CA",06001450605,Alameda County,0.508914525432617,0.038280020975354,0.035398230088496
87435,Worker2,0.0,42220,"Santa Rosa-Petaluma, CA",06097151205,Sonoma County,0.328215767634855,0.231065468549422,0.063229571984436
87437,Via Sobrante,2.8,41860,"San Francisco-Oakland-Fremont, CA",06041132200,Marin County,0.112403100775194,0.192691029900332,0.09969481180061
87445,Casa Tequila,5.5,31080,"Los Angeles-Long Beach-Anaheim, CA",06059042320,Orange County,0.516229508196721,0.184590163934426,0.02935731288019
87449,Crossings West,1.0,41860,"San Francisco-Oakland-Fremont, CA",06013334006,Contra Costa County,0.461001902346227,0.093214965123653,0.052609603340292
87453,Hillsborough 100,0.0,41860,"San Francisco-Oakland-Fremont, CA",06081605700,San Mateo County,0.47148871029468,0.025449674703406,0.056581532416503
87477,Discovery,6.9,31080,"Los Angeles-Long Beach-Anaheim, CA",06037602513,Los Angeles County,0.955421686746988,0.569211669770329,0.056603773584906
87505,Bayside Commons,1.2,41860,"San Francisco-Oakland-Fremont, CA",06001420301,Alameda County,0.620415879017013,0.111490329920364,0.02560553633218
87513,La Honda,0.2,41860,"San Francisco-Oakland-Fremont, CA",06081613800,San Mateo County,0.324557086614173,0.204338180921863,0.010752688172043
87515,Graphite Ct,1.7,40900,"Sacramento-Roseville-Folsom, CA",06067009328,Sacramento County,0.711254765456655,0.140242888038596,0.076708074534161
87535,Air_Quality,0.8,41940,"San Jose-Sunnyvale-Santa Clara, CA",06085506801,Santa Clara County,0.269186712485682,0.063698515924629,0.056610056610057
87541,vineyard,1.1,42220,"Santa Rosa-Petaluma, CA",06097153712,Sonoma County,0.282813273897969,0.241208519068846,0.161874334398296
87543,Bear Ridge Outside,0.8,41860,"San Francisco-Oakland-Fremont, CA",06013354002,Contra Costa County,0.236065101541121,0.101175787487299,0.051661730832511
87567,Purple Air,7.3,31080,"Los Angeles-Long Beach-Anaheim, CA",06037701304,Los Angeles County,0.266507557677009,0.105807478122514,0.020235578375113
87571,Club Glenborough,0.9,41940,"San Jose-Sunnyvale-Santa Clara, CA",06085509111,Santa Clara County,0.679429250891796,0.230565583634176,0.058823529411765
87573,LHPUSD - Butano Cut Off,1.7,41860,"San Francisco-Oakland-Fremont, CA",06081613800,San Mateo County,0.324557086614173,0.204338180921863,0.010752688172043
87575,Upper American River Dr.,1.5,43760,"Sonora, CA",06109002201,Tuolumne County,0.153859649122807,0.265096511421994,0.067132867132867
87593,Skylion,0.1,41860,"San Francisco-Oakland-Fremont, CA",06041108202,Marin County,0.349173121205778,0.251076658053402,0.079943235572375
87601,Islay Hill,4.5,42020,"San Luis Obispo-Paso Robles, CA",06079011505,San Luis Obispo County,0.251966829683181,0.125732551944592,0.037070524412297
87607,North Upper Truckee,1.4,40900,"Sacramento-Roseville-Folsom, CA",06017030502,El Dorado County,0.231225296442688,0.118322121092204,0.024199288256228
87623,Wells,11.1,37100,"Oxnard-Thousand Oaks-Ventura, CA",06111001201,Ventura County,0.608940513903555,0.225220458553792,0.038368475630833
87627,Lower Van Tassel,1.0,41860,"San Francisco-Oakland-Fremont, CA",06013354002,Contra Costa County,0.236065101541121,0.101175787487299,0.051661730832511
87647,HesH,0.5,41860,"San Francisco-Oakland-Fremont, CA",06013363000,Contra Costa County,0.699217246246632,0.175798793789298,0.031350114416476
87649,Murphy Springs,1.9,41940,"San Jose-Sunnyvale-Santa Clara, CA",06085512305,Santa Clara County,0.56784027479605,0.026247848537005,0.029556650246305
87653,Amity Ranch,0.0,41940,"San Jose-Sunnyvale-Santa Clara, CA",06069000802,San Benito County,0.465987200758474,0.123160892263882,0.059265811587793
87663,Vosti House,0.0,34900,"Napa, CA",06055201700,Napa County,0.436582109479306,0.183995491687799,0.054096432771462
87673,Shop OneStopWineShop.com!,1.6,40900,"Sacramento-Roseville-Folsom, CA",06113010402,Yolo County,0.504527813712807,0.110176800344976,0.035264483627204
87709,GlenOaks,0.2,17340,"Clearlake, CA",06033000602,Lake County,0.30093023255814,0.481724461105904,0.068918918918919
87711,Patio,1.1,41860,"San Francisco-Oakland-Fremont, CA",06013359103,Contra Costa County,0.697148114075437,0.155937846836848,0.038247793396535
87715,Scripps Ranch,5.9,41740,"San Diego-Chula Vista-Carlsbad, CA",06073017022,San Diego County,0.32165725047081,0.078887195121951,0.040591675266598
87799,Outside Chadima,0.4,41860,"San Francisco-Oakland-Fremont, CA",06013322000,Contra Costa County,0.459511472982976,0.143860173289513,0.03667553978113
87965,Borrego Springs,1.5,41740,"San Diego-Chula Vista-Carlsbad, CA",06073021001,San Diego County,0.220443985544657,0.294938016528926,0.147135416666667
88083,AQMD_NASA_35,0.7,12540,"Bakersfield-Delano, CA",06029006010,Kern County,0.18594249201278,0.070287539936102,0.020866773675762
88551,Charles Ave,0.6,41860,"San Francisco-Oakland-Fremont, CA",06001436601,Alameda County,0.891920410009044,0.343679031037093,0.027688720489653
88895,Wilshire Blvd - Westholme Ave,13.7,31080,"Los Angeles-Long Beach-Anaheim, CA",06037265203,Los Angeles County,0.382293762575453,0.22887323943662,0.0
88913,Vallejo People’s Garden,0.7,46700,"Vallejo, CA",06095250801,Solano County,0.705340264650283,0.16138482023968,0.057872980082676
88931,FoxieLoxie,0.2,17340,"Clearlake, CA",06033001102,Lake County,0.106704438149197,0.27289896128423,0.096774193548387
89167,Trouble Maker,25.0,40900,"Sacramento-Roseville-Folsom, CA",06017030901,El Dorado County,0.204833141542002,0.134427173287277,0.048591938155715
89175,Pill Hill,0.4,41860,"San Francisco-Oakland-Fremont, CA",06013318000,Contra Costa County,0.275626423690205,0.209798270893372,0.012665198237885
89521,"Brookside, Olivenhain",8.2,41740,"San Diego-Chula Vista-Carlsbad, CA",06073017112,San Diego County,0.27906976744186,0.033861980282898,0.008952551477171
89547,MDAQMD-OH-OakView,5.7,40140,"Riverside-San Bernardino-Ontario, CA",06071010034,San Bernardino County,0.664618644067797,0.360593220338983,0.013997529847674
89563,300 Block Redwood Rd,0.2,41860,"San Francisco-Oakland-Fremont, CA",06041116000,Marin County,0.116131084950684,0.079421221864952,0.044592516658124
89643,MDAQMD-PVUSD-PVH_2,0.6,40140,"Riverside-San Bernardino-Ontario, CA",06065046103,Riverside County,0.645223544548086,0.283513602097673,0.045419553502694
89773,Kite Hill,0.6,41860,"San Francisco-Oakland-Fremont, CA",06013348000,Contra Costa County,0.201701597841876,0.061759201497193,0.015200368493782
89777,End of Squirehill,1.0,41940,"San Jose-Sunnyvale-Santa Clara, CA",06085507808,Santa Clara County,0.817931509206677,0.063092570246509,0.030656447850716
89783,Barking Dog,0.3,40900,"Sacramento-Roseville-Folsom, CA",06017030606,El Dorado County,0.158777573529412,0.324888576120103,0.044035674470457
89837,Purple People Eater,0.6,46380,"Ukiah, CA",06045011001,Mendocino County,0.142403388035998,0.361872146118721,0.102285092491839
89847,SB Western Suburbs,8.3,42200,"Santa Maria-Santa Barbara, CA",06083001101,Santa Barbara County,0.622744074798869,0.335769656699889,0.015240328253224
89855,SK Patio,2.0,41860,"San Francisco-Oakland-Fremont, CA",06075013500,San Francisco County,0.30635370295427,0.107244030756779,0.027241770715096
89859,Harvest market,0.9,46380,"Ukiah, CA",06045011004,Mendocino County,0.132592298531163,0.231275720164609,0.045528455284553
89863,Jenny D,1.9,41860,"San Francisco-Oakland-Fremont, CA",06001430600,Alameda County,0.614990390775144,0.183670195700995,0.034303833957913
89977,ParrotHead_Air,0.1,41860,"San Francisco-Oakland-Fremont, CA",06081606500,San Mateo County,0.29893647599885,0.027594136246048,0.035610040863981
89989,Diviso,0.0,41860,"San Francisco-Oakland-Fremont, CA",06041124200,Marin County,0.201472908995266,0.056251102098395,0.166347992351816
90007,Peace Lily Outside,2.0,40900,"Sacramento-Roseville-Folsom, CA",06061022500,Placer County,0.530487804878049,0.146341463414634,0.046666666666667
90009,Piano,0.7,42220,"Santa Rosa-Petaluma, CA",06097151702,Sonoma County,0.23535039464243,0.247049769112365,0.087155963302752
90039,Irvine,7.3,31080,"Los Angeles-Long Beach-Anaheim, CA",06059052439,Orange County,0.699194452941776,0.18002251560741,0.036826042726348
90063,RZ,3.0,40900,"Sacramento-Roseville-Folsom, CA",06061021122,Placer County,0.17829678154372,0.06630465847385,0.074074074074074
90065,Scribe Winery - Knoll,2.1,42220,"Santa Rosa-Petaluma, CA",06097150100,Sonoma County,0.221269296740995,0.200869565217391,0.030854430379747
90095,Whipple Avenue RC,0.2,41860,"San Francisco-Oakland-Fremont, CA",06081610000,San Mateo County,0.411087866108787,0.125289047719151,0.014435221941537
90109,Aura Way,3.3,41940,"San Jose-Sunnyvale-Santa Clara, CA",06085510001,Santa Clara County,0.418663092645334,0.048947458497347,0.033395176252319
90127,Glen View,1.1,41860,"San Francisco-Oakland-Fremont, CA",06013334200,Contra Costa County,0.331919968199284,0.077373483897951,0.059741819273491
90133,Spring Pl,5.4,40140,"Riverside-San Bernardino-Ontario, CA",06065044300,Riverside County,0.76224213377787,0.416687116564417,0.1
90159,Piedmont &amp; Calaveras,0.0,41940,"San Jose-Sunnyvale-Santa Clara, CA",06085504424,Santa Clara County,0.877016511672044,0.173467451129247,0.033165829145729
90193,PurpleAir Sensor 4,16.9,31080,"Los Angeles-Long Beach-Anaheim, CA",06037460501,Los Angeles County,0.521296645307199,0.121269361541368,0.070337806571032
90205,Mitchell Canyon,1.0,41860,"San Francisco-Oakland-Fremont, CA",06013355306,Contra Costa County,0.262197802197802,0.049230769230769,0.059207662168045
90215,Rollingwood Elementary,2.4,41860,"San Francisco-Oakland-Fremont, CA",06081603700,San Mateo County,0.667611622962438,0.132549438802779,0.047782743210725
90219,Rivia House,1.5,40900,"Sacramento-Roseville-Folsom, CA",06017030810,El Dorado County,0.30842860941239,0.253222341568206,0.112413425679275
90221,Benicia Hall,1.2,40900,"Sacramento-Roseville-Folsom, CA",06067005201,Sacramento County,0.694301994301994,0.654305468258957,0.168494516450648
90225,ESL,7.9,31080,"Los Angeles-Long Beach-Anaheim, CA",06037702201,Los Angeles County,0.451530612244898,0.241071428571429,0.079789388416363
90253,SCSB_42,9.2,31080,"Los Angeles-Long Beach-Anaheim, CA",06059099510,Orange County,0.314259555962463,0.335545891508354,0.026798307475317
90267,Cambria,18.1,42020,"San Luis Obispo-Paso Robles, CA",06079010404,San Luis Obispo County,0.31832298136646,0.191610564474366,0.067173637515843
90291,NEON D17 SJER,1.4,23420,"Fresno, CA",06039000102,Madera County,0.25039405539293,0.299932447646926,0.15748469671675
90301,TFE - Hoffman Lane,0.0,34900,"Napa, CA",06055201200,Napa County,0.413342053629823,0.253978635273599,0.078616352201258
90331,Winter Orchard Ln,0.0,42220,"Santa Rosa-Petaluma, CA",06097153705,Sonoma County,0.252336448598131,0.143691588785047,0.042809042809043
90393,Oak Ridge,0.3,41860,"San Francisco-Oakland-Fremont, CA",06081609800,San Mateo County,0.374808993669504,0.092896174863388,0.066666666666667
90401,Clover Hill Ct.,0.1,41860,"San Francisco-Oakland-Fremont, CA",06041108100,Marin County,0.216684077003432,0.116574503063817,0.082356076759062
90417,SCSLP_02_font,10.1,40140,"Riverside-San Bernardino-Ontario, CA",06071002204,San Bernardino County,0.913665432514305,0.365651438240271,0.102101116217991
90427,Church Outside,0.4,41940,"San Jose-Sunnyvale-Santa Clara, CA",06085509700,Santa Clara County,0.45,0.107331571994716,0.017386427369602
90435,SMC_FF42,7.3,31080,"Los Angeles-Long Beach-Anaheim, CA",06037702201,Los Angeles County,0.451530612244898,0.241071428571429,0.079789388416363
90443,Bohnen Road,2.4,42100,"Santa Cruz-Watsonville, CA",06087121100,Santa Cruz County,0.302690582959641,0.182701652089407,0.031539888682746
90467,Pleasanton,1.6,41860,"San Francisco-Oakland-Fremont, CA",06001450603,Alameda County,0.578313253012048,0.080731306491372,0.01929012345679
90533,Ridge Ave Vallejo,0.2,46700,"Vallejo, CA",06095250601,Solano County,0.87685009487666,0.369136511583381,0.089393939393939
90563,Farrell Vallejo,3.7,46700,"Vallejo, CA",06095251100,Solano County,0.775787728026534,0.374958485552972,0.026955950032873
90587,Dahlberg,2.6,41940,"San Jose-Sunnyvale-Santa Clara, CA",06085512305,Santa Clara County,0.56784027479605,0.026247848537005,0.029556650246305
90609,River Oaks Ln,9.6,40140,"Riverside-San Bernardino-Ontario, CA",06071007904,San Bernardino County,0.577910109173401,0.192116829717851,0.091858596679164
90715,6D,0.3,12540,"Bakersfield-Delano, CA",06029000202,Kern County,0.305957200694043,0.595161760419703,0.101536406145625
90717,William st park at creek,1.5,41940,"San Jose-Sunnyvale-Santa Clara, CA",06085501300,Santa Clara County,0.615801132168349,0.398975526465566,0.039370078740157
90751,East Oakdale,2.2,33700,"Modesto, CA",06099000102,Stanislaus County,0.279753158977373,0.160740523067881,0.034106412005457
90759,Santa Margarita,0.0,41860,"San Francisco-Oakland-Fremont, CA",06041109002,Marin County,0.223475258918297,0.090424298632043,0.03575503993914
90787,Kuck Lane,0.5,42220,"Santa Rosa-Petaluma, CA",06097151100,Sonoma County,0.256860809476802,0.191423881821912,0.070051160960252
90803,Renovo,6.2,41740,"San Diego-Chula Vista-Carlsbad, CA",06073009505,San Diego County,0.372742973779243,0.064531323598681,0.046071226681741
90813,"North Shore Drive, Hidden Valley Lake, CA 95467",0.4,17340,"Clearlake, CA",06033001301,Lake County,0.131449312937516,0.172888535875033,0.055332798716921
90843,East Richmond Heights,2.0,41860,"San Francisco-Oakland-Fremont, CA",06013362000,Contra Costa County,0.450918079096045,0.140431552882915,0.043911007025761
90863,Glen Ellen Cottage,0.2,42220,"Santa Rosa-Petaluma, CA",06097150501,Sonoma County,0.156294200848656,0.203119461183977,0.037012113055182
90889,Montclaire Ct. NE,0.0,41940,"San Jose-Sunnyvale-Santa Clara, CA",06085510100,Santa Clara County,0.495622895622896,0.10976430976431,0.029757243539546
90897,2364 Warren Road,1.6,41860,"San Francisco-Oakland-Fremont, CA",06013341000,Contra Costa County,0.36827731092437,0.087341772151899,0.047470817120623
90925,Menlo Park,0.0,41860,"San Francisco-Oakland-Fremont, CA",06081612700,San Mateo County,0.202519379844961,0.062166100048567,0.046121593291405
90953,Parkway II,0.7,40900,"Sacramento-Roseville-Folsom, CA",06067008509,Sacramento County,0.386689132266217,0.040648694187026,0.020781379883624
90997,CCAEJ_San_Bernardino_#1,13.6,40140,"Riverside-San Bernardino-Ontario, CA",06071006204,San Bernardino County,0.84685064251106,0.57152117545376,0.100917431192661
91021,Dawn Way,2.6,41940,"San Jose-Sunnyvale-Santa Clara, CA",06085512510,Santa Clara County,0.616014026884863,0.184730144800351,0.063055316709659
91075,PA-443,0.4,41860,"San Francisco-Oakland-Fremont, CA",06081613000,San Mateo County,0.349132947976879,0.097109826589595,0.018259281801582
91079,Mt Diablo Summit,0.0,41860,"San Francisco-Oakland-Fremont, CA",06013355306,Contra Costa County,0.262197802197802,0.049230769230769,0.059207662168045
91081,PurpleAir Sensor 10,16.6,31080,"Los Angeles-Long Beach-Anaheim, CA",06037460501,Los Angeles County,0.521296645307199,0.121269361541368,0.070337806571032
91187,SC_UPLD,12.4,40140,"Riverside-San Bernardino-Ontario, CA",06071000821,San Bernardino County,0.804300218992634,0.348795540513637,0.064956695536309
91237,BioMarin 300,0.0,41860,"San Francisco-Oakland-Fremont, CA",06041104300,Marin County,0.181400688863375,0.098163030998852,0.042430086788814
91287,Tall Grass Ct,0.9,34900,"Napa, CA",06055201101,Napa County,0.333157338965153,0.049336870026525,0.061368209255533
91319,Near Roy Cloud,0.1,41860,"San Francisco-Oakland-Fremont, CA",06081609700,San Mateo County,0.268241689316329,0.041204768876804,0.024006296733569
91331,Driveway,3.2,41860,"San Francisco-Oakland-Fremont, CA",06081603000,San Mateo County,0.438251366120219,0.132768990866563,0.044722130878001
91335,Mount Everest Blvd,5.4,41740,"San Diego-Chula Vista-Carlsbad, CA",06073008512,San Diego County,0.334372751259295,0.118013912209163,0.050043898156277
91397,Hayward City Hall,1.2,41860,"San Francisco-Oakland-Fremont, CA",06001435400,Alameda County,0.767630744849445,0.297242906017307,0.065364120781528
91403,Outside - Casa Olinda,0.6,41860,"San Francisco-Oakland-Fremont, CA",06013360102,Contra Costa County,0.514910536779324,0.120398009950249,0.056316590563166
91477,SCGMP_03,12.5,31080,"Los Angeles-Long Beach-Anaheim, CA",06037403327,Los Angeles County,0.759769642122583,0.094611271081859,0.049539985845718
91485,BioMarin 46,0.3,41860,"San Francisco-Oakland-Fremont, CA",06041104300,Marin County,0.181400688863375,0.098163030998852,0.042430086788814
91495,SCSLP_02_font,11.0,40140,"Riverside-San Bernardino-Ontario, CA",06071002204,San Bernardino County,0.913665432514305,0.365651438240271,0.102101116217991
91511,P13 Air,5.5,31080,"Los Angeles-Long Beach-Anaheim, CA",06037670413,Los Angeles County,0.579554822753504,0.058641338013628,0.072496601721794
91555,Mission Park HOA - Santa Clara,0.7,41940,"San Jose-Sunnyvale-Santa Clara, CA",06085505010,Santa Clara County,0.816230717639168,0.142026392305972,0.095582635186596
91589,Sunbelt Vineyard,0.0,42020,"San Luis Obispo-Paso Robles, CA",06079010303,San Luis Obispo County,0.286376604850214,0.161313347608851,0.051111111111111
91615,Greenbrae,0.8,41860,"San Francisco-Oakland-Fremont, CA",06041119202,Marin County,0.238930885529158,0.046241211465657,0.017214397496088
91617,Parkside Intermediate School,0.0,41860,"San Francisco-Oakland-Fremont, CA",06081604000,San Mateo County,0.538344026886648,0.071799572257867,0.019412090959512
91643,"219 S. D St. Madera, CA. 93638",1.2,23420,"Fresno, CA",06039000802,Madera County,0.898863372767339,0.814009661835749,0.093714285714286
91693,Tschannen Science Complex,1.6,40900,"Sacramento-Roseville-Folsom, CA",06067005201,Sacramento County,0.694301994301994,0.654305468258957,0.168494516450648
91695,Elizabeth Delgado,9.8,40140,"Riverside-San Bernardino-Ontario, CA",06071004902,San Bernardino County,0.968515205724508,0.489803220035778,0.034893617021277
91741,Sereno del Mar,1.8,42220,"Santa Rosa-Petaluma, CA",06097154304,Sonoma County,0.216915422885572,0.269938650306748,0.014840182648402
91743,Northeast Nevada City,2.5,46020,"Truckee-Grass Valley, CA",06057000801,Nevada County,0.161467889908257,0.302788104089219,0.087524752475248
91749,Miller Time,0.0,41860,"San Francisco-Oakland-Fremont, CA",06001421500,Alameda County,0.18503937007874,0.11075,0.053935860058309
91755,"Faraday Fields, Inyokern",4.3,12540,"Bakersfield-Delano, CA",06029005510,Kern County,0.18625678119349,0.329716696805304,0.13
91805,Brisbane Community Pool,1.3,41860,"San Francisco-Oakland-Fremont, CA",06081600100,San Mateo County,0.618550724637681,0.120686293624488,0.092119089316988
91813,Backyard,1.0,41940,"San Jose-Sunnyvale-Santa Clara, CA",06085508206,Santa Clara County,0.621250635485511,0.038891713268937,0.021190716448032
91821,Amber Swartz Park,0.3,41860,"San Francisco-Oakland-Fremont, CA",06013359202,Contra Costa County,0.655667986508286,0.093225331369661,0.03589177250138
91825,Oak Valley,0.0,41940,"San Jose-Sunnyvale-Santa Clara, CA",06085511707,Santa Clara County,0.488349514563107,0.090363454484828,0.00752508361204
91843,Greenbriar,1.5,46020,"Truckee-Grass Valley, CA",06057000107,Nevada County,0.159876543209877,0.162654320987654,0.003612716763006
91851,Woodview Circle,0.8,41860,"San Francisco-Oakland-Fremont, CA",06013345118,Contra Costa County,0.56,0.113758865248227,0.062629399585921
91869,PurpleAir Sensor 15,18.6,31080,"Los Angeles-Long Beach-Anaheim, CA",06037460401,Los Angeles County,0.741,0.158,0.102290076335878
91897,SCSLP_02_font,9.7,40140,"Riverside-San Bernardino-Ontario, CA",06071002204,San Bernardino County,0.913665432514305,0.365651438240271,0.102101116217991
91911,Ukiah,0.1,46380,"Ukiah, CA",06045011300,Mendocino County,0.488497761309248,0.494885306881587,0.029255319148936
91915,Casa Cielo,7.3,41740,"San Diego-Chula Vista-Carlsbad, CA",06073017111,San Diego County,0.281216303644598,0.070735389260298,0.101806239737274
91917,Belmont Cyn Rd,0.6,41860,"San Francisco-Oakland-Fremont, CA",06081608800,San Mateo County,0.454603376871615,0.019114367633004,0.028156490812092
91921,Upper Hidden Valley,0.0,42220,"Santa Rosa-Petaluma, CA",06097152401,Sonoma County,0.264885669006113,0.06615139804501,0.007596067917784
91935,Puppy,0.1,42220,"Santa Rosa-Petaluma, CA",06097151702,Sonoma County,0.23535039464243,0.247049769112365,0.087155963302752
91967,Movie Colony,5.3,40140,"Riverside-San Bernardino-Ontario, CA",06065044602,Riverside County,0.348973607038123,0.303994082840237,0.095620437956204
91969,Fletcher Avenue,19.3,31080,"Los Angeles-Long Beach-Anaheim, CA",06037480500,Los Angeles County,0.475539966771276,0.066876039164973,0.061687229076359
91971,PageStreet,1.1,41860,"San Francisco-Oakland-Fremont, CA",06001422000,Alameda County,0.505095801059927,0.172910662824208,0.022349570200573
91979,1271 Canyon Road,0.0,42220,"Santa Rosa-Petaluma, CA",06097154100,Sonoma County,0.306160882432069,0.137772984631976,0.042950513538749
91991,Tilden Ln,1.3,17020,"Chico, CA",06007000904,Butte County,0.247216035634744,0.266929466422638,0.075909481523919
91995,EID diesel,2.5,40900,"Sacramento-Roseville-Folsom, CA",06017030701,El Dorado County,0.219893362750506,0.071520500091929,0.028706252457727
92011,Serena Way,0.6,41940,"San Jose-Sunnyvale-Santa Clara, CA",06085506102,Santa Clara County,0.639598540145985,0.074856486796785,0.027038269550749
92015,856 Chesterton,0.0,41860,"San Francisco-Oakland-Fremont, CA",06081611100,San Mateo County,0.390600684718332,0.033317691224777,0.030008826125331
92017,P_Air_M001,2.4,40900,"Sacramento-Roseville-Folsom, CA",06067004016,Sacramento County,0.45629466739967,0.216052776250687,0.047029702970297
92019,Sonoma Mountain ROR,0.1,42220,"Santa Rosa-Petaluma, CA",06097151309,Sonoma County,0.316863956081661,0.169931271477663,0.029751487574379
92085,Underfoot Farms,0.1,44700,"Stockton-Lodi, CA",06077005218,San Joaquin County,0.776260504201681,0.22277748553393,0.079925650557621
92097,Bay St.,1.4,41860,"San Francisco-Oakland-Fremont, CA",06001427800,Alameda County,0.485727655591951,0.188114178755264,0.045813586097946
92105,MES,12.0,31080,"Los Angeles-Long Beach-Anaheim, CA",06037480500,Los Angeles County,0.475539966771276,0.066876039164973,0.061687229076359
92145,Hummingbird Haven,1.0,32900,"Merced, CA",06047001006,Merced County,0.574842200180343,0.491533077444118,0.191011235955056
92147,Castanya OUTSIDE,0.1,41860,"San Francisco-Oakland-Fremont, CA",06081613200,San Mateo County,0.249306670559042,0.075949367088608,0.044481605351171
92183,OB-SF,3.0,41860,"San Francisco-Oakland-Fremont, CA",06075035400,San Francisco County,0.620239537074418,0.134975104292827,0.117104329311568
92195,RSM_02,7.6,31080,"Los Angeles-Long Beach-Anaheim, CA",06059032050,Orange County,0.404970760233918,0.197577276524645,0.027551020408163
92211,SCSLP_03_font,10.3,40140,"Riverside-San Bernardino-Ontario, CA",06071002204,San Bernardino County,0.913665432514305,0.365651438240271,0.102101116217991
92213,Pope Valley,0.0,34900,"Napa, CA",06055201700,Napa County,0.436582109479306,0.183995491687799,0.054096432771462
92225,Aptos Hills,1.6,42100,"Santa Cruz-Watsonville, CA",06087122402,Santa Cruz County,0.323401329360532,0.171221677178229,0.061675882603148
92235,SCSLP_05_font,11.3,40140,"Riverside-San Bernardino-Ontario, CA",06071002204,San Bernardino County,0.913665432514305,0.365651438240271,0.102101116217991
92323,Sagehen,0.5,46020,"Truckee-Grass Valley, CA",06057000900,Nevada County,0.179814077025232,0.327609337268581,0.021739130434783
92499,BAM PA,1.5,41860,"San Francisco-Oakland-Fremont, CA",06001426100,Alameda County,0.319365079365079,0.023809523809524,0.037158829332456
92527,INAH_AMS_01,3.6,40140,"Riverside-San Bernardino-Ontario, CA",06065045303,Riverside County,0.923275862068966,0.479310344827586,0.128299120234604
92533,CMPT AMS (1),9.6,31080,"Los Angeles-Long Beach-Anaheim, CA",06037542000,Los Angeles County,1.0,0.323647486140317,0.066194690265487
92545,"Santa Barbara, Irvine",8.1,31080,"Los Angeles-Long Beach-Anaheim, CA",06059052530,Orange County,0.722126120459192,0.274133763094279,0.04470890961724
92605,SCGMP_01,10.3,40140,"Riverside-San Bernardino-Ontario, CA",06065042213,Riverside County,0.581723397730757,0.291015026065624,0.095801937567277
92617,Plantains,1.8,40900,"Sacramento-Roseville-Folsom, CA",06067001601,Sacramento County,0.403861843894479,0.208677054689887,0.059653916211293
92767,RAV,3.1,40140,"Riverside-San Bernardino-Ontario, CA",06071009723,San Bernardino County,0.485265225933202,0.202436402723038,0.050110537951363
93177,Cedar/Harker,0.1,41940,"San Jose-Sunnyvale-Santa Clara, CA",06085511200,Santa Clara County,0.387387387387387,0.03023023023023,0.012101653892699
93191,City of Berkeley City Hall,9.8,41860,"San Francisco-Oakland-Fremont, CA",06001422902,Alameda County,0.699867637326274,0.570152217074785,0.0
93203,Truxton,6.8,31080,"Los Angeles-Long Beach-Anaheim, CA",06037276000,Los Angeles County,0.453623846270238,0.085993584848022,0.051134946370666
93241,shawmut,0.4,43760,"Sonora, CA",06109005101,Tuolumne County,0.18161518422032,0.326420029895366,0.07358024691358
93277,El Paraiso Ct,1.2,41860,"San Francisco-Oakland-Fremont, CA",06013352201,Contra Costa County,0.396869851729819,0.244610281923715,0.062921348314607
93435,SCAQA_04,1.8,20940,"El Centro, CA",06025012302,Imperial County,0.795623987034036,0.521076523994812,0.115682281059063
93473,Eureka Ave. x Kearney St.,0.9,41860,"San Francisco-Oakland-Fremont, CA",06013388000,Contra Costa County,0.523423091110291,0.146341463414634,0.021276595744681
93503,Guadalupe St,1.2,40900,"Sacramento-Roseville-Folsom, CA",06017030504,El Dorado County,0.200868621064061,0.121322193970214,0.046113306982872
93515,NEON D17 TEAK,0.0,23420,"Fresno, CA",06019006408,Fresno County,0.353003161222339,0.223753976670201,0.037406483790524
93521,Marc's weather station,1.8,41500,"Salinas, CA",06053012800,Monterey County,0.21025641025641,0.101742919389978,0.028812056737589
93535,Lucas Valley,0.1,41860,"San Francisco-Oakland-Fremont, CA",06041107000,Marin County,0.226712977581307,0.064577397910731,0.024404941247364
93539,North Orchard,1.7,46700,"Vallejo, CA",06095253201,Solano County,0.361759082217973,0.104015296367113,0.045294635004398
93565,Holly Oaks Ranch,5.8,41740,"San Diego-Chula Vista-Carlsbad, CA",06073020801,San Diego County,0.328916318751135,0.130767793760508,0.038473869830074
93699,McNears Beach Park,0.0,41860,"San Francisco-Oakland-Fremont, CA",06041110200,Marin County,0.134575175822087,0.065576886523475,0.023897058823529
93813,Paradise Park,0.9,41860,"San Francisco-Oakland-Fremont, CA",06041124200,Marin County,0.201472908995266,0.056251102098395,0.166347992351816
93831,Begen Avenue,0.0,41940,"San Jose-Sunnyvale-Santa Clara, CA",06085509901,Santa Clara County,0.319983818770227,0.02147872779843,0.047400611620795
93839,San Pasqual Elementary,0.0,20940,"El Centro, CA",06025940000,Imperial County,0.781392984239959,0.630087583719732,0.209677419354839
93881,Stafford Lake Park,5.7,41860,"San Francisco-Oakland-Fremont, CA",06041103100,Marin County,0.241007194244604,0.071082167105445,0.021816198527407
93883,McInnis Park,1.4,41860,"San Francisco-Oakland-Fremont, CA",06041106001,Marin County,0.462495426271497,0.049450549450549,0.036581960346272
93921,Timberview,2.8,23420,"Fresno, CA",06039000111,Madera County,0.144434628975265,0.367053364269142,0.361573373676248
93997,Gateway Mountain Center Camp Base,0.5,46020,"Truckee-Grass Valley, CA",06057000900,Nevada County,0.179814077025232,0.327609337268581,0.021739130434783
94001,"545 Orizaba Ave, San Francisco CA 94132",1.6,41860,"San Francisco-Oakland-Fremont, CA",06075031301,San Francisco County,0.795501551189245,0.236039296794209,0.087712039718659
94007,Woodside Glen,0.1,41860,"San Francisco-Oakland-Fremont, CA",06013303204,Contra Costa County,0.454699049630412,0.122280887011616,0.043288150415391
94061,Pinewood Upper Campus,0.0,41940,"San Jose-Sunnyvale-Santa Clara, CA",06085511701,Santa Clara County,0.453060285319834,0.0651173492867,0.035852178709322
94071,Nevada City (East),2.3,46020,"Truckee-Grass Valley, CA",06057000802,Nevada County,0.15778777761649,0.269036287923855,0.034809245335561
94119,Eldridge Ct,1.5,41860,"San Francisco-Oakland-Fremont, CA",06013391000,Contra Costa County,0.343068535825545,0.039330218068536,0.051383399209486
94185,SugarLoaf,0.1,39820,"Redding, CA",06089012701,Shasta County,0.143626991565136,0.281923714759536,0.109116022099448
94215,Birkdale,0.4,46700,"Vallejo, CA",06095250106,Solano County,0.772900763358779,0.115586206896552,0.045977011494253
94287,Oaks,0.8,12540,"Bakersfield-Delano, CA",06029005206,Kern County,0.276874256247521,0.56921856406188,0.25070821529745
94381,Atascadero West Hills,2.2,42020,"San Luis Obispo-Paso Robles, CA",06079012505,San Luis Obispo County,0.296703296703297,0.218827229835992,0.017241379310345
94397,Edgeware Triangle,7.4,31080,"Los Angeles-Long Beach-Anaheim, CA",06037197600,Los Angeles County,0.643192488262911,0.293427230046948,0.089055064581917
94417,Las Colinas,1.7,42100,"Santa Cruz-Watsonville, CA",06087122401,Santa Cruz County,0.220131702728128,0.464722483537159,0.035714285714286
94445,Williams Dr,2.4,41860,"San Francisco-Oakland-Fremont, CA",06013352101,Contra Costa County,0.411245865490628,0.053414727203357,0.051282051282051
94553,Open Field Farm,0.0,42220,"Santa Rosa-Petaluma, CA",06097151100,Sonoma County,0.256860809476802,0.191423881821912,0.070051160960252
94621,Highland,0.0,42220,"Santa Rosa-Petaluma, CA",06097150702,Sonoma County,0.121053777487481,0.107883817427386,0.026982829108749
94631,Summer Lake,0.5,41860,"San Francisco-Oakland-Fremont, CA",06013301000,Contra Costa County,0.44379808594483,0.182398198536311,0.078348128135855
94633,Rebecca,0.0,42100,"Santa Cruz-Watsonville, CA",06087120301,Santa Cruz County,0.210322580645161,0.196324324324324,0.021961378265808
94951,Near Putah Creek Park,2.8,40900,"Sacramento-Roseville-Folsom, CA",06113010607,Yolo County,0.420077972709552,0.160087719298246,0.051788574479445
94967,SHASTAAQMD_SC14_FootballField,0.8,39820,"Redding, CA",06089011900,Shasta County,0.142319873317498,0.120261956737448,0.036972596781209
95003,TFE - Main Street,0.0,34900,"Napa, CA",06055201601,Napa County,0.387571545380213,0.226901062959935,0.035326086956522
95013,NoPlaceInParticulate,0.2,40900,"Sacramento-Roseville-Folsom, CA",06017030706,El Dorado County,0.258218451749735,0.092770655270655,0.018107908351811
95051,213 Attica Drive,2.0,31080,"Los Angeles-Long Beach-Anaheim, CA",06037577501,Los Angeles County,0.260699216395419,0.121760096443641,0.028506271379704
95055,SMC ECLS,7.0,31080,"Los Angeles-Long Beach-Anaheim, CA",06037701902,Los Angeles County,0.316760536026413,0.380850650611769,0.108517350157729
95139,TFE - Trinchero Napa Valley,0.2,34900,"Napa, CA",06055201500,Napa County,0.342326139088729,0.193024654239327,0.052401746724891
95147,Malibu Campus,8.2,31080,"Los Angeles-Long Beach-Anaheim, CA",06037800504,Los Angeles County,0.169312169312169,0.149206349206349,0.015856236786469
95177,Stover Rd / Redwood Valley,0.0,21700,"Eureka-Arcata, CA",06023010300,Humboldt County,0.187832446808511,0.291087766858692,0.103921568627451
95179,Mike's Backyard,0.6,41940,"San Jose-Sunnyvale-Santa Clara, CA",06085508203,Santa Clara County,0.617912480844543,0.031036834924966,0.0403286034354
95313,Gunsalus Vineyard,0.0,42220,"Santa Rosa-Petaluma, CA",06097153602,Sonoma County,0.211297071129707,0.189005235602094,0.030762167125803
95367,1230 S Mayflower (Outside),14.7,31080,"Los Angeles-Long Beach-Anaheim, CA",06037430901,Los Angeles County,0.811802232854865,0.312241141279337,0.079653322327693
95505,Paseo Del Rio - EXT,0.9,41860,"San Francisco-Oakland-Fremont, CA",06013350000,Contra Costa County,0.346829268292683,0.04837921485584,0.036458333333333
95525,Belford Way - San Mateo,9.2,41860,"San Francisco-Oakland-Fremont, CA",06081606400,San Mateo County,0.542519518885841,0.158894281493986,0.0156
95537,Lathrop,0.1,44700,"Stockton-Lodi, CA",06077005214,San Joaquin County,0.727921279212792,0.200542339455195,0.054635761589404
95711,SAFE-Orleans-KDNR-Outdoor,0.5,21700,"Eureka-Arcata, CA",06023010102,Humboldt County,0.272885789014821,0.305960264900662,0.053775743707094
95981,EDH Hogarth Way,2.6,40900,"Sacramento-Roseville-Folsom, CA",06017030710,El Dorado County,0.246264981119685,0.149236578558529,0.05062436719541
96053,The Farmhouse,1.4,41940,"San Jose-Sunnyvale-Santa Clara, CA",06085512402,Santa Clara County,0.556233320625238,0.268966831871902,0.133001422475107
96061,Foxtail Ct Research Center,1.8,39820,"Redding, CA",06089011300,Shasta County,0.245005045408678,0.301311806256307,0.02317880794702
96075,Coyote Creek Field Station,1.7,41940,"San Jose-Sunnyvale-Santa Clara, CA",06085504602,Santa Clara County,0.872916666666667,0.174479166666667,0.049261083743842
96163,Point Dume Malibu,0.3,31080,"Los Angeles-Long Beach-Anaheim, CA",06037800412,Los Angeles County,0.249321021184139,0.198749320282762,0.086149768058317
96173,The Kat,1.3,41860,"San Francisco-Oakland-Fremont, CA",06001409800,Alameda County,0.82398177157505,0.170710819297745,0.068237604320079
96187,Corte de la Cañada,1.6,41860,"San Francisco-Oakland-Fremont, CA",06013356002,Contra Costa County,0.674226441631505,0.164381153305204,0.083486801718846
96193,MDAQMD-Hinkley_FD,0.0,40140,"Riverside-San Bernardino-Ontario, CA",06071011900,San Bernardino County,0.430102724430549,0.417641764176418,0.096852300242131
96203,CARB_S_GBUAPCD_PalisadeHS,0.0,13860,"Bishop, CA",06027000500,Inyo County,0.366018261214768,0.251010509296686,0.043676069153776
96209,Ridgeway,1.7,40900,"Sacramento-Roseville-Folsom, CA",06017031405,El Dorado County,0.135124298315958,0.184843624699278,0.068934646374217
96235,Lancaster Estate,0.0,42220,"Santa Rosa-Petaluma, CA",06097154100,Sonoma County,0.306160882432069,0.137772984631976,0.042950513538749
96241,East Garrison,1.0,41500,"Salinas, CA",06053014109,Monterey County,0.683987773336468,0.158476369621444,0.088082901554404
96309,Back Yard,1.8,41860,"San Francisco-Oakland-Fremont, CA",06001404800,Alameda County,0.473760932944606,0.225583090379009,0.073880597014925
96359,"Glendale, CA",11.9,31080,"Los Angeles-Long Beach-Anaheim, CA",06037300901,Los Angeles County,0.319016083254494,0.083443708609272,0.047904191616766
96411,SHASTAAqmd_SC3_DunsmuirWasteWater,0.2,39820,"Redding, CA",06089012500,Shasta County,0.147612156295224,0.37192474674385,0.172690763052209
96521,Ring Mountain,0.0,41860,"San Francisco-Oakland-Fremont, CA",06041124100,Marin County,0.207734806629834,0.078503980744307,0.022178734507502
96599,Foley Estates,0.0,42200,"Santa Maria-Santa Barbara, CA",06083002809,Santa Barbara County,0.56145251396648,0.162534986005598,0.042622950819672
96611,Dudley House,16.6,31080,"Los Angeles-Long Beach-Anaheim, CA",06037462500,Los Angeles County,0.579950418345212,0.091469194312796,0.016571256402531
96615,Chalk Hill Winery,0.6,42220,"Santa Rosa-Petaluma, CA",06097153807,Sonoma County,0.318448583822404,0.079101811686655,0.012433392539964
96619,Prevail,0.2,42220,"Santa Rosa-Petaluma, CA",06097154100,Sonoma County,0.306160882432069,0.137772984631976,0.042950513538749
96633,Chalone Vineyard,0.6,41500,"Salinas, CA",06053011106,Monterey County,0.964259121370067,0.167535368577811,0.034712950600801
96643,Kennedy Ct.,0.2,40900,"Sacramento-Roseville-Folsom, CA",06061021106,Placer County,0.272882805816938,0.153450492927561,0.027586206896552
96669,North40,1.4,17020,"Chico, CA",06007001400,Butte County,0.179281055665099,0.174874218630889,0.037305122494432
96677,Old Town,2.7,42200,"Santa Maria-Santa Barbara, CA",06083001601,Santa Barbara County,0.543809201623816,0.228650137741047,0.025934658134052
96721,City of Berkeley South Berkeley Senior Center,0.1,41860,"San Francisco-Oakland-Fremont, CA",06001423400,Alameda County,0.529274004683841,0.264817150063052,0.064148847542349
96737,Butterwood,0.5,40900,"Sacramento-Roseville-Folsom, CA",06067008207,Sacramento County,0.140286109829257,0.079196490417917,0.061958405545927
96767,City of Berkeley Fire Station 7,1.8,41860,"San Francisco-Oakland-Fremont, CA",06001421600,Alameda County,0.287493513233005,0.133874770762379,0.046242774566474
96771,Marion,7.6,31080,"Los Angeles-Long Beach-Anaheim, CA",06059001603,Orange County,0.450589777195282,0.139362912400455,0.03013698630137
96811,Coalinga - Mesa Way,0.4,23420,"Fresno, CA",06019008100,Fresno County,0.749338040600177,0.394115024520731,0.136635638297872
96829,BDUESD,0.0,42100,"Santa Cruz-Watsonville, CA",06087120200,Santa Cruz County,0.304403048264183,0.27498918217222,0.039013452914798
96837,Tacuba St. outdoor,10.7,31080,"Los Angeles-Long Beach-Anaheim, CA",06037185102,Los Angeles County,0.398644833427442,0.123658949745906,0.10632318501171
96891,MDAQMD-HUSD-OAK_HILLS_HS2,3.2,40140,"Riverside-San Bernardino-Ontario, CA",06071010042,San Bernardino County,0.76513098464318,0.207994579945799,0.093733543970511
96893,12 Ave. San Mateo,0.0,41860,"San Francisco-Oakland-Fremont, CA",06081606600,San Mateo County,0.418707660239708,0.039343408025013,0.017126546146527
96903,Northridge,9.5,31080,"Los Angeles-Long Beach-Anaheim, CA",06037115401,Los Angeles County,0.677270395074397,0.472942793334479,0.048527443105756
96923,ShastaAQMD_SC2_ShastaHS,0.2,39820,"Redding, CA",06089010602,Shasta County,0.186142322097378,0.163053903702283,0.059602649006623
96927,OakBert Farm,0.2,42220,"Santa Rosa-Petaluma, CA",06097150501,Sonoma County,0.156294200848656,0.203119461183977,0.037012113055182
96935,Via canada outside,5.7,31080,"Los Angeles-Long Beach-Anaheim, CA",06037670702,Los Angeles County,0.304613771408598,0.159559594547361,0.053314626446861
96941,SHASTAAQMD_SC15 Shingletown,0.7,39820,"Redding, CA",06089012603,Shasta County,0.160058379956215,0.230029585798817,0.054578532443905
96949,Querencia,2.4,40900,"Sacramento-Roseville-Folsom, CA",06067008009,Sacramento County,0.267308574048602,0.124484181568088,0.09153713298791
96959,Cloverdale Library - Outside,0.0,42220,"Santa Rosa-Petaluma, CA",06097154202,Sonoma County,0.299969437652812,0.142629988869455,0.018308080808081
97045,Foley Johnson winery,0.0,34900,"Napa, CA",06055201500,Napa County,0.342326139088729,0.193024654239327,0.052401746724891
97097,Sunnyarts-3,0.3,41940,"San Jose-Sunnyvale-Santa Clara, CA",06085508503,Santa Clara County,0.809884095299421,0.08478721669656,0.017900732302685
97109,Crystal Aire Ct. &amp; Farnham Ln.,5.7,40140,"Riverside-San Bernardino-Ontario, CA",06065043227,Riverside County,0.677538829151732,0.177210639827462,0.093059526904081
97121,Oak Creek,1.1,41860,"San Francisco-Oakland-Fremont, CA",06013361000,Contra Costa County,0.69977880554997,0.243862852505579,0.036507339104253
97157,Retreat Ln,1.1,40900,"Sacramento-Roseville-Folsom, CA",06017031406,El Dorado County,0.075229357798165,0.144948453608247,0.051903114186851
97265,Post Ranch Sierra Mar South,3.1,41500,"Salinas, CA",06053011502,Monterey County,0.473477406679764,0.409763313609467,0.022644927536232
97271,ABMR,0.1,41860,"San Francisco-Oakland-Fremont, CA",06081610901,San Mateo County,0.706209969367864,0.300194931773879,0.007535460992908
97277,Briones Road,0.0,41860,"San Francisco-Oakland-Fremont, CA",06013347000,Contra Costa County,0.246133254015467,0.065734681737061,0.043165467625899
97339,MDAQMD-AV-LOOKOUT,5.1,40140,"Riverside-San Bernardino-Ontario, CA",06071009717,San Bernardino County,0.466891403804479,0.193354201781844,0.10757180156658
97599,"Ladera Oaks Swim, Tennis and Fitness Club",1.3,41860,"San Francisco-Oakland-Fremont, CA",06081613200,San Mateo County,0.249306670559042,0.075949367088608,0.044481605351171
97615,Molimo Manor,1.0,41860,"San Francisco-Oakland-Fremont, CA",06075030700,San Francisco County,0.486541244573083,0.071056439942113,0.028115942028986
97673,Iowa Dr.,0.0,41860,"San Francisco-Oakland-Fremont, CA",06081606500,San Mateo County,0.29893647599885,0.027594136246048,0.035610040863981
97683,University and Middlebury,0.0,41940,"San Jose-Sunnyvale-Santa Clara, CA",06085510300,Santa Clara County,0.436379347591272,0.063944696478721,0.048141086749285
97693,Collingwood Hill,0.3,41860,"San Francisco-Oakland-Fremont, CA",06075020500,San Francisco County,0.257912457912458,0.107581967213115,0.057838660578387
97709,Smokey Bees,0.0,40900,"Sacramento-Roseville-Folsom, CA",06067000501,Sacramento County,0.502467917077986,0.472359328726555,0.031386861313869
97711,Paramount-Site 1-Vermont  Ave,44.0,31080,"Los Angeles-Long Beach-Anaheim, CA",06037553802,Los Angeles County,0.914356130622304,0.480407281703178,0.08797745773325
97723,SBCAPCD_43,3.5,42200,"Santa Maria-Santa Barbara, CA",06083002802,Santa Barbara County,0.669410688618842,0.334948912758711,0.099791558103179
97765,SBCAPCD_38,3.3,42200,"Santa Maria-Santa Barbara, CA",06083002503,Santa Barbara County,0.928982725527831,0.443414956982131,0.066037735849057
97825,VistazoE,0.2,41860,"San Francisco-Oakland-Fremont, CA",06041124200,Marin County,0.201472908995266,0.056251102098395,0.166347992351816
97857,Plum,0.0,41940,"San Jose-Sunnyvale-Santa Clara, CA",06085508403,Santa Clara County,0.489457831325301,0.054375,0.031039136302294
97901,Clarendon heights,1.8,41860,"San Francisco-Oakland-Fremont, CA",06075030500,San Francisco County,0.561922365988909,0.115631691648822,0.016806722689076
97921,SBCAPCD-CAPCOA-14,3.5,42200,"Santa Maria-Santa Barbara, CA",06083002101,Santa Barbara County,0.850364203954214,0.368145667643365,0.027240426371891
97945,SBCAPCD_33,1.5,42200,"Santa Maria-Santa Barbara, CA",06083001910,Santa Barbara County,0.349545136459062,0.212218649517685,0.024021962937543
97951,SBCAPCD_Info_31,3.7,42200,"Santa Maria-Santa Barbara, CA",06083001905,Santa Barbara County,0.250894890986007,0.173045469414459,0.071743234738829
97965,MDAQMD-VV2,1.5,40140,"Riverside-San Bernardino-Ontario, CA",06071009914,San Bernardino County,0.757914338919926,0.701554797117937,0.077047850770479
97981,MDAQMD-TRO2,1.3,40140,"Riverside-San Bernardino-Ontario, CA",06071008901,San Bernardino County,0.275631855030997,0.546238620028749,0.076479076479076
97983,MDAQMD_AVUSD_DK,0.2,40140,"Riverside-San Bernardino-Ontario, CA",06071009717,San Bernardino County,0.466891403804479,0.193354201781844,0.10757180156658
98011,MDAQMD-HUSD-HHS,2.0,40140,"Riverside-San Bernardino-Ontario, CA",06071010016,San Bernardino County,0.758922648268542,0.505008121277748,0.116431277988288
98061,Paseo Cerro,0.6,41940,"San Jose-Sunnyvale-Santa Clara, CA",06085506604,Santa Clara County,0.625645205107308,0.049171420809563,0.007220216606498
98071,8 Mile Road (w/VOC),0.6,40900,"Sacramento-Roseville-Folsom, CA",06017031405,El Dorado County,0.135124298315958,0.184843624699278,0.068934646374217
98089,Celesta Ct.,0.0,42220,"Santa Rosa-Petaluma, CA",06097153502,Sonoma County,0.207150368033649,0.157797681770284,0.014232673267327
98099,Maxwelton,1.6,41860,"San Francisco-Oakland-Fremont, CA",06001426100,Alameda County,0.319365079365079,0.023809523809524,0.037158829332456
98147,Penstock House,0.0,46020,"Truckee-Grass Valley, CA",06057000502,Nevada County,0.326161964684392,0.29278728606357,0.0
98167,Skyline Goat Trail,0.1,42100,"Santa Cruz-Watsonville, CA",06087120500,Santa Cruz County,0.231797397115723,0.114417286574566,0.069718731298624
98181,Sonoma-SE,0.4,42220,"Santa Rosa-Petaluma, CA",06097150204,Sonoma County,0.160609299839658,0.168180567024498,0.028346456692913
98187,HeyWay,0.1,41940,"San Jose-Sunnyvale-Santa Clara, CA",06085509902,Santa Clara County,0.54043048283886,0.107135797588456,0.03006589785832
98195,Pc35,1.5,40900,"Sacramento-Roseville-Folsom, CA",06113010610,Yolo County,0.542297196725378,0.46025,0.073250135648399
98199,BaseCamp,0.5,40900,"Sacramento-Roseville-Folsom, CA",06061022100,Placer County,0.081858407079646,0.064159292035398,0.007058823529412
98209,Weather_Rock,1.8,41500,"Salinas, CA",06053014700,Monterey County,0.713683351468988,0.323145318143929,0.062094848174684
98223,Camp Augusta,0.4,46020,"Truckee-Grass Valley, CA",06057000801,Nevada County,0.161467889908257,0.302788104089219,0.087524752475248
98243,Dogwood Mountain 1,3.7,23420,"Fresno, CA",06019006409,Fresno County,0.344827586206897,0.251920122887865,0.037974683544304
98379,RMM,1.1,40900,"Sacramento-Roseville-Folsom, CA",06017030605,El Dorado County,0.108091414453366,0.410747374922792,0.023809523809524
98641,Ketch Park,0.0,41860,"San Francisco-Oakland-Fremont, CA",06081608001,San Mateo County,0.5089209855565,0.1053525913339,0.040195545898968
98705,38558 rd 128,0.9,47300,"Visalia, CA",06107000600,Tulare County,0.949407114624506,0.54877851480343,0.108399138549892
98865,Brookwood Avenue n/o Olinder Park,0.8,41940,"San Jose-Sunnyvale-Santa Clara, CA",06085501502,Santa Clara County,0.811298076923077,0.324747231584015,0.03366524419156
99345,PB Wicks St and Van Nuys,10.9,31080,"Los Angeles-Long Beach-Anaheim, CA",06037121221,Los Angeles County,0.833258828788556,0.242696629213483,0.053017944535073
99657,Oxford Way,0.0,42100,"Santa Cruz-Watsonville, CA",06087101100,Santa Cruz County,0.343087971274686,0.301699204627621,0.057235772357724
100025,Parsley-Kerr,13.8,31080,"Los Angeles-Long Beach-Anaheim, CA",06037461300,Los Angeles County,0.264455264759586,0.191075870646766,0.021718602455146
100111,Rose Bowl Aquatics Center,1.7,31080,"Los Angeles-Long Beach-Anaheim, CA",06037461700,Los Angeles County,0.44011544011544,0.112655449890271,0.062586926286509
100119,Saratoga Hills,1.0,41940,"San Jose-Sunnyvale-Santa Clara, CA",06085507302,Santa Clara County,0.438257575757576,0.08274231678487,0.019340974212034
100175,1514 Lupine,0.1,42220,"Santa Rosa-Petaluma, CA",06097153905,Sonoma County,0.269208211143695,0.201466275659824,0.112320916905444
100423,Cupertino-Los Altos Hills,0.2,41940,"San Jose-Sunnyvale-Santa Clara, CA",06085507705,Santa Clara County,0.690127077223851,0.106240330067045,0.060622610595303
100591,CARB office (outside),11.8,40140,"Riverside-San Bernardino-Ontario, CA",06065042209,Riverside County,0.773040752351097,0.648381517173215,0.075454545454545
100735,City Hall Complex,0.0,40900,"Sacramento-Roseville-Folsom, CA",06067001103,Sacramento County,0.477064220183486,0.430428134556575,0.078291814946619
100797,Truckee Fire Station 95,0.4,46020,"Truckee-Grass Valley, CA",06057001205,Nevada County,0.095181907571288,0.148140861695849,0.073706591070163
100805,Circle Rd,0.1,41860,"San Francisco-Oakland-Fremont, CA",06041108202,Marin County,0.349173121205778,0.251076658053402,0.079943235572375
100813,Animal Care Admin Building,3.6,40900,"Sacramento-Roseville-Folsom, CA",06067002100,Sacramento County,0.651706942846183,0.383984375,0.078847199564981
100879,223 Outside,0.0,41860,"San Francisco-Oakland-Fremont, CA",06041120002,Marin County,0.226359832635983,0.088075313807531,0.094887525562372
100935,Pacheco,0.2,41860,"San Francisco-Oakland-Fremont, CA",06013321200,Contra Costa County,0.600249287749288,0.19747150997151,0.075218658892128
100939,Randall Elementary School,0.2,41940,"San Jose-Sunnyvale-Santa Clara, CA",06085504418,Santa Clara County,0.935891209324915,0.230432668935343,0.06
100951,OrangeAir,0.1,41860,"San Francisco-Oakland-Fremont, CA",06081612800,San Mateo County,0.29121041728322,0.091743119266055,0.025016903313049
100977,Almond Vallejo,5.0,46700,"Vallejo, CA",06095251901,Solano County,0.828184658104825,0.365599404318689,0.118637431480031
100983,Benicia Brandon,0.4,46700,"Vallejo, CA",06095252107,Solano County,0.454518252543387,0.168761220825853,0.044652701212789
101035,Judah Road,2.6,40900,"Sacramento-Roseville-Folsom, CA",06061022013,Placer County,0.09640522875817,0.275986842105263,0.039033457249071
101073,Vallemar,1.5,41860,"San Francisco-Oakland-Fremont, CA",06081603100,San Mateo County,0.467636579572447,0.117489589530042,0.01815269620929
101081,Pomona Historic Lincoln Park,9.3,31080,"Los Angeles-Long Beach-Anaheim, CA",06037402602,Los Angeles County,0.791873963515755,0.277385892116183,0.159295217547645
101083,Fig Island,0.9,41940,"San Jose-Sunnyvale-Santa Clara, CA",06085508401,Santa Clara County,0.678045763760049,0.058110472381905,0.085919928025191
101213,MesaOaksCircle,0.1,42220,"Santa Rosa-Petaluma, CA",06097151601,Sonoma County,0.147200593251761,0.136260408781226,0.091317365269461
101215,Good Life garden,3.4,41740,"San Diego-Chula Vista-Carlsbad, CA",06073017106,San Diego County,0.273822327382233,0.09703270521984,0.048736462093863
101221,"921 Cottrell Way, Stanford, CA",0.0,41940,"San Jose-Sunnyvale-Santa Clara, CA",06085511502,Santa Clara County,0.324542351846106,0.042096219931271,0.0
101225,Pine Creek,2.7,39780,"Red Bluff, CA",06103000900,Tehama County,0.464869515342701,0.446582423894314,0.059405940594059
101247,Fargoville-outside-deux,0.1,41860,"San Francisco-Oakland-Fremont, CA",06081609500,San Mateo County,0.386557963809903,0.091054953870838,0.047054322876817
101299,Stanford Acres,0.0,41860,"San Francisco-Oakland-Fremont, CA",06081613000,San Mateo County,0.349132947976879,0.097109826589595,0.018259281801582
101321,Anson,0.8,41860,"San Francisco-Oakland-Fremont, CA",06013391000,Contra Costa County,0.343068535825545,0.039330218068536,0.051383399209486
101345,Victoria,2.0,41860,"San Francisco-Oakland-Fremont, CA",06075030900,San Francisco County,0.618379357175192,0.147873467534433,0.03690036900369
101439,Zanker Elementary School,0.2,41940,"San Jose-Sunnyvale-Santa Clara, CA",06085504505,Santa Clara County,0.916214192098858,0.119816100581723,0.058657642413988
101443,Curtner Elementary School,0.4,41940,"San Jose-Sunnyvale-Santa Clara, CA",06085504507,Santa Clara County,0.880089772362937,0.197499198461045,0.055782710280374
101453,Burnett Elementary School,0.0,41940,"San Jose-Sunnyvale-Santa Clara, CA",06085504412,Santa Clara County,0.922680412371134,0.17990794476686,0.042737896494157
101479,Home,0.1,41940,"San Jose-Sunnyvale-Santa Clara, CA",06085509108,Santa Clara County,0.710925478127061,0.095405583644757,0.02475427739352
101493,Clinton &amp; Yale,1.4,41860,"San Francisco-Oakland-Fremont, CA",06013370000,Contra Costa County,0.509797297297297,0.040202702702703,0.026213050752928
101503,Outside,0.2,41860,"San Francisco-Oakland-Fremont, CA",06001451103,Alameda County,0.1373989713446,0.009404388714734,0.058510638297872
101513,Badger's Drift,4.1,46020,"Truckee-Grass Valley, CA",06057001207,Nevada County,0.338150289017341,0.33134988099286,0.059737884791222
101515,Wisconsin-Norton,2.0,41860,"San Francisco-Oakland-Fremont, CA",06001406800,Alameda County,0.716192394862755,0.109058704453441,0.113351254480287
101521,Mitchell Park - by Nexla,0.2,41940,"San Jose-Sunnyvale-Santa Clara, CA",06085510803,Santa Clara County,0.563901018922853,0.114992721979622,0.0
101607,Greenwood,0.0,41860,"San Francisco-Oakland-Fremont, CA",06041111002,Marin County,0.214534594325535,0.136145491285678,0.05859375
101635,Bridle Circle,0.0,31080,"Los Angeles-Long Beach-Anaheim, CA",06059021816,Orange County,0.399666481378544,0.092041651171439,0.058823529411765
101645,Comptche Spring Ranch,0.0,46380,"Ukiah, CA",06045011200,Mendocino County,0.364569961489089,0.354744996772111,0.101060511540861
101691,LAH RV Outside,0.2,41940,"San Jose-Sunnyvale-Santa Clara, CA",06085511701,Santa Clara County,0.453060285319834,0.0651173492867,0.035852178709322
101740,Skipper Ct,31.1,46020,"Truckee-Grass Valley, CA",06057000401,Nevada County,0.193755739210285,0.199265381083563,0.038920601971977
101768,W Blithedale at Trailhead,0.1,41860,"San Francisco-Oakland-Fremont, CA",06041126100,Marin County,0.074856674856675,0.083374283374283,0.066580894178192
101774,Anthony Spangler Elementary School,0.3,41940,"San Jose-Sunnyvale-Santa Clara, CA",06085504507,Santa Clara County,0.880089772362937,0.197499198461045,0.055782710280374
101776,Sinnott Elementary School,0.0,41940,"San Jose-Sunnyvale-Santa Clara, CA",06085504416,Santa Clara County,0.784313725490196,0.082505729564553,0.037298387096774
101806,Monson Vineyards,0.0,42220,"Santa Rosa-Petaluma, CA",06097154100,Sonoma County,0.306160882432069,0.137772984631976,0.042950513538749
101838,East San Jose Foothills,0.0,41940,"San Jose-Sunnyvale-Santa Clara, CA",06085503312,Santa Clara County,0.746610169491526,0.081212467829568,0.0630231413097
101978,Fort Ross Road,0.0,42220,"Santa Rosa-Petaluma, CA",06097154304,Sonoma County,0.216915422885572,0.269938650306748,0.014840182648402
102032,Pasadena - Lincoln &amp; Washington,15.3,31080,"Los Angeles-Long Beach-Anaheim, CA",06037460900,Los Angeles County,0.784672619047619,0.359063972040723,0.04491451753115
102068,Lower Christmas Tree Hill,0.0,41860,"San Francisco-Oakland-Fremont, CA",06041121100,Marin County,0.211167159506001,0.079144198991129,0.069454545454545
102134,Guinness,1.2,41940,"San Jose-Sunnyvale-Santa Clara, CA",06085501102,Santa Clara County,0.764972560248151,0.131269498440125,0.031702898550725
102154,DUB Home,0.4,41940,"San Jose-Sunnyvale-Santa Clara, CA",06085506603,Santa Clara County,0.547507055503293,0.095226786986464,0.034961900493052
102170,Minions Home,1.3,40900,"Sacramento-Roseville-Folsom, CA",06061020605,Placer County,0.310185947013329,0.128771640560594,0.067957866123004
102172,Bronson,0.4,41940,"San Jose-Sunnyvale-Santa Clara, CA",06085502800,Santa Clara County,0.553518895677755,0.1456,0.025
102180,"Redlands, Ca",8.8,40140,"Riverside-San Bernardino-Ontario, CA",06071008403,San Bernardino County,0.49351481184948,0.074050016239039,0.035005413208228
102490,SK,0.0,31080,"Los Angeles-Long Beach-Anaheim, CA",06037137504,Los Angeles County,0.344427634896621,0.05648008068583,0.043643263757116
102518,Air4all,0.0,41860,"San Francisco-Oakland-Fremont, CA",06013322000,Contra Costa County,0.459511472982976,0.143860173289513,0.03667553978113
102528,Sage Sparrow,1.2,46700,"Vallejo, CA",06095252914,Solano County,0.621565217391304,0.207919065061922,0.076515151515152
102596,Olive Springs Near Quarry,1.1,42100,"Santa Cruz-Watsonville, CA",06087121000,Santa Cruz County,0.182847896440129,0.118223383409536,0.044211751018034
102630,Ware Road,0.4,41860,"San Francisco-Oakland-Fremont, CA",06081613702,San Mateo County,0.421378280349904,0.183272882440794,0.017478616586091
102758,Kepel,0.7,21700,"Eureka-Arcata, CA",06023010102,Humboldt County,0.272885789014821,0.305960264900662,0.053775743707094
103030,Estrada Household,6.9,31080,"Los Angeles-Long Beach-Anaheim, CA",06059089001,Orange County,0.946943681318681,0.459092471639739,0.06858407079646
103032,Casa Bejarano,9.8,31080,"Los Angeles-Long Beach-Anaheim, CA",06059074801,Orange County,0.978148835291692,0.481137909709338,0.064294379296401
103060,Casa Linares Cheney,6.3,31080,"Los Angeles-Long Beach-Anaheim, CA",06059074108,Orange County,0.954798628963153,0.3595554587056,0.062476044461479
103120,Hanson Residence,5.6,31080,"Los Angeles-Long Beach-Anaheim, CA",06059074004,Orange County,0.923906069549596,0.237684887459807,0.071718538565629
103232,Ft. Yuma Quechan EPO,0.6,20940,"El Centro, CA",06025940000,Imperial County,0.781392984239959,0.630087583719732,0.209677419354839
103274,Casa Diaz,6.2,31080,"Los Angeles-Long Beach-Anaheim, CA",06059099203,Orange County,0.870559268378473,0.257661148291652,0.106442577030812
103292,Casa Terrazas,38.7,31080,"Los Angeles-Long Beach-Anaheim, CA",06059074502,Orange County,0.978734907190485,0.277335264301231,0.056347826086957
103766,El Nido Dos,0.4,46700,"Vallejo, CA",06095252105,Solano County,0.365359897172236,0.064588688946015,0.016918429003021
103800,Franz Valley,0.0,34900,"Napa, CA",06055201900,Napa County,0.447682119205298,0.217218543046358,0.046486486486486
103802,Churchill Park,11.0,41860,"San Francisco-Oakland-Fremont, CA",06075020802,San Francisco County,0.564011097899326,0.147443519619501,0.080100755667506
103850,Linda Ave,1.4,41860,"San Francisco-Oakland-Fremont, CA",06001426200,Alameda County,0.319070150174861,0.073235959679078,0.065334997919268
103852,Crist Street Alameda,1.6,41860,"San Francisco-Oakland-Fremont, CA",06001428100,Alameda County,0.487258528565557,0.080558980682285,0.040202825063383
103870,Upper Zayante,1.8,42100,"Santa Cruz-Watsonville, CA",06087120500,Santa Cruz County,0.231797397115723,0.114417286574566,0.069718731298624
103904,Groth,0.0,34900,"Napa, CA",06055201500,Napa County,0.342326139088729,0.193024654239327,0.052401746724891
103958,Shady Acres,4.7,46020,"Truckee-Grass Valley, CA",06057000701,Nevada County,0.107767385115901,0.224345940084045,0.056179775280899
103992,Pine Mountain Club -- Woodland Drive,1.8,12540,"Bakersfield-Delano, CA",06029003307,Kern County,0.364741641337386,0.402952670429874,0.090809628008753
104008,Dolores Terrace,3.4,41860,"San Francisco-Oakland-Fremont, CA",06075020702,San Francisco County,0.472419928825623,0.185516316495306,0.00765306122449
104042,Kings Landing,1.2,40900,"Sacramento-Roseville-Folsom, CA",06061020106,Placer County,0.234749034749035,0.215444015444015,0.0
104096,Turlock RAMP PA,2.8,33700,"Modesto, CA",06099003904,Stanislaus County,0.568914285714286,0.435657142857143,0.152610441767068
104100,Tranquility RAMP PA,0.2,23420,"Fresno, CA",06019008200,Fresno County,0.963000336360579,0.651698620921628,0.155685920577617
104108,Manteca RAMP PA,1.6,44700,"Stockton-Lodi, CA",06077005122,San Joaquin County,0.782804266803753,0.10310349305285,0.062137531068766
104230,Fresno-Pacific RAMP PA,2.4,23420,"Fresno, CA",06019001408,Fresno County,0.720762711864407,0.379329301814184,0.169014084507042
104234,Bakersfield Golden CAMP PA,2.2,12540,"Bakersfield-Delano, CA",06029000603,Kern County,0.747799295774648,0.744652406417112,0.28099173553719
104348,"Alamo Square, SF",1.7,41860,"San Francisco-Oakland-Fremont, CA",06075015802,San Francisco County,0.452694610778443,0.236526946107784,0.073732718894009
104356,nolavendola,0.2,41860,"San Francisco-Oakland-Fremont, CA",06041108100,Marin County,0.216684077003432,0.116574503063817,0.082356076759062
104364,Rio Vista,1.7,40900,"Sacramento-Roseville-Folsom, CA",06061022011,Placer County,0.171576227390181,0.070020746887967,0.024007386888273
104380,Musigny2,5.3,31080,"Los Angeles-Long Beach-Anaheim, CA",06059062642,Orange County,0.188537935525887,0.109150326797386,0.027777777777778
104408,Granite Bay,3.1,40900,"Sacramento-Roseville-Folsom, CA",06061020604,Placer County,0.245207534589098,0.125463118895251,0.036697247706422
104416,"230 monte vista ave, larkspur, ca, 94939",0.0,41860,"San Francisco-Oakland-Fremont, CA",06041120002,Marin County,0.226359832635983,0.088075313807531,0.094887525562372
104432,Baja Los Angeles Ave,1.7,41860,"San Francisco-Oakland-Fremont, CA",06001421200,Alameda County,0.304751194827102,0.0152241330702,0.045996592844974
104434,"Dolores Drive, Paradise",3.1,17020,"Chico, CA",06007001900,Butte County,0.182902584493042,0.458038422649141,0.0
104450,Rohnert Park,0.2,42220,"Santa Rosa-Petaluma, CA",06097151306,Sonoma County,0.446898002103049,0.140904311251314,0.042735042735043
104464,Concow,2.9,17020,"Chico, CA",06007002401,Butte County,0.289370078740157,0.434055118110236,0.058495821727019
104580,TD Rhineland,0.8,46020,"Truckee-Grass Valley, CA",06057001208,Nevada County,0.076923076923077,0.153846153846154,0.040441176470588
104602,Newcastle Rd at Rattlesnake rd,3.6,40900,"Sacramento-Roseville-Folsom, CA",06061020601,Placer County,0.171604938271605,0.031995586815612,0.029507229271171
104612,5th floor,2.7,41860,"San Francisco-Oakland-Fremont, CA",06075013001,San Francisco County,0.149497487437186,0.091708542713568,0.018897637795276
104622,PROSSER LAKE HEIGHTS,1.8,46020,"Truckee-Grass Valley, CA",06057001211,Nevada County,0.147396293027361,0.105030891438658,0.100393700787402
104626,Frog Consulate,2.3,46020,"Truckee-Grass Valley, CA",06057000104,Nevada County,0.145833333333333,0.287037037037037,0.093929712460064
104652,253 Military E,0.2,46700,"Vallejo, CA",06095252102,Solano County,0.432054924242424,0.175592417061611,0.055661274976213
104658,Conecta Preschool,1.7,46020,"Truckee-Grass Valley, CA",06057001210,Nevada County,0.066587395957194,0.073127229488704,0.0
104670,JMC Lakeside,3.4,40900,"Sacramento-Roseville-Folsom, CA",06061023400,Placer County,0.248784440842788,0.174075275794938,0.019755747126437
104680,Westside Lighthouse,3.1,42100,"Santa Cruz-Watsonville, CA",06087101100,Santa Cruz County,0.343087971274686,0.301699204627621,0.057235772357724
104688,Via Lucia,6.3,41740,"San Diego-Chula Vista-Carlsbad, CA",06073008310,San Diego County,0.283246977547496,0.126811594202899,0.073170731707317
104692,Casa Manana,1.0,41860,"San Francisco-Oakland-Fremont, CA",06041133000,Marin County,0.130067567567568,0.140081799591002,0.038349796629866
104696,1000 American Way. Windsor,0.1,42220,"Santa Rosa-Petaluma, CA",06097153811,Sonoma County,0.42026608347002,0.173674588665448,0.022689904636633
104714,Luther,1.3,40900,"Sacramento-Roseville-Folsom, CA",06061021802,Placer County,0.239679419325571,0.234789391575663,0.029834254143646
104716,Trenton Drive,0.0,41860,"San Francisco-Oakland-Fremont, CA",06001430200,Alameda County,0.487877609231168,0.092279459955433,0.059214167127836
104726,Collins Lake,5.7,49700,"Yuba City, CA",06115041002,Yuba County,0.226514486391572,0.194812849985264,0.039441747572816
104884,Lucille Lane,1.1,32900,"Merced, CA",06047000702,Merced County,0.466015840854669,0.148277767544668,0.037632301058408
104908,WSLA_AMS_01,7.1,31080,"Los Angeles-Long Beach-Anaheim, CA",06037980017,Los Angeles County,0.473531544597534,0.911577028258888,0.312925170068027
104916,SCMP_06,5.6,31080,"Los Angeles-Long Beach-Anaheim, CA",06059052533,Orange County,0.618356125757789,0.182715353165092,0.096634093376764
104926,SCMP_05,4.6,31080,"Los Angeles-Long Beach-Anaheim, CA",06059099309,Orange County,0.310460955588297,0.178488739212797,0.030751708428246
104940,710NR_AMS_01,13.4,31080,"Los Angeles-Long Beach-Anaheim, CA",06037571701,Los Angeles County,0.90473328324568,0.529082096334444,0.098800505050505
105018,HenHouse Brewing - Santa Rosa,0.1,42220,"Santa Rosa-Petaluma, CA",06097153202,Sonoma County,0.691421642922098,0.283924205378973,0.085836909871245
105168,Summerfield Waldorf School &amp; Farm,0.4,42220,"Santa Rosa-Petaluma, CA",06097153005,Sonoma County,0.447071549992273,0.225402227722772,0.038461538461538
105506,Eleanor Way,0.9,41940,"San Jose-Sunnyvale-Santa Clara, CA",06085508205,Santa Clara County,0.798557444616177,0.104880581516096,0.040852575488455
105526,Joy Ridge,0.4,42220,"Santa Rosa-Petaluma, CA",06097154305,Sonoma County,0.277956741831569,0.153179190751445,0.184065934065934
105692,Bahay na Araw,3.1,41860,"San Francisco-Oakland-Fremont, CA",06075030301,San Francisco County,0.628813835862294,0.121347201584943,0.051489730980619
105694,Divina Farms,2.0,40900,"Sacramento-Roseville-Folsom, CA",06017030601,El Dorado County,0.145563684111799,0.116375258507238,0.036164844407065
106120,Bridge Avenue Fruitvale,1.3,41860,"San Francisco-Oakland-Fremont, CA",06001407200,Alameda County,0.859413202933985,0.467550485586558,0.063855421686747
106382,Brannan and 2nd,1.3,41860,"San Francisco-Oakland-Fremont, CA",06075061502,San Francisco County,0.309836927932667,0.323513940031562,0.099636363636364
107364,Sycamore Canyon,10.4,31080,"Los Angeles-Long Beach-Anaheim, CA",06037501501,Los Angeles County,0.658753709198813,0.125123639960435,0.02391904323827
107548,"2020 SUTTER PL, DAVIS - OUTDOOR (rooftop)",6.7,40900,"Sacramento-Roseville-Folsom, CA",06113010505,Yolo County,0.513296832225264,0.115565115369574,0.01109520400859
107574,Sutter Solano Medical Center,0.3,46700,"Vallejo, CA",06095251901,Solano County,0.828184658104825,0.365599404318689,0.118637431480031
107576,Sutter Lakeside Hospital,0.0,17340,"Clearlake, CA",06033000300,Lake County,0.290166706934042,0.353677621283255,0.088285229202037
107578,Sutter Coast Hospital,0.3,18860,"Crescent City, CA",06015000104,Del Norte County,0.397333333333333,0.611809523809524,0.097465886939571
107580,"CPMC, Mission Bernal Campus, Roof",2.3,41860,"San Francisco-Oakland-Fremont, CA",06075025300,San Francisco County,0.624862486248625,0.157556981633105,0.027401894451962
107628,Wedgewood,2.0,40900,"Sacramento-Roseville-Folsom, CA",06061020606,Placer County,0.39121387283237,0.054848414718815,0.016585365853659
107640,Headlands,1.1,41860,"San Francisco-Oakland-Fremont, CA",06041129000,Marin County,0.654004106776181,0.346680355920602,0.050331125827815
107646,Outdoors,2.7,41860,"San Francisco-Oakland-Fremont, CA",06075021400,San Francisco County,0.286,0.103142857142857,0.034728033472803
107664,Glenshire Pool,1.5,46020,"Truckee-Grass Valley, CA",06057001205,Nevada County,0.095181907571288,0.148140861695849,0.073706591070163
107742,EOS 74A,1.1,41860,"San Francisco-Oakland-Fremont, CA",06041124200,Marin County,0.201472908995266,0.056251102098395,0.166347992351816
107822,2700 LOW CT FAIRFIELD - OUTDOOR (ROOFTOP),1.5,46700,"Vallejo, CA",06095252305,Solano County,0.516186468112658,0.13933495539335,0.020919269298763
107832,Eton Ct,3.2,41860,"San Francisco-Oakland-Fremont, CA",06001423800,Alameda County,0.274452554744526,0.124671532846715,0.038732394366197
108004,Brickyard,4.1,40900,"Sacramento-Roseville-Folsom, CA",06067004005,Sacramento County,0.625828571428571,0.148946246744021,0.031573754316724
108032,The PLUR Hole,1.8,40900,"Sacramento-Roseville-Folsom, CA",06067009011,Sacramento County,0.533743475018643,0.102162565249814,0.014231169732732
108100,Darrell Rd,0.2,41860,"San Francisco-Oakland-Fremont, CA",06081605600,San Mateo County,0.496684350132626,0.096118607362985,0.05091044221479
108170,Susan Hills,1.4,45000,"Susanville, CA",06035040302,Lassen County,0.21208815186559,0.230172795746566,0.052899287894201
108176,243,0.2,41860,"San Francisco-Oakland-Fremont, CA",06081611400,San Mateo County,0.337802869912962,0.091864224137931,0.015495296070836
108188,Sierra Meadows,2.2,23420,"Fresno, CA",06039000103,Madera County,0.195682258510933,0.317004504504505,0.067080045095829
108210,Tiffany Green,2.6,41860,"San Francisco-Oakland-Fremont, CA",06075025300,San Francisco County,0.624862486248625,0.157556981633105,0.027401894451962
108322,Creekside St.,2.2,39820,"Redding, CA",06089011100,Shasta County,0.20256946519271,0.191983122362869,0.10392034847542
108340,Osage Triangle outside,6.5,31080,"Los Angeles-Long Beach-Anaheim, CA",06037277100,Los Angeles County,0.537948555096856,0.081210191082803,0.088032220943613
108362,Burlingame Park,0.1,41860,"San Francisco-Oakland-Fremont, CA",06081605502,San Mateo County,0.510965756060023,0.081269349845201,0.059027777777778
108378,"Melodia terrace, Carlsbad, CA 92011",6.8,41740,"San Diego-Chula Vista-Carlsbad, CA",06073017808,San Diego County,0.344020356234097,0.081830554610412,0.043921568627451
108388,26 Zephyr court  san rafael ca 94903,0.4,41860,"San Francisco-Oakland-Fremont, CA",06041107000,Marin County,0.226712977581307,0.064577397910731,0.024404941247364
108398,Bbq deck,0.2,42220,"Santa Rosa-Petaluma, CA",06097150501,Sonoma County,0.156294200848656,0.203119461183977,0.037012113055182
108426,Schilling Robotics,1.3,40900,"Sacramento-Roseville-Folsom, CA",06113010610,Yolo County,0.542297196725378,0.46025,0.073250135648399
108494,North Fitch Mtn,2.6,42220,"Santa Rosa-Petaluma, CA",06097153905,Sonoma County,0.269208211143695,0.201466275659824,0.112320916905444
108516,City of Berkeley Fire Station 3,2.1,41860,"San Francisco-Oakland-Fremont, CA",06001423700,Alameda County,0.395729339988907,0.227701993704092,0.054114994363021
108524,Summit Ridge PF,2.0,46020,"Truckee-Grass Valley, CA",06057000701,Nevada County,0.107767385115901,0.224345940084045,0.056179775280899
108530,Douglas &amp; Kingsgate,1.7,40900,"Sacramento-Roseville-Folsom, CA",06061020604,Placer County,0.245207534589098,0.125463118895251,0.036697247706422
108540,City of Berkeley Fire Station 4,1.2,41860,"San Francisco-Oakland-Fremont, CA",06001421400,Alameda County,0.224664224664225,0.173513182096873,0.0
108614,Flying Pig,14.9,42200,"Santa Maria-Santa Barbara, CA",06083000302,Santa Barbara County,0.513738166705149,0.270334928229665,0.030100334448161
108628,22nd Ave Outdoor,2.0,41860,"San Francisco-Oakland-Fremont, CA",06001405700,Alameda County,0.849517319704713,0.386564190150868,0.052446011458792
108636,Outside,0.4,42100,"Santa Cruz-Watsonville, CA",06087120500,Santa Cruz County,0.231797397115723,0.114417286574566,0.069718731298624
108656,Filamina,0.0,42220,"Santa Rosa-Petaluma, CA",06097152905,Sonoma County,0.413726437892702,0.133397776703722,0.073563218390805
108702,Fourtress,0.5,42220,"Santa Rosa-Petaluma, CA",06097151100,Sonoma County,0.256860809476802,0.191423881821912,0.070051160960252
108798,Strawberry Lane,0.9,40900,"Sacramento-Roseville-Folsom, CA",06017031900,El Dorado County,0.058823529411765,0.082352941176471,0.0
108818,Pumpshed,0.0,42220,"Santa Rosa-Petaluma, CA",06097153712,Sonoma County,0.282813273897969,0.241208519068846,0.161874334398296
108846,TRUS,8.0,47300,"Visalia, CA",06107000101,Tulare County,0.191791044776119,0.119402985074627,0.046613255644574
108902,Witter Ranch,1.9,40900,"Sacramento-Roseville-Folsom, CA",06067007016,Sacramento County,0.785041446872645,0.376601356443105,0.056567957479119
109068,Fox Den 2,3.3,17020,"Chico, CA",06007000102,Butte County,0.341068917018284,0.375029335836658,0.02678120262759
109072,Spottswoode Vineyard,0.1,34900,"Napa, CA",06055201602,Napa County,0.192281879194631,0.153872515421522,0.030342156229826
109094,Sunnyarts-4,0.5,41940,"San Jose-Sunnyvale-Santa Clara, CA",06085508503,Santa Clara County,0.809884095299421,0.08478721669656,0.017900732302685
109124,Richardson Way + Dawn Court,0.6,41860,"San Francisco-Oakland-Fremont, CA",06041128100,Marin County,0.234239130434783,0.088858695652174,0.049845837615622
109136,Vineyard Hill,0.0,41860,"San Francisco-Oakland-Fremont, CA",06081613400,San Mateo County,0.132050864036518,0.117395593554752,0.075914423740511
109182,Cloud's Rest,1.2,42100,"Santa Cruz-Watsonville, CA",06087120500,Santa Cruz County,0.231797397115723,0.114417286574566,0.069718731298624
109192,Green Hills Baseball,1.1,41860,"San Francisco-Oakland-Fremont, CA",06081604500,San Mateo County,0.612886048988285,0.126242277733011,0.04223806911684
109310,tandb2,2.0,40900,"Sacramento-Roseville-Folsom, CA",06017031404,El Dorado County,0.137729549248748,0.208139041966935,0.084522502744237
109312,Murray Park,0.0,41860,"San Francisco-Oakland-Fremont, CA",06041120001,Marin County,0.204334365325077,0.160990712074303,0.007960199004975
109320,Windsor Senior Center,0.1,42220,"Santa Rosa-Petaluma, CA",06097153804,Sonoma County,0.3399781540142,0.109503003823048,0.028985507246377
109326,9th and St John,0.8,41940,"San Jose-Sunnyvale-Santa Clara, CA",06085501000,Santa Clara County,0.783130121926844,0.363945578231293,0.055454213790587
109366,563 Everett,1.8,41860,"San Francisco-Oakland-Fremont, CA",06013345105,Contra Costa County,0.378469436868282,0.044162518066485,0.025142474019444
109396,471 Sherwood Way,0.4,41860,"San Francisco-Oakland-Fremont, CA",06081612500,San Mateo County,0.466180371352785,0.119584438549956,0.038004750593824
109416,Carbonera,2.8,42100,"Santa Cruz-Watsonville, CA",06087121200,Santa Cruz County,0.201696933611194,0.179191616766467,0.08201554543018
109506,"Sign Hill, Stonegate",2.5,41860,"San Francisco-Oakland-Fremont, CA",06081602001,San Mateo County,0.691079574252408,0.125512295081967,0.003000428632662
109520,Oak Meadow Court,0.4,41940,"San Jose-Sunnyvale-Santa Clara, CA",06085507808,Santa Clara County,0.817931509206677,0.063092570246509,0.030656447850716
109522,Neal,0.8,41860,"San Francisco-Oakland-Fremont, CA",06001450741,Alameda County,0.549808429118774,0.241170174812701,0.022616562282533
109528,Hester Creek,2.7,42100,"Santa Cruz-Watsonville, CA",06087121000,Santa Cruz County,0.182847896440129,0.118223383409536,0.044211751018034
109532,Pixie’s House,2.9,40900,"Sacramento-Roseville-Folsom, CA",06113011208,Yolo County,0.540523128462827,0.081427015250545,0.041729135432284
109534,Stockbridge and Yellowstone,0.3,41940,"San Jose-Sunnyvale-Santa Clara, CA",06085506605,Santa Clara County,0.645440072776893,0.144644075506027,0.034131031777168
109542,190 Montgomery Rd,0.0,42220,"Santa Rosa-Petaluma, CA",06097153602,Sonoma County,0.211297071129707,0.189005235602094,0.030762167125803
109582,Woodward Bunker - outside,1.9,46020,"Truckee-Grass Valley, CA",06057000900,Nevada County,0.179814077025232,0.327609337268581,0.021739130434783
109604,Deer Hills,1.6,40900,"Sacramento-Roseville-Folsom, CA",06017030804,El Dorado County,0.214916878837801,0.16264789576157,0.029159519725557
109610,Owl Creek,12.7,46020,"Truckee-Grass Valley, CA",06057000900,Nevada County,0.179814077025232,0.327609337268581,0.021739130434783
109612,Honey,0.8,40900,"Sacramento-Roseville-Folsom, CA",06067008702,Sacramento County,0.224022878932316,0.03844931680966,0.011673151750973
109616,Burners for Local Action,9.3,31080,"Los Angeles-Long Beach-Anaheim, CA",06037620102,Los Angeles County,0.348509933774834,0.092163355408389,0.061057334326136
109624,EPtronics,11.5,31080,"Los Angeles-Long Beach-Anaheim, CA",06037543501,Los Angeles County,0.934713375796178,0.2792965627498,0.048070841239722
109630,Alexander Valley,0.0,42220,"Santa Rosa-Petaluma, CA",06097153905,Sonoma County,0.269208211143695,0.201466275659824,0.112320916905444
109636,Lasers-durazno,0.4,41860,"San Francisco-Oakland-Fremont, CA",06081613200,San Mateo County,0.249306670559042,0.075949367088608,0.044481605351171
109654,Sierra,0.4,41940,"San Jose-Sunnyvale-Santa Clara, CA",06085509600,Santa Clara County,0.592561983471074,0.221578366445916,0.014157014157014
109694,Blossom Valley - Sakamoto,0.9,41940,"San Jose-Sunnyvale-Santa Clara, CA",06085512045,Santa Clara County,0.575896262395118,0.090839694656489,0.038433908045977
109702,38 Van Tassel Lane,0.0,41860,"San Francisco-Oakland-Fremont, CA",06013354002,Contra Costa County,0.236065101541121,0.101175787487299,0.051661730832511
109704,Cranfield,0.5,41860,"San Francisco-Oakland-Fremont, CA",06081609601,San Mateo County,0.38530612244898,0.090884353741497,0.0973630831643
109710,Old Stable,1.1,41860,"San Francisco-Oakland-Fremont, CA",06013343003,Contra Costa County,0.207694307252404,0.057447361580452,0.040351784790481
109712,Hydesville,0.9,21700,"Eureka-Arcata, CA",06023010902,Humboldt County,0.160675512665862,0.299733462563606,0.120854412591343
109718,Windcrest,1.1,41860,"San Francisco-Oakland-Fremont, CA",06081602002,San Mateo County,0.860009910802775,0.184836471754212,0.009818360333824
109856,Moongoat,2.6,42100,"Santa Cruz-Watsonville, CA",06087122001,Santa Cruz County,0.202909503117325,0.090114068441065,0.048201705598813
109946,Madrone,1.1,42220,"Santa Rosa-Petaluma, CA",06097150502,Sonoma County,0.263993948562784,0.254474708171206,0.091310751104566
109948,North Tustin,9.1,31080,"Los Angeles-Long Beach-Anaheim, CA",06059075604,Orange County,0.374627077709902,0.070900824097755,0.043013856812933
109950,1765 Sequoia Avenue,2.4,40900,"Sacramento-Roseville-Folsom, CA",06061022100,Placer County,0.081858407079646,0.064159292035398,0.007058823529412
109952,1045o,0.2,42220,"Santa Rosa-Petaluma, CA",06097152401,Sonoma County,0.264885669006113,0.06615139804501,0.007596067917784
109954,Golden gate heights 12th ave,2.5,41860,"San Francisco-Oakland-Fremont, CA",06075030302,San Francisco County,0.629609834313201,0.083378016085791,0.055425082198215
109962,142 Sutcliffe Circle,5.8,40900,"Sacramento-Roseville-Folsom, CA",06067008508,Sacramento County,0.552800342026507,0.110046301281361,0.052925366962994
109966,Snow Crest,0.7,40900,"Sacramento-Roseville-Folsom, CA",06061022014,Placer County,0.087825560266505,0.232586311326469,0.061835748792271
109972,Del Monte,3.1,40900,"Sacramento-Roseville-Folsom, CA",06061020300,Placer County,0.25011256190905,0.369479768786127,0.008363826450601
109984,Moon Lake,0.9,40900,"Sacramento-Roseville-Folsom, CA",06017031404,El Dorado County,0.137729549248748,0.208139041966935,0.084522502744237
110014,UC Berkeley Central Sierra Snow Lab,1.5,46020,"Truckee-Grass Valley, CA",06057000900,Nevada County,0.179814077025232,0.327609337268581,0.021739130434783
110024,Mid Echo,0.6,41860,"San Francisco-Oakland-Fremont, CA",06081607702,San Mateo County,0.741739921188239,0.23792160437557,0.04984984984985
110026,Maude Ave,1.3,41940,"San Jose-Sunnyvale-Santa Clara, CA",06085507301,Santa Clara County,0.567888563049853,0.078689982216953,0.046645367412141
110028,Hecate house,1.0,41940,"San Jose-Sunnyvale-Santa Clara, CA",06085502704,Santa Clara County,0.59111754767077,0.071882640586797,0.023674242424242
110034,Romford &amp; Chiswell,1.6,40900,"Sacramento-Roseville-Folsom, CA",06067009004,Sacramento County,0.51893153526971,0.298414348843254,0.051282051282051
110040,"588 Dalewood Dr, Orinda, CA Outside",0.3,41860,"San Francisco-Oakland-Fremont, CA",06013354002,Contra Costa County,0.236065101541121,0.101175787487299,0.051661730832511
110046,El Cerrito,9.3,41740,"San Diego-Chula Vista-Carlsbad, CA",06073002804,San Diego County,0.431761343336906,0.394206549118388,0.071997105643994
110052,Country Patio,2.0,41860,"San Francisco-Oakland-Fremont, CA",06001435103,Alameda County,0.652817082582969,0.045695107783658,0.038647342995169
110064,Grant Ln,1.4,40900,"Sacramento-Roseville-Folsom, CA",06067003300,Sacramento County,0.395199314187741,0.166487647690655,0.113389121338912
110066,Sacramento and Main Streets,1.6,40900,"Sacramento-Roseville-Folsom, CA",06061022013,Placer County,0.09640522875817,0.275986842105263,0.039033457249071
110068,Claycord Court,1.5,41860,"San Francisco-Oakland-Fremont, CA",06013333101,Contra Costa County,0.414325487218426,0.097696785623893,0.075174013921114
110078,Black Bart,0.8,40900,"Sacramento-Roseville-Folsom, CA",06017030504,El Dorado County,0.200868621064061,0.121322193970214,0.046113306982872
110094,Pleasant Hill Orchard,1.7,40900,"Sacramento-Roseville-Folsom, CA",06061021604,Placer County,0.181373879989139,0.113556098886172,0.026506024096386
110096,Gorham Way,1.1,40900,"Sacramento-Roseville-Folsom, CA",06067008802,Sacramento County,0.4857045609258,0.128658951667801,0.014540647719762
110198,Mendocino College Track,0.0,46380,"Ukiah, CA",06045010900,Mendocino County,0.430675287356322,0.333875338753388,0.127584861490441
110280,La Cresta,4.1,40140,"Riverside-San Bernardino-Ontario, CA",06065043272,Riverside County,0.372253258845438,0.207724034495688,0.076465590484282
110284,Creekside,0.8,40900,"Sacramento-Roseville-Folsom, CA",06067006102,Sacramento County,0.563900203665988,0.44806517311609,0.076633756464504
110294,Backyard,0.5,41860,"San Francisco-Oakland-Fremont, CA",06013355307,Contra Costa County,0.4976120081874,0.092520138089758,0.057129798903108
110300,Pines Tract,1.8,23420,"Fresno, CA",06039000102,Madera County,0.25039405539293,0.299932447646926,0.15748469671675
110306,Moore and Gunn,2.0,41860,"San Francisco-Oakland-Fremont, CA",06001404600,Alameda County,0.417916497770572,0.086137008512363,0.055648535564854
110308,FOEH,2.6,40900,"Sacramento-Roseville-Folsom, CA",06067008010,Sacramento County,0.196214219759926,0.129785247432306,0.05159903251814
110318,Fairlands Park,1.6,41860,"San Francisco-Oakland-Fremont, CA",06001450744,Alameda County,0.530250945342042,0.158030642107075,0.073861599139477
110326,Road 18,0.2,42220,"Santa Rosa-Petaluma, CA",06097150205,Sonoma County,0.337931034482759,0.181692414111137,0.072010287183883
110340,Monroe Orchards,27.5,33700,"Modesto, CA",06099002903,Stanislaus County,0.484623541887593,0.206185567010309,0.068746389370306
110342,Cat Resource Center,1.4,41860,"San Francisco-Oakland-Fremont, CA",06001424002,Alameda County,0.622981599699587,0.254566210045662,0.09015873015873
110350,Meadowbrook,2.7,40900,"Sacramento-Roseville-Folsom, CA",06113010607,Yolo County,0.420077972709552,0.160087719298246,0.051788574479445
110356,Black Mountain Communications NOC,0.0,42220,"Santa Rosa-Petaluma, CA",06097154304,Sonoma County,0.216915422885572,0.269938650306748,0.014840182648402
110358,Bancroft Village,1.0,41860,"San Francisco-Oakland-Fremont, CA",06013338204,Contra Costa County,0.439545454545455,0.098939393939394,0.045813184016289
110376,Surmont Drive,0.2,41860,"San Francisco-Oakland-Fremont, CA",06013347000,Contra Costa County,0.246133254015467,0.065734681737061,0.043165467625899
110380,Hidden Meadow,0.9,41860,"San Francisco-Oakland-Fremont, CA",06013334200,Contra Costa County,0.331919968199284,0.077373483897951,0.059741819273491
110386,Sierra Vista,0.7,41940,"San Jose-Sunnyvale-Santa Clara, CA",06085509304,Santa Clara County,0.665190735694823,0.180177111716621,0.038824181919024
110388,Woodridge,1.6,43760,"Sonora, CA",06109002201,Tuolumne County,0.153859649122807,0.265096511421994,0.067132867132867
110390,La Rinconada &amp; Clearview,0.8,41940,"San Jose-Sunnyvale-Santa Clara, CA",06085507205,Santa Clara County,0.377901977644024,0.066423043852107,0.072649572649573
110394,Kingston,1.7,34900,"Napa, CA",06055200703,Napa County,0.185111989459816,0.092226613965744,0.052203389830508
110396,Eleanore Borne,1.9,39820,"Redding, CA",06089011501,Shasta County,0.138956310679612,0.276556209352741,0.010353227771011
110414,Woodacre lower flats,0.0,41860,"San Francisco-Oakland-Fremont, CA",06041113000,Marin County,0.191860465116279,0.154804763223484,0.038292253521127
110444,SCLH,2.4,40900,"Sacramento-Roseville-Folsom, CA",06061023600,Placer County,0.135059331175836,0.131939908556499,0.073431241655541
110446,Riverlands,0.8,42220,"Santa Rosa-Petaluma, CA",06097153710,Sonoma County,0.275,0.240202275600506,0.078361531611754
110458,CPVR,0.0,34900,"Napa, CA",06055201700,Napa County,0.436582109479306,0.183995491687799,0.054096432771462
110480,reids,2.8,41860,"San Francisco-Oakland-Fremont, CA",06001427700,Alameda County,0.390696745857457,0.167201283079391,0.041544952937358
110486,Melville,0.3,41940,"San Jose-Sunnyvale-Santa Clara, CA",06085511301,Santa Clara County,0.416050955414013,0.07961367789089,0.025617140195622
110494,Regent,0.0,41860,"San Francisco-Oakland-Fremont, CA",06001432800,Alameda County,0.629207664422579,0.134130491291916,0.049412915851272
110496,Fairmeadow,0.1,41940,"San Jose-Sunnyvale-Santa Clara, CA",06085510803,Santa Clara County,0.563901018922853,0.114992721979622,0.0
110498,TOPS Outdoor Classroom,1.0,41860,"San Francisco-Oakland-Fremont, CA",06013354002,Contra Costa County,0.236065101541121,0.101175787487299,0.051661730832511
110504,Mayten Tree Ct,0.3,41940,"San Jose-Sunnyvale-Santa Clara, CA",06085508505,Santa Clara County,0.667576075550892,0.090322580645161,0.07859778597786
110520,Rosewood Ave San Carlos,0.7,41860,"San Francisco-Oakland-Fremont, CA",06081609201,San Mateo County,0.314543404735062,0.042995444191344,0.018932038834951
110522,Cavity-Stallman / Sierra Ponds Ln,3.1,40900,"Sacramento-Roseville-Folsom, CA",06061020604,Placer County,0.245207534589098,0.125463118895251,0.036697247706422
110528,Shasta Mosquito and Vector Control,2.3,39820,"Redding, CA",06089012301,Shasta County,0.412528647822765,0.405653170359053,0.090989399293286
110538,Deck,1.8,40900,"Sacramento-Roseville-Folsom, CA",06061022014,Placer County,0.087825560266505,0.232586311326469,0.061835748792271
110542,Teerlink,0.6,41940,"San Jose-Sunnyvale-Santa Clara, CA",06085507600,Santa Clara County,0.621136590229312,0.072857619206402,0.035968527538404
110564,McClellan Park,1.3,40900,"Sacramento-Roseville-Folsom, CA",06067007301,Sacramento County,0.648863426353724,0.57818045955539,0.064489458453907
110602,Gratitude,11.2,31080,"Los Angeles-Long Beach-Anaheim, CA",06037403328,Los Angeles County,0.847838086476541,0.293522267206478,0.09132581100141
110606,73xx Pleasants Valley Rd,4.1,46700,"Vallejo, CA",06095252903,Solano County,0.319875776397516,0.124001774622893,0.041227668346312
110612,"6224 Feet, South Lake Tahoe",1.2,40900,"Sacramento-Roseville-Folsom, CA",06017031601,El Dorado County,0.546831183398766,0.275939427930454,0.068825910931174
110622,Fawn Park Estates,0.1,34900,"Napa, CA",06055201700,Napa County,0.436582109479306,0.183995491687799,0.054096432771462
110624,Hill Top Pleasanton,1.4,41860,"San Francisco-Oakland-Fremont, CA",06001450701,Alameda County,0.548065918974594,0.053818848047635,0.056944444444444
110630,Peterson,4.4,21700,"Eureka-Arcata, CA",06023010102,Humboldt County,0.272885789014821,0.305960264900662,0.053775743707094
110642,"Mountain House, Questa",0.8,44700,"Stockton-Lodi, CA",06077005221,San Joaquin County,0.714316012725345,0.047720042417815,0.043008428787551
110644,Country Circle,2.7,46020,"Truckee-Grass Valley, CA",06057000801,Nevada County,0.161467889908257,0.302788104089219,0.087524752475248
110650,Sequoia Crest,3.4,47300,"Visalia, CA",06107002701,Tulare County,0.223495702005731,0.53037037037037,0.151020408163265
110654,JCH - outside,3.9,40900,"Sacramento-Roseville-Folsom, CA",06067001602,Sacramento County,0.257323118521857,0.038305543037404,0.092378752886836
110666,Blackstone Drive (outside),0.3,42100,"Santa Cruz-Watsonville, CA",06087120400,Santa Cruz County,0.219061166429587,0.106076000812843,0.084739803094233
110682,tamarack cabin,1.6,40900,"Sacramento-Roseville-Folsom, CA",06061022014,Placer County,0.087825560266505,0.232586311326469,0.061835748792271
110684,Mercey Hot Springs,1.8,23420,"Fresno, CA",06019008402,Fresno County,0.792638036809816,0.67239263803681,0.04416403785489
110686,Empire Mine,0.0,46020,"Truckee-Grass Valley, CA",06057000602,Nevada County,0.225398210778966,0.394047090182141,0.034272300469484
110692,Lafayette,0.7,41860,"San Francisco-Oakland-Fremont, CA",06013350000,Contra Costa County,0.346829268292683,0.04837921485584,0.036458333333333
110694,Sea Blanche,0.1,46380,"Ukiah, CA",06045011102,Mendocino County,0.371659415786203,0.247407714641228,0.059682804674457
110696,Tarcy Drive,0.0,39820,"Redding, CA",06089010807,Shasta County,0.152370689655172,0.194563019546169,0.030334728033473
110706,Crescent Moon Ct,0.5,39820,"Redding, CA",06089010601,Shasta County,0.201285656890317,0.124798711755233,0.053959965187119
110724,Garage,0.0,41860,"San Francisco-Oakland-Fremont, CA",06081605300,San Mateo County,0.44261021557584,0.152499513713285,0.060549078600978
110732,Cape Marin 02,0.0,41860,"San Francisco-Oakland-Fremont, CA",06041119201,Marin County,0.347586568730325,0.210370768404084,0.029995162070634
110736,Thelin and Pine Nut,1.6,40900,"Sacramento-Roseville-Folsom, CA",06061022011,Placer County,0.171576227390181,0.070020746887967,0.024007386888273
110754,MWalther,0.2,44700,"Stockton-Lodi, CA",06077005219,San Joaquin County,0.719126087761526,0.09307520476545,0.058211382113821
110756,Elm &amp; Morse,0.4,41860,"San Francisco-Oakland-Fremont, CA",06081609201,San Mateo County,0.314543404735062,0.042995444191344,0.018932038834951
110808,Crow's Nest,0.5,41940,"San Jose-Sunnyvale-Santa Clara, CA",06085508705,Santa Clara County,0.728209724400627,0.048397938606319,0.007380073800738
110810,Lafayette Outside,0.0,41860,"San Francisco-Oakland-Fremont, CA",06013347000,Contra Costa County,0.246133254015467,0.065734681737061,0.043165467625899
110848,MTNEARS-Outside,2.6,40900,"Sacramento-Roseville-Folsom, CA",06017030605,El Dorado County,0.108091414453366,0.410747374922792,0.023809523809524
110969,Foster Rd,1.5,41940,"San Jose-Sunnyvale-Santa Clara, CA",06085507002,Santa Clara County,0.217862371888726,0.140345736888368,0.049213943950786
110973,Appleton &amp; Mission,1.9,41860,"San Francisco-Oakland-Fremont, CA",06075025401,San Francisco County,0.529981670594396,0.144540455616654,0.046449307726664
110985,Sayre Drive,2.7,41860,"San Francisco-Oakland-Fremont, CA",06001404502,Alameda County,0.340425531914894,0.042553191489362,0.033469150174622
110995,Sycamore North,9.6,33700,"Modesto, CA",06099003300,Stanislaus County,0.714285714285714,0.393522626441881,0.074266503667482
110997,Pear Tree Bungalow,1.2,41860,"San Francisco-Oakland-Fremont, CA",06013348000,Contra Costa County,0.201701597841876,0.061759201497193,0.015200368493782
111057,"Vicente Rd, Outside",0.0,41860,"San Francisco-Oakland-Fremont, CA",06001423800,Alameda County,0.274452554744526,0.124671532846715,0.038732394366197
111063,River House,0.0,42220,"Santa Rosa-Petaluma, CA",06097153707,Sonoma County,0.155327342747112,0.234274711168164,0.029868578255675
111083,Elmendorf-North,0.0,41860,"San Francisco-Oakland-Fremont, CA",06081613200,San Mateo County,0.249306670559042,0.075949367088608,0.044481605351171
111129,White Oak Outdoor,0.0,40900,"Sacramento-Roseville-Folsom, CA",06017030902,El Dorado County,0.19205298013245,0.138125852328073,0.050898203592814
111169,El Cajon Court,0.0,41860,"San Francisco-Oakland-Fremont, CA",06013347000,Contra Costa County,0.246133254015467,0.065734681737061,0.043165467625899
111175,CSUSM COMMONS,1.2,41740,"San Diego-Chula Vista-Carlsbad, CA",06073020310,San Diego County,0.54014598540146,0.178538512179065,0.065156375300722
111189,CSUSM Parking Structure 2,0.1,41740,"San Diego-Chula Vista-Carlsbad, CA",06073020310,San Diego County,0.54014598540146,0.178538512179065,0.065156375300722
111217,Rivers Beauty,0.5,42220,"Santa Rosa-Petaluma, CA",06097150701,Sonoma County,0.25922904344279,0.228839486028962,0.079933665008292
111221,DITTMORE Cabin,1.4,40900,"Sacramento-Roseville-Folsom, CA",06061020105,Placer County,0.184210526315789,0.07085020242915,0.044267877412032
111257,977 S Monarch,1.5,41860,"San Francisco-Oakland-Fremont, CA",06013355115,Contra Costa County,0.769000299610506,0.15699590532308,0.065273193986065
111265,JOTR - Cottonwood,1.1,40140,"Riverside-San Bernardino-Ontario, CA",06065046900,Riverside County,0.631062670299728,0.625962596259626,0.154034229828851
111285,Foxbase Perimeter,0.9,41940,"San Jose-Sunnyvale-Santa Clara, CA",06085508800,Santa Clara County,0.765594405594406,0.160643704121965,0.00902749281904
111307,Park Road,0.3,41860,"San Francisco-Oakland-Fremont, CA",06081609700,San Mateo County,0.268241689316329,0.041204768876804,0.024006296733569
111309,Santa Teresa,1.1,41940,"San Jose-Sunnyvale-Santa Clara, CA",06085512045,Santa Clara County,0.575896262395118,0.090839694656489,0.038433908045977
111319,Diamond Oaks Park,3.0,40900,"Sacramento-Roseville-Folsom, CA",06061021003,Placer County,0.311606632361349,0.229273870783305,0.082016728624535
111353,Yuba River Charter School,0.0,46020,"Truckee-Grass Valley, CA",06057000502,Nevada County,0.326161964684392,0.29278728606357,0.0
111355,Viñedo FC,0.0,41940,"San Jose-Sunnyvale-Santa Clara, CA",06085511704,Santa Clara County,0.50251256281407,0.040856456194014,0.021870637505817
111371,Walgra 1,0.0,40900,"Sacramento-Roseville-Folsom, CA",06061021902,Placer County,0.17989970748015,0.160762942779292,0.023027927486526
111373,Stanford Golf Clubhouse (45ft AGL),0.0,41940,"San Jose-Sunnyvale-Santa Clara, CA",06085511608,Santa Clara County,0.662054120541205,0.287822878228782,0.079741379310345
111381,Crown,0.0,41860,"San Francisco-Oakland-Fremont, CA",06041119100,Marin County,0.168964847543212,0.12720916682851,0.068336162988115
111389,4S Ranch,2.5,40900,"Sacramento-Roseville-Folsom, CA",06017030901,El Dorado County,0.204833141542002,0.134427173287277,0.048591938155715
111391,Jones,0.0,23420,"Fresno, CA",06019005524,Fresno County,0.418869644484959,0.090950535673581,0.05625
111397,Shadowrock,2.4,40900,"Sacramento-Roseville-Folsom, CA",06061021801,Placer County,0.117094017094017,0.13034188034188,0.016493873704053
111401,East Gilroy foothills,3326.6,41940,"San Jose-Sunnyvale-Santa Clara, CA",06085512602,Santa Clara County,0.609936575052854,0.177990092002831,0.04189294026377
111405,Black Forest Estates,2.2,40900,"Sacramento-Roseville-Folsom, CA",06061021604,Placer County,0.181373879989139,0.113556098886172,0.026506024096386
111419,3 miles up Alderpoint Rd,0.0,21700,"Eureka-Arcata, CA",06023011600,Humboldt County,0.194366197183099,0.558145491803279,0.015634395670475
111423,JOTR-Pinto Wells,3.2,40140,"Riverside-San Bernardino-Ontario, CA",06065046900,Riverside County,0.631062670299728,0.625962596259626,0.154034229828851
111447,Meyers Watercraft Inspection Station,0.9,40900,"Sacramento-Roseville-Folsom, CA",06017030507,El Dorado County,0.238326258338387,0.115221346270467,0.0
111473,Ridgeview,1.1,41940,"San Jose-Sunnyvale-Santa Clara, CA",06085504202,Santa Clara County,0.647944550669216,0.126195028680688,0.044258872651357
111486,Muhlebach way,1.8,46020,"Truckee-Grass Valley, CA",06057001210,Nevada County,0.066587395957194,0.073127229488704,0.0
111492,Hartland Sensor 1,2.2,40900,"Sacramento-Roseville-Folsom, CA",06061021325,Placer County,0.459050240880936,0.212889043156311,0.022727272727273
111496,Twelve Trees,2.2,40900,"Sacramento-Roseville-Folsom, CA",06061021604,Placer County,0.181373879989139,0.113556098886172,0.026506024096386
111498,Crestmoor III,1.7,41860,"San Francisco-Oakland-Fremont, CA",06081603802,San Mateo County,0.595840867992767,0.133212341197822,0.061959155417099
111508,Cook Avenue,1.8,40900,"Sacramento-Roseville-Folsom, CA",06067008142,Sacramento County,0.334735071488646,0.309779536461278,0.036779324055666
111514,Inglewood Ave,0.2,34900,"Napa, CA",06055201500,Napa County,0.342326139088729,0.193024654239327,0.052401746724891
111566,Marcussen Dr,0.0,41860,"San Francisco-Oakland-Fremont, CA",06081612500,San Mateo County,0.466180371352785,0.119584438549956,0.038004750593824
111570,Outrigger Canoe Club,0.0,41860,"San Francisco-Oakland-Fremont, CA",06041118100,Marin County,0.137564052029957,0.078833267638944,0.030782761653474
111582,LGBTAQI++,0.4,42220,"Santa Rosa-Petaluma, CA",06097153602,Sonoma County,0.211297071129707,0.189005235602094,0.030762167125803
111604,Glen Hall Park South,1.5,40900,"Sacramento-Roseville-Folsom, CA",06067000100,Sacramento County,0.273759565539373,0.182424092816589,0.035389765662363
111608,Overlook Place,1.2,40900,"Sacramento-Roseville-Folsom, CA",06061022011,Placer County,0.171576227390181,0.070020746887967,0.024007386888273
111610,Penny Lane,0.7,41860,"San Francisco-Oakland-Fremont, CA",06013335000,Contra Costa County,0.520210409745293,0.260410882842865,0.030597377367654
111612,Santa Clara Ave outside,2.2,41860,"San Francisco-Oakland-Fremont, CA",06001421200,Alameda County,0.304751194827102,0.0152241330702,0.045996592844974
111614,"Talbot Ave, East Sharp Park, Pacifica",0.0,41860,"San Francisco-Oakland-Fremont, CA",06081603000,San Mateo County,0.438251366120219,0.132768990866563,0.044722130878001
111628,Northwood,0.7,41940,"San Jose-Sunnyvale-Santa Clara, CA",06085504410,Santa Clara County,0.876091173617847,0.214597478176528,0.046778826425934
111658,Orr springs road yokayo,0.5,46380,"Ukiah, CA",06045010900,Mendocino County,0.430675287356322,0.333875338753388,0.127584861490441
111678,Big Chief Base,2.1,40900,"Sacramento-Roseville-Folsom, CA",06061022011,Placer County,0.171576227390181,0.070020746887967,0.024007386888273
111682,Discovery Charter School,1.1,41940,"San Jose-Sunnyvale-Santa Clara, CA",06085512047,Santa Clara County,0.531039252982881,0.153551532033426,0.035493827160494
111684,Butterfield Road,0.2,41860,"San Francisco-Oakland-Fremont, CA",06041115000,Marin County,0.226365348399247,0.109365018525616,0.070205066344994
111686,SLCA Main Building,14.1,41860,"San Francisco-Oakland-Fremont, CA",06001432400,Alameda County,0.873778758272928,0.302101437825881,0.069781194559432
111692,OM-Estates,1.4,41860,"San Francisco-Oakland-Fremont, CA",06013353002,Contra Costa County,0.248206599713056,0.020143884892086,0.020489755122439
111716,Elmendorf-South2,0.0,41860,"San Francisco-Oakland-Fremont, CA",06081613200,San Mateo County,0.249306670559042,0.075949367088608,0.044481605351171
111740,Harmony Hill Rd. and Green Canyon Rd.,0.9,40900,"Sacramento-Roseville-Folsom, CA",06017031404,El Dorado County,0.137729549248748,0.208139041966935,0.084522502744237
111746,Parducci,0.2,46380,"Ukiah, CA",06045010900,Mendocino County,0.430675287356322,0.333875338753388,0.127584861490441
111758,Gail Ave,0.4,41940,"San Jose-Sunnyvale-Santa Clara, CA",06085508705,Santa Clara County,0.728209724400627,0.048397938606319,0.007380073800738
111768,Edelweiss Lane,1.5,40900,"Sacramento-Roseville-Folsom, CA",06061022200,Placer County,0.086614173228346,0.083989501312336,0.0
111800,Meadowlark,2.0,34900,"Napa, CA",06055201200,Napa County,0.413342053629823,0.253978635273599,0.078616352201258
111806,Overlook Drive,8.0,41740,"San Diego-Chula Vista-Carlsbad, CA",06073018524,San Diego County,0.547612903225806,0.254967741935484,0.092540132200189
111814,Glenhaven,4.8,41740,"San Diego-Chula Vista-Carlsbad, CA",06073019305,San Diego County,0.573431558935361,0.218155893536122,0.03160621761658
111824,Sunnyside - Flood Ave,3.6,41860,"San Francisco-Oakland-Fremont, CA",06075031100,San Francisco County,0.621858097359211,0.101654470251352,0.061486322924231
111830,Alta Arden,1.4,40900,"Sacramento-Roseville-Folsom, CA",06067005601,Sacramento County,0.54654906901862,0.417119365731904,0.106286061342241
111836,Mariposa CIR,1.3,40900,"Sacramento-Roseville-Folsom, CA",06113010608,Yolo County,0.579045678383427,0.531196726900784,0.037141846480368
111840,A Capp Street Garden,0.6,41860,"San Francisco-Oakland-Fremont, CA",06075020900,San Francisco County,0.662762323084431,0.251893476667481,0.054858372176407
111844,Outside,0.9,41860,"San Francisco-Oakland-Fremont, CA",06041130201,Marin County,0.163647163647164,0.115911799761621,0.035752401280683
111850,Sonoma Mountain - North,0.6,42220,"Santa Rosa-Petaluma, CA",06097151309,Sonoma County,0.316863956081661,0.169931271477663,0.029751487574379
111862,Zollie,1.3,39820,"Redding, CA",06089011002,Shasta County,0.215137956748695,0.304529088497252,0.063049853372434
111864,Enrose Outside,6.7,31080,"Los Angeles-Long Beach-Anaheim, CA",06037670701,Los Angeles County,0.533037626185378,0.082860211753874,0.025751072961373
111884,Ucm-9273,1.5,44700,"Stockton-Lodi, CA",06077000300,San Joaquin County,0.843777197563098,0.691470844212359,0.099547511312217
111932,Rue Adriane,0.0,41740,"San Diego-Chula Vista-Carlsbad, CA",06073008303,San Diego County,0.198162729658793,0.11158940397351,0.049598832968636
111938,Heller Family Vineyards,0.1,42220,"Santa Rosa-Petaluma, CA",06097152602,Sonoma County,0.142329020332717,0.10720887245841,0.034246575342466
111940,Fenrir's Lair,1.3,39820,"Redding, CA",06089010601,Shasta County,0.201285656890317,0.124798711755233,0.053959965187119
111942,10 Chapel Drive,1.0,41860,"San Francisco-Oakland-Fremont, CA",06013353002,Contra Costa County,0.248206599713056,0.020143884892086,0.020489755122439
111946,Idlewood Road,0.0,42220,"Santa Rosa-Petaluma, CA",06097152601,Sonoma County,0.264204545454545,0.045270574126818,0.124483775811209
111950,River Pointe,0.0,44700,"Stockton-Lodi, CA",06077004501,San Joaquin County,0.52274678111588,0.348927038626609,0.107312440645774
111954,Sunview,8.5,12540,"Bakersfield-Delano, CA",06029000908,Kern County,0.660210888745427,0.368957294602211,0.036058913153885
111960,Verbena Fields,12.4,17020,"Chico, CA",06007000800,Butte County,0.199155981171888,0.261010888997237,0.054253611556982
111962,South La Cresta Dr.,0.0,41940,"San Jose-Sunnyvale-Santa Clara, CA",06085511701,Santa Clara County,0.453060285319834,0.0651173492867,0.035852178709322
111970,PurpleRain,2.2,41860,"San Francisco-Oakland-Fremont, CA",06075022704,San Francisco County,0.467438105489774,0.122712594187298,0.031996915959907
111972,West Camden,0.0,40900,"Sacramento-Roseville-Folsom, CA",06067009323,Sacramento County,0.526883591439012,0.138539482879106,0.052285318559557
111974,Morningside,0.0,41860,"San Francisco-Oakland-Fremont, CA",06041115000,Marin County,0.226365348399247,0.109365018525616,0.070205066344994
111976,Roseville,0.0,40900,"Sacramento-Roseville-Folsom, CA",06061020717,Placer County,0.499064371257485,0.120134730538922,0.088317322590641
111998,Dalewood Squared,0.7,41860,"San Francisco-Oakland-Fremont, CA",06001444100,Alameda County,0.710997087782554,0.063236721675218,0.021343681785108
112002,Dove nest,0.5,34900,"Napa, CA",06055200803,Napa County,0.218694096601073,0.178890876565295,0.089609151572927
112004,Centennial - Flower St,0.0,41860,"San Francisco-Oakland-Fremont, CA",06081610100,San Mateo County,0.589964719717758,0.205017640141121,0.060476481368357
112008,Upper Dimond,0.0,41860,"San Francisco-Oakland-Fremont, CA",06001404800,Alameda County,0.473760932944606,0.225583090379009,0.073880597014925
112018,SCVCC,0.0,41940,"San Jose-Sunnyvale-Santa Clara, CA",06085503338,Santa Clara County,0.797409579667644,0.037878787878788,0.055819991345738
112036,Triangle,2.8,40900,"Sacramento-Roseville-Folsom, CA",06067001800,Sacramento County,0.565535248041775,0.298336612412806,0.076632801161103
112042,Hollow Dale,1.6,41940,"San Jose-Sunnyvale-Santa Clara, CA",06085512313,Santa Clara County,0.750847899817375,0.129859825443005,0.023564064801178
112048,"Steinway, Campbell",0.8,41940,"San Jose-Sunnyvale-Santa Clara, CA",06085506703,Santa Clara County,0.526780784097184,0.097176079734219,0.099779492833517
112052,South Shore Donner Lake,0.0,46020,"Truckee-Grass Valley, CA",06057001209,Nevada County,0.253861652115514,0.06178643384822,0.032745591939547
112056,Medicine Wheel Ranch,3.8,23420,"Fresno, CA",06019006406,Fresno County,0.283728115345005,0.225923997917751,0.016149068322981
112120,Del Dayo Riviera,5.6,40900,"Sacramento-Roseville-Folsom, CA",06067005804,Sacramento County,0.229052466718872,0.094807238394965,0.03382084095064
112126,Maidu Trail 1,3.2,49700,"Yuba City, CA",06115041102,Yuba County,0.064356435643564,0.268316831683168,0.015037593984962
112128,Rudolph Rd,1.8,13860,"Bishop, CA",06027000100,Inyo County,0.484542792059876,0.395045632333768,0.088419405320814
112134,Prospect,1.1,41940,"San Jose-Sunnyvale-Santa Clara, CA",06085507003,Santa Clara County,0.278139232270657,0.102101116217991,0.0
112138,Backyard,0.9,41940,"San Jose-Sunnyvale-Santa Clara, CA",06085502500,Santa Clara County,0.442404772831574,0.078935291418082,0.042979177789642
112146,Cloverdale Lane,0.0,41940,"San Jose-Sunnyvale-Santa Clara, CA",06085506606,Santa Clara County,0.657582246447343,0.259295308545844,0.039851024208566
112164,Grandview Ave,0.4,41940,"San Jose-Sunnyvale-Santa Clara, CA",06085507206,Santa Clara County,0.313801079414032,0.032233009708738,0.013371537726839
112174,DEAD END FIFTH,0.0,41860,"San Francisco-Oakland-Fremont, CA",06041109002,Marin County,0.223475258918297,0.090424298632043,0.03575503993914
112214,River Park - Monalee Ave,0.0,40900,"Sacramento-Roseville-Folsom, CA",06067000100,Sacramento County,0.273759565539373,0.182424092816589,0.035389765662363
112242,Cobblestone Santa Rosa,0.0,42220,"Santa Rosa-Petaluma, CA",06097152402,Sonoma County,0.277543859649123,0.100284495021337,0.0
112244,Front,3330.5,41860,"San Francisco-Oakland-Fremont, CA",06081607702,San Mateo County,0.741739921188239,0.23792160437557,0.04984984984985
112248,GO GIANTS!!!,0.0,42220,"Santa Rosa-Petaluma, CA",06097151203,Sonoma County,0.313696612665685,0.20576478013886,0.033466715169152
112256,Tahoe Park Beach,0.0,40900,"Sacramento-Roseville-Folsom, CA",06061022100,Placer County,0.081858407079646,0.064159292035398,0.007058823529412
112260,friendly fred,1.8,44700,"Stockton-Lodi, CA",06077004906,San Joaquin County,0.312709030100334,0.297957817207901,0.083729781160799
112270,PurpleAir,0.0,40900,"Sacramento-Roseville-Folsom, CA",06067009112,Sacramento County,0.66348273328435,0.24957139358315,0.073972602739726
112276,Mikes Aero,0.0,34900,"Napa, CA",06055201700,Napa County,0.436582109479306,0.183995491687799,0.054096432771462
112278,1530 Christy Lane,0.0,40900,"Sacramento-Roseville-Folsom, CA",06061022014,Placer County,0.087825560266505,0.232586311326469,0.061835748792271
112282,Norfolk &amp; Noe,0.2,41860,"San Francisco-Oakland-Fremont, CA",06081607702,San Mateo County,0.741739921188239,0.23792160437557,0.04984984984985
112290,Moraga DD,0.0,41860,"San Francisco-Oakland-Fremont, CA",06013352101,Contra Costa County,0.411245865490628,0.053414727203357,0.051282051282051
112302,Lindale North,0.0,40900,"Sacramento-Roseville-Folsom, CA",06067004802,Sacramento County,0.880288370328211,0.44071333712768,0.10174672489083
112364,Berkeley - California &amp; Delaware,0.0,41860,"San Francisco-Oakland-Fremont, CA",06001422300,Alameda County,0.47434819175778,0.165449438202247,0.067961165048544
112372,Lizards-O1,0.0,41860,"San Francisco-Oakland-Fremont, CA",06081611500,San Mateo County,0.329272537417334,0.041420118343195,0.03160453808752
112374,Jennifer Lane,0.0,41860,"San Francisco-Oakland-Fremont, CA",06013346102,Contra Costa County,0.26704966641957,0.073611628773761,0.00110987791343
112376,Castro Valley,0.0,41860,"San Francisco-Oakland-Fremont, CA",06001430600,Alameda County,0.614990390775144,0.183670195700995,0.034303833957913
112378,Court Street and San Jose Avenue,0.0,41860,"San Francisco-Oakland-Fremont, CA",06001428200,Alameda County,0.485868725868726,0.180077821011673,0.026800129157249
112382,RSF,3.3,41740,"San Diego-Chula Vista-Carlsbad, CA",06073017111,San Diego County,0.281216303644598,0.070735389260298,0.101806239737274
112390,Marshall Gold Discovery SHP,0.0,40900,"Sacramento-Roseville-Folsom, CA",06017030901,El Dorado County,0.204833141542002,0.134427173287277,0.048591938155715
112394,Lizards-O2,0.0,41860,"San Francisco-Oakland-Fremont, CA",06081611500,San Mateo County,0.329272537417334,0.041420118343195,0.03160453808752
112438,LH Webster,0.0,41860,"San Francisco-Oakland-Fremont, CA",06075016801,San Francisco County,0.443817342226783,0.139715394566624,0.027296937416778
112476,DSIS Outdoor,3328.1,40900,"Sacramento-Roseville-Folsom, CA",06113010701,Yolo County,0.354466230936819,0.42046511627907,0.094219219219219
112478,Stoakes Ave,0.0,41860,"San Francisco-Oakland-Fremont, CA",06001432300,Alameda County,0.750923266311038,0.177882642593353,0.05076660988075
112488,La Salle,0.0,41860,"San Francisco-Oakland-Fremont, CA",06001426100,Alameda County,0.319365079365079,0.023809523809524,0.037158829332456
112496,East Sunset,0.0,41940,"San Jose-Sunnyvale-Santa Clara, CA",06085511701,Santa Clara County,0.453060285319834,0.0651173492867,0.035852178709322
112512,211 Uplands Garage,0.0,41860,"San Francisco-Oakland-Fremont, CA",06001423800,Alameda County,0.274452554744526,0.124671532846715,0.038732394366197
112514,Basque,0.0,40900,"Sacramento-Roseville-Folsom, CA",06061022011,Placer County,0.171576227390181,0.070020746887967,0.024007386888273
112562,"Diablo, CA",0.0,41860,"San Francisco-Oakland-Fremont, CA",06013346205,Contra Costa County,0.206473988439306,0.105433526011561,0.033659730722154
112596,ThomFamOutdoor,0.0,46700,"Vallejo, CA",06095252107,Solano County,0.454518252543387,0.168761220825853,0.044652701212789
112640,European Sales &amp; Service,0.0,42220,"Santa Rosa-Petaluma, CA",06097151404,Sonoma County,0.886206896551724,0.312578616352201,0.027405602923264
112660,Top of the Woodlands,0.0,41860,"San Francisco-Oakland-Fremont, CA",06041119100,Marin County,0.168964847543212,0.12720916682851,0.068336162988115
112662,Breakers Marina Bay,0.0,41860,"San Francisco-Oakland-Fremont, CA",06013380001,Contra Costa County,0.587016574585635,0.092886740331492,0.040816326530612
112672,Reservation Rd,0.0,40900,"Sacramento-Roseville-Folsom, CA",06017030902,El Dorado County,0.19205298013245,0.138125852328073,0.050898203592814
112700,Potrero Hill 18th &amp; Mississippi,0.0,41860,"San Francisco-Oakland-Fremont, CA",06075022702,San Francisco County,0.45957249070632,0.174988334111059,0.031534263189812
112710,"Novato, CA",0.0,41860,"San Francisco-Oakland-Fremont, CA",06041103100,Marin County,0.241007194244604,0.071082167105445,0.021816198527407
112720,Burns pl,0.0,44700,"Stockton-Lodi, CA",06077003205,San Joaquin County,0.64988344988345,0.366848470476642,0.128318584070796
112796,DPE/CFIG Outdoors,0.5,40140,"Riverside-San Bernardino-Ontario, CA",06065050301,Riverside County,0.603579766536965,0.136031128404669,0.142475171886937
112798,Su,0.0,42220,"Santa Rosa-Petaluma, CA",06097152300,Sonoma County,0.112573099415205,0.125122428991185,0.097969543147208
112812,208 bella vista ave,0.9,41940,"San Jose-Sunnyvale-Santa Clara, CA",06085507004,Santa Clara County,0.222109016811004,0.110290371879776,0.052658750645328
112834,Jackson and Market,0.0,41940,"San Jose-Sunnyvale-Santa Clara, CA",06085505600,Santa Clara County,0.471702220287331,0.274303405572755,0.053836882282041
112844,Woodlake - Outdoor,0.0,40900,"Sacramento-Roseville-Folsom, CA",06067006901,Sacramento County,0.461209529627367,0.306658521686011,0.222115384615385
112882,HausTaco,0.0,41860,"San Francisco-Oakland-Fremont, CA",06013353001,Contra Costa County,0.401809954751131,0.018552036199095,0.019082235347569
112888,The Tardis,0.0,41860,"San Francisco-Oakland-Fremont, CA",06013346205,Contra Costa County,0.206473988439306,0.105433526011561,0.033659730722154
112898,Old Strauss Place,0.0,46380,"Ukiah, CA",06045011004,Mendocino County,0.132592298531163,0.231275720164609,0.045528455284553
112916,K9JM @ Aileen Way,0.0,46020,"Truckee-Grass Valley, CA",06057000102,Nevada County,0.109456231558241,0.173857507805847,0.037439268362389
112918,Bowman Library,0.0,41860,"San Francisco-Oakland-Fremont, CA",06081611400,San Mateo County,0.337802869912962,0.091864224137931,0.015495296070836
112922,GIBSON,0.0,39820,"Redding, CA",06089011403,Shasta County,0.260084286574353,0.25719478945774,0.048660084626234
112924,2828 Killkare Rd.,0.0,41860,"San Francisco-Oakland-Fremont, CA",06001450601,Alameda County,0.526732133115112,0.029740791268759,0.056836461126005
112944,Oilstop Lodi,0.0,44700,"Stockton-Lodi, CA",06077004302,San Joaquin County,0.443669446550417,0.407965031568723,0.08169014084507
112956,JB Air Monitor,0.0,40900,"Sacramento-Roseville-Folsom, CA",06017030603,El Dorado County,0.183106267029973,0.227608874281019,0.02315661182206
112982,ViaVespero,0.0,41940,"San Jose-Sunnyvale-Santa Clara, CA",06085511911,Santa Clara County,0.421469597940186,0.079816878980892,0.022553655874864
113020,Home,0.0,41860,"San Francisco-Oakland-Fremont, CA",06081611100,San Mateo County,0.390600684718332,0.033317691224777,0.030008826125331
113040,Hansel Hill,0.0,46020,"Truckee-Grass Valley, CA",06057001210,Nevada County,0.066587395957194,0.073127229488704,0.0
113050,Kanaka Valley,1.5,40900,"Sacramento-Roseville-Folsom, CA",06017030801,El Dorado County,0.257655755015839,0.06553911205074,0.042297650130548
113052,Olney ct,0.0,41860,"San Francisco-Oakland-Fremont, CA",06013345105,Contra Costa County,0.378469436868282,0.044162518066485,0.025142474019444
113064,Strawberry HW50,0.0,40900,"Sacramento-Roseville-Folsom, CA",06017030603,El Dorado County,0.183106267029973,0.227608874281019,0.02315661182206
113066,Coyote Road,13.6,42200,"Santa Maria-Santa Barbara, CA",06083000700,Santa Barbara County,0.312530081822557,0.146741226378712,0.036597428288823
113090,Blue Bell Drive,0.0,39820,"Redding, CA",06089010601,Shasta County,0.201285656890317,0.124798711755233,0.053959965187119
113108,Parklet sensor,0.1,41860,"San Francisco-Oakland-Fremont, CA",06001428500,Alameda County,0.58328285887341,0.1606463878327,0.019556025369979
113142,Park Lane,5.2,42200,"Santa Maria-Santa Barbara, CA",06083001500,Santa Barbara County,0.203576864535769,0.132090132090132,0.045936395759717
113144,Shelter Crik Resort,55.0,41860,"San Francisco-Oakland-Fremont, CA",06081603801,San Mateo County,0.69578313253012,0.080321285140562,0.068672839506173
113152,Velodrome,0.0,41940,"San Jose-Sunnyvale-Santa Clara, CA",06085506102,Santa Clara County,0.639598540145985,0.074856486796785,0.027038269550749
113154,Greenham Court Hamilton,0.0,41860,"San Francisco-Oakland-Fremont, CA",06041105002,Marin County,0.322112211221122,0.088118811881188,0.024769992922859
113156,Burlingame Country Club SW,0.0,41860,"San Francisco-Oakland-Fremont, CA",06081605600,San Mateo County,0.496684350132626,0.096118607362985,0.05091044221479
113158,Vista Gusts,0.0,41860,"San Francisco-Oakland-Fremont, CA",06013385100,Contra Costa County,0.489354838709677,0.139277578913114,0.061752988047809
113160,Tethys Outside Sensor,0.0,41860,"San Francisco-Oakland-Fremont, CA",06081605800,San Mateo County,0.219243481454278,0.095482923246419,0.069254185692542
113170,The Cove School,0.0,41860,"San Francisco-Oakland-Fremont, CA",06041121200,Marin County,0.270620204603581,0.081226828446242,0.027034718269778
113172,TAL1,0.0,41940,"San Jose-Sunnyvale-Santa Clara, CA",06085511914,Santa Clara County,0.470523154733681,0.035877983246404,0.03126007089913
113200,Orinda,0.0,41860,"San Francisco-Oakland-Fremont, CA",06013354001,Contra Costa County,0.281719532554257,0.064691151919866,0.021718602455146
113202,Cuesta Ave,0.0,41860,"San Francisco-Oakland-Fremont, CA",06081606700,San Mateo County,0.456147376852223,0.070084100921105,0.021357742181541
113204,Chandelle Way,0.0,46020,"Truckee-Grass Valley, CA",06057001205,Nevada County,0.095181907571288,0.148140861695849,0.073706591070163
113206,21st &amp; Balboa,2.4,41860,"San Francisco-Oakland-Fremont, CA",06075047702,San Francisco County,0.582101806239737,0.183964854475563,0.032379164711403
113220,Spanish Ranch,2.4,42100,"Santa Cruz-Watsonville, CA",06087121000,Santa Cruz County,0.182847896440129,0.118223383409536,0.044211751018034
113226,"Tardis Exterior, Floribunda Ave (OUTSIDE)",0.0,41860,"San Francisco-Oakland-Fremont, CA",06081605501,San Mateo County,0.519191226867718,0.244002741603838,0.061568061568062
113262,Brighton Oaks,0.0,41940,"San Jose-Sunnyvale-Santa Clara, CA",06085512312,Santa Clara County,0.549957056971085,0.032517985611511,0.032120925838451
113264,94015,0.0,41860,"San Francisco-Oakland-Fremont, CA",06081601603,San Mateo County,0.927691569348904,0.222596693949607,0.019165378670788
113282,Top of Kings Mountain,0.0,41860,"San Francisco-Oakland-Fremont, CA",06081613400,San Mateo County,0.132050864036518,0.117395593554752,0.075914423740511
113284,Red Hawk,0.0,41860,"San Francisco-Oakland-Fremont, CA",06001441929,Alameda County,0.785574412532637,0.127937336814621,0.018658598083712
113286,T's Garden,0.0,41860,"San Francisco-Oakland-Fremont, CA",06001451503,Alameda County,0.490006553079948,0.165223184543638,0.007798960138648
113290,East Sunset,0.0,41860,"San Francisco-Oakland-Fremont, CA",06001451602,Alameda County,0.34549138804458,0.063539637344523,0.019156096298214
113292,Cypress Loop,0.0,21700,"Eureka-Arcata, CA",06023010901,Humboldt County,0.330209241499564,0.365572315882875,0.032921810699588
113314,Al HaDerech,0.0,40900,"Sacramento-Roseville-Folsom, CA",06067005606,Sacramento County,0.458410732714138,0.29969040247678,0.082858228810338
113320,Upper Mount Olympus,8.4,31080,"Los Angeles-Long Beach-Anaheim, CA",06037194102,Los Angeles County,0.306425702811245,0.219277108433735,0.052702702702703
113326,Saint Mary St,0.0,41860,"San Francisco-Oakland-Fremont, CA",06001450607,Alameda County,0.671362408336549,0.112311848707063,0.011494252873563
113336,"Vernal Way, Emerald Hills",0.0,41860,"San Francisco-Oakland-Fremont, CA",06081609700,San Mateo County,0.268241689316329,0.041204768876804,0.024006296733569
113344,Oakhurst,20.2,41860,"San Francisco-Oakland-Fremont, CA",06013355307,Contra Costa County,0.4976120081874,0.092520138089758,0.057129798903108
113354,houston3-ext,0.0,41860,"San Francisco-Oakland-Fremont, CA",06001451505,Alameda County,0.336815447926559,0.0110794555239,0.028710725893824
113394,Golden Gate Heights,0.0,41860,"San Francisco-Oakland-Fremont, CA",06075030302,San Francisco County,0.629609834313201,0.083378016085791,0.055425082198215
113396,Roscoe’s House,0.0,40900,"Sacramento-Roseville-Folsom, CA",06113010314,Yolo County,0.582684824902724,0.110894941634241,0.067556296914095
113414,Woodstock-Caliope,0.0,41860,"San Francisco-Oakland-Fremont, CA",06001427600,Alameda County,0.714767932489451,0.248672754300276,0.084850691915513
113424,College Greens Swim and Racquet Club,7.6,40900,"Sacramento-Roseville-Folsom, CA",06067005204,Sacramento County,0.404891897794278,0.285620341955283,0.040675032453483
113446,Ambum,0.0,41940,"San Jose-Sunnyvale-Santa Clara, CA",06085503313,Santa Clara County,0.845633326284627,0.182243985522674,0.062908496732026
113450,Basin View Bragg,0.0,46380,"Ukiah, CA",06045010300,Mendocino County,0.199535423925668,0.306366682623265,0.118059029514757
113504,Rivoli House,0.0,41860,"San Francisco-Oakland-Fremont, CA",06075017101,San Francisco County,0.305882352941176,0.057649667405765,0.021772345301757
113542,LP CELLAR,0.0,17340,"Clearlake, CA",06033000300,Lake County,0.290166706934042,0.353677621283255,0.088285229202037
113554,Morro Drive,0.0,46020,"Truckee-Grass Valley, CA",06057000701,Nevada County,0.107767385115901,0.224345940084045,0.056179775280899
113586,Bernasconi Park,0.0,32900,"Merced, CA",06047002602,Merced County,0.585268590194699,0.259676284306826,0.059401309635173
113608,Brentwood Rd,0.0,41860,"San Francisco-Oakland-Fremont, CA",06001404700,Alameda County,0.324645633287609,0.0480109739369,0.044226044226044
113614,Carlson Court,0.0,40900,"Sacramento-Roseville-Folsom, CA",06017030812,El Dorado County,0.171587571494821,0.116744186046512,0.082889733840304
113622,22546 Summit,0.0,41940,"San Jose-Sunnyvale-Santa Clara, CA",06085511800,Santa Clara County,0.180475980608197,0.072185430463576,0.053788771103259
113626,University of the Pacific Outdoor,0.0,44700,"Stockton-Lodi, CA",06077001200,San Joaquin County,0.46730571722013,0.148821218074656,0.054653465346535
113676,Swiss Ln,0.0,46020,"Truckee-Grass Valley, CA",06057001210,Nevada County,0.066587395957194,0.073127229488704,0.0
113730,KarpBurg,0.9,41860,"San Francisco-Oakland-Fremont, CA",06013385100,Contra Costa County,0.489354838709677,0.139277578913114,0.061752988047809
113771,Farmhouse,0.0,42220,"Santa Rosa-Petaluma, CA",06097153202,Sonoma County,0.691421642922098,0.283924205378973,0.085836909871245
113801,Bear Valley Visitor Center,0.0,41860,"San Francisco-Oakland-Fremont, CA",06041132200,Marin County,0.112403100775194,0.192691029900332,0.09969481180061
113809,1000 Vision Rd,0.0,41860,"San Francisco-Oakland-Fremont, CA",06041132200,Marin County,0.112403100775194,0.192691029900332,0.09969481180061
113813,Sfw,0.0,41860,"San Francisco-Oakland-Fremont, CA",06075030900,San Francisco County,0.618379357175192,0.147873467534433,0.03690036900369
113831,Greenbrook,0.0,41860,"San Francisco-Oakland-Fremont, CA",06013345105,Contra Costa County,0.378469436868282,0.044162518066485,0.025142474019444
113861,Hooker Oak Park,3308.4,17020,"Chico, CA",06007000800,Butte County,0.199155981171888,0.261010888997237,0.054253611556982
113901,Greenhaven Cabana Club South,0.0,40900,"Sacramento-Roseville-Folsom, CA",06067004006,Sacramento County,0.785522788203753,0.219446058493124,0.055815403804178
113937,San Juan Capistrano,2.0,31080,"Los Angeles-Long Beach-Anaheim, CA",06059042203,Orange County,0.254977935636638,0.123007324429125,0.039635438745231
113971,Jean East,1.5,23420,"Fresno, CA",06039000104,Madera County,0.174595011571098,0.204165595268707,0.06449864498645
113997,Del Rey,0.0,41860,"San Francisco-Oakland-Fremont, CA",06013353001,Contra Costa County,0.401809954751131,0.018552036199095,0.019082235347569
114005,Monte Rio Willow,0.0,42220,"Santa Rosa-Petaluma, CA",06097153708,Sonoma County,0.132807363576594,0.240631163708087,0.176229508196721
114007,Angora Ridge,3329.8,40900,"Sacramento-Roseville-Folsom, CA",06017030502,El Dorado County,0.231225296442688,0.118322121092204,0.024199288256228
114011,Malibu West,0.0,31080,"Los Angeles-Long Beach-Anaheim, CA",06037800411,Los Angeles County,0.32007299270073,0.075547445255474,0.048906048906049
114041,Lanny Outside,0.0,40900,"Sacramento-Roseville-Folsom, CA",06061022014,Placer County,0.087825560266505,0.232586311326469,0.061835748792271
114067,springbok,0.0,40900,"Sacramento-Roseville-Folsom, CA",06017030701,El Dorado County,0.219893362750506,0.071520500091929,0.028706252457727
114125,City of Hidden Hills City Hall,5.5,31080,"Los Angeles-Long Beach-Anaheim, CA",06037800206,Los Angeles County,0.15677025527192,0.071587125416204,0.041067761806982
114151,Rancho La Bella Outdoor,5.5,41740,"San Diego-Chula Vista-Carlsbad, CA",06073008327,San Diego County,0.338500360490267,0.102712477396022,0.05168986083499
114169,Admissions Alley,0.0,41860,"San Francisco-Oakland-Fremont, CA",06013348000,Contra Costa County,0.201701597841876,0.061759201497193,0.015200368493782
114181,Simmonsville,0.0,21700,"Eureka-Arcata, CA",06023010902,Humboldt County,0.160675512665862,0.299733462563606,0.120854412591343
114189,WSG,0.0,41860,"San Francisco-Oakland-Fremont, CA",06001404600,Alameda County,0.417916497770572,0.086137008512363,0.055648535564854
114213,35 Whitehall Drive,0.0,41860,"San Francisco-Oakland-Fremont, CA",06013352201,Contra Costa County,0.396869851729819,0.244610281923715,0.062921348314607
114237,TrinitySchool-ECP-Outside,0.0,41860,"San Francisco-Oakland-Fremont, CA",06081612500,San Mateo County,0.466180371352785,0.119584438549956,0.038004750593824
114247,Redwood Rd,0.0,41860,"San Francisco-Oakland-Fremont, CA",06041114100,Marin County,0.184257602862254,0.181872509960159,0.111254019292605
114257,Delta Looped,0.0,40900,"Sacramento-Roseville-Folsom, CA",06067009800,Sacramento County,0.29477858559154,0.389292795769993,0.125485122897801
114271,Leland Meadows,2.5,43760,"Sonora, CA",06109003103,Tuolumne County,0.15796178343949,0.227338129496403,0.089285714285714
114297,Bay-O-Vista,0.0,41860,"San Francisco-Oakland-Fremont, CA",06001432800,Alameda County,0.629207664422579,0.134130491291916,0.049412915851272
114319,Maidu Ridge,3196.0,46020,"Truckee-Grass Valley, CA",06057000900,Nevada County,0.179814077025232,0.327609337268581,0.021739130434783
114321,Starbush Dr,0.0,41940,"San Jose-Sunnyvale-Santa Clara, CA",06085508508,Santa Clara County,0.743489583333333,0.116800261737281,0.039473684210526
114327,Cuy Outside,0.0,41940,"San Jose-Sunnyvale-Santa Clara, CA",06085510002,Santa Clara County,0.52760736196319,0.020858895705521,0.020327218641547
114343,Vintage Drive,0.0,46020,"Truckee-Grass Valley, CA",06057000104,Nevada County,0.145833333333333,0.287037037037037,0.093929712460064
114355,Core Equestrian Barn,1.2,41860,"San Francisco-Oakland-Fremont, CA",06081613200,San Mateo County,0.249306670559042,0.075949367088608,0.044481605351171
114363,Madrona Avenue,0.0,41860,"San Francisco-Oakland-Fremont, CA",06041123000,Marin County,0.124567474048443,0.095010845986985,0.013829787234043
114371,Skillman House,0.0,42220,"Santa Rosa-Petaluma, CA",06097151000,Sonoma County,0.288100208768267,0.293026040107752,0.05223478729133
114381,Folsom Lake Estates North,0.0,40900,"Sacramento-Roseville-Folsom, CA",06061020605,Placer County,0.310185947013329,0.128771640560594,0.067957866123004
114385,T&amp;R lUMBER,6.0,40140,"Riverside-San Bernardino-Ontario, CA",06071002207,San Bernardino County,0.823358413132695,0.502738892270237,0.078826237054085
114405,SchielePurple,0.0,41940,"San Jose-Sunnyvale-Santa Clara, CA",06085500600,Santa Clara County,0.675234799802274,0.194760257043994,0.051932723517262
114421,Shreve,0.0,41940,"San Jose-Sunnyvale-Santa Clara, CA",06085511704,Santa Clara County,0.50251256281407,0.040856456194014,0.021870637505817
114423,Upper Crossbrook Outside,0.0,41860,"San Francisco-Oakland-Fremont, CA",06013352201,Contra Costa County,0.396869851729819,0.244610281923715,0.062921348314607
114431,Lahontan Golf Club,0.0,40900,"Sacramento-Roseville-Folsom, CA",06061022011,Placer County,0.171576227390181,0.070020746887967,0.024007386888273
114471,View Drive,0.0,46380,"Ukiah, CA",06045011700,Mendocino County,0.403112342784055,0.333408021510195,0.055333998005982
114529,Merideth,0.0,41860,"San Francisco-Oakland-Fremont, CA",06013346101,Contra Costa County,0.285671819262782,0.068668252080856,0.044585987261146
114531,Golden Feather Pool,0.1,17020,"Chico, CA",06007002401,Butte County,0.289370078740157,0.434055118110236,0.058495821727019
114533,Matthew Court,0.0,41860,"San Francisco-Oakland-Fremont, CA",06001450701,Alameda County,0.548065918974594,0.053818848047635,0.056944444444444
114557,"Windmill, Vallejo -out",3.2,46700,"Vallejo, CA",06095250103,Solano County,0.792769376181474,0.138567037124616,0.066759388038943
114559,San Pablo Southwest,0.6,41860,"San Francisco-Oakland-Fremont, CA",06001423300,Alameda County,0.541139240506329,0.287974683544304,0.060312331717824
114577,Nevada City School of the Arts,3328.8,46020,"Truckee-Grass Valley, CA",06057000401,Nevada County,0.193755739210285,0.199265381083563,0.038920601971977
114595,El Macero Estates,0.0,40900,"Sacramento-Roseville-Folsom, CA",06113010401,Yolo County,0.394736842105263,0.20606960950764,0.04302372336148
114721,"𝐂𝐂𝐀, 𝒃𝒆𝒍𝒍𝒂",1.1,23420,"Fresno, CA",06019004601,Fresno County,0.539854093488246,0.204539313699,0.047933884297521
114743,1500 40th Street,0.0,40900,"Sacramento-Roseville-Folsom, CA",06067001500,Sacramento County,0.206819565658616,0.08375,0.009671179883946
114745,Corp Yard City of Rancho Cordova,3268.4,40900,"Sacramento-Roseville-Folsom, CA",06067008706,Sacramento County,0.698646262507357,0.010005885815185,0.033719704952582
114879,Ridgetop Ranch,0.0,46380,"Ukiah, CA",06045011200,Mendocino County,0.364569961489089,0.354744996772111,0.101060511540861
114889,Washburn court,0.0,41860,"San Francisco-Oakland-Fremont, CA",06001441200,Alameda County,0.680989937449007,0.103073157465325,0.05261786923678
115113,TeamS&amp;M,0.0,23420,"Fresno, CA",06039000103,Madera County,0.195682258510933,0.317004504504505,0.067080045095829
115151,ArrowB Garden,0.0,40900,"Sacramento-Roseville-Folsom, CA",06017030901,El Dorado County,0.204833141542002,0.134427173287277,0.048591938155715
115159,Troll Knoll,26.7,46020,"Truckee-Grass Valley, CA",06057000403,Nevada County,0.271806167400881,0.384140969162996,0.064220183486239
115529,Beckham,0.0,41940,"San Jose-Sunnyvale-Santa Clara, CA",06085512031,Santa Clara County,0.556646870717223,0.063042485153038,0.030789245446661
115569,Poway Central,19.0,41740,"San Diego-Chula Vista-Carlsbad, CA",06073017041,San Diego County,0.474658519051042,0.109094176851186,0.08029689608637
115579,BegoBlossom,0.0,41940,"San Jose-Sunnyvale-Santa Clara, CA",06085506900,Santa Clara County,0.336187912894544,0.059550561797753,0.039226519337017
115615,Maidu,0.0,40900,"Sacramento-Roseville-Folsom, CA",06061020711,Placer County,0.310827759197324,0.261808938784156,0.074766355140187
115625,Apricot Commons,0.0,41940,"San Jose-Sunnyvale-Santa Clara, CA",06085509109,Santa Clara County,0.675593426658551,0.194109568136731,0.025174476570289
115629,wilderness,0.0,12540,"Bakersfield-Delano, CA",06029006009,Kern County,0.222893707785283,0.114824031283327,0.04
115705,Vine &amp; Edith,0.0,41860,"San Francisco-Oakland-Fremont, CA",06001421800,Alameda County,0.299115044247788,0.09781152300134,0.028787878787879
115709,Winterfell,0.0,46020,"Truckee-Grass Valley, CA",06057001205,Nevada County,0.095181907571288,0.148140861695849,0.073706591070163
115733,Old Clark Ranch,0.0,46380,"Ukiah, CA",06045010200,Mendocino County,0.299716356760164,0.546662448592218,0.178807947019868
115737,Mill Valley Public Library,0.0,41860,"San Francisco-Oakland-Fremont, CA",06041127000,Marin County,0.140366172624237,0.095466434176112,0.0708316752885
115905,Presidio wall,0.0,41860,"San Francisco-Oakland-Fremont, CA",06075013300,San Francisco County,0.334733893557423,0.15214839164123,0.002948402948403
115929,Brandywine Farms,0.0,40900,"Sacramento-Roseville-Folsom, CA",06017030804,El Dorado County,0.214916878837801,0.16264789576157,0.029159519725557
115935,Emerson St,0.0,41940,"San Jose-Sunnyvale-Santa Clara, CA",06085510900,Santa Clara County,0.490628660679422,0.056032799687622,0.037188545927854
115937,Hill House,47.8,46380,"Ukiah, CA",06045011102,Mendocino County,0.371659415786203,0.247407714641228,0.059682804674457
115939,25 Tarabrook Drive,0.0,41860,"San Francisco-Oakland-Fremont, CA",06013353002,Contra Costa County,0.248206599713056,0.020143884892086,0.020489755122439
115941,88 Treehouse,0.0,41860,"San Francisco-Oakland-Fremont, CA",06013353001,Contra Costa County,0.401809954751131,0.018552036199095,0.019082235347569
115951,Wood Acres Rd,0.0,41940,"San Jose-Sunnyvale-Santa Clara, CA",06085507302,Santa Clara County,0.438257575757576,0.08274231678487,0.019340974212034
115957,CushingAve,0.0,41860,"San Francisco-Oakland-Fremont, CA",06041106002,Marin County,0.42363545317977,0.146380986676269,0.081632653061224
116043,"Angora Highlands, South Lake Tahoe",0.0,40900,"Sacramento-Roseville-Folsom, CA",06017030502,El Dorado County,0.231225296442688,0.118322121092204,0.024199288256228
116051,ENPLAN,0.0,39820,"Redding, CA",06089010900,Shasta County,0.315906070004431,0.407204742362061,0.054289869122637
116055,546 Van Buren Street,0.0,41940,"San Jose-Sunnyvale-Santa Clara, CA",06085510500,Santa Clara County,0.478542160879879,0.064181737979709,0.027777777777778
116057,Heights Outdoor,0.0,42220,"Santa Rosa-Petaluma, CA",06097152601,Sonoma County,0.264204545454545,0.045270574126818,0.124483775811209
116065,Hillbilly Garage,0.0,46380,"Ukiah, CA",06045010602,Mendocino County,0.315087084370052,0.208776294955892,0.062854442344045
116079,Oakland Zoo EDU,0.0,41860,"San Francisco-Oakland-Fremont, CA",06001410000,Alameda County,0.673276676109537,0.093484419263456,0.055656382335148
116091,Douglas Preserve,0.2,42200,"Santa Maria-Santa Barbara, CA",06083001308,Santa Barbara County,0.110958904109589,0.121531631520533,0.085918854415274
116095,ECORP - Chico Office,3326.5,17020,"Chico, CA",06007000404,Butte County,0.144700713893465,0.085991678224688,0.022090517241379
116105,Pentz,0.0,41940,"San Jose-Sunnyvale-Santa Clara, CA",06085512029,Santa Clara County,0.580583513823417,0.0919173890872,0.083712465878071
116111,Lupine Lane,3327.2,42100,"Santa Cruz-Watsonville, CA",06087121300,Santa Cruz County,0.337570621468927,0.111714690599906,0.011566265060241
116147,Sutherland Drive,0.0,41860,"San Francisco-Oakland-Fremont, CA",06081611400,San Mateo County,0.337802869912962,0.091864224137931,0.015495296070836
116153,Bay Farm Island,0.0,41860,"San Francisco-Oakland-Fremont, CA",06001428302,Alameda County,0.557106237539163,0.050350450579316,0.04793944491169
116227,Oilstop Fair Oaks,0.6,40900,"Sacramento-Roseville-Folsom, CA",06067008122,Sacramento County,0.356524093123985,0.25893587994543,0.038839979285344
116241,183 Vista Verde,0.0,41860,"San Francisco-Oakland-Fremont, CA",06081613200,San Mateo County,0.249306670559042,0.075949367088608,0.044481605351171
116251,88 El Molino Dr.,0.0,41860,"San Francisco-Oakland-Fremont, CA",06013355306,Contra Costa County,0.262197802197802,0.049230769230769,0.059207662168045
116267,Groves,0.0,42200,"Santa Maria-Santa Barbara, CA",06083002005,Santa Barbara County,0.348664390439847,0.143402289616389,0.06884827879303
116331,Lilley Mountain,0.0,23420,"Fresno, CA",06039000106,Madera County,0.335389792484577,0.168442699570013,0.060163300386764
116555,Montessori School of Central Marin,0.0,41860,"San Francisco-Oakland-Fremont, CA",06041112100,Marin County,0.333869485294118,0.178308823529412,0.055431547619048
116629,Stephen Way,0.0,41940,"San Jose-Sunnyvale-Santa Clara, CA",06085507904,Santa Clara County,0.798758575628879,0.002940215615812,0.012461059190031
116637,Ormondale,0.0,41860,"San Francisco-Oakland-Fremont, CA",06081613200,San Mateo County,0.249306670559042,0.075949367088608,0.044481605351171
116639,"42 Oak Island Circle, Santa Rosa CA",0.0,42220,"Santa Rosa-Petaluma, CA",06097151601,Sonoma County,0.147200593251761,0.136260408781226,0.091317365269461
116661,136 Jordan Ave,0.0,41860,"San Francisco-Oakland-Fremont, CA",06041117000,Marin County,0.18800539083558,0.089662921348315,0.049737161342499
116663,Vinci North,0.0,41940,"San Jose-Sunnyvale-Santa Clara, CA",06085504317,Santa Clara County,0.906989104437948,0.073611480201967,0.018606870229008
116731,Oynx by Pulte,0.3,41940,"San Jose-Sunnyvale-Santa Clara, CA",06085503709,Santa Clara County,0.955325348009064,0.490584415584416,0.098600932711526
116793,Farpoint Observatory,0.0,23420,"Fresno, CA",06039000110,Madera County,0.224012576144626,0.23491124260355,0.132957990472066
116935,Regent Way,12.8,49700,"Yuba City, CA",06115041002,Yuba County,0.226514486391572,0.194812849985264,0.039441747572816
116983,Cameron Park Lake Westside,0.0,40900,"Sacramento-Roseville-Folsom, CA",06017030810,El Dorado County,0.30842860941239,0.253222341568206,0.112413425679275
117001,Diablo Valley Montessori School,0.0,41860,"San Francisco-Oakland-Fremont, CA",06013348000,Contra Costa County,0.201701597841876,0.061759201497193,0.015200368493782
117003,Morton 2,0.0,41940,"San Jose-Sunnyvale-Santa Clara, CA",06085510002,Santa Clara County,0.52760736196319,0.020858895705521,0.020327218641547
117015,Castro,0.0,41860,"San Francisco-Oakland-Fremont, CA",06001432601,Alameda County,0.759286412512219,0.202948402948403,0.037949132014534
117919,Rudd-Jeabjo,0.0,46020,"Truckee-Grass Valley, CA",06057000900,Nevada County,0.179814077025232,0.327609337268581,0.021739130434783
117933,Beaver Creek,0.0,41940,"San Jose-Sunnyvale-Santa Clara, CA",06085504319,Santa Clara County,0.929910714285714,0.150813797222637,0.037078029883785
117935,Orange - Outside,0.0,41860,"San Francisco-Oakland-Fremont, CA",06001403502,Alameda County,0.51068264721209,0.200625325690464,0.028011204481793
117945,Rubicon Cir,0.0,41860,"San Francisco-Oakland-Fremont, CA",06013345203,Contra Costa County,0.180615473109002,0.157057363888483,0.044390637610977
117947,States Street,0.1,41860,"San Francisco-Oakland-Fremont, CA",06075017000,San Francisco County,0.298216799624589,0.057484748944158,0.022144890857324
117965,Sunnybrook,0.0,41860,"San Francisco-Oakland-Fremont, CA",06013348000,Contra Costa County,0.201701597841876,0.061759201497193,0.015200368493782
117967,Friar Tuck Way,0.1,40900,"Sacramento-Roseville-Folsom, CA",06067008008,Sacramento County,0.289996030170703,0.161290322580645,0.04260174971472
117981,CSR,0.0,34900,"Napa, CA",06055201700,Napa County,0.436582109479306,0.183995491687799,0.054096432771462
117993,Anza Vista - 1035 Baker,0.0,41860,"San Francisco-Oakland-Fremont, CA",06075015702,San Francisco County,0.434463794683776,0.069461444308446,0.012398460880718
118003,2327 West Pond,0.5,40900,"Sacramento-Roseville-Folsom, CA",06113010511,Yolo County,0.574128765505021,0.406474820143885,0.01021897810219
118067,Mettler Rd,0.0,44700,"Stockton-Lodi, CA",06077004108,San Joaquin County,0.857971014492754,0.161178749308246,0.036040483831153
118085,Niles,1.2,23420,"Fresno, CA",06019005508,Fresno County,0.602069305304648,0.121975308641975,0.015640599001664
118457,Burchell Valley,0.0,41940,"San Jose-Sunnyvale-Santa Clara, CA",06085512515,Santa Clara County,0.531225139220366,0.158859876420171,0.067103109656301
118469,Rough and ready,0.0,46020,"Truckee-Grass Valley, CA",06057000404,Nevada County,0.07794981313401,0.363709246392304,0.005988023952096
118477,Hawk Ridge Lane,0.0,42100,"Santa Cruz-Watsonville, CA",06087122401,Santa Cruz County,0.220131702728128,0.464722483537159,0.035714285714286
118483,Hillcrest Dr near ACC,0.0,41940,"San Jose-Sunnyvale-Santa Clara, CA",06085511910,Santa Clara County,0.366109472304163,0.045231071779744,0.031715210355987
118495,BuckInst_BldgA_roof,0.0,41860,"San Francisco-Oakland-Fremont, CA",06041102100,Marin County,0.297862232779097,0.065675934803452,0.047297297297297
118565,165 East Okeefe Street,0.0,41860,"San Francisco-Oakland-Fremont, CA",06081612101,San Mateo County,0.701779563719862,0.307405281285878,0.0
118569,Borrego Springs,3324.5,41740,"San Diego-Chula Vista-Carlsbad, CA",06073021002,San Diego County,0.414715719063545,0.317725752508361,0.08560794044665
118591,GoMilpitas.com,0.0,41940,"San Jose-Sunnyvale-Santa Clara, CA",06085504415,Santa Clara County,0.851172707889126,0.063113006396588,0.047452353169973
118601,Trego Pl,14.5,31080,"Los Angeles-Long Beach-Anaheim, CA",06037106020,Los Angeles County,0.895104895104895,0.299496827827609,0.104281475201357
118649,Southern Sierra Research Station,0.0,12540,"Bakersfield-Delano, CA",06029005207,Kern County,0.198429319371728,0.660377358490566,0.237911025145068
118713,MVHS Shady Spring,0.0,41940,"San Jose-Sunnyvale-Santa Clara, CA",06085509902,Santa Clara County,0.54043048283886,0.107135797588456,0.03006589785832
118761,Almaden Cabana Club,0.0,41940,"San Jose-Sunnyvale-Santa Clara, CA",06085511912,Santa Clara County,0.65170902716915,0.051754385964912,0.062939651980748
118791,Harmony Montessori,3277.5,41860,"San Francisco-Oakland-Fremont, CA",06041124100,Marin County,0.207734806629834,0.078503980744307,0.022178734507502
118801,Andretti Way,1.6,40900,"Sacramento-Roseville-Folsom, CA",06067009612,Sacramento County,0.783552255853798,0.202360555872835,0.059129045145825
118815,Sunnyside Road,0.0,41940,"San Jose-Sunnyvale-Santa Clara, CA",06085511800,Santa Clara County,0.180475980608197,0.072185430463576,0.053788771103259
118817,Snail East Outdoors,0.0,41940,"San Jose-Sunnyvale-Santa Clara, CA",06085508708,Santa Clara County,0.803131991051454,0.151921903599756,0.051094890510949
118819,Banner,0.0,46020,"Truckee-Grass Valley, CA",06057000701,Nevada County,0.107767385115901,0.224345940084045,0.056179775280899
118831,"Chestnut Pl, Blackhawk",0.4,41860,"San Francisco-Oakland-Fremont, CA",06013355112,Contra Costa County,0.291724137931034,0.088583362339018,0.057647963105304
118839,Preserve Blessing Drive,0.0,41860,"San Francisco-Oakland-Fremont, CA",06001450601,Alameda County,0.526732133115112,0.029740791268759,0.056836461126005
118843,Fremont Pines Lane,0.0,41940,"San Jose-Sunnyvale-Santa Clara, CA",06085511701,Santa Clara County,0.453060285319834,0.0651173492867,0.035852178709322
118847,Casa de Amore,0.0,42220,"Santa Rosa-Petaluma, CA",06097153712,Sonoma County,0.282813273897969,0.241208519068846,0.161874334398296
118857,"Freshwater, CA",0.0,21700,"Eureka-Arcata, CA",06023010600,Humboldt County,0.145863925599608,0.306823760432008,0.097222222222222
118867,"Parklands, Oakley (DellaChiesa Hospitality, LLC)",0.0,41860,"San Francisco-Oakland-Fremont, CA",06013302012,Contra Costa County,0.661101549053356,0.228064126874677,0.07652711050103
118887,Kindeva,7.6,31080,"Los Angeles-Long Beach-Anaheim, CA",06037113424,Los Angeles County,0.740286909742977,0.275384151852968,0.052401746724891
118897,PHS Gym-Ext,3325.0,33700,"Modesto, CA",06099003612,Stanislaus County,0.619880816533536,0.130228988102853,0.040616589185221
118953,Lupine Dr,0.0,42100,"Santa Cruz-Watsonville, CA",06087120901,Santa Cruz County,0.156742323097463,0.15972972972973,0.046335697399527
118959,Iris Gardens,0.0,41940,"San Jose-Sunnyvale-Santa Clara, CA",06085501800,Santa Clara County,0.613587191691908,0.098865124399825,0.022159690467816
118963,ViaKarina,0.0,40900,"Sacramento-Roseville-Folsom, CA",06061023501,Placer County,0.22663139329806,0.0,0.0
118965,Laurel Valley Abode,0.0,41860,"San Francisco-Oakland-Fremont, CA",06041117000,Marin County,0.18800539083558,0.089662921348315,0.049737161342499
118967,Panorama,0.0,46380,"Ukiah, CA",06045011200,Mendocino County,0.364569961489089,0.354744996772111,0.101060511540861
118969,oxford,0.0,41940,"San Jose-Sunnyvale-Santa Clara, CA",06085511501,Santa Clara County,0.451244813278008,0.103996652019251,0.016993957703927
118971,Angel Camp Ct,0.0,40900,"Sacramento-Roseville-Folsom, CA",06017030601,El Dorado County,0.145563684111799,0.116375258507238,0.036164844407065
118985,Brierly Ct -outside,0.0,41860,"San Francisco-Oakland-Fremont, CA",06001430400,Alameda County,0.534106728538283,0.048259860788863,0.049180327868852
118989,Central,0.0,40900,"Sacramento-Roseville-Folsom, CA",06067008211,Sacramento County,0.296129274708756,0.165407854984894,0.058734939759036
118991,At Street,0.0,41860,"San Francisco-Oakland-Fremont, CA",06013378000,Contra Costa County,0.344481605351171,0.104450733213275,0.044611133043822
118997,Espana Ct Outside,0.0,41940,"San Jose-Sunnyvale-Santa Clara, CA",06085512308,Santa Clara County,0.44468085106383,0.062588904694168,0.039196940726577
119009,Copper Peak,0.0,41940,"San Jose-Sunnyvale-Santa Clara, CA",06085511917,Santa Clara County,0.613744075829384,0.044312796208531,0.041303350160624
119017,Lotus Riverstay,0.0,40900,"Sacramento-Roseville-Folsom, CA",06017030606,El Dorado County,0.158777573529412,0.324888576120103,0.044035674470457
119085,Ridge,0.0,41940,"San Jose-Sunnyvale-Santa Clara, CA",06085511707,Santa Clara County,0.488349514563107,0.090363454484828,0.00752508361204
119097,Stoneridge Neighborhood,0.6,40900,"Sacramento-Roseville-Folsom, CA",06017030706,El Dorado County,0.258218451749735,0.092770655270655,0.018107908351811
119177,"435 Crestwood Drive, Arcata",0.0,21700,"Eureka-Arcata, CA",06023000900,Humboldt County,0.150974025974026,0.338531278331822,0.073214285714286
119179,"r""",0.0,41860,"San Francisco-Oakland-Fremont, CA",06081614000,San Mateo County,0.735865122615804,0.058556196469149,0.017307128190085
119187,Hub Holly,0.0,42220,"Santa Rosa-Petaluma, CA",06097150901,Sonoma County,0.361988304093567,0.282846003898635,0.018277680140598
119197,Manzana-ish,0.0,42220,"Santa Rosa-Petaluma, CA",06097153601,Sonoma County,0.232558139534884,0.120331950207469,0.008273009307135
119225,Lake Wrenwood,1.7,23420,"Fresno, CA",06019005912,Fresno County,0.558869701726845,0.226534801268893,0.045892235197705
119455,Claremont Ave and Olive Ave,0.0,41860,"San Francisco-Oakland-Fremont, CA",06013362000,Contra Costa County,0.450918079096045,0.140431552882915,0.043911007025761
119459,Koch and Almaden Expy,0.0,41940,"San Jose-Sunnyvale-Santa Clara, CA",06085503002,Santa Clara County,0.519664394336654,0.059015501767745,0.021231422505308
119461,Lakewood Hills,0.1,42220,"Santa Rosa-Petaluma, CA",06097153806,Sonoma County,0.324769938650307,0.220358814352574,0.045241809672387
119485,Allendale Sunspot,0.0,41860,"San Francisco-Oakland-Fremont, CA",06001407000,Alameda County,0.816994517897453,0.32250656167979,0.035966602440591
119495,Westgate Dr.,0.0,41860,"San Francisco-Oakland-Fremont, CA",06041107000,Marin County,0.226712977581307,0.064577397910731,0.024404941247364
119499,Grand and Belle Ave,0.0,41860,"San Francisco-Oakland-Fremont, CA",06041110100,Marin County,0.270559354725583,0.128415300546448,0.069163163928162
119503,Chilibar,0.0,40900,"Sacramento-Roseville-Folsom, CA",06017030605,El Dorado County,0.108091414453366,0.410747374922792,0.023809523809524
119511,Birch Creek,0.0,13860,"Bishop, CA",06027000500,Inyo County,0.366018261214768,0.251010509296686,0.043676069153776
119513,Cascade-outside,0.0,41860,"San Francisco-Oakland-Fremont, CA",06041114100,Marin County,0.184257602862254,0.181872509960159,0.111254019292605
119519,Markus Burkhart Construction inc,0.0,40900,"Sacramento-Roseville-Folsom, CA",06061022014,Placer County,0.087825560266505,0.232586311326469,0.061835748792271
119529,Grist Vineyards,0.0,42220,"Santa Rosa-Petaluma, CA",06097154000,Sonoma County,0.278116826503923,0.095092024539877,0.039028620988725
119591,5th Street by Spafford,0.0,40900,"Sacramento-Roseville-Folsom, CA",06113010610,Yolo County,0.542297196725378,0.46025,0.073250135648399
119601,Warner Ave,5.2,31080,"Los Angeles-Long Beach-Anaheim, CA",06037265702,Los Angeles County,0.143668559973271,0.232542599398597,0.125307125307125
119607,Piedmont Hills,0.0,41860,"San Francisco-Oakland-Fremont, CA",06001404501,Alameda County,0.342307692307692,0.042307692307692,0.01039501039501
119615,Hawks Beard,0.0,42220,"Santa Rosa-Petaluma, CA",06097150303,Sonoma County,0.233772693359861,0.07525,0.067360685854256
119627,Mozart,0.0,41940,"San Jose-Sunnyvale-Santa Clara, CA",06085507203,Santa Clara County,0.443295739348371,0.108551593562638,0.025139664804469
119631,Gibraltar's House,0.0,41860,"San Francisco-Oakland-Fremont, CA",06013321102,Contra Costa County,0.33637697700962,0.088201224557339,0.070609535304768
119633,Del Sur - The Loys,5.4,41740,"San Diego-Chula Vista-Carlsbad, CA",06073017065,San Diego County,0.514788088220348,0.078869803841854,0.05789224952741
119641,SAN MATEO PARK,0.0,41860,"San Francisco-Oakland-Fremont, CA",06081605800,San Mateo County,0.219243481454278,0.095482923246419,0.069254185692542
119667,Del Mar Terrace,1.2,41740,"San Diego-Chula Vista-Carlsbad, CA",06073008324,San Diego County,0.242029636281994,0.074539739559946,0.049985123475156
119669,Oakley St.,0.0,12540,"Bakersfield-Delano, CA",06029003212,Kern County,0.639315134873203,0.035079211121888,0.010339256865913
119673,Garnet,1.5,31080,"Los Angeles-Long Beach-Anaheim, CA",06059063006,Orange County,0.043904518329071,0.122762148337596,0.105436573311367
119679,Center,0.0,41860,"San Francisco-Oakland-Fremont, CA",06041103200,Marin County,0.34088775647043,0.242888402625821,0.130619684082625
119693,Ken,0.0,41860,"San Francisco-Oakland-Fremont, CA",06081606900,San Mateo County,0.46442617089739,0.070432868672047,0.050102951269732
119699,Halidon Way,0.1,40900,"Sacramento-Roseville-Folsom, CA",06067008508,Sacramento County,0.552800342026507,0.110046301281361,0.052925366962994
119701,ABC,0.0,34900,"Napa, CA",06055200501,Napa County,0.595432011331445,0.308584686774942,0.05366847826087
119715,Lincoln Hill Northside,0.0,41860,"San Francisco-Oakland-Fremont, CA",06041109001,Marin County,0.438664596273292,0.174603174603175,0.041237113402062
119719,Wondolowski,3.1,42200,"Santa Maria-Santa Barbara, CA",06083001601,Santa Barbara County,0.543809201623816,0.228650137741047,0.025934658134052
119721,Gillette Drive,0.0,41940,"San Jose-Sunnyvale-Santa Clara, CA",06085511800,Santa Clara County,0.180475980608197,0.072185430463576,0.053788771103259
119723,Home,0.0,41860,"San Francisco-Oakland-Fremont, CA",06081608501,San Mateo County,0.6421875,0.076050830889541,0.030142431268632
119783,Canterbury1,0.0,42220,"Santa Rosa-Petaluma, CA",06097151506,Sonoma County,0.219356796116505,0.24560072815534,0.089556428972487
119785,Near bay,0.0,41860,"San Francisco-Oakland-Fremont, CA",06013378000,Contra Costa County,0.344481605351171,0.104450733213275,0.044611133043822
119817,Arden Arcade,0.0,40900,"Sacramento-Roseville-Folsom, CA",06067005803,Sacramento County,0.277806925498426,0.094963273871983,0.019988242210464
119819,Outrigger 2,0.0,40900,"Sacramento-Roseville-Folsom, CA",06017030701,El Dorado County,0.219893362750506,0.071520500091929,0.028706252457727
119825,McKinnon Block,0.0,41860,"San Francisco-Oakland-Fremont, CA",06075061200,San Francisco County,0.900898652021967,0.310517112165876,0.011547344110855
119827,Loma Mar,0.0,41860,"San Francisco-Oakland-Fremont, CA",06081613800,San Mateo County,0.324557086614173,0.204338180921863,0.010752688172043
119931,Tracy Court,0.0,41860,"San Francisco-Oakland-Fremont, CA",06013346102,Contra Costa County,0.26704966641957,0.073611628773761,0.00110987791343
119935,Curtner &amp; Booksin,0.0,41940,"San Jose-Sunnyvale-Santa Clara, CA",06085502903,Santa Clara County,0.4146110056926,0.06831119544592,0.061829878484632
119945,MarshCreek,0.0,41860,"San Francisco-Oakland-Fremont, CA",06013355107,Contra Costa County,0.668628500089174,0.203498750446269,0.036021676761237
119949,Reverie Retreat,4.4,40900,"Sacramento-Roseville-Folsom, CA",06017030603,El Dorado County,0.183106267029973,0.227608874281019,0.02315661182206
119967,1265 Parkwood Dr,0.0,41860,"San Francisco-Oakland-Fremont, CA",06041104102,Marin County,0.612627986348123,0.367652635570724,0.041440743609605
120001,Granada house,0.0,41860,"San Francisco-Oakland-Fremont, CA",06041121200,Marin County,0.270620204603581,0.081226828446242,0.027034718269778
120003,Windtree Court Outside,0.0,41860,"San Francisco-Oakland-Fremont, CA",06013341000,Contra Costa County,0.36827731092437,0.087341772151899,0.047470817120623
120179,Comstock Estates,0.0,41940,"San Jose-Sunnyvale-Santa Clara, CA",06069000100,San Benito County,0.625181686046512,0.281795058139535,0.096774193548387
120181,Santa Maria Drive,0.0,41860,"San Francisco-Oakland-Fremont, CA",06013337300,Contra Costa County,0.354020687354021,0.125674763832659,0.073648648648649
120183,Curtis Park NSA-HUB,0.0,40900,"Sacramento-Roseville-Folsom, CA",06067002600,Sacramento County,0.295227097767513,0.166666666666667,0.009079118028534
120185,Timber Cove,0.0,42220,"Santa Rosa-Petaluma, CA",06097154307,Sonoma County,0.217113665389527,0.309067688378033,0.02112676056338
120201,Iron Horse Farmstead,0.0,46020,"Truckee-Grass Valley, CA",06057000300,Nevada County,0.169685767097967,0.210526315789474,0.0282874617737
120203,Aggie Village,0.0,40900,"Sacramento-Roseville-Folsom, CA",06113010501,Yolo County,0.699313714086309,0.804776992444553,0.111937035417578
120205,Wild View,0.0,42220,"Santa Rosa-Petaluma, CA",06097152601,Sonoma County,0.264204545454545,0.045270574126818,0.124483775811209
120207,Ponderosa Heights,0.0,41860,"San Francisco-Oakland-Fremont, CA",06001443200,Alameda County,0.857103295486015,0.052617003600111,0.061872909698997
120211,Taft College Gym,3323.0,12540,"Bakersfield-Delano, CA",06029003500,Kern County,0.376283441793203,0.409899229401304,0.049432442328817
120297,Anza Vista Baker St Inside,0.0,41860,"San Francisco-Oakland-Fremont, CA",06075015702,San Francisco County,0.434463794683776,0.069461444308446,0.012398460880718
120313,1943 Redwood Dr,0.0,42100,"Santa Cruz-Watsonville, CA",06087122002,Santa Cruz County,0.154487821154488,0.085398526456798,0.071785268414482
120333,LOWER SURREY DRIVE,0.7,41740,"San Diego-Chula Vista-Carlsbad, CA",06073013412,San Diego County,0.759458929621643,0.095882235926,0.096424266773805
120343,15th and Vine,0.0,42020,"San Luis Obispo-Paso Robles, CA",06079010103,San Luis Obispo County,0.433290155440414,0.476082004555809,0.094297007340486
120345,Grimace,0.0,40900,"Sacramento-Roseville-Folsom, CA",06061020710,Placer County,0.215236534917059,0.129720853858785,0.019067796610169
120355,TurulKeble,2.1,42100,"Santa Cruz-Watsonville, CA",06087120800,Santa Cruz County,0.273672242975475,0.089773100953634,0.014736120630569
120357,Alviso,0.0,41940,"San Jose-Sunnyvale-Santa Clara, CA",06085504602,Santa Clara County,0.872916666666667,0.174479166666667,0.049261083743842
120367,Coldwater,0.0,46020,"Truckee-Grass Valley, CA",06057001205,Nevada County,0.095181907571288,0.148140861695849,0.073706591070163
120375,Cadwallader,0.0,41940,"San Jose-Sunnyvale-Santa Clara, CA",06085503327,Santa Clara County,0.897832817337461,0.150786516853933,0.035559827006247
120379,Mountain View,3.9,42200,"Santa Maria-Santa Barbara, CA",06083002907,Santa Barbara County,0.264917058677891,0.065260545905707,0.026769779892921
120417,DPD,0.0,40900,"Sacramento-Roseville-Folsom, CA",06061021801,Placer County,0.117094017094017,0.13034188034188,0.016493873704053
120423,T&amp;M Yard,0.1,17020,"Chico, CA",06007000404,Butte County,0.144700713893465,0.085991678224688,0.022090517241379
120427,Mural House,0.0,41860,"San Francisco-Oakland-Fremont, CA",06001402200,Alameda County,0.680359435173299,0.329874621703415,0.079334612923864
120443,Fairchild Village,0.0,40900,"Sacramento-Roseville-Folsom, CA",06017030709,El Dorado County,0.225893200153669,0.03937764118325,0.024968789013733
120447,NAM,0.0,41860,"San Francisco-Oakland-Fremont, CA",06075016700,San Francisco County,0.277809361379572,0.099638714584522,0.033393501805054
120451,Outside,0.0,41860,"San Francisco-Oakland-Fremont, CA",06013384000,Contra Costa County,0.406952430737062,0.09009718938797,0.057862190812721
120463,Preserve on Laurel Creek,0.0,41860,"San Francisco-Oakland-Fremont, CA",06001450601,Alameda County,0.526732133115112,0.029740791268759,0.056836461126005
120469,CMU-SV-PupleAirSensor-4,0.0,41940,"San Jose-Sunnyvale-Santa Clara, CA",06085504700,Santa Clara County,0.557721139430285,0.062300319488818,0.0
120485,Mimi's Farm,0.0,40900,"Sacramento-Roseville-Folsom, CA",06061021801,Placer County,0.117094017094017,0.13034188034188,0.016493873704053
120489,MVE,0.0,40900,"Sacramento-Roseville-Folsom, CA",06061020200,Placer County,0.18279054916986,0.26886189258312,0.049872588278122
120501,OFP,0.0,41940,"San Jose-Sunnyvale-Santa Clara, CA",06085512402,Santa Clara County,0.556233320625238,0.268966831871902,0.133001422475107
120503,C &amp; M Automotive,0.0,17020,"Chico, CA",06007000201,Butte County,0.231159420289855,0.268357487922705,0.096745027124774
120521,CMU-SV-PupleAirSensor-5,0.7,41940,"San Jose-Sunnyvale-Santa Clara, CA",06085504700,Santa Clara County,0.557721139430285,0.062300319488818,0.0
120539,Kingvale - West,0.0,46020,"Truckee-Grass Valley, CA",06057000900,Nevada County,0.179814077025232,0.327609337268581,0.021739130434783
120547,SE Slope Barnabe - Wolf Lair,0.0,41860,"San Francisco-Oakland-Fremont, CA",06041113000,Marin County,0.191860465116279,0.154804763223484,0.038292253521127
120565,Meda,8.9,41860,"San Francisco-Oakland-Fremont, CA",06041125000,Marin County,0.319585355094839,0.134463539247562,0.0497114957834
120567,Maple Canyon,4.9,41740,"San Diego-Chula Vista-Carlsbad, CA",06073006000,San Diego County,0.288494283629287,0.225593344751652,0.027881814398668
120643,Kidd Creek,3326.0,42220,"Santa Rosa-Petaluma, CA",06097154304,Sonoma County,0.216915422885572,0.269938650306748,0.014840182648402
120645,Comanche Court,0.0,41860,"San Francisco-Oakland-Fremont, CA",06013338302,Contra Costa County,0.417558498095411,0.042304886943837,0.061057862974796
120661,Catal,12.6,31080,"Los Angeles-Long Beach-Anaheim, CA",06037463500,Los Angeles County,0.525812304139865,0.245038317940656,0.081451612903226
120669,NoomsOutside,0.0,41860,"San Francisco-Oakland-Fremont, CA",06001428302,Alameda County,0.557106237539163,0.050350450579316,0.04793944491169
120671,"Carlyle Terrace, Lafayette",0.0,41860,"San Francisco-Oakland-Fremont, CA",06013351200,Contra Costa County,0.191674208144796,0.049434512951478,0.037588388537402
120703,PittsburgOldTown,0.0,41860,"San Francisco-Oakland-Fremont, CA",06013309000,Contra Costa County,0.716666666666667,0.263699582753825,0.079701834862385
120709,Cottage Gardens of Petaluma,0.0,42220,"Santa Rosa-Petaluma, CA",06097151000,Sonoma County,0.288100208768267,0.293026040107752,0.05223478729133
120721,Fall River Mills,0.0,39820,"Redding, CA",06089012702,Shasta County,0.253768844221106,0.320851688693098,0.09872029250457
120727,MB House,1.0,42020,"San Luis Obispo-Paso Robles, CA",06079010505,San Luis Obispo County,0.376761576071326,0.168536094334196,0.039859320046893
120733,Lost Woods,0.0,40900,"Sacramento-Roseville-Folsom, CA",06061020601,Placer County,0.171604938271605,0.031995586815612,0.029507229271171
120743,Whitehaven Dr.,0.0,41860,"San Francisco-Oakland-Fremont, CA",06013355302,Contra Costa County,0.360451650260568,0.065720903300521,0.022606382978723
120747,Mohrhardt Ranch,3.5,42220,"Santa Rosa-Petaluma, CA",06097154304,Sonoma County,0.216915422885572,0.269938650306748,0.014840182648402
120769,Donner,0.0,40900,"Sacramento-Roseville-Folsom, CA",06067002500,Sacramento County,0.244026436197255,0.053708439897698,0.051258154706431
120775,Crandano,0.0,41940,"San Jose-Sunnyvale-Santa Clara, CA",06085508401,Santa Clara County,0.678045763760049,0.058110472381905,0.085919928025191
120779,22nd &amp; Vicksburgh,0.0,41860,"San Francisco-Oakland-Fremont, CA",06075021100,San Francisco County,0.297549886334933,0.070472341500379,0.028099754127151
120783,"Moyers Street, Castro Valley CA",0.0,41860,"San Francisco-Oakland-Fremont, CA",06001431100,Alameda County,0.742559067198527,0.220479704797048,0.006535947712418
120801,"135 Calera Canyon Rd, Corral de Tierra",0.0,41500,"Salinas, CA",06053010702,Monterey County,0.193836405529954,0.096486175115207,0.044551798174987
120831,Carina,0.0,41500,"Salinas, CA",06053013200,Monterey County,0.203802281368821,0.077922077922078,0.150525733259546
120835,MalAeolus,0.0,41940,"San Jose-Sunnyvale-Santa Clara, CA",06085511800,Santa Clara County,0.180475980608197,0.072185430463576,0.053788771103259
120853,highlands,0.0,41940,"San Jose-Sunnyvale-Santa Clara, CA",06085510100,Santa Clara County,0.495622895622896,0.10976430976431,0.029757243539546
120863,Winding way outdoor,0.0,40900,"Sacramento-Roseville-Folsom, CA",06061021801,Placer County,0.117094017094017,0.13034188034188,0.016493873704053
120869,Highland Drive,0.0,46020,"Truckee-Grass Valley, CA",06057000702,Nevada County,0.183071342200726,0.213836477987421,0.076413959085439
120897,K6GSJ Mt. Umunhum,0.0,41940,"San Jose-Sunnyvale-Santa Clara, CA",06085511800,Santa Clara County,0.180475980608197,0.072185430463576,0.053788771103259
120931,Paradise Park,0.0,42100,"Santa Cruz-Watsonville, CA",06087100300,Santa Cruz County,0.318631381983427,0.243711117121991,0.060666335156638
120933,Licorice Rock,0.0,46380,"Ukiah, CA",06045010700,Mendocino County,0.306113843991567,0.333285998295939,0.103274559193955
120943,BelAir Estates,0.0,39820,"Redding, CA",06089010702,Shasta County,0.239253582139287,0.316661034133153,0.018531228551819
120953,Dawn Falls Trailhead,0.0,41860,"San Francisco-Oakland-Fremont, CA",06041120002,Marin County,0.226359832635983,0.088075313807531,0.094887525562372
120955,Squaw Valley,0.0,23420,"Fresno, CA",06019006411,Fresno County,0.136375488917862,0.229465449804433,0.041244083840433
120967,Lower Valencia Rd,0.0,42100,"Santa Cruz-Watsonville, CA",06087122002,Santa Cruz County,0.154487821154488,0.085398526456798,0.071785268414482
120997,Palm Ave,0.0,44700,"Stockton-Lodi, CA",06077005001,San Joaquin County,0.286983204134367,0.137213114754098,0.028295819935691
121023,Purcell Pl,0.0,41940,"San Jose-Sunnyvale-Santa Clara, CA",06085504316,Santa Clara County,0.934011090573013,0.113522537562604,0.043395022335673
121025,Riversbend,0.0,42220,"Santa Rosa-Petaluma, CA",06097153904,Sonoma County,0.27027027027027,0.185247747747748,0.027303754266212
121029,AJJ School / Garberville Rotary,0.0,21700,"Eureka-Arcata, CA",06023011600,Humboldt County,0.194366197183099,0.558145491803279,0.015634395670475
121031,Twain Hole,0.0,43760,"Sonora, CA",06109003101,Tuolumne County,0.213449023861171,0.218655097613883,0.023622047244094
121035,KC  outside,0.0,34900,"Napa, CA",06055201900,Napa County,0.447682119205298,0.217218543046358,0.046486486486486
121039,South Fork School/Garberville Rotary,1.7,21700,"Eureka-Arcata, CA",06023011600,Humboldt County,0.194366197183099,0.558145491803279,0.015634395670475
121057,San Mateo - Mordor,0.0,41860,"San Francisco-Oakland-Fremont, CA",06081607400,San Mateo County,0.513857053552824,0.211849957374254,0.108954715696289
121061,6th St East,0.0,42220,"Santa Rosa-Petaluma, CA",06097150204,Sonoma County,0.160609299839658,0.168180567024498,0.028346456692913
121067,Alma Ct,0.0,41940,"San Jose-Sunnyvale-Santa Clara, CA",06085510500,Santa Clara County,0.478542160879879,0.064181737979709,0.027777777777778
121071,Bolsa Chica Wetlands,1.8,31080,"Los Angeles-Long Beach-Anaheim, CA",06059099415,Orange County,0.230513406776138,0.057784244439825,0.056718690521507
121077,Kuns Park West,7.2,31080,"Los Angeles-Long Beach-Anaheim, CA",06037408900,Los Angeles County,0.561791967044284,0.159714980882864,0.046052631578947
121081,Central,0.0,21700,"Eureka-Arcata, CA",06023000300,Humboldt County,0.347073371805441,0.373454245671888,0.066520787746171
121105,ca-street,0.0,41860,"San Francisco-Oakland-Fremont, CA",06001423000,Alameda County,0.427346669597714,0.169200264375413,0.041209704220671
121113,Country Club Heights,0.0,40900,"Sacramento-Roseville-Folsom, CA",06017030507,El Dorado County,0.238326258338387,0.115221346270467,0.0
121119,Chickadee,25.7,46020,"Truckee-Grass Valley, CA",06057000401,Nevada County,0.193755739210285,0.199265381083563,0.038920601971977
121121,Rogers St,0.0,41940,"San Jose-Sunnyvale-Santa Clara, CA",06085507003,Santa Clara County,0.278139232270657,0.102101116217991,0.0
121135,"Greenwood Rd, Greenwood",0.0,40900,"Sacramento-Roseville-Folsom, CA",06017030606,El Dorado County,0.158777573529412,0.324888576120103,0.044035674470457
121137,SoHum Health/Garberville Rotary,0.0,21700,"Eureka-Arcata, CA",06023011600,Humboldt County,0.194366197183099,0.558145491803279,0.015634395670475
121145,TLC,0.0,21700,"Eureka-Arcata, CA",06023001102,Humboldt County,0.42477104230266,0.538848763405559,0.08030403172505
121153,Casterlin School/Garberville Rotary,0.0,21700,"Eureka-Arcata, CA",06023011600,Humboldt County,0.194366197183099,0.558145491803279,0.015634395670475
121155,Uplands Drive,0.0,43760,"Sonora, CA",06109004101,Tuolumne County,0.178607467204844,0.170871173898419,0.055797101449275
121179,342 N 20TH ST,0.0,41940,"San Jose-Sunnyvale-Santa Clara, CA",06085501200,Santa Clara County,0.664902186421174,0.335198135198135,0.023297491039427
121203,Glen-Currey,0.0,41860,"San Francisco-Oakland-Fremont, CA",06041130204,Marin County,0.128267973856209,0.071486928104575,0.053547523427041
121205,Sniffer1,0.0,42220,"Santa Rosa-Petaluma, CA",06097151503,Sonoma County,0.191469194312796,0.11563981042654,0.0261748958953
121213,Walden Center &amp; School,0.0,41860,"San Francisco-Oakland-Fremont, CA",06001423000,Alameda County,0.427346669597714,0.169200264375413,0.041209704220671
121221,StaBaFlo,0.0,41860,"San Francisco-Oakland-Fremont, CA",06001421200,Alameda County,0.304751194827102,0.0152241330702,0.045996592844974
121235,Front balcony,0.0,41860,"San Francisco-Oakland-Fremont, CA",06001421400,Alameda County,0.224664224664225,0.173513182096873,0.0
121237,Dogshouse,0.0,41940,"San Jose-Sunnyvale-Santa Clara, CA",06085511501,Santa Clara County,0.451244813278008,0.103996652019251,0.016993957703927
121239,Outdoor 2,0.0,41940,"San Jose-Sunnyvale-Santa Clara, CA",06085510002,Santa Clara County,0.52760736196319,0.020858895705521,0.020327218641547
121251,Hacienda Heights,6.7,31080,"Los Angeles-Long Beach-Anaheim, CA",06037408625,Los Angeles County,0.857893354347255,0.153664302600473,0.014590932777488
121295,The Carlyle,0.0,41940,"San Jose-Sunnyvale-Santa Clara, CA",06085505011,Santa Clara County,0.738666666666667,0.101948717948718,0.046854942233633
121313,Wikiup - Eureka Ave.,0.0,42220,"Santa Rosa-Petaluma, CA",06097152701,Sonoma County,0.409847276042854,0.184180004639295,0.022316684378321
121325,Truckee Condo,0.0,46020,"Truckee-Grass Valley, CA",06057001209,Nevada County,0.253861652115514,0.06178643384822,0.032745591939547
121327,3884 Sage Hill,0.0,42220,"Santa Rosa-Petaluma, CA",06097152401,Sonoma County,0.264885669006113,0.06615139804501,0.007596067917784
121357,B Lovejoy,0.0,46020,"Truckee-Grass Valley, CA",06057000106,Nevada County,0.083375188347564,0.222501255650427,0.127927927927928
121363,ELHSunset,0.0,41860,"San Francisco-Oakland-Fremont, CA",06081609700,San Mateo County,0.268241689316329,0.041204768876804,0.024006296733569
121389,North Starbucks,0.0,12540,"Bakersfield-Delano, CA",06029005406,Kern County,0.215068127170719,0.140718562874251,0.061151079136691
121393,Luftqualitätssensor,0.0,40900,"Sacramento-Roseville-Folsom, CA",06113010607,Yolo County,0.420077972709552,0.160087719298246,0.051788574479445
121439,Poway house,12.9,41740,"San Diego-Chula Vista-Carlsbad, CA",06073017040,San Diego County,0.532989228007181,0.147890484739677,0.091663029244871
121449,Beal Fire Road,0.0,23420,"Fresno, CA",06019006405,Fresno County,0.246339202965709,0.133642261353105,0.028301886792453
121451,Sandy Sea Turtle Landing West - Outside,0.0,41940,"San Jose-Sunnyvale-Santa Clara, CA",06085502902,Santa Clara County,0.393336974330967,0.049868766404199,0.033685469404026
121453,Oyster Bay-Astoria,0.0,40900,"Sacramento-Roseville-Folsom, CA",06113010508,Yolo County,0.34259626836046,0.175069472012703,0.026372059871703
121455,Ponderosa Ranchos,0.0,40900,"Sacramento-Roseville-Folsom, CA",06061022011,Placer County,0.171576227390181,0.070020746887967,0.024007386888273
121493,Jeff Air,0.0,41860,"San Francisco-Oakland-Fremont, CA",06075030600,San Francisco County,0.504684838160136,0.042163543441227,0.036749116607774
121499,RydersAir,0.0,21700,"Eureka-Arcata, CA",06023010502,Humboldt County,0.286080117066033,0.204295154185022,0.05546875
121515,Holly St,1.8,41860,"San Francisco-Oakland-Fremont, CA",06001421800,Alameda County,0.299115044247788,0.09781152300134,0.028787878787879
121527,1145 Hoe Road,0.0,46380,"Ukiah, CA",06045010900,Mendocino County,0.430675287356322,0.333875338753388,0.127584861490441
121601,Upper Dolly Varden,2.4,40900,"Sacramento-Roseville-Folsom, CA",06061020107,Placer County,0.554969574036511,0.460851926977688,0.0
121603,Roseland Library - Outside,0.8,42220,"Santa Rosa-Petaluma, CA",06097153104,Sonoma County,0.752314814814815,0.449420849420849,0.038060715903942
121645,Cassidy Preschool,3.7,31080,"Los Angeles-Long Beach-Anaheim, CA",06037701602,Los Angeles County,0.502817511920243,0.284496297958268,0.081270779460658
121653,UPacific Garden,3137.8,44700,"Stockton-Lodi, CA",06077001200,San Joaquin County,0.46730571722013,0.148821218074656,0.054653465346535
121663,Kalkar Quarry,0.0,42100,"Santa Cruz-Watsonville, CA",06087100300,Santa Cruz County,0.318631381983427,0.243711117121991,0.060666335156638
121671,VIP,0.0,41860,"San Francisco-Oakland-Fremont, CA",06081600401,San Mateo County,0.88346552776083,0.153447223917023,0.038229376257545
121691,Out of the Way,0.0,40900,"Sacramento-Roseville-Folsom, CA",06061021802,Placer County,0.239679419325571,0.234789391575663,0.029834254143646
121707,KCACLARE55,6.2,31080,"Los Angeles-Long Beach-Anaheim, CA",06037400206,Los Angeles County,0.468214100121254,0.057905686546463,0.074241446094254
121779,Ellington VIlla West Aspect,7.2,31080,"Los Angeles-Long Beach-Anaheim, CA",06037460101,Los Angeles County,0.352587244283995,0.09042461750043,0.066482843137255
121785,LakeShore,0.0,41860,"San Francisco-Oakland-Fremont, CA",06013380001,Contra Costa County,0.587016574585635,0.092886740331492,0.040816326530612
121789,Del Mar - 9th,1.1,41740,"San Diego-Chula Vista-Carlsbad, CA",06073017202,San Diego County,0.172832369942197,0.059405940594059,0.04093567251462
121807,Three Goats,0.0,41860,"San Francisco-Oakland-Fremont, CA",06041102203,Marin County,0.456616842872767,0.296573095151294,0.072607260726073
121847,Dark Woods,0.0,46380,"Ukiah, CA",06045011003,Mendocino County,0.19537037037037,0.379962192816635,0.152288732394366
121859,Deadmoose,0.0,41860,"San Francisco-Oakland-Fremont, CA",06001450604,Alameda County,0.469256959743641,0.043460845183257,0.013556618819777
121933,Summit Mt 660',3320.3,23420,"Fresno, CA",06019006405,Fresno County,0.246339202965709,0.133642261353105,0.028301886792453
121959,Starduster,0.1,46020,"Truckee-Grass Valley, CA",06057000404,Nevada County,0.07794981313401,0.363709246392304,0.005988023952096
121985,Westridge / Cervantes,0.0,41860,"San Francisco-Oakland-Fremont, CA",06081613200,San Mateo County,0.249306670559042,0.075949367088608,0.044481605351171
121995,Loc,1.8,40900,"Sacramento-Roseville-Folsom, CA",06113010201,Yolo County,0.523724792408066,0.265378900445765,0.039448669201521
121997,Citrus Palms,0.0,40900,"Sacramento-Roseville-Folsom, CA",06067004602,Sacramento County,0.755943218744655,0.644946126218574,0.095607235142119
121999,"Golden Way, Mountain View",0.0,41940,"San Jose-Sunnyvale-Santa Clara, CA",06085509901,Santa Clara County,0.319983818770227,0.02147872779843,0.047400611620795
122001,Summit,0.0,41860,"San Francisco-Oakland-Fremont, CA",06001400100,Alameda County,0.310186601407158,0.08435960591133,0.050347222222222
122013,kiddie kampus,0.0,41860,"San Francisco-Oakland-Fremont, CA",06001427600,Alameda County,0.714767932489451,0.248672754300276,0.084850691915513
122073,SJ Morrill,0.0,41940,"San Jose-Sunnyvale-Santa Clara, CA",06085504411,Santa Clara County,0.838840874428063,0.144201163188505,0.065807144775719
122079,Cresleigh Rocklin Trails,0.0,40900,"Sacramento-Roseville-Folsom, CA",06061021103,Placer County,0.416854623744105,0.267791032496915,0.074868322046652
122081,Amber Cabin,0.1,40900,"Sacramento-Roseville-Folsom, CA",06017031405,El Dorado County,0.135124298315958,0.184843624699278,0.068934646374217
122087,SF Central Richmond,0.1,41860,"San Francisco-Oakland-Fremont, CA",06075047701,San Francisco County,0.675536303630363,0.204414191419142,0.103637611530542
122127,Alfi:OUT,0.0,40900,"Sacramento-Roseville-Folsom, CA",06061020604,Placer County,0.245207534589098,0.125463118895251,0.036697247706422
122223,Daywalt,0.0,42220,"Santa Rosa-Petaluma, CA",06097153501,Sonoma County,0.259410430839002,0.193731546672723,0.036519386834986
122257,Point Arena High School2,1.7,46380,"Ukiah, CA",06045011102,Mendocino County,0.371659415786203,0.247407714641228,0.059682804674457
122275,Marker,0.0,41860,"San Francisco-Oakland-Fremont, CA",06001421500,Alameda County,0.18503937007874,0.11075,0.053935860058309
122541,Blackwood,0.6,41940,"San Jose-Sunnyvale-Santa Clara, CA",06085508006,Santa Clara County,0.795492289442467,0.044602609727165,0.024152345564329
122679,Skytown Preschool,0.0,41860,"San Francisco-Oakland-Fremont, CA",06013370000,Contra Costa County,0.509797297297297,0.040202702702703,0.026213050752928
122891,Chatham Court,0.0,41860,"San Francisco-Oakland-Fremont, CA",06081611100,San Mateo County,0.390600684718332,0.033317691224777,0.030008826125331
122949,Kent's yard,3.1,31080,"Los Angeles-Long Beach-Anaheim, CA",06037277000,Los Angeles County,0.421052631578947,0.197914915083235,0.046984338553815
123359,North Tenaya Park,1.1,23420,"Fresno, CA",06019004503,Fresno County,0.492818322981367,0.193741279649193,0.05823754789272
123369,Pocket_2a72,0.0,40900,"Sacramento-Roseville-Folsom, CA",06067004017,Sacramento County,0.731141199226306,0.244100580270793,0.051810237203496
123373,Pocket_6b99,0.0,40900,"Sacramento-Roseville-Folsom, CA",06067004017,Sacramento County,0.731141199226306,0.244100580270793,0.051810237203496
123387,Pocket_fbe5,0.0,40900,"Sacramento-Roseville-Folsom, CA",06067004017,Sacramento County,0.731141199226306,0.244100580270793,0.051810237203496
123391,Del Mar Trails Park,1.2,41740,"San Diego-Chula Vista-Carlsbad, CA",06073008331,San Diego County,0.355830521184852,0.082114735658043,0.052937378954164
123401,Pocket_f767,0.0,40900,"Sacramento-Roseville-Folsom, CA",06067004017,Sacramento County,0.731141199226306,0.244100580270793,0.051810237203496
123447,Kern County Fairgrounds,0.0,12540,"Bakersfield-Delano, CA",06029002600,Kern County,0.8915135608049,0.650341347580885,0.092579505300353
123451,Fire Station 5,0.0,12540,"Bakersfield-Delano, CA",06029003103,Kern County,0.873215984776403,0.632116788321168,0.101958525345622
123457,FCCmonitor,0.0,17020,"Chico, CA",06007001800,Butte County,0.231646471846044,0.327807083647325,0.048484848484848
123543,Whitegate,5.6,37100,"Oxnard-Thousand Oaks-Ventura, CA",06111005910,Ventura County,0.242771412984179,0.10038188761593,0.038422649140546
123589,Berteleda,0.0,18860,"Crescent City, CA",06015000202,Del Norte County,0.302554632194521,0.295770299475147,0.039800995024876
123599,Back Yard,0.0,41940,"San Jose-Sunnyvale-Santa Clara, CA",06085508503,Santa Clara County,0.809884095299421,0.08478721669656,0.017900732302685
123623,lincoln/newcastle,1.8,40900,"Sacramento-Roseville-Folsom, CA",06061021304,Placer County,0.197579976794298,0.147385892116183,0.023316912972085
123661,Rocky Bluff,0.0,17020,"Chico, CA",06007000901,Butte County,0.320438206093803,0.181282495667244,0.0328418230563
123799,Hazel Ave.,1.4,41940,"San Jose-Sunnyvale-Santa Clara, CA",06085506702,Santa Clara County,0.571650284531816,0.113295395757889,0.095350404312668
123811,Omaha Street,0.0,40900,"Sacramento-Roseville-Folsom, CA",06017030504,El Dorado County,0.200868621064061,0.121322193970214,0.046113306982872
123839,TFE - Circle K Ranch,0.0,40900,"Sacramento-Roseville-Folsom, CA",06067009900,Sacramento County,0.577098800685323,0.373500856653341,0.057092407298411
123985,Sand Ridge,0.0,40900,"Sacramento-Roseville-Folsom, CA",06017031408,El Dorado County,0.399787910922587,0.123011664899258,0.07843137254902
124099,"Maple/Perrin, Fresno, CA",0.0,23420,"Fresno, CA",06019005505,Fresno County,0.48132848645076,0.157198575546888,0.028976377952756
124135,Indian Trail Ct,23.0,37100,"Oxnard-Thousand Oaks-Ventura, CA",06111007402,Ventura County,0.206917661463116,0.10811227637261,0.022829581993569
124621,Jackson,0.8,13860,"Bishop, CA",06027000500,Inyo County,0.366018261214768,0.251010509296686,0.043676069153776
124627,Parc Du Nord,3.6,31080,"Los Angeles-Long Beach-Anaheim, CA",06037272301,Los Angeles County,0.445269016697588,0.146163601775523,0.05803800719055
124645,SYM1122P,2.2,42100,"Santa Cruz-Watsonville, CA",06087110202,Santa Cruz County,0.771003877638949,0.387772737092245,0.114410134600158
124657,OCC,0.0,40900,"Sacramento-Roseville-Folsom, CA",06067007802,Sacramento County,0.259407526020817,0.249481542928246,0.046191247974068
124665,Sonora,0.0,43760,"Sonora, CA",06109002201,Tuolumne County,0.153859649122807,0.265096511421994,0.067132867132867
124671,Chabot Canyon,0.0,41860,"San Francisco-Oakland-Fremont, CA",06001404300,Alameda County,0.248396989127405,0.060775020908837,0.041687849517031
124681,WCPA - Lamberson (2),0.0,12540,"Bakersfield-Delano, CA",06029004500,Kern County,0.938164893617021,0.610704787234043,0.082298136645963
124961,La Fayette PP / Marathon,5.9,31080,"Los Angeles-Long Beach-Anaheim, CA",06037195804,Los Angeles County,0.729323308270677,0.334784329244163,0.057313432835821
125009,753 De Soto Drive Palo Alto CA 94303,0.0,41940,"San Jose-Sunnyvale-Santa Clara, CA",06085511100,Santa Clara County,0.569909622541201,0.068757752968279,0.062275449101796
125021,Happy Feet,0.0,40900,"Sacramento-Roseville-Folsom, CA",06017030808,El Dorado County,0.261754726127,0.075294878009371,0.045855379188713
125031,Hollywood Dell,10.0,31080,"Los Angeles-Long Beach-Anaheim, CA",06037189600,Los Angeles County,0.311399945843488,0.206418275768289,0.060415122312824
125085,Armstrong Park,1.7,42200,"Santa Maria-Santa Barbara, CA",06083002937,Santa Barbara County,0.509375960651706,0.2134657151722,0.010015814443859
125087,Espirit Park Roof,0.0,41860,"San Francisco-Oakland-Fremont, CA",06075022600,San Francisco County,0.522473369706417,0.060460139111825,0.010315723663645
125105,Bridge Rd / Hillview Dr,0.2,31080,"Los Angeles-Long Beach-Anaheim, CA",06059062619,Orange County,0.207639836289222,0.128099173553719,0.062846580406654
125271,AMTS_CARB_0002,0.0,40900,"Sacramento-Roseville-Folsom, CA",06067002000,Sacramento County,0.528865979381443,0.255605381165919,0.062022090059473
125293,Redway,5.8,21700,"Eureka-Arcata, CA",06023011501,Humboldt County,0.101087941976428,0.342953342953343,0.0
125481,Brisbane,0.0,41860,"San Francisco-Oakland-Fremont, CA",06081600100,San Mateo County,0.618550724637681,0.120686293624488,0.092119089316988
125501,Central Mongolia,0.0,34900,"Napa, CA",06055200802,Napa County,0.501083926912357,0.252560819462228,0.027397260273973
125509,Villa Limonata,1.1,41740,"San Diego-Chula Vista-Carlsbad, CA",06073020304,San Diego County,0.451487013860853,0.073394495412844,0.027727390515678
125525,WBUR Presents Fresh Air,0.0,41860,"San Francisco-Oakland-Fremont, CA",06013334001,Contra Costa County,0.52550505050505,0.222419928825623,0.114776321735201
125707,SILTIP2,0.0,41940,"San Jose-Sunnyvale-Santa Clara, CA",06085508508,Santa Clara County,0.743489583333333,0.116800261737281,0.039473684210526
125719,3974 Canyon Road,0.0,41860,"San Francisco-Oakland-Fremont, CA",06013354002,Contra Costa County,0.236065101541121,0.101175787487299,0.051661730832511
125809,Dell St.,1.1,41740,"San Diego-Chula Vista-Carlsbad, CA",06073017303,San Diego County,0.357761107905366,0.250721292556261,0.015918958031838
125883,Ken Derek Ln,1.5,40900,"Sacramento-Roseville-Folsom, CA",06017030901,El Dorado County,0.204833141542002,0.134427173287277,0.048591938155715
125891,Kinneloa Canyon,10.9,31080,"Los Angeles-Long Beach-Anaheim, CA",06037460001,Los Angeles County,0.323774765380605,0.061343204653622,0.035714285714286
125897,Santa Fe Sur,1.0,41740,"San Diego-Chula Vista-Carlsbad, CA",06073017062,San Diego County,0.271026234567901,0.113811728395062,0.018425460636516
125911,Mount Vernon,0.0,41940,"San Jose-Sunnyvale-Santa Clara, CA",06085509403,Santa Clara County,0.686414708886619,0.360980592441267,0.004076513013484
125921,Laguna Niguel - Top of Hill (new sensor),1.7,31080,"Los Angeles-Long Beach-Anaheim, CA",06059042317,Orange County,0.302490009222256,0.087768440709617,0.012570710245129
125923,Laguna Niguel DM13DM,0.3,31080,"Los Angeles-Long Beach-Anaheim, CA",06059042329,Orange County,0.252288637587507,0.185385656292287,0.052843193566916
125927,Washoe Road,0.0,46020,"Truckee-Grass Valley, CA",06057001209,Nevada County,0.253861652115514,0.06178643384822,0.032745591939547
125929,Uncle Andy,0.0,42220,"Santa Rosa-Petaluma, CA",06097150607,Sonoma County,0.286497150372644,0.074749721913237,0.050683829444891
125941,PBaP,15.6,31080,"Los Angeles-Long Beach-Anaheim, CA",06037300100,Los Angeles County,0.49489944622559,0.080871599883007,0.072145545796738
125945,Santa Ynez sensor,0.0,40900,"Sacramento-Roseville-Folsom, CA",06067001500,Sacramento County,0.206819565658616,0.08375,0.009671179883946
125947,Millsmont,0.0,41860,"San Francisco-Oakland-Fremont, CA",06001408200,Alameda County,0.83180496533214,0.212291760468258,0.03324208056316
125965,East Morada,10.2,31080,"Los Angeles-Long Beach-Anaheim, CA",06037461200,Los Angeles County,0.414512686744131,0.090649536045682,0.035095928872251
126061,Worcester Park,0.2,41940,"San Jose-Sunnyvale-Santa Clara, CA",06085507002,Santa Clara County,0.217862371888726,0.140345736888368,0.049213943950786
126111,Harwalt North,0.0,41940,"San Jose-Sunnyvale-Santa Clara, CA",06085510001,Santa Clara County,0.418663092645334,0.048947458497347,0.033395176252319
126137,CDN,0.0,41860,"San Francisco-Oakland-Fremont, CA",06001427100,Alameda County,0.420180009474183,0.047560374568753,0.064186046511628
126153,Rancho Ponderosa,0.0,40900,"Sacramento-Roseville-Folsom, CA",06017030801,El Dorado County,0.257655755015839,0.06553911205074,0.042297650130548
126227,Across from Arroyo School,0.0,41860,"San Francisco-Oakland-Fremont, CA",06081609201,San Mateo County,0.314543404735062,0.042995444191344,0.018932038834951
126251,Terra Mia Mission Ranch outside,0.0,41940,"San Jose-Sunnyvale-Santa Clara, CA",06085512308,Santa Clara County,0.44468085106383,0.062588904694168,0.039196940726577
126297,Y01,0.0,41860,"San Francisco-Oakland-Fremont, CA",06081605000,San Mateo County,0.536246033683183,0.113901572805682,0.031727099236641
126315,AMTS_CARB_0003,0.0,40900,"Sacramento-Roseville-Folsom, CA",06067002000,Sacramento County,0.528865979381443,0.255605381165919,0.062022090059473
126329,Medina Ln,0.0,41940,"San Jose-Sunnyvale-Santa Clara, CA",06085507705,Santa Clara County,0.690127077223851,0.106240330067045,0.060622610595303
126331,East of West Valley College,0.0,41940,"San Jose-Sunnyvale-Santa Clara, CA",06085507301,Santa Clara County,0.567888563049853,0.078689982216953,0.046645367412141
126351,Echo,13.6,46020,"Truckee-Grass Valley, CA",06057000401,Nevada County,0.193755739210285,0.199265381083563,0.038920601971977
126355,Atherwood Ave,0.0,41860,"San Francisco-Oakland-Fremont, CA",06081611300,San Mateo County,0.458956732713304,0.098903330625508,0.089657738095238
126367,AMTS_CARB_0001,0.0,40900,"Sacramento-Roseville-Folsom, CA",06067002000,Sacramento County,0.528865979381443,0.255605381165919,0.062022090059473
126405,Wasuma Elementary,3287.9,23420,"Fresno, CA",06039000103,Madera County,0.195682258510933,0.317004504504505,0.067080045095829
126435,Morningside Addition,0.0,46700,"Vallejo, CA",06095251200,Solano County,0.795162278015922,0.291411042944785,0.053865336658354
126443,Petaluma Ave,0.0,42220,"Santa Rosa-Petaluma, CA",06097153403,Sonoma County,0.23475196530225,0.176882171844388,0.059428571428571
126469,Oneda Ct,0.0,41940,"San Jose-Sunnyvale-Santa Clara, CA",06085511800,Santa Clara County,0.180475980608197,0.072185430463576,0.053788771103259
126479,"Rodeo, CA",0.0,41860,"San Francisco-Oakland-Fremont, CA",06013358000,Contra Costa County,0.725550435227855,0.32957842635262,0.041845140032949
126485,Marne Circle,0.5,31080,"Los Angeles-Long Beach-Anaheim, CA",06059052506,Orange County,0.420816173717709,0.116394066184861,0.126760563380282
126497,Marin Bay Park 1,0.0,41860,"San Francisco-Oakland-Fremont, CA",06041110200,Marin County,0.134575175822087,0.065576886523475,0.023897058823529
126503,Three Springs Ranch,0.0,41940,"San Jose-Sunnyvale-Santa Clara, CA",06085503312,Santa Clara County,0.746610169491526,0.081212467829568,0.0630231413097
126591,Piedmont Recreation Department,2.6,41860,"San Francisco-Oakland-Fremont, CA",06001426200,Alameda County,0.319070150174861,0.073235959679078,0.065334997919268
126659,Bass Lake School District Office,0.0,23420,"Fresno, CA",06039000104,Madera County,0.174595011571098,0.204165595268707,0.06449864498645
126665,R'lyeh,0.0,41860,"San Francisco-Oakland-Fremont, CA",06001451104,Alameda County,0.459798994974874,0.114141838019303,0.033379694019471
127001,Anaheim Union High School District Office,3.5,31080,"Los Angeles-Long Beach-Anaheim, CA",06059087102,Orange County,0.867528271405493,0.411928896723961,0.081434214524461
127027,Lexington Junior High School,3.5,31080,"Los Angeles-Long Beach-Anaheim, CA",06059110117,Orange County,0.76211198143313,0.241369306643458,0.037552606021366
127107,Carr Drive,0.0,41860,"San Francisco-Oakland-Fremont, CA",06013352102,Contra Costa County,0.415268941584731,0.044434763668046,0.052482842147759
127123,Francemont and Moody,0.0,41940,"San Jose-Sunnyvale-Santa Clara, CA",06085511707,Santa Clara County,0.488349514563107,0.090363454484828,0.00752508361204
127133,basin creek,0.0,21700,"Eureka-Arcata, CA",06023011600,Humboldt County,0.194366197183099,0.558145491803279,0.015634395670475
127271,Pleasure Point,0.0,42100,"Santa Cruz-Watsonville, CA",06087121601,Santa Cruz County,0.295108259823577,0.162256081261695,0.0440097799511
127371,ThunderMountain SAFE,0.2,21700,"Eureka-Arcata, CA",06023010102,Humboldt County,0.272885789014821,0.305960264900662,0.053775743707094
127383,El Dorado Mushroom Company,0.7,40900,"Sacramento-Roseville-Folsom, CA",06017031503,El Dorado County,0.134803921568627,0.109330045211673,0.072742474916388
127393,SAFE-Orleans-ComputerCenter-Outdoor,0.0,21700,"Eureka-Arcata, CA",06023010102,Humboldt County,0.272885789014821,0.305960264900662,0.053775743707094
127465,Sandalwood,0.0,41860,"San Francisco-Oakland-Fremont, CA",06041108100,Marin County,0.216684077003432,0.116574503063817,0.082356076759062
127477,Columbia College - Manzanita Building Exterior,1.3,43760,"Sonora, CA",06109002101,Tuolumne County,0.15625980545968,0.35276776940714,0.098146877144818
127483,Stone Bridge School,0.0,34900,"Napa, CA",06055201402,Napa County,0.086542443064182,0.133250311332503,0.031551270815074
127583,Foster Park,4.5,37100,"Oxnard-Thousand Oaks-Ventura, CA",06111009500,Ventura County,0.26594700686948,0.316272965879265,0.057756883814641
127669,InnovationCenterPurple FLC - Outdoor,0.0,40900,"Sacramento-Roseville-Folsom, CA",06067008510,Sacramento County,0.429904686258936,0.054140127388535,0.043478260869565
127975,Lake Royal Apartments,0.0,41860,"San Francisco-Oakland-Fremont, CA",06001403401,Alameda County,0.575266838424733,0.345326409495549,0.063025210084034
128005,"San Carlos, CA",0.0,41860,"San Francisco-Oakland-Fremont, CA",06081609201,San Mateo County,0.314543404735062,0.042995444191344,0.018932038834951
128021,Cow Hollow,1.7,41860,"San Francisco-Oakland-Fremont, CA",06075012902,San Francisco County,0.255568934376881,0.038106945298095,0.010630220197418
128027,chad-01,4.8,42200,"Santa Maria-Santa Barbara, CA",06083001307,Santa Barbara County,0.422288261515602,0.167612787570959,0.046368715083799
128217,MG,0.0,42100,"Santa Cruz-Watsonville, CA",06087121100,Santa Cruz County,0.302690582959641,0.182701652089407,0.031539888682746
128225,ELAINE AVE,0.0,41860,"San Francisco-Oakland-Fremont, CA",06041127000,Marin County,0.140366172624237,0.095466434176112,0.0708316752885
128231,Granville Way,3.1,41860,"San Francisco-Oakland-Fremont, CA",06075030800,San Francisco County,0.424581005586592,0.076543629869025,0.016364177328176
128245,kiwin-o,6.4,31080,"Los Angeles-Long Beach-Anaheim, CA",06059052529,Orange County,0.834769230769231,0.073538461538462,0.022388059701493
128249,Creek Dr.,0.0,42100,"Santa Cruz-Watsonville, CA",06087120500,Santa Cruz County,0.231797397115723,0.114417286574566,0.069718731298624
128295,Lynwood Court,1.2,41860,"San Francisco-Oakland-Fremont, CA",06001430200,Alameda County,0.487877609231168,0.092279459955433,0.059214167127836
128323,Munselle Vineyards,0.0,42220,"Santa Rosa-Petaluma, CA",06097154100,Sonoma County,0.306160882432069,0.137772984631976,0.042950513538749
128595,MEC,0.0,43760,"Sonora, CA",06109002201,Tuolumne County,0.153859649122807,0.265096511421994,0.067132867132867
128619,Hband,0.0,44700,"Stockton-Lodi, CA",06077003210,San Joaquin County,0.677934621099554,0.375434530706837,0.081787521079258
128709,GIBSON ST. AND SHENANDOAH,4.6,31080,"Los Angeles-Long Beach-Anaheim, CA",06037269700,Los Angeles County,0.52188909525073,0.175955414012739,0.07383100902379
129359,Rosswood Dr-r2,0.0,41940,"San Jose-Sunnyvale-Santa Clara, CA",06085506802,Santa Clara County,0.545624468988955,0.104467234486355,0.028079132099553
129789,Gilmore Sensor,0.0,41940,"San Jose-Sunnyvale-Santa Clara, CA",06085509801,Santa Clara County,0.56071609525418,0.107245397736869,0.040453570334048
130239,City of Berkeley Corporation Yard,0.9,41860,"San Francisco-Oakland-Fremont, CA",06001423100,Alameda County,0.586900584795322,0.397964015151515,0.048466864490603
130365,EDCOE Green Valley,0.0,40900,"Sacramento-Roseville-Folsom, CA",06017030902,El Dorado County,0.19205298013245,0.138125852328073,0.050898203592814
131079,BRSKBV-outside,0.0,41860,"San Francisco-Oakland-Fremont, CA",06075020402,San Francisco County,0.362197169585032,0.12017270328616,0.046574417819777
131083,Bettencourt Home,0.2,42220,"Santa Rosa-Petaluma, CA",06097150204,Sonoma County,0.160609299839658,0.168180567024498,0.028346456692913
131091,Cupertino Dog Yard,1.0,41940,"San Jose-Sunnyvale-Santa Clara, CA",06085507806,Santa Clara County,0.877407469435605,0.115056104505108,0.046590141796084
131089,Maison du Vin et Fromage,0.0,41860,"San Francisco-Oakland-Fremont, CA",06075021200,San Francisco County,0.379356568364611,0.077930802821633,0.056692913385827
131097,Carmelita,0.1,41940,"San Jose-Sunnyvale-Santa Clara, CA",06085509902,Santa Clara County,0.54043048283886,0.107135797588456,0.03006589785832
131353,PURPLEAIR PA-II-SD CLX HSE,3293.1,20940,"El Centro, CA",06025012102,Imperial County,0.996206733048838,0.552157420578473,0.26681783824641
131587,Bear River Canyon,0.3,40900,"Sacramento-Roseville-Folsom, CA",06061022002,Placer County,0.232239614689946,0.186866394310788,0.046042257962788
131627,Blake-Nealon,0.0,41860,"San Francisco-Oakland-Fremont, CA",06081612600,San Mateo County,0.309011893870082,0.082518483186263,0.019191506737444
131687,PPA 2,13.4,31080,"Los Angeles-Long Beach-Anaheim, CA",06037503902,Los Angeles County,0.68734861188746,0.164365671641791,0.031566640685892
131685,PPA 3,12.0,31080,"Los Angeles-Long Beach-Anaheim, CA",06037503902,Los Angeles County,0.68734861188746,0.164365671641791,0.031566640685892
131819,Upper Dry Creek Rd,0.0,41500,"Salinas, CA",06053012800,Monterey County,0.21025641025641,0.101742919389978,0.028812056737589
131817,Corpus Christi School,0.0,41860,"San Francisco-Oakland-Fremont, CA",06001426100,Alameda County,0.319365079365079,0.023809523809524,0.037158829332456
131881,Hilgard Hall,2.7,41860,"San Francisco-Oakland-Fremont, CA",06001982100,Alameda County,0.717226435536295,0.375,0.045
132475,Lakeview Oaks,0.0,40900,"Sacramento-Roseville-Folsom, CA",06067008512,Sacramento County,0.411907654921021,0.047185095180235,0.042741624951868
132665,Mohrhardt,0.0,42220,"Santa Rosa-Petaluma, CA",06097154304,Sonoma County,0.216915422885572,0.269938650306748,0.014840182648402
132747,MWSRPINGS,0.0,42220,"Santa Rosa-Petaluma, CA",06097153807,Sonoma County,0.318448583822404,0.079101811686655,0.012433392539964
132769,George Peabody Elementary,0.0,41860,"San Francisco-Oakland-Fremont, CA",06075040200,San Francisco County,0.56387262079063,0.095900439238653,0.022526375819789
132779,Lycée Sausalito Campus,0.0,41860,"San Francisco-Oakland-Fremont, CA",06041130203,Marin County,0.220952380952381,0.13992359121299,0.131159969673995
132793,Lycee Francais de San Francisco,0.1,41860,"San Francisco-Oakland-Fremont, CA",06075032802,San Francisco County,0.729007633587786,0.144920993227991,0.028105906313646
132807,Lycee Francais de San Francisco,0.0,41860,"San Francisco-Oakland-Fremont, CA",06075017101,San Francisco County,0.305882352941176,0.057649667405765,0.021772345301757
132995,LOISOS+UBBELOHDE,0.0,41860,"San Francisco-Oakland-Fremont, CA",06001428700,Alameda County,0.77412367073651,0.358354961070074,0.07829869502175
132997,Truckee,1.8,46020,"Truckee-Grass Valley, CA",06057001210,Nevada County,0.066587395957194,0.073127229488704,0.0
133003,Sandberg Court,0.0,43760,"Sonora, CA",06109003101,Tuolumne County,0.213449023861171,0.218655097613883,0.023622047244094
133025,"Rising Glen, Pinole",0.7,41860,"San Francisco-Oakland-Fremont, CA",06013359103,Contra Costa County,0.697148114075437,0.155937846836848,0.038247793396535
133035,1234 Kains Ave Backyard,0.0,41860,"San Francisco-Oakland-Fremont, CA",06001421900,Alameda County,0.495532480077276,0.097920696324952,0.015102040816327
133091,Stevens Ave W,2.0,41740,"San Diego-Chula Vista-Carlsbad, CA",06073017307,San Diego County,0.231437255753365,0.136343899261832,0.025683512841756
133117,Lincoln and Ave 51,5.5,31080,"Los Angeles-Long Beach-Anaheim, CA",06037183300,Los Angeles County,0.81089445991953,0.279105867742937,0.074406332453826
133269,Del Campo Park,0.0,40900,"Sacramento-Roseville-Folsom, CA",06067007903,Sacramento County,0.185247275775356,0.248952221290863,0.022590361445783
133381,Queens / Lakewood,0.8,41860,"San Francisco-Oakland-Fremont, CA",06081606800,San Mateo County,0.50774481491205,0.063722897937599,0.05087440381558
133435,UCM-9a63,3274.4,44700,"Stockton-Lodi, CA",06077003805,San Joaquin County,0.905829596412556,0.266163141993958,0.056338028169014
133437,Winding Creek,0.0,40900,"Sacramento-Roseville-Folsom, CA",06061021328,Placer County,0.471908960426492,0.125999589911831,0.027777777777778
133485,ucm-af3e,0.1,32900,"Merced, CA",06047001801,Merced County,0.727887426900585,0.228391356542617,0.265673981191223
133588,AirFalcon,4.1,31080,"Los Angeles-Long Beach-Anaheim, CA",06037571504,Los Angeles County,0.65765407554672,0.218943170488534,0.044081052257376
133597,W 14th St &amp; S Meyler,0.1,31080,"Los Angeles-Long Beach-Anaheim, CA",06037296901,Los Angeles County,0.853962600178094,0.437221727515583,0.089906700593723
133640,Ladera - Lucero and Mimosa,0.0,41860,"San Francisco-Oakland-Fremont, CA",06081613200,San Mateo County,0.249306670559042,0.075949367088608,0.044481605351171
133660,Deck,0.0,41860,"San Francisco-Oakland-Fremont, CA",06041130201,Marin County,0.163647163647164,0.115911799761621,0.035752401280683
133938,Calavera Hills,2.2,41740,"San Diego-Chula Vista-Carlsbad, CA",06073019810,San Diego County,0.35518130784403,0.321043847671067,0.09839752600506
133978,Mira Mesa Mach,1.4,41740,"San Diego-Chula Vista-Carlsbad, CA",06073008360,San Diego County,0.751770095793419,0.323892822435096,0.068353769893034
133982,GlenOakDr,2.4,40140,"Riverside-San Bernardino-Ontario, CA",06071011101,San Bernardino County,0.342369205746815,0.146652209270805,0.045508274231678
134022,Dominion Villas,0.0,23420,"Fresno, CA",06019005516,Fresno County,0.507707129094412,0.144508670520231,0.02400925658085
134030,San Benito,0.0,41860,"San Francisco-Oakland-Fremont, CA",06013338302,Contra Costa County,0.417558498095411,0.042304886943837,0.061057862974796
134032,Upper Holstein Road,0.0,41860,"San Francisco-Oakland-Fremont, CA",06041115000,Marin County,0.226365348399247,0.109365018525616,0.070205066344994
134210,Ornbaun Road,0.0,46380,"Ukiah, CA",06045011200,Mendocino County,0.364569961489089,0.354744996772111,0.101060511540861
134240,Eh Frame,0.0,40900,"Sacramento-Roseville-Folsom, CA",06017030502,El Dorado County,0.231225296442688,0.118322121092204,0.024199288256228
134280,Sunnyhils,0.0,41940,"San Jose-Sunnyvale-Santa Clara, CA",06085504422,Santa Clara County,0.933051869722557,0.25934861278649,0.040983606557377
134308,Rare Air,0.0,41860,"San Francisco-Oakland-Fremont, CA",06013355302,Contra Costa County,0.360451650260568,0.065720903300521,0.022606382978723
134408,High Meadows,1.0,41500,"Salinas, CA",06053011605,Monterey County,0.296043656207367,0.11395428181508,0.089647812166489
134426,Strawberry Ln,0.0,41940,"San Jose-Sunnyvale-Santa Clara, CA",06085506204,Santa Clara County,0.785250631085467,0.074648395239812,0.027720027720028
134444,"Elm Dr &amp; Cherry St, Petaluma",0.3,42220,"Santa Rosa-Petaluma, CA",06097150902,Sonoma County,0.223827699018539,0.121592148309706,0.072193758733116
134604,1701 11th Ave,0.0,40900,"Sacramento-Roseville-Folsom, CA",06067002400,Sacramento County,0.35,0.075175879396985,0.030612244897959
134614,Metzgar,0.0,41860,"San Francisco-Oakland-Fremont, CA",06081613701,San Mateo County,0.233138203105116,0.062111801242236,0.010411502231036
134782,Sunset Parkside 31st &amp; Rivera,0.0,41860,"San Francisco-Oakland-Fremont, CA",06075032901,San Francisco County,0.791469194312796,0.125272547076313,0.038216560509554
134888,Eighth St,2.0,41500,"Salinas, CA",06053014104,Monterey County,0.708074534161491,0.0,0.169491525423729
135066,5800's Fl T,0.0,41860,"San Francisco-Oakland-Fremont, CA",06001404400,Alameda County,0.413189077794951,0.066117121758544,0.020813320525136
135068,Boylan LN,0.0,42220,"Santa Rosa-Petaluma, CA",06097153501,Sonoma County,0.259410430839002,0.193731546672723,0.036519386834986
135076,10 Park Ave,0.0,41860,"San Francisco-Oakland-Fremont, CA",06041126100,Marin County,0.074856674856675,0.083374283374283,0.066580894178192
135128,Monaco Court,0.0,41860,"San Francisco-Oakland-Fremont, CA",06001450701,Alameda County,0.548065918974594,0.053818848047635,0.056944444444444
135134,Fieldcrest,0.7,41500,"Salinas, CA",06053014110,Monterey County,0.312995729103112,0.069249542403905,0.034515218073423
135144,5 Peralta ct.,0.0,41860,"San Francisco-Oakland-Fremont, CA",06013352102,Contra Costa County,0.415268941584731,0.044434763668046,0.052482842147759
135150,Tumbleweed,0.0,13860,"Bishop, CA",06027000300,Inyo County,0.164198053322048,0.160812526449429,0.055028462998102
135342,Rice Elementary,7.0,42200,"Santa Maria-Santa Barbara, CA",06083002205,Santa Barbara County,0.864507474128018,0.580237307916748,0.062103354487761
135616,View Park,8.2,31080,"Los Angeles-Long Beach-Anaheim, CA",06037234600,Los Angeles County,0.960900716479017,0.261065573770492,0.118601747815231
136112,PurpleAir Outdoor,1.2,43760,"Sonora, CA",06109003200,Tuolumne County,0.238991477272727,0.195095948827292,0.044939101217976
136340,Sunhill,0.0,41860,"San Francisco-Oakland-Fremont, CA",06081613200,San Mateo County,0.249306670559042,0.075949367088608,0.044481605351171
136654,Bel Marin Keys North lagoon,0.0,41860,"San Francisco-Oakland-Fremont, CA",06041104300,Marin County,0.181400688863375,0.098163030998852,0.042430086788814
136686,Campbell outdoor,0.0,41940,"San Jose-Sunnyvale-Santa Clara, CA",06085502603,Santa Clara County,0.391275611368143,0.107391448458734,0.041365725541694
136698,shed,0.0,41860,"San Francisco-Oakland-Fremont, CA",06013348000,Contra Costa County,0.201701597841876,0.061759201497193,0.015200368493782
137014,Barry PurpleAir 2,0.0,41860,"San Francisco-Oakland-Fremont, CA",06001404501,Alameda County,0.342307692307692,0.042307692307692,0.01039501039501
137120,Speckled,3.2,31080,"Los Angeles-Long Beach-Anaheim, CA",06059052430,Orange County,0.650653747373336,0.053647692037676,0.0625
137208,Southampton 2,0.0,41860,"San Francisco-Oakland-Fremont, CA",06001421200,Alameda County,0.304751194827102,0.0152241330702,0.045996592844974
137224,Sunflower Dr,0.4,39820,"Redding, CA",06089010602,Shasta County,0.186142322097378,0.163053903702283,0.059602649006623
137288,Main Avenue School,2.5,40900,"Sacramento-Roseville-Folsom, CA",06067006502,Sacramento County,0.825934579439252,0.232476635514019,0.0
137296,Bell Avenue School,3.2,40900,"Sacramento-Roseville-Folsom, CA",06067006400,Sacramento County,0.735513169845595,0.47535915621022,0.106819077650769
137366,WHT-MLP,1.5,40900,"Sacramento-Roseville-Folsom, CA",06067003501,Sacramento County,0.571311810380057,0.229260318757662,0.074918566775244
137500,Marquette Dr,1.4,40900,"Sacramento-Roseville-Folsom, CA",06067005205,Sacramento County,0.580568720379147,0.489802039592082,0.108283703302653
137702,Kirchy Out,1.2,41860,"San Francisco-Oakland-Fremont, CA",06001404101,Alameda County,0.262780548628429,0.123553331248045,0.019955654101996
137814,1950CC,0.0,41860,"San Francisco-Oakland-Fremont, CA",06075980900,San Francisco County,0.857142857142857,0.2,0.0
137812,W Tahoe Park,1.0,40900,"Sacramento-Roseville-Folsom, CA",06067002900,Sacramento County,0.359676175790285,0.32962962962963,0.101602661022074
138002,IBM Research - Almaden,11.9,41940,"San Jose-Sunnyvale-Santa Clara, CA",06085511911,Santa Clara County,0.421469597940186,0.079816878980892,0.022553655874864
138014,Elmhurst 45Th St.@ T St.,1.8,40900,"Sacramento-Roseville-Folsom, CA",06067001702,Sacramento County,0.253566621803499,0.313630229419703,0.0
138162,John Still Middle School,1.7,40900,"Sacramento-Roseville-Folsom, CA",06067004302,Sacramento County,0.910961871750433,0.490467937608319,0.14582371942778
138352,Brentwood,0.7,40900,"Sacramento-Roseville-Folsom, CA",06067003502,Sacramento County,0.552983371372677,0.254972285621128,0.0463368816531
138370,Westholme,2.0,40900,"Sacramento-Roseville-Folsom, CA",06067009640,Sacramento County,0.854196446804166,0.424749846845007,0.145907473309609
139384,Babigian and Parkway,3236.9,23420,"Fresno, CA",06019003809,Fresno County,0.839437917530523,0.347763692896436,0.035027133695116
139538,South Sac Calvine,1.8,40900,"Sacramento-Roseville-Folsom, CA",06067009610,Sacramento County,0.80733295583239,0.388864660561128,0.084640426161586
139590,Pebblewood,0.8,40900,"Sacramento-Roseville-Folsom, CA",06067007013,Sacramento County,0.835916442048518,0.160714285714286,0.087191822008419
139716,Home Outdoor,9.1,31080,"Los Angeles-Long Beach-Anaheim, CA",06037311300,Los Angeles County,0.467970660146699,0.07359413202934,0.037310373103731
139778,Carlton Tract East,1.4,40900,"Sacramento-Roseville-Folsom, CA",06067003501,Sacramento County,0.571311810380057,0.229260318757662,0.074918566775244
139788,Escaton Village Apartments,0.0,40900,"Sacramento-Roseville-Folsom, CA",06067005901,Sacramento County,0.307196908710353,0.187489462148036,0.031114327062229
140410,Lemon Grove Patio,4.7,41740,"San Diego-Chula Vista-Carlsbad, CA",06073014001,San Diego County,0.696531219028741,0.274376869391825,0.152453740949316
140412,EAST CLAIREMONT MESA,2.3,41740,"San Diego-Chula Vista-Carlsbad, CA",06073008510,San Diego County,0.522477522477522,0.288711288711289,0.052790346907994
140420,Carrie drive,0.6,46020,"Truckee-Grass Valley, CA",06057000102,Nevada County,0.109456231558241,0.173857507805847,0.037439268362389
140458,66th Street,0.0,40900,"Sacramento-Roseville-Folsom, CA",06067003204,Sacramento County,0.872976575890307,0.563345399123643,0.060985797827903
140536,Montalvin,0.0,41860,"San Francisco-Oakland-Fremont, CA",06013392202,Contra Costa County,0.74237933954276,0.122142252328535,0.070839580209895
140636,Zinfandel Ln,0.0,34900,"Napa, CA",06055201500,Napa County,0.342326139088729,0.193024654239327,0.052401746724891
140948,Chabot College,0.0,41860,"San Francisco-Oakland-Fremont, CA",06001437200,Alameda County,0.885879166175951,0.178721362600456,0.08996001776988
141514,Top of Cavedale,0.0,42220,"Santa Rosa-Petaluma, CA",06097150502,Sonoma County,0.263993948562784,0.254474708171206,0.091310751104566
141830,Winzer Place,0.0,41940,"San Jose-Sunnyvale-Santa Clara, CA",06085512510,Santa Clara County,0.616014026884863,0.184730144800351,0.063055316709659
142578,Biscayne,0.0,40900,"Sacramento-Roseville-Folsom, CA",06113010508,Yolo County,0.34259626836046,0.175069472012703,0.026372059871703
142608,Villa Marina Townhomes,8.2,31080,"Los Angeles-Long Beach-Anaheim, CA",06037275312,Los Angeles County,0.26067302862883,0.147162230035158,0.03601108033241
142658,McAllister,2.1,41860,"San Francisco-Oakland-Fremont, CA",06075015600,San Francisco County,0.632864792503347,0.259705488621151,0.026123936816525
142964,Beegum,4.5,41940,"San Jose-Sunnyvale-Santa Clara, CA",06085512029,Santa Clara County,0.580583513823417,0.0919173890872,0.083712465878071
144494,Orinda Academy,1.2,41860,"San Francisco-Oakland-Fremont, CA",06013354002,Contra Costa County,0.236065101541121,0.101175787487299,0.051661730832511
144610,balcony,0.7,41860,"San Francisco-Oakland-Fremont, CA",06081605502,San Mateo County,0.510965756060023,0.081269349845201,0.059027777777778
144738,Chester St.,0.0,41940,"San Jose-Sunnyvale-Santa Clara, CA",06085507100,Santa Clara County,0.220204688015847,0.074281941234731,0.035514018691589
145924,RHiguera,0.0,41860,"San Francisco-Oakland-Fremont, CA",06001443200,Alameda County,0.857103295486015,0.052617003600111,0.061872909698997
146348,Belmont Heights and Belmont Open Space,1.0,41860,"San Francisco-Oakland-Fremont, CA",06081608900,San Mateo County,0.557989867177872,0.172909467864547,0.109367455335587
146584,Yuba Crest,1.7,46020,"Truckee-Grass Valley, CA",06057000900,Nevada County,0.179814077025232,0.327609337268581,0.021739130434783
146680,743 S. MARK ST. TULARE CA,0.1,47300,"Visalia, CA",06107002903,Tulare County,0.671184022824536,0.327830611878701,0.083068221986568
146690,4-Acre Farm,0.0,42220,"Santa Rosa-Petaluma, CA",06097153301,Sonoma County,0.515492102065614,0.292114145443388,0.056434599156118
146742,Loomis Basin Charter School PA,1.1,40900,"Sacramento-Roseville-Folsom, CA",06061020607,Placer County,0.17357378186232,0.123585726718886,0.049592391304348
146752,Home,0.5,41940,"San Jose-Sunnyvale-Santa Clara, CA",06085508404,Santa Clara County,0.630093087135663,0.124675721043797,0.062249614791988
146816,Burbank Neighborhood,0.0,41940,"San Jose-Sunnyvale-Santa Clara, CA",06085502001,Santa Clara County,0.621355149989511,0.158050221565731,0.02557200538358
146872,Kingdom Stage,0.5,46700,"Vallejo, CA",06095251901,Solano County,0.828184658104825,0.365599404318689,0.118637431480031
146882,VLV Air,4.4,42020,"San Luis Obispo-Paso Robles, CA",06079011300,San Luis Obispo County,0.323067351065485,0.332395686826067,0.085045662100457
146910,Penguin Passage,0.1,46700,"Vallejo, CA",06095251901,Solano County,0.828184658104825,0.365599404318689,0.118637431480031
146958,Tava's Jungleland,0.0,46700,"Vallejo, CA",06095251901,Solano County,0.828184658104825,0.365599404318689,0.118637431480031
147138,Moss Beach,4.8,41860,"San Francisco-Oakland-Fremont, CA",06081613600,San Mateo County,0.305985552115583,0.102933427015633,0.055661577608142
147182,C Street,1.3,40900,"Sacramento-Roseville-Folsom, CA",06067000400,Sacramento County,0.378334680679062,0.212341686876853,0.061327561327561
147180,Bonick/Shenanno,0.0,42220,"Santa Rosa-Petaluma, CA",06097150701,Sonoma County,0.25922904344279,0.228839486028962,0.079933665008292
147184,PlanArchology Outside,11.0,41860,"San Francisco-Oakland-Fremont, CA",06001422000,Alameda County,0.505095801059927,0.172910662824208,0.022349570200573
147234,AQI SPY 8,7.5,41740,"San Diego-Chula Vista-Carlsbad, CA",06073019111,San Diego County,0.630738073807381,0.325799086757991,0.03953953953954
147244,AQI Spy 1,6.8,41740,"San Diego-Chula Vista-Carlsbad, CA",06073019110,San Diego County,0.488640739314594,0.281547498480859,0.008595988538682
147254,AQI SPY 7,9.2,41740,"San Diego-Chula Vista-Carlsbad, CA",06073019111,San Diego County,0.630738073807381,0.325799086757991,0.03953953953954
147260,Woodlake East,2.5,40900,"Sacramento-Roseville-Folsom, CA",06067006901,Sacramento County,0.461209529627367,0.306658521686011,0.222115384615385
147286,301 Harding Ave,0.2,40900,"Sacramento-Roseville-Folsom, CA",06067007001,Sacramento County,0.808201058201058,0.530842361264647,0.039936941671046
147284,AQI SPY 6,40.8,41740,"San Diego-Chula Vista-Carlsbad, CA",06073019107,San Diego County,0.459480122324159,0.199311400153022,0.11844331641286
147298,60th &amp; Tahoe - Tahoe Terrace,1.2,40900,"Sacramento-Roseville-Folsom, CA",06067001701,Sacramento County,0.697326687811509,0.490711372904395,0.099688473520249
147306,Oak Park 21st,0.3,40900,"Sacramento-Roseville-Folsom, CA",06067003700,Sacramento County,0.902986655369625,0.430366269165247,0.065498539841469
147314,AQI SPY 9,10.6,41740,"San Diego-Chula Vista-Carlsbad, CA",06073019103,San Diego County,0.386560104387539,0.155901639344262,0.019381162869772
147312,Park3,1.6,40900,"Sacramento-Roseville-Folsom, CA",06067003900,Sacramento County,0.582792207792208,0.170347874102706,0.047691527143582
147318,AQI Spy 4,7.5,41740,"San Diego-Chula Vista-Carlsbad, CA",06073019103,San Diego County,0.386560104387539,0.155901639344262,0.019381162869772
147330,Robla School,1.1,40900,"Sacramento-Roseville-Folsom, CA",06067007204,Sacramento County,0.731358357178926,0.215202702702703,0.059777711024332
147364,Dreamworks Animation,10.6,31080,"Los Angeles-Long Beach-Anaheim, CA",06037301601,Los Angeles County,0.29948109710897,0.511136065880591,0.114356087262491
147422,AQI SPY 2,8.6,41740,"San Diego-Chula Vista-Carlsbad, CA",06073019103,San Diego County,0.386560104387539,0.155901639344262,0.019381162869772
147426,AQI SPY 5,7.7,41740,"San Diego-Chula Vista-Carlsbad, CA",06073019110,San Diego County,0.488640739314594,0.281547498480859,0.008595988538682
147496,AQI SPY 3,8.7,41740,"San Diego-Chula Vista-Carlsbad, CA",06073019110,San Diego County,0.488640739314594,0.281547498480859,0.008595988538682
147669,Clos Du Lac,2.2,40900,"Sacramento-Roseville-Folsom, CA",06061020601,Placer County,0.171604938271605,0.031995586815612,0.029507229271171
147681,Deep Well &amp; O’Keefe,2.5,41940,"San Jose-Sunnyvale-Santa Clara, CA",06085510300,Santa Clara County,0.436379347591272,0.063944696478721,0.048141086749285
147827,Blackburn,0.0,40900,"Sacramento-Roseville-Folsom, CA",06113010609,Yolo County,0.322646937936704,0.122222222222222,0.014184397163121
147833,H.Clarke Powers PA,0.4,40900,"Sacramento-Roseville-Folsom, CA",06061021203,Placer County,0.205038759689922,0.162715377639591,0.025347506132461
147901,North Indio-Terra Lago,1.2,40140,"Riverside-San Bernardino-Ontario, CA",06065045222,Riverside County,0.490057445868316,0.173025732031943,0.017163504968383
147905,Ponderosa,0.1,41940,"San Jose-Sunnyvale-Santa Clara, CA",06085508505,Santa Clara County,0.667576075550892,0.090322580645161,0.07859778597786
147921,Vintage Oaks Sunvalley,1.6,40900,"Sacramento-Roseville-Folsom, CA",06061020502,Placer County,0.18892208687658,0.122782446311858,0.038423153692615
147935,EFN Outside,1.0,40900,"Sacramento-Roseville-Folsom, CA",06067009644,Sacramento County,0.589561091340451,0.148576512455516,0.04809619238477
147965,Old Town Marina Dr,5.0,31080,"Los Angeles-Long Beach-Anaheim, CA",06059099512,Orange County,0.262344642257306,0.107826671145448,0.045223289994347
148013,Pinnacles NP- East Entrance,1.2,41940,"San Jose-Sunnyvale-Santa Clara, CA",06069000802,San Benito County,0.465987200758474,0.123160892263882,0.059265811587793
148065,Westgate Cove,3.8,31080,"Los Angeles-Long Beach-Anaheim, CA",06059042337,Orange County,0.264529658478131,0.035949670461354,0.074303405572755
148073,Latigo,6.8,31080,"Los Angeles-Long Beach-Anaheim, CA",06037800406,Los Angeles County,0.260267651130595,0.091135458167331,0.033603707995365
148141,Winter Creek,7.4,46020,"Truckee-Grass Valley, CA",06057001207,Nevada County,0.338150289017341,0.33134988099286,0.059737884791222
148153,SBCAPCD_53,20.1,42200,"Santa Maria-Santa Barbara, CA",06083003102,Santa Barbara County,0.450517464424321,0.179636835278859,0.048693586698337
148159,SBCAPCD_50,7.0,42200,"Santa Maria-Santa Barbara, CA",06083001601,Santa Barbara County,0.543809201623816,0.228650137741047,0.025934658134052
148157,SBCAPCD_Info_54,6.4,42200,"Santa Maria-Santa Barbara, CA",06083001800,Santa Barbara County,0.446222222222222,0.415111111111111,0.082725060827251
148183,pico_ascnet,12.4,31080,"Los Angeles-Long Beach-Anaheim, CA",06037500403,Los Angeles County,0.965970832141836,0.163568773234201,0.03921568627451
148195,Overhill Orinda,0.3,41860,"San Francisco-Oakland-Fremont, CA",06013353002,Contra Costa County,0.248206599713056,0.020143884892086,0.020489755122439
148233,MOXI SBCAPCD_59,9.1,42200,"Santa Maria-Santa Barbara, CA",06083001206,Santa Barbara County,0.634416729654825,0.392592592592593,0.049723756906077
148237,SBCAPCD_Info_51,2.4,42200,"Santa Maria-Santa Barbara, CA",06083002808,Santa Barbara County,0.386302596239928,0.178453700928978,0.071210268948655
148243,Table Mtn North,6.1,17020,"Chico, CA",06007002500,Butte County,0.451309846431798,0.602242059373054,0.067301965455628
148253,SBCAPCD_61,7.6,42200,"Santa Maria-Santa Barbara, CA",06083001706,Santa Barbara County,0.299412915851272,0.148727984344423,0.07688927943761
148257,Fairchild Village,3.0,40900,"Sacramento-Roseville-Folsom, CA",06017030709,El Dorado County,0.225893200153669,0.03937764118325,0.024968789013733
148323,"352 Saint Augustine Drive, Chico, CA 95928",3.5,17020,"Chico, CA",06007000901,Butte County,0.320438206093803,0.181282495667244,0.0328418230563
148483,Fremont - Civic Center,0.0,41860,"San Francisco-Oakland-Fremont, CA",06001441929,Alameda County,0.785574412532637,0.127937336814621,0.018658598083712
148547,SG1,9.8,31080,"Los Angeles-Long Beach-Anaheim, CA",06037480201,Los Angeles County,0.717892425905598,0.06262341325811,0.038205980066445
148585,Whispering Pine,1.4,41860,"San Francisco-Oakland-Fremont, CA",06001430200,Alameda County,0.487877609231168,0.092279459955433,0.059214167127836
148611,Dahlia Loop,0.2,41940,"San Jose-Sunnyvale-Santa Clara, CA",06085505203,Santa Clara County,0.526296566837107,0.354472031109782,0.043816254416961
148635,908 Linden,1.1,41860,"San Francisco-Oakland-Fremont, CA",06081605400,San Mateo County,0.452282768777614,0.057437407952872,0.043057794151508
148639,Home outside,1.4,41860,"San Francisco-Oakland-Fremont, CA",06001423601,Alameda County,0.373630387143901,0.18962962962963,0.070649052268811
148671,Kingridge 2,4.1,41860,"San Francisco-Oakland-Fremont, CA",06081607100,San Mateo County,0.417278185456971,0.038487508440243,0.075137446548564
148807,CARB_SMOKE_TCAPCD_VINA_ELEM,1.7,39780,"Red Bluff, CA",06103000900,Tehama County,0.464869515342701,0.446582423894314,0.059405940594059
148811,CARB_SMOKE_TCAPCD_RANCHOTEHAMAELEMENTARY,0.0,39780,"Red Bluff, CA",06103000300,Tehama County,0.194257178526841,0.378690629011553,0.041891891891892
148821,CARB_SMOKE_TCAPCD_BENDELEMENTARY,0.4,39780,"Red Bluff, CA",06103000400,Tehama County,0.20024551173853,0.166252330640149,0.050526315789474
148827,Round Valley Library Air Quality Sensor,1.1,46380,"Ukiah, CA",06045010100,Mendocino County,0.64496833216045,0.612093352192362,0.207641196013289
148833,CARB_SMOKE_TCAPCD_KIRKWOODELEMENTARY,2.1,39780,"Red Bluff, CA",06103001000,Tehama County,0.5662100456621,0.363335100742312,0.042525773195876
148839,SHASTAAQMD_ARB#65_Castle Rock School,0.4,39820,"Redding, CA",06089012500,Shasta County,0.147612156295224,0.37192474674385,0.172690763052209
148845,CARB_TCAPCD_LANDFILL,1.7,39780,"Red Bluff, CA",06103000400,Tehama County,0.20024551173853,0.166252330640149,0.050526315789474
148849,CARB_SMOKE_TCAPCD_LASSENVIEW,1.4,39780,"Red Bluff, CA",06103000100,Tehama County,0.208101667990469,0.357751623376623,0.110151187904968
148863,CARB_TCAPCD_RICHFIELD_ELEMENTART,2.1,39780,"Red Bluff, CA",06103001000,Tehama County,0.5662100456621,0.363335100742312,0.042525773195876
148861,CARB_SMOKE_TCAPCD_MANTONCALFIRE,0.2,39780,"Red Bluff, CA",06103000100,Tehama County,0.208101667990469,0.357751623376623,0.110151187904968
148965,Carriger and Solano,0.9,42220,"Santa Rosa-Petaluma, CA",06097150303,Sonoma County,0.233772693359861,0.07525,0.067360685854256
148993,CARB_SMOKE_TCAPCD_LOS_MO_VFW,1.1,39780,"Red Bluff, CA",06103000900,Tehama County,0.464869515342701,0.446582423894314,0.059405940594059
149009,CARB_SMOKE_TCAPCD_FLOURNOYELEMENTARY,5.0,39780,"Red Bluff, CA",06103000300,Tehama County,0.194257178526841,0.378690629011553,0.041891891891892
149015,CARB_SMOKE_TCAPCD_REEDSCREEKELEMENTARY,1.3,39780,"Red Bluff, CA",06103000300,Tehama County,0.194257178526841,0.378690629011553,0.041891891891892
149017,CARB_SMOKE_TCAPCD_LOS_MO_HS,14.0,39780,"Red Bluff, CA",06103000900,Tehama County,0.464869515342701,0.446582423894314,0.059405940594059
149021,CARB_SMOKE_TCAPCD_GERBER_SCHOOL,4.9,39780,"Red Bluff, CA",06103000800,Tehama County,0.515748923634716,0.450713800135962,0.062567421790723
149050,SHASTAAQMD_ARB#_PACHECO SCHOOL,4.8,39820,"Redding, CA",06089011501,Shasta County,0.138956310679612,0.276556209352741,0.010353227771011
149156,SHASTAAQMD_ARB#8_MONTGOMERY CREEK ELEMENTARY,0.1,39820,"Redding, CA",06089012606,Shasta County,0.342823598473731,0.384662203286671,0.142651296829971
149286,NC#160_Freshwater_Freshwater ES,0.2,21700,"Eureka-Arcata, CA",06023010600,Humboldt County,0.145863925599608,0.306823760432008,0.097222222222222
149300,SHASTAAQMD_ARB#8_MONTGOMERY CREEK FIRE STATION71,1.4,39820,"Redding, CA",06089012606,Shasta County,0.342823598473731,0.384662203286671,0.142651296829971
149318,Brazen Estates,0.1,42220,"Santa Rosa-Petaluma, CA",06097150501,Sonoma County,0.156294200848656,0.203119461183977,0.037012113055182
149320,SHASTAAQMD_ARB#5_ANDERSON HIGH SCHOOL,0.7,39820,"Redding, CA",06089012000,Shasta County,0.198758968392476,0.458926829268293,0.025954946131244
149330,SHASTAAQMD_ARB#4_BELLA VISTA ELEMENTARY,0.4,39820,"Redding, CA",06089011801,Shasta County,0.153418384036637,0.230366492146597,0.076555023923445
149328,SHASTAAQMD_ARB#11_OAKRUNSTORE,0.6,39820,"Redding, CA",06089012606,Shasta County,0.342823598473731,0.384662203286671,0.142651296829971
149342,CARB_Smoke_LCAQMD_Office_Ref,0.0,17340,"Clearlake, CA",06033000402,Lake County,0.31810766721044,0.267536704730832,0.108333333333333
149402,Pacific Exterior,5.5,41860,"San Francisco-Oakland-Fremont, CA",06075013200,San Francisco County,0.354617145764437,0.077709611451943,0.012478485370052
149580,NC#161_Kneeland_Kneeland ES,0.6,21700,"Eureka-Arcata, CA",06023001200,Humboldt County,0.238354506957048,0.452436738519213,0.128526645768025
149584,DonkeyHillRes,0.2,17340,"Clearlake, CA",06033001302,Lake County,0.310306282137268,0.245974329054842,0.142602495543672
149590,#154,0.9,21700,"Eureka-Arcata, CA",06023011200,Humboldt County,0.301665799062988,0.356676247713614,0.105351170568562
149588,NC#152_Smith River_Tolowa Dee-ni' Nation_Lucky7,0.0,18860,"Crescent City, CA",06015000202,Del Norte County,0.302554632194521,0.295770299475147,0.039800995024876
149594,NC#157_Fortuna,1.3,21700,"Eureka-Arcata, CA",06023010901,Humboldt County,0.330209241499564,0.365572315882875,0.032921810699588
149606,NC#149_Scotia_ScotiaES,1.8,21700,"Eureka-Arcata, CA",06023011100,Humboldt County,0.287968441814596,0.445621001544231,0.101310043668122
149604,NC#150_Cutten_RidgewoodES,0.0,21700,"Eureka-Arcata, CA",06023010702,Humboldt County,0.221458946679751,0.545157068062827,0.076368876080692
149614,NC#159_Fieldbrook_Fieldbrook ES,0.0,21700,"Eureka-Arcata, CA",06023010300,Humboldt County,0.187832446808511,0.291087766858692,0.103921568627451
149634,Chuckwagon,3.9,40900,"Sacramento-Roseville-Folsom, CA",06061021328,Placer County,0.471908960426492,0.125999589911831,0.027777777777778
149632,NC#151_Smith River_Tolowa Dee-ni' Nation_Lucky7,7.7,18860,"Crescent City, CA",06015000202,Del Norte County,0.302554632194521,0.295770299475147,0.039800995024876
149644,#155,3.6,21700,"Eureka-Arcata, CA",06023011100,Humboldt County,0.287968441814596,0.445621001544231,0.101310043668122
149734,WSAC_58953e,0.9,40900,"Sacramento-Roseville-Folsom, CA",06113010402,Yolo County,0.504527813712807,0.110176800344976,0.035264483627204
149802,PCAPCD_BERKELEY,4.6,40900,"Sacramento-Roseville-Folsom, CA",06061020908,Placer County,0.481233595800525,0.193069956687229,0.033085590985375
149822,PCAPCD_CREEKSIDE,2.3,40900,"Sacramento-Roseville-Folsom, CA",06061022014,Placer County,0.087825560266505,0.232586311326469,0.061835748792271
149828,Bailey Ct,1.5,40900,"Sacramento-Roseville-Folsom, CA",06061020604,Placer County,0.245207534589098,0.125463118895251,0.036697247706422
149960,CD RVN DWNTWN,1.8,40900,"Sacramento-Roseville-Folsom, CA",06017031200,El Dorado County,0.196074731081336,0.224031327287716,0.071805273833671
149968,GWR Sarah,1.4,41860,"San Francisco-Oakland-Fremont, CA",06013374000,Contra Costa County,0.81053979091103,0.408363558779603,0.075398535114175
150020,Deck,11.4,31080,"Los Angeles-Long Beach-Anaheim, CA",06037195400,Los Angeles County,0.351338545368396,0.144721233689205,0.091271158313973
150354,Outside,1.5,41940,"San Jose-Sunnyvale-Santa Clara, CA",06085512005,Santa Clara County,0.538218000904568,0.048287309491474,0.040822072072072
150700,Green Valley Rd (East),0.1,42220,"Santa Rosa-Petaluma, CA",06097153712,Sonoma County,0.282813273897969,0.241208519068846,0.161874334398296
150706,"Auburn, Ca",1.3,40900,"Sacramento-Roseville-Folsom, CA",06061021604,Placer County,0.181373879989139,0.113556098886172,0.026506024096386
150730,Lodgepole Visitor Center,2.8,47300,"Visalia, CA",06107000102,Tulare County,0.522698345354264,0.234196011879508,0.077962577962578
150736,Covelite &amp; WT,1.0,41860,"San Francisco-Oakland-Fremont, CA",06013355111,Contra Costa County,0.712437205054042,0.198623853211009,0.030933479332056
150744,Freshpond Outdoor,1.9,40900,"Sacramento-Roseville-Folsom, CA",06017031406,El Dorado County,0.075229357798165,0.144948453608247,0.051903114186851
150782,Sonora_Apple_Valley,0.9,43760,"Sonora, CA",06109002202,Tuolumne County,0.131461828141048,0.259500171174255,0.076845298281092
150788,Front Porch,4.9,40900,"Sacramento-Roseville-Folsom, CA",06017030502,El Dorado County,0.231225296442688,0.118322121092204,0.024199288256228
150814,Apgar Longfellow Outdoor,1.6,41860,"San Francisco-Oakland-Fremont, CA",06001401000,Alameda County,0.666241835271627,0.163343435954698,0.058147713950762
150824,Burl Road,2.1,42100,"Santa Cruz-Watsonville, CA",06087121200,Santa Cruz County,0.201696933611194,0.179191616766467,0.08201554543018
150836,I only wanted to see you laughing in the purple air,2.4,41860,"San Francisco-Oakland-Fremont, CA",06001404400,Alameda County,0.413189077794951,0.066117121758544,0.020813320525136
150956,Forestry building South East,6.4,17020,"Chico, CA",06007003300,Butte County,0.393519605541207,0.290913359943649,0.062588904694168
150962,Fiscal Annex,4.1,17020,"Chico, CA",06007003300,Butte County,0.393519605541207,0.290913359943649,0.062588904694168
150972,Colusa,1.5,40900,"Sacramento-Roseville-Folsom, CA",06017030506,El Dorado County,0.131351869606903,0.138063279002876,0.057565789473684
151026,GBUAPCD_BPFireDept,1.7,13860,"Bishop, CA",06027000500,Inyo County,0.366018261214768,0.251010509296686,0.043676069153776
151030,TheRanchEast,1.5,40900,"Sacramento-Roseville-Folsom, CA",06017030709,El Dorado County,0.225893200153669,0.03937764118325,0.024968789013733
151036,GBUAPCD_ShoshoneSchool,0.9,13860,"Bishop, CA",06027000800,Inyo County,0.428711576193591,0.366511318242344,0.02052091554854
151040,Trembath,1.4,41860,"San Francisco-Oakland-Fremont, CA",06013306004,Contra Costa County,0.598239710069894,0.248313440581214,0.032594524119948
151054,Wild Goose,1.6,40900,"Sacramento-Roseville-Folsom, CA",06017031100,El Dorado County,0.250521251002406,0.269002089024586,0.037235627047959
151090,boyle2-95747,1.4,40900,"Sacramento-Roseville-Folsom, CA",06061021328,Placer County,0.471908960426492,0.125999589911831,0.027777777777778
151094,Chestnut/Farm Bureau,0.2,41860,"San Francisco-Oakland-Fremont, CA",06013331000,Contra Costa County,0.568108871485428,0.2702738283307,0.02421500798297
151184,Cedar Grove Purple Air,1.8,23420,"Fresno, CA",06019006411,Fresno County,0.136375488917862,0.229465449804433,0.041244083840433
151192,F St Alley,0.2,40900,"Sacramento-Roseville-Folsom, CA",06067000200,Sacramento County,0.305089334055225,0.077029648101967,0.058640373637779
151220,"Vista Del Mar, Pittsburg, CA",0.5,41860,"San Francisco-Oakland-Fremont, CA",06013355201,Contra Costa County,0.90460931722948,0.13657093553556,0.050340954673085
151268,Monta Vista South Lindy Ln,8.9,41940,"San Jose-Sunnyvale-Santa Clara, CA",06085507702,Santa Clara County,0.845270474463584,0.050015110305228,0.027847309136421
151312,Echo,0.7,40900,"Sacramento-Roseville-Folsom, CA",06017032002,El Dorado County,0.319148936170213,0.333333333333333,0.0
151382,Mira Vista Hills,0.7,41860,"San Francisco-Oakland-Fremont, CA",06013355107,Contra Costa County,0.668628500089174,0.203498750446269,0.036021676761237
151398,South Claremont,10.9,31080,"Los Angeles-Long Beach-Anaheim, CA",06037402002,Los Angeles County,0.471531100478469,0.343060323688082,0.023497514685947
151484,Black River Ct,2.0,40900,"Sacramento-Roseville-Folsom, CA",06067004015,Sacramento County,0.590065228299047,0.119614799797263,0.122678671918965
151530,McMahon Road Ranch,2.5,41940,"San Jose-Sunnyvale-Santa Clara, CA",06069000100,San Benito County,0.625181686046512,0.281795058139535,0.096774193548387
151598,Deer Valley,0.2,41860,"San Francisco-Oakland-Fremont, CA",06013303207,Contra Costa County,0.784643288996372,0.370060606060606,0.13556654676259
151596,South Lake Tahoe,10.7,40900,"Sacramento-Roseville-Folsom, CA",06017030402,El Dorado County,0.2693401592719,0.354154561301569,0.072753209700428
151610,Ross Branch Rd,0.2,42220,"Santa Rosa-Petaluma, CA",06097153712,Sonoma County,0.282813273897969,0.241208519068846,0.161874334398296
151750,Brookshire Ave,11.1,31080,"Los Angeles-Long Beach-Anaheim, CA",06037550902,Los Angeles County,0.918563922942207,0.262798036465638,0.076704545454545
151772,Fair Enough,2.2,41860,"San Francisco-Oakland-Fremont, CA",06075025300,San Francisco County,0.624862486248625,0.157556981633105,0.027401894451962
151910,Beach Club,9.1,31080,"Los Angeles-Long Beach-Anaheim, CA",06037701304,Los Angeles County,0.266507557677009,0.105807478122514,0.020235578375113
151928,ORV,10.9,34900,"Napa, CA",06055201403,Napa County,0.215155615696888,0.054127198917456,0.031111111111111
151958,Northwoods,1.8,46020,"Truckee-Grass Valley, CA",06057001208,Nevada County,0.076923076923077,0.153846153846154,0.040441176470588
152038,Grand View,3.2,41860,"San Francisco-Oakland-Fremont, CA",06001400100,Alameda County,0.310186601407158,0.08435960591133,0.050347222222222
152048,Bon Temps,1.2,40900,"Sacramento-Roseville-Folsom, CA",06017032002,El Dorado County,0.319148936170213,0.333333333333333,0.0
152054,Silver Creek,0.0,40900,"Sacramento-Roseville-Folsom, CA",06061022014,Placer County,0.087825560266505,0.232586311326469,0.061835748792271
152056,Winterfell,0.0,41860,"San Francisco-Oakland-Fremont, CA",06041108100,Marin County,0.216684077003432,0.116574503063817,0.082356076759062
152062,Tahoma- Chinkapin,1.0,40900,"Sacramento-Roseville-Folsom, CA",06017032001,El Dorado County,0.038271604938272,0.290123456790123,0.0
152068,Panama Outdoors,1.8,41860,"San Francisco-Oakland-Fremont, CA",06013383000,Contra Costa County,0.519493844049248,0.35045368943674,0.046998867497169
152096,yoyo_home,4.8,40900,"Sacramento-Roseville-Folsom, CA",06061021324,Placer County,0.268348275338095,0.020057741984501,0.064788732394366
152220,Oakana,14.3,41740,"San Diego-Chula Vista-Carlsbad, CA",06073020807,San Diego County,0.29106529209622,0.127491408934708,0.033536585365854
152254,154 collins GWR,1.2,41860,"San Francisco-Oakland-Fremont, CA",06013377000,Contra Costa County,0.95323281369793,0.577511900167246,0.1194743130227
152666,Mojodojocasahouse,0.0,41940,"San Jose-Sunnyvale-Santa Clara, CA",06085507301,Santa Clara County,0.567888563049853,0.078689982216953,0.046645367412141
152962,Skyote Mountain,0.4,42100,"Santa Cruz-Watsonville, CA",06087120901,Santa Cruz County,0.156742323097463,0.15972972972973,0.046335697399527
152972,Gutter Skunk HQ,1.8,40900,"Sacramento-Roseville-Folsom, CA",06061020402,Placer County,0.184367034834325,0.250920419144718,0.040417209908735
153472,Coop,1.6,41860,"San Francisco-Oakland-Fremont, CA",06001425104,Alameda County,0.584454409566517,0.285785660754434,0.038357225881441
153530,"Boynton Ave, San Jose",1.0,41940,"San Jose-Sunnyvale-Santa Clara, CA",06085506301,Santa Clara County,0.626347774946089,0.127214811865419,0.009733124018838
153650,Windows,3.6,39780,"Red Bluff, CA",06103000800,Tehama County,0.515748923634716,0.450713800135962,0.062567421790723
153668,Cragmont,1.6,41860,"San Francisco-Oakland-Fremont, CA",06001421100,Alameda County,0.233870967741935,0.046489563567362,0.063291139240506
153912,Melville,0.0,41860,"San Francisco-Oakland-Fremont, CA",06041117000,Marin County,0.18800539083558,0.089662921348315,0.049737161342499
153916,Cal Bear,0.5,39820,"Redding, CA",06089010602,Shasta County,0.186142322097378,0.163053903702283,0.059602649006623
153952,Ridgemont,4.1,41860,"San Francisco-Oakland-Fremont, CA",06001408100,Alameda County,0.626555449200055,0.087105155203063,0.068242102724861
153971,FHMiramar,2.9,41860,"San Francisco-Oakland-Fremont, CA",06081613502,San Mateo County,0.148280337443219,0.107142857142857,0.075389948006932
153975,Moon Hollow.,1.3,42220,"Santa Rosa-Petaluma, CA",06097150206,Sonoma County,0.337837837837838,0.162162162162162,0.203703703703704
153995,Gray's Crossing Bluffs,2.3,46020,"Truckee-Grass Valley, CA",06057001211,Nevada County,0.147396293027361,0.105030891438658,0.100393700787402
154007,15th Ave,0.0,41860,"San Francisco-Oakland-Fremont, CA",06081606600,San Mateo County,0.418707660239708,0.039343408025013,0.017126546146527
154171,PurpleAir,0.4,41940,"San Jose-Sunnyvale-Santa Clara, CA",06085506103,Santa Clara County,0.783250287466462,0.098313530088156,0.027459016393443
154189,Casa de Canyon de Las Flores,19.4,31080,"Los Angeles-Long Beach-Anaheim, CA",06037460101,Los Angeles County,0.352587244283995,0.09042461750043,0.066482843137255
154209,MSG,0.7,21700,"Eureka-Arcata, CA",06023011200,Humboldt County,0.301665799062988,0.356676247713614,0.105351170568562
154223,Near LA Fitness,12.1,31080,"Los Angeles-Long Beach-Anaheim, CA",06059021831,Orange County,0.653691039803612,0.109151825074943,0.039421338155515
154343,"312 Main AVE, Sacramento,",1.2,40900,"Sacramento-Roseville-Folsom, CA",06067007204,Sacramento County,0.731358357178926,0.215202702702703,0.059777711024332
154345,Near Mary Lake,0.7,39820,"Redding, CA",06089010602,Shasta County,0.186142322097378,0.163053903702283,0.059602649006623
154353,The Park at Fenway Cir,2.5,40900,"Sacramento-Roseville-Folsom, CA",06061021203,Placer County,0.205038759689922,0.162715377639591,0.025347506132461
154367,N forty road,2.3,40900,"Sacramento-Roseville-Folsom, CA",06061021304,Placer County,0.197579976794298,0.147385892116183,0.023316912972085
154393,SJUSD-Cope,0.0,40140,"Riverside-San Bernardino-Ontario, CA",06065043517,Riverside County,0.789685274523317,0.349684089603676,0.063210790796086
154437,ShingletownCCB,0.0,39820,"Redding, CA",06089012603,Shasta County,0.160058379956215,0.230029585798817,0.054578532443905
154459,"Willow Creek, California",2.6,21700,"Eureka-Arcata, CA",06023010102,Humboldt County,0.272885789014821,0.305960264900662,0.053775743707094
154465,McClellan Stud,0.1,21700,"Eureka-Arcata, CA",06023010902,Humboldt County,0.160675512665862,0.299733462563606,0.120854412591343
154475,Dieter,0.0,42220,"Santa Rosa-Petaluma, CA",06097152501,Sonoma County,0.43859649122807,0.215365551425031,0.04702455264253
154573,Sonoma Raceway,1.4,42220,"Santa Rosa-Petaluma, CA",06097150612,Sonoma County,0.314016442751153,0.104471626228193,0.026252158894646
154625,Rosie's House,2.0,41860,"San Francisco-Oakland-Fremont, CA",06001408700,Alameda County,0.909737124463519,0.509269210102096,0.069739235900546
154675,Bernhard,2.1,41860,"San Francisco-Oakland-Fremont, CA",06013362000,Contra Costa County,0.450918079096045,0.140431552882915,0.043911007025761
154673,Private Home,1.2,40900,"Sacramento-Roseville-Folsom, CA",06061020606,Placer County,0.39121387283237,0.054848414718815,0.016585365853659
154681,Diablo Digital Printing,3.9,41860,"San Francisco-Oakland-Fremont, CA",06013325000,Contra Costa County,0.460964129199805,0.105793450881612,0.030245746691871
154721,GHHC,0.0,42220,"Santa Rosa-Petaluma, CA",06097151503,Sonoma County,0.191469194312796,0.11563981042654,0.0261748958953
154757,MCC,1.3,40900,"Sacramento-Roseville-Folsom, CA",06067008908,Sacramento County,0.460800667222686,0.33521421107628,0.056122448979592
154773,Purple Air Tahoe City,1.7,40900,"Sacramento-Roseville-Folsom, CA",06061022200,Placer County,0.086614173228346,0.083989501312336,0.0
154787,TNL,1.4,40900,"Sacramento-Roseville-Folsom, CA",06061022100,Placer County,0.081858407079646,0.064159292035398,0.007058823529412
154785,WWD,32.2,46020,"Truckee-Grass Valley, CA",06057000404,Nevada County,0.07794981313401,0.363709246392304,0.005988023952096
154807,"15112 Cedar View, Nevada City, CA 95959",2.2,46020,"Truckee-Grass Valley, CA",06057000801,Nevada County,0.161467889908257,0.302788104089219,0.087524752475248
154815,Ferguson Rd,0.0,42220,"Santa Rosa-Petaluma, CA",06097153602,Sonoma County,0.211297071129707,0.189005235602094,0.030762167125803
154837,Inverness Park,0.6,41860,"San Francisco-Oakland-Fremont, CA",06013345111,Contra Costa County,0.71025641025641,0.137788494660696,0.044991789819376
154849,Saddleback,1.8,40900,"Sacramento-Roseville-Folsom, CA",06061021801,Placer County,0.117094017094017,0.13034188034188,0.016493873704053
154859,Cerise Ave,6.6,31080,"Los Angeles-Long Beach-Anaheim, CA",06037651101,Los Angeles County,0.643673205432205,0.088839779005525,0.037284894837476
154931,Lot 27,8.4,41740,"San Diego-Chula Vista-Carlsbad, CA",06073020807,San Diego County,0.29106529209622,0.127491408934708,0.033536585365854
154955,Village Drive,2.8,17020,"Chico, CA",06007001601,Butte County,0.156544502617801,0.066492146596859,0.045933734939759
155019,Vineyard Circle,0.4,42220,"Santa Rosa-Petaluma, CA",06097150303,Sonoma County,0.233772693359861,0.07525,0.067360685854256
155033,McCourtney &amp; Lucas Hill,1.8,46020,"Truckee-Grass Valley, CA",06057000200,Nevada County,0.130046445158985,0.305983518452168,0.057228915662651
155045,Tabuenca,7.4,31080,"Los Angeles-Long Beach-Anaheim, CA",06059032020,Orange County,0.359427048634244,0.08927381745503,0.052839785250071
155081,JWP Ranch,1.5,23420,"Fresno, CA",06039000111,Madera County,0.144434628975265,0.367053364269142,0.361573373676248
155089,"Glenshire, Truckee",1.7,46020,"Truckee-Grass Valley, CA",06057001205,Nevada County,0.095181907571288,0.148140861695849,0.073706591070163
155121,Grizzly Hill School,1.8,46020,"Truckee-Grass Valley, CA",06057000900,Nevada County,0.179814077025232,0.327609337268581,0.021739130434783
155173,Windgap West,0.0,46020,"Truckee-Grass Valley, CA",06057001205,Nevada County,0.095181907571288,0.148140861695849,0.073706591070163
155207,Hickory Park W 230th St,6.0,31080,"Los Angeles-Long Beach-Anaheim, CA",06037651101,Los Angeles County,0.643673205432205,0.088839779005525,0.037284894837476
155205,San Jose Felder Drive,0.8,41940,"San Jose-Sunnyvale-Santa Clara, CA",06085512031,Santa Clara County,0.556646870717223,0.063042485153038,0.030789245446661
155235,Lassen High School,2.0,45000,"Susanville, CA",06035040304,Lassen County,0.151139742319128,0.54630593132154,0.016877637130802
155257,Silverfork,3.8,40900,"Sacramento-Roseville-Folsom, CA",06017031900,El Dorado County,0.058823529411765,0.082352941176471,0.0
155319,Katherine Elm.,12.3,37100,"Oxnard-Thousand Oaks-Ventura, CA",06111008303,Ventura County,0.390062949640288,0.257129608161373,0.048936170212766
155341,Wallace Creek Carport,0.0,42220,"Santa Rosa-Petaluma, CA",06097154000,Sonoma County,0.278116826503923,0.095092024539877,0.039028620988725
155365,Meyers Neighborhood,1.0,40900,"Sacramento-Roseville-Folsom, CA",06017030502,El Dorado County,0.231225296442688,0.118322121092204,0.024199288256228
155385,Cedros,12.5,31080,"Los Angeles-Long Beach-Anaheim, CA",06037128400,Los Angeles County,0.48832822447536,0.207026644659278,0.036598117811084
155395,Drake Estates,0.3,42220,"Santa Rosa-Petaluma, CA",06097153710,Sonoma County,0.275,0.240202275600506,0.078361531611754
155401,EAA Chapter 526,1.9,40900,"Sacramento-Roseville-Folsom, CA",06061021802,Placer County,0.239679419325571,0.234789391575663,0.029834254143646
155431,Sandlewood,0.5,41860,"San Francisco-Oakland-Fremont, CA",06081611700,San Mateo County,0.872433760308826,0.126688892788208,0.068321078431373
155471,UCM-44be,0.0,44700,"Stockton-Lodi, CA",06077000401,San Joaquin County,0.668067226890756,0.535931355023239,0.109219858156028
155483,Ucm-1a49,0.0,44700,"Stockton-Lodi, CA",06077003115,San Joaquin County,0.628104875804968,0.44296228150874,0.104862579281184
155487,ucm-e2a1,0.0,44700,"Stockton-Lodi, CA",06077003504,San Joaquin County,0.87882096069869,0.153275799197763,0.034474081529945
155489,ucm-386,0.0,44700,"Stockton-Lodi, CA",06077001501,San Joaquin County,0.957233704292528,0.22050787528126,0.028045838359469
155503,UCM-1ac6,41.8,44700,"Stockton-Lodi, CA",06077002402,San Joaquin County,0.986321446018564,0.541095890410959,0.030197444831591
155505,ucm-1a74,0.0,44700,"Stockton-Lodi, CA",06077002000,San Joaquin County,0.914534567229178,0.431954273271639,0.045486851457001
155519,Ucm-1ADE,0.0,44700,"Stockton-Lodi, CA",06077000101,San Joaquin County,0.931473620375985,0.747725894481504,0.083209509658247
155523,keck park,0.0,23420,"Fresno, CA",06019008000,Fresno County,0.666353560022544,0.422377080913666,0.124315212810788
155521,UCM-aea0,0.0,44700,"Stockton-Lodi, CA",06077003119,San Joaquin County,0.654950996958432,0.061169313957418,0.022727272727273
155527,N. San Joaquin PA,3211.4,23420,"Fresno, CA",06019008200,Fresno County,0.963000336360579,0.651698620921628,0.155685920577617
155533,UCM-f975,0.0,44700,"Stockton-Lodi, CA",06077001502,San Joaquin County,0.852132223063336,0.579128137384412,0.14058524173028
155537,UCM-1A11,0.0,44700,"Stockton-Lodi, CA",06077002504,San Joaquin County,0.952001819836215,0.407643312101911,0.03659793814433
155541,Joseph A Gregori High School,0.0,33700,"Modesto, CA",06099000501,Stanislaus County,0.538812154696133,0.120460216246188,0.024863387978142
155551,Buttonwillow community monitor,0.0,12540,"Bakersfield-Delano, CA",06029006600,Kern County,0.756107924367963,0.511578044596912,0.080102040816327
155579,Poplar community monitor (CCEJN),1.0,47300,"Visalia, CA",06107003401,Tulare County,0.74397299903568,0.503895451118371,0.130939809926082
155585,UCM-e67d,0.0,44700,"Stockton-Lodi, CA",06077000401,San Joaquin County,0.668067226890756,0.535931355023239,0.109219858156028
155591,UCM-e685,0.0,44700,"Stockton-Lodi, CA",06077003808,San Joaquin County,0.768659793814433,0.355872622001654,0.046990291262136
155595,UCM-B232,0.0,44700,"Stockton-Lodi, CA",06077003503,San Joaquin County,0.8528,0.219125878289865,0.091128148959474
155597,UCM-DD9,0.0,44700,"Stockton-Lodi, CA",06077000803,San Joaquin County,0.958083832335329,0.362104539202201,0.024844720496894
155601,UCM-1a5d,0.0,44700,"Stockton-Lodi, CA",06077001102,San Joaquin County,0.654779686333084,0.395966830003769,0.056933712891419
155607,UCM-7edb,0.0,44700,"Stockton-Lodi, CA",06077002504,San Joaquin County,0.952001819836215,0.407643312101911,0.03659793814433
155605,UCM-72:85,0.0,44700,"Stockton-Lodi, CA",06077002800,San Joaquin County,0.936442031299904,0.337922202657276,0.050913838120104
155611,ucm- 33DC,0.0,44700,"Stockton-Lodi, CA",06077002100,San Joaquin County,0.933538883179171,0.657402641962601,0.104561101549053
155609,Colingita,3322.4,23420,"Fresno, CA",06019007801,Fresno County,0.992571630703926,0.430845419172267,0.151954602774275
155613,UCM-f81c,0.0,44700,"Stockton-Lodi, CA",06077000402,San Joaquin County,0.830779785044592,0.631921824104234,0.021924482338611
155623,ucm-19AE,0.0,44700,"Stockton-Lodi, CA",06077003504,San Joaquin County,0.87882096069869,0.153275799197763,0.034474081529945
155621,UCM-E6:8F,3082.8,23420,"Fresno, CA",06019004006,Fresno County,0.981931112365895,0.667343387470998,0.182329769274057
155627,ucm-1c69,0.0,44700,"Stockton-Lodi, CA",06077002702,San Joaquin County,0.927432216905901,0.517012227538543,0.155109489051095
155625,ucm-e6fc,0.0,44700,"Stockton-Lodi, CA",06077005135,San Joaquin County,0.508907363420428,0.141684769490707,0.042522418281747
155629,UCM-5f4f,0.0,44700,"Stockton-Lodi, CA",06077002201,San Joaquin County,0.985129068462402,0.788083192804947,0.106656580937973
155635,ucm-4c3,0.0,32900,"Merced, CA",06047001801,Merced County,0.727887426900585,0.228391356542617,0.265673981191223
155639,UCM-4b7,0.0,44700,"Stockton-Lodi, CA",06077000402,San Joaquin County,0.830779785044592,0.631921824104234,0.021924482338611
155643,ucm- 8b4a,0.0,44700,"Stockton-Lodi, CA",06077001600,San Joaquin County,0.852044907778669,0.443418940609952,0.046918123275069
155647,UCM-18e3,0.0,44700,"Stockton-Lodi, CA",06077002300,San Joaquin County,0.969517543859649,0.508991228070175,0.04551724137931
155655,MH1,0.0,44700,"Stockton-Lodi, CA",06077003118,San Joaquin County,0.580334190231362,0.143637532133676,0.052884615384615
155657,UCM-1d9c,0.1,47300,"Visalia, CA",06107002702,Tulare County,0.532841140529532,0.361761710794297,0.230849400729547
155671,Lost Hills,0.0,12540,"Bakersfield-Delano, CA",06029004500,Kern County,0.938164893617021,0.610704787234043,0.082298136645963
155673,UCM-7266,0.0,44700,"Stockton-Lodi, CA",06077001800,San Joaquin County,0.878760045924225,0.47022303977926,0.058507783145464
155681,ucm-1ae1,0.0,23420,"Fresno, CA",06019006411,Fresno County,0.136375488917862,0.229465449804433,0.041244083840433
155691,UCM-1217,0.0,44700,"Stockton-Lodi, CA",06077001200,San Joaquin County,0.46730571722013,0.148821218074656,0.054653465346535
155701,Cypress Elementary,9.8,37100,"Oxnard-Thousand Oaks-Ventura, CA",06111005801,Ventura County,0.277919528949951,0.053189401373896,0.049897750511247
155707,Moorpark Unified School District - District Office,11.7,37100,"Oxnard-Thousand Oaks-Ventura, CA",06111007611,Ventura County,0.916166333110963,0.298975957257346,0.059791332263242
155709,Moorpark Unified School District - District Office,12.3,37100,"Oxnard-Thousand Oaks-Ventura, CA",06111007611,Ventura County,0.916166333110963,0.298975957257346,0.059791332263242
155715,Redwood Middle School,9.7,37100,"Oxnard-Thousand Oaks-Ventura, CA",06111006700,Ventura County,0.300925925925926,0.132936507936508,0.031948881789137
155713,Ladera Elementary School,13.2,37100,"Oxnard-Thousand Oaks-Ventura, CA",06111006400,Ventura County,0.321562952243126,0.132272069464544,0.045127910319057
155717,Los Cerritos Middle,13.3,37100,"Oxnard-Thousand Oaks-Ventura, CA",06111007508,Ventura County,0.355059599289881,0.16513527309852,0.044753853804078
155727,Vally View Middle School,12.8,37100,"Oxnard-Thousand Oaks-Ventura, CA",06111008402,Ventura County,0.384673319525513,0.06218009478673,0.086051568810189
155755,Moorpark Unified School District - District Office,8.5,37100,"Oxnard-Thousand Oaks-Ventura, CA",06111007609,Ventura County,0.25,0.062202852614897,0.056231003039514
155793,Woking,13.5,31080,"Los Angeles-Long Beach-Anaheim, CA",06037188202,Los Angeles County,0.439814814814815,0.120701058201058,0.037187977585329
155801,FMC,3.9,42220,"Santa Rosa-Petaluma, CA",06097153903,Sonoma County,0.247139588100687,0.236460717009916,0.028341993386868
155827,Glenwood Elementary,11.5,37100,"Oxnard-Thousand Oaks-Ventura, CA",06111006800,Ventura County,0.39545570589737,0.172070462088333,0.038405444822557
155829,Tower,1.7,23420,"Fresno, CA",06019002200,Fresno County,0.670411985018727,0.428648357565967,0.135049683830172
155887,Moorpark Unified School District - District Office,12.8,37100,"Oxnard-Thousand Oaks-Ventura, CA",06111007613,Ventura County,0.338097364895042,0.074586869138008,0.061331013484124
155979,NSCAPCD,0.1,42220,"Santa Rosa-Petaluma, CA",06097153808,Sonoma County,0.396416573348264,0.155095184770437,0.066271018793274
155999,PVSD District Office,12.3,37100,"Oxnard-Thousand Oaks-Ventura, CA",06111005404,Ventura County,0.541910828025478,0.105747126436782,0.02730551262236
156027,Ocean View Junior High,10.7,37100,"Oxnard-Thousand Oaks-Ventura, CA",06111004715,Ventura County,0.900856531049251,0.317130620985011,0.118399339933993
156079,"Williamson Ranch, EG",2.4,40900,"Sacramento-Roseville-Folsom, CA",06067009308,Sacramento County,0.408826450972045,0.224861328402788,0.048463356973995
156099,Serramonte Drive - Los Gatos,0.5,41940,"San Jose-Sunnyvale-Santa Clara, CA",06085507003,Santa Clara County,0.278139232270657,0.102101116217991,0.0
156129,JFam_Outdoor,0.2,42220,"Santa Rosa-Petaluma, CA",06097150610,Sonoma County,0.368682901283058,0.112856768787641,0.05386289445049
156165,FCW-Geyserville,0.0,42220,"Santa Rosa-Petaluma, CA",06097154100,Sonoma County,0.306160882432069,0.137772984631976,0.042950513538749
156279,Juniper Court,0.0,41500,"Salinas, CA",06053014301,Monterey County,0.562605277933745,0.189752252252252,0.036396724294813
156309,CL-Air,0.6,42220,"Santa Rosa-Petaluma, CA",06097151000,Sonoma County,0.288100208768267,0.293026040107752,0.05223478729133
156379,Campbell Theater,0.8,41860,"San Francisco-Oakland-Fremont, CA",06013316000,Contra Costa County,0.526079136690647,0.421649484536082,0.124223602484472
156431,Mill Site Rd,0.0,42100,"Santa Cruz-Watsonville, CA",06087120902,Santa Cruz County,0.284972022382094,0.104814137720902,0.014310645724258
156707,TopOfHoen,0.1,42220,"Santa Rosa-Petaluma, CA",06097151503,Sonoma County,0.191469194312796,0.11563981042654,0.0261748958953
156747,willowgate,0.5,41940,"San Jose-Sunnyvale-Santa Clara, CA",06085502907,Santa Clara County,0.477505112474438,0.169270166453265,0.069143932267168
156791,MDAQMD_AVUSD_RIO,3.4,40140,"Riverside-San Bernardino-Ontario, CA",06071009725,San Bernardino County,0.492965367965368,0.244643838124886,0.085618085618086
156975,"Meyers, CA",1.5,40900,"Sacramento-Roseville-Folsom, CA",06017030502,El Dorado County,0.231225296442688,0.118322121092204,0.024199288256228
156985,PurpleBee,0.6,41860,"San Francisco-Oakland-Fremont, CA",06013347000,Contra Costa County,0.246133254015467,0.065734681737061,0.043165467625899
156999,BOSTON/MAYFIELD,19.2,31080,"Los Angeles-Long Beach-Anaheim, CA",06037300400,Los Angeles County,0.582693649685973,0.131210636808957,0.106329113924051
157009,MDAQMD_AVUSD_GHHS,3.9,40140,"Riverside-San Bernardino-Ontario, CA",06071009713,San Bernardino County,0.544064748201439,0.353711790393013,0.14071661237785
157055,DWR NRO,0.0,39780,"Red Bluff, CA",06103000400,Tehama County,0.20024551173853,0.166252330640149,0.050526315789474
157081,Olivelands Elementary School,11.8,37100,"Oxnard-Thousand Oaks-Ventura, CA",06111000800,Ventura County,0.751269608396343,0.19760749351089,0.047337278106509
157101,MDAQMD_AVUSD_RV,2.6,40140,"Riverside-San Bernardino-Ontario, CA",06071009713,San Bernardino County,0.544064748201439,0.353711790393013,0.14071661237785
157135,Pepperwood Preserve,5.5,42220,"Santa Rosa-Petaluma, CA",06097153807,Sonoma County,0.318448583822404,0.079101811686655,0.012433392539964
157139,SCWS,1.7,42100,"Santa Cruz-Watsonville, CA",06087120700,Santa Cruz County,0.160481927710843,0.096626506024096,0.032846715328467
157137,"Ferndale, CA",1.6,21700,"Eureka-Arcata, CA",06023011200,Humboldt County,0.301665799062988,0.356676247713614,0.105351170568562
157145,Hueneme Elementary School District,6.3,37100,"Oxnard-Thousand Oaks-Ventura, CA",06111004400,Ventura County,0.7342399773339,0.404306559002692,0.084514300438031
157163,EL RANCHO,0.0,42220,"Santa Rosa-Petaluma, CA",06097153502,Sonoma County,0.207150368033649,0.157797681770284,0.014232673267327
157201,MDAQMD_AVUSD_SYC,1.5,40140,"Riverside-San Bernardino-Ontario, CA",06071012105,San Bernardino County,0.394846796657382,0.2778940027894,0.078125
157251,MDAQMD_AVUSD_PHX,3.8,40140,"Riverside-San Bernardino-Ontario, CA",06071009727,San Bernardino County,0.831086773378265,0.703820983744986,0.16082711085583
157419,Snsn,10.2,31080,"Los Angeles-Long Beach-Anaheim, CA",06037573300,Los Angeles County,0.963174273858921,0.702830188679245,0.110889774236388
157463,Sugar Pine Creekside Cabin,2.9,23420,"Fresno, CA",06039000103,Madera County,0.195682258510933,0.317004504504505,0.067080045095829
157521,EDCAQMD Meyers,3.5,40900,"Sacramento-Roseville-Folsom, CA",06017030502,El Dorado County,0.231225296442688,0.118322121092204,0.024199288256228
157671,I i,7.7,31080,"Los Angeles-Long Beach-Anaheim, CA",06037572202,Los Angeles County,0.813027042744984,0.231775700934579,0.074846625766871
157673,Sna,8.9,31080,"Los Angeles-Long Beach-Anaheim, CA",06037573403,Los Angeles County,0.733806292412091,0.083590376310919,0.021802325581395
157683,Lb1827,4.6,31080,"Los Angeles-Long Beach-Anaheim, CA",06037576602,Los Angeles County,0.50631600745496,0.218082879866053,0.06271676300578
157687,Jdn,7.2,31080,"Los Angeles-Long Beach-Anaheim, CA",06037578100,Los Angeles County,0.464332603938731,1.0,0.073791348600509
157971,D Street,5.7,41740,"San Diego-Chula Vista-Carlsbad, CA",06073017501,San Diego County,0.170243724990906,0.136961285609934,0.058240396530359
157991,Matthew Turner Elementary,0.2,46700,"Vallejo, CA",06095252104,Solano County,0.551995888298784,0.079150248415282,0.027478260869565
157995,Benicia High School,0.5,46700,"Vallejo, CA",06095252108,Solano County,0.308744993324433,0.119158878504673,0.092345078979344
158065,Benicia Unified School District,0.4,46700,"Vallejo, CA",06095252000,Solano County,0.292410183202474,0.167261479895313,0.061005770816158
158129,Benicia Middle School,0.0,46700,"Vallejo, CA",06095252106,Solano County,0.400982362134405,0.141995981245814,0.010174418604651
158171,MDAQMD_AVUSD_SBA,21.0,40140,"Riverside-San Bernardino-Ontario, CA",06071009725,San Bernardino County,0.492965367965368,0.244643838124886,0.085618085618086
158181,CARB Smoke EDCAQMD CPCSD Outdoor,2.0,40900,"Sacramento-Roseville-Folsom, CA",06017030807,El Dorado County,0.228604250430787,0.0807007466973,0.045112781954887
158197,Pine Way,1.1,41940,"San Jose-Sunnyvale-Santa Clara, CA",06085509600,Santa Clara County,0.592561983471074,0.221578366445916,0.014157014157014
158201,MDAQMD_AVUSD_SAN,3.3,40140,"Riverside-San Bernardino-Ontario, CA",06071009709,San Bernardino County,0.662423055400112,0.619054280917739,0.087394957983193
158259,Rise-10,2.1,41860,"San Francisco-Oakland-Fremont, CA",06081602400,San Mateo County,0.66304347826087,0.105683603981142,0.00320987654321
158367,EDCAQMD Placerville Station II,1.9,40900,"Sacramento-Roseville-Folsom, CA",06017031100,El Dorado County,0.250521251002406,0.269002089024586,0.037235627047959
158371,EDCAQMD Meadowcrest,1.3,40900,"Sacramento-Roseville-Folsom, CA",06017030201,El Dorado County,0.404109589041096,0.371519490851233,0.013868613138686
158587,EDCAQMD Otter Creek Elementary,2.0,40900,"Sacramento-Roseville-Folsom, CA",06017030604,El Dorado County,0.100217864923747,0.4880174291939,0.164739884393064
158597,EDCAQMD GOLDEN BEAR,1.0,40900,"Sacramento-Roseville-Folsom, CA",06017030504,El Dorado County,0.200868621064061,0.121322193970214,0.046113306982872
158623,EDCAQMD Mosquito Station 75,1.7,40900,"Sacramento-Roseville-Folsom, CA",06017030603,El Dorado County,0.183106267029973,0.227608874281019,0.02315661182206
158785,Ms Commons,0.0,42220,"Santa Rosa-Petaluma, CA",06097153808,Sonoma County,0.396416573348264,0.155095184770437,0.066271018793274
158817,"Ganley St, San Lorenzo",0.7,41860,"San Francisco-Oakland-Fremont, CA",06001436000,Alameda County,0.729174814235432,0.137856863511928,0.076439790575916
159185,The Shire,6.0,42220,"Santa Rosa-Petaluma, CA",06097153705,Sonoma County,0.252336448598131,0.143691588785047,0.042809042809043
159603,Day Valley,3.5,42100,"Santa Cruz-Watsonville, CA",06087122002,Santa Cruz County,0.154487821154488,0.085398526456798,0.071785268414482
159749,Morningside Drive,0.0,41860,"San Francisco-Oakland-Fremont, CA",06041115000,Marin County,0.226365348399247,0.109365018525616,0.070205066344994
159873,La Jolla Shores 3,7.9,41740,"San Diego-Chula Vista-Carlsbad, CA",06073008312,San Diego County,0.291199054932073,0.073632752826153,0.058060531192094
160063,ALPINE WATERCRAFT INSPECTION STATION,1.2,40900,"Sacramento-Roseville-Folsom, CA",06061022014,Placer County,0.087825560266505,0.232586311326469,0.061835748792271
160163,La Mirada PA Classic,10.7,31080,"Los Angeles-Long Beach-Anaheim, CA",06037503902,Los Angeles County,0.68734861188746,0.164365671641791,0.031566640685892
160213,West Modesto2,3.9,33700,"Modesto, CA",06099001603,Stanislaus County,0.83173623517947,0.370720573850668,0.084829285462865
160313,Black Dog Hollow,0.0,46020,"Truckee-Grass Valley, CA",06057000701,Nevada County,0.107767385115901,0.224345940084045,0.056179775280899
160331,Heritage Ranch,2.1,42020,"San Luis Obispo-Paso Robles, CA",06079010017,San Luis Obispo County,0.199866161052866,0.261526017794554,0.044378698224852
160361,Allied Gardens,7.4,41740,"San Diego-Chula Vista-Carlsbad, CA",06073009704,San Diego County,0.356880171621207,0.164725712534478,0.106303724928367
160863,Willowglen,1.3,40900,"Sacramento-Roseville-Folsom, CA",06061021103,Placer County,0.416854623744105,0.267791032496915,0.074868322046652
161029,Castleview,10.0,40140,"Riverside-San Bernardino-Ontario, CA",06065042208,Riverside County,0.311011391094235,0.100692041522491,0.02901023890785
161043,1940 Los Robles blvd,1.2,40900,"Sacramento-Roseville-Folsom, CA",06067006300,Sacramento County,0.647135135135135,0.520503362985463,0.117248566961959
161045,MurietaWay,1.4,40900,"Sacramento-Roseville-Folsom, CA",06067003502,Sacramento County,0.552983371372677,0.254972285621128,0.0463368816531
161055,The Gardens PurpleAir Sensor March 11 2023,2.1,40900,"Sacramento-Roseville-Folsom, CA",06067004301,Sacramento County,0.862859781437587,0.380945051562259,0.151819322459222
161063,C B Wire Elementary SCUSD,0.0,40900,"Sacramento-Roseville-Folsom, CA",06067004604,Sacramento County,0.881125961927906,0.575107296137339,0.103942652329749
161081,Apprentice Ct,1.3,40900,"Sacramento-Roseville-Folsom, CA",06067001702,Sacramento County,0.253566621803499,0.313630229419703,0.0
161089,Boxwood,4.1,40900,"Sacramento-Roseville-Folsom, CA",06067006902,Sacramento County,0.628579864186596,0.513025458851391,0.015103838892385
161095,"Oak Park, Sacramento",0.9,40900,"Sacramento-Roseville-Folsom, CA",06067002700,Sacramento County,0.566371681415929,0.429763960852044,0.06330806954971
161101,GEO Garden,1.6,40900,"Sacramento-Roseville-Folsom, CA",06067006501,Sacramento County,0.929934924078091,0.630151843817787,0.132269099201824
161181,B St,1.7,40900,"Sacramento-Roseville-Folsom, CA",06067000300,Sacramento County,0.23015873015873,0.120181405895692,0.035732009925558
161195,Petaluma Western Ave gopher farm,0.0,42220,"Santa Rosa-Petaluma, CA",06097150800,Sonoma County,0.33032967032967,0.13001415762152,0.029766693483508
161215,EMK2,5.3,41740,"San Diego-Chula Vista-Carlsbad, CA",06073010601,San Diego County,0.366027397260274,0.104109589041096,0.038777908343126
161219,La Sierra,0.1,41740,"San Diego-Chula Vista-Carlsbad, CA",06073021600,San Diego County,0.417276720351391,0.24317362184441,0.03125
161443,Chamberlain Street,1.2,40900,"Sacramento-Roseville-Folsom, CA",06017031200,El Dorado County,0.196074731081336,0.224031327287716,0.071805273833671
161465,Miller Lane,0.0,40900,"Sacramento-Roseville-Folsom, CA",06061021604,Placer County,0.181373879989139,0.113556098886172,0.026506024096386
161513,2229 Lake,1.6,40900,"Sacramento-Roseville-Folsom, CA",06061022014,Placer County,0.087825560266505,0.232586311326469,0.061835748792271
161609,Alta Sierra Ranches,1.9,46020,"Truckee-Grass Valley, CA",06057000107,Nevada County,0.159876543209877,0.162654320987654,0.003612716763006
161619,San Roque,9.5,42200,"Santa Maria-Santa Barbara, CA",06083000502,Santa Barbara County,0.178313253012048,0.133456904541242,0.026039783001808
161643,Riverbend,1.0,40900,"Sacramento-Roseville-Folsom, CA",06067007020,Sacramento County,0.57807993407499,0.128553770086527,0.040419161676647
161649,"Ridge Rd,  midway point",1.3,40900,"Sacramento-Roseville-Folsom, CA",06061020501,Placer County,0.194275491949911,0.155992844364937,0.059757942511346
161799,St. Francis Acres,0.3,42220,"Santa Rosa-Petaluma, CA",06097152601,Sonoma County,0.264204545454545,0.045270574126818,0.124483775811209
162153,Gladys Ave,0.2,41940,"San Jose-Sunnyvale-Santa Clara, CA",06085509109,Santa Clara County,0.675593426658551,0.194109568136731,0.025174476570289
162173,Bay Point Riverview,0.8,41860,"San Francisco-Oakland-Fremont, CA",06013314103,Contra Costa County,0.883507382066979,0.398451566438603,0.064446053584359
162183,Kite Hill,5.4,31080,"Los Angeles-Long Beach-Anaheim, CA",06059042319,Orange County,0.373461012311901,0.099917650288224,0.056461001164144
162221,GHP South of Live Oak,12.1,31080,"Los Angeles-Long Beach-Anaheim, CA",06037431502,Los Angeles County,0.830022573363431,0.274182483420992,0.033047210300429
162243,Maltese place,0.0,42220,"Santa Rosa-Petaluma, CA",06097150305,Sonoma County,0.722002635046113,0.265480895915679,0.014390789894468
162263,Gateley,0.2,41860,"San Francisco-Oakland-Fremont, CA",06081609602,San Mateo County,0.425531914893617,0.031914893617021,0.033333333333333
162295,Robin Ridge - Sonora,1.3,43760,"Sonora, CA",06109004101,Tuolumne County,0.178607467204844,0.170871173898419,0.055797101449275
162477,A Team,2.4,12540,"Bakersfield-Delano, CA",06029005103,Kern County,0.373555247341655,0.452149791955617,0.013432835820896
162535,SL2,6.3,31080,"Los Angeles-Long Beach-Anaheim, CA",06037576801,Los Angeles County,0.628816282806642,0.283877878950187,0.033759124087591
162567,Japantown,0.8,41940,"San Jose-Sunnyvale-Santa Clara, CA",06085501101,Santa Clara County,0.742046234836347,0.229553264604811,0.04374286801065
162623,Bengali Street,18.2,41860,"San Francisco-Oakland-Fremont, CA",06013355126,Contra Costa County,0.764247358392517,0.06028061666378,0.030799220272904
162635,YOSE @Tuolumne Meadows,0.1,43760,"Sonora, CA",06109004201,Tuolumne County,0.191161356628983,0.198355601233299,0.077111383108935
162999,ucm-78ec,1.8,44700,"Stockton-Lodi, CA",06077002201,San Joaquin County,0.985129068462402,0.788083192804947,0.106656580937973
163003,ucm-8ca4,1.8,23420,"Fresno, CA",06019007700,Fresno County,0.853832442067736,0.471479500891266,0.057692307692308
163005,ucm-c36f,14.9,44700,"Stockton-Lodi, CA",06077001102,San Joaquin County,0.654779686333084,0.395966830003769,0.056933712891419
163011,"John Muir Elementary Modesto,CA",2.4,33700,"Modesto, CA",06099001002,Stanislaus County,0.503782148260212,0.347655068078669,0.084680025856496
163017,ucm-f77d,0.0,44700,"Stockton-Lodi, CA",06077003115,San Joaquin County,0.628104875804968,0.44296228150874,0.104862579281184
163031,UCM-4d6a,0.0,44700,"Stockton-Lodi, CA",06077005135,San Joaquin County,0.508907363420428,0.141684769490707,0.042522418281747
163035,ucm-cd6d,0.0,44700,"Stockton-Lodi, CA",06077003307,San Joaquin County,0.876576390324581,0.544406490179334,0.063333333333333
163039,ucm-431d,6.8,41500,"Salinas, CA",06053012000,Monterey County,0.42456608811749,0.18958611481976,0.04525627044711
163037,ucm-7e1f,12.8,41500,"Salinas, CA",06053011305,Monterey County,0.877718597425655,0.50033564555829,0.026949541284404
163041,ucm-f94b,1.3,41500,"Salinas, CA",06053000502,Monterey County,0.944712505026136,0.479951150010177,0.036515388628065
163045,ucm-54f,2.5,23420,"Fresno, CA",06019008304,Fresno County,0.945897607869439,0.611095142282265,0.125235997482694
163049,ucm-65cc,1.9,41500,"Salinas, CA",06053014110,Monterey County,0.312995729103112,0.069249542403905,0.034515218073423
163071,ucm-9742,2.1,41500,"Salinas, CA",06053011104,Monterey County,0.913519637462236,0.366603053435115,0.01329534662868
163069,ucm-8b62,0.9,41500,"Salinas, CA",06053000104,Monterey County,0.842753217683268,0.166573191250701,0.051883878937616
163073,ucm-49a1,58.3,23420,"Fresno, CA",06019008405,Fresno County,0.97341211225997,0.662481536189069,0.076464746772592
163079,ucm-2a64,1.4,41500,"Salinas, CA",06053010804,Monterey County,0.922741078208049,0.432611996962794,0.015758091993186
163081,ucm-c110,0.0,23420,"Fresno, CA",06019006408,Fresno County,0.353003161222339,0.223753976670201,0.037406483790524
163085,ucm-653B,7.9,41500,"Salinas, CA",06053010506,Monterey County,0.945706460447882,0.442694805194805,0.03552026744672
163097,ucm-1ed,2.0,23420,"Fresno, CA",06019004213,Fresno County,0.588410991636798,0.140503295386459,0.051268772656655
163123,UCM-412,1.8,23420,"Fresno, CA",06019006405,Fresno County,0.246339202965709,0.133642261353105,0.028301886792453
163127,UCM-F17,1.6,23420,"Fresno, CA",06019007004,Fresno County,0.781270903010034,0.299235344095157,0.025855513307985
163133,UCM-A7C0,0.7,23420,"Fresno, CA",06019007903,Fresno County,0.793247684493576,0.581144594968206,0.070422535211268
163149,ucm-C045,1.8,41500,"Salinas, CA",06053000502,Monterey County,0.944712505026136,0.479951150010177,0.036515388628065
163183,Enochs High School,43.9,33700,"Modesto, CA",06099000405,Stanislaus County,0.604783599088838,0.469333333333333,0.124634858812074
163189,Everett Elementary School,6.9,33700,"Modesto, CA",06099000805,Stanislaus County,0.659170653907496,0.378149920255183,0.117531188443861
163195,ucm-849b,4.7,44700,"Stockton-Lodi, CA",06077002401,San Joaquin County,0.966636280765725,0.401497169983568,0.056199056199056
163201,ucm-8ba3,2.2,41500,"Salinas, CA",06053014104,Monterey County,0.708074534161491,0.0,0.169491525423729
163205,John C Fremont Elementary,11.5,33700,"Modesto, CA",06099001300,Stanislaus County,0.399081063340991,0.36546383259186,0.108959632425336
163211,Bret Harte Elementary School,0.0,33700,"Modesto, CA",06099002402,Stanislaus County,0.951109439638962,0.671877943115464,0.120383693045564
163213,Shackelford Elementary,0.0,33700,"Modesto, CA",06099002304,Stanislaus County,0.86136151694125,0.584084550823749,0.242641780330223
163219,ucm-c612,13.6,44700,"Stockton-Lodi, CA",06077003504,San Joaquin County,0.87882096069869,0.153275799197763,0.034474081529945
163233,ucm-1c8a,19.7,47300,"Visalia, CA",06107002702,Tulare County,0.532841140529532,0.361761710794297,0.230849400729547
163387,SG #1 (North Breeze way),29.6,44700,"Stockton-Lodi, CA",06077002401,San Joaquin County,0.966636280765725,0.401497169983568,0.056199056199056
163391,SG #3 (Central Breeze way),0.0,44700,"Stockton-Lodi, CA",06077002401,San Joaquin County,0.966636280765725,0.401497169983568,0.056199056199056
163567,Orange Knoll Ave,13.3,40140,"Riverside-San Bernardino-Ontario, CA",06071007412,San Bernardino County,0.797935816803741,0.308512383139249,0.098322147651007
163817,42&amp;N,4.6,41860,"San Francisco-Oakland-Fremont, CA",06075035102,San Francisco County,0.719605204127411,0.098923283983849,0.025564550489987
164187,TheDuke,0.7,40900,"Sacramento-Roseville-Folsom, CA",06061020105,Placer County,0.184210526315789,0.07085020242915,0.044267877412032
164203,RT PurpleAir Home,0.0,42220,"Santa Rosa-Petaluma, CA",06097153903,Sonoma County,0.247139588100687,0.236460717009916,0.028341993386868
164213,Charles St,0.1,42220,"Santa Rosa-Petaluma, CA",06097151900,Sonoma County,0.274557445331482,0.283495846876129,0.061338289962825
164219,Loma Rica,0.9,49700,"Yuba City, CA",06115041001,Yuba County,0.336873638344227,0.16839519650655,0.043478260869565
164221,Frances Drive,0.5,39820,"Redding, CA",06089011002,Shasta County,0.215137956748695,0.304529088497252,0.063049853372434
164229,Frog Palace,3.2,21700,"Eureka-Arcata, CA",06023010600,Humboldt County,0.145863925599608,0.306823760432008,0.097222222222222
164235,Pleasant Valley,0.9,44700,"Stockton-Lodi, CA",06077004003,San Joaquin County,0.71236611489776,0.09479700433583,0.082539682539683
164259,Old Greenwood,1.3,46020,"Truckee-Grass Valley, CA",06057001205,Nevada County,0.095181907571288,0.148140861695849,0.073706591070163
164283,LKE,0.0,41860,"San Francisco-Oakland-Fremont, CA",06013361000,Contra Costa County,0.69977880554997,0.243862852505579,0.036507339104253
164307,81* 15th Ave,0.4,41860,"San Francisco-Oakland-Fremont, CA",06081610602,San Mateo County,0.610146862483311,0.119158878504673,0.076923076923077
164379,Front yard,6.6,31080,"Los Angeles-Long Beach-Anaheim, CA",06059052439,Orange County,0.699194452941776,0.18002251560741,0.036826042726348
164389,Chabot,1.8,41860,"San Francisco-Oakland-Fremont, CA",06001400200,Alameda County,0.301350721937587,0.093153237074988,0.060985797827903
164393,Hanford,1.5,25260,"Hanford-Corcoran, CA",06031000603,Kings County,0.622037550015389,0.18497999384426,0.036339165545087
164403,Sierra’s Castle,0.9,40900,"Sacramento-Roseville-Folsom, CA",06017030504,El Dorado County,0.200868621064061,0.121322193970214,0.046113306982872
164467,Khalid Ct,1.7,46020,"Truckee-Grass Valley, CA",06057000300,Nevada County,0.169685767097967,0.210526315789474,0.0282874617737
164475,Outside,0.0,41860,"San Francisco-Oakland-Fremont, CA",06013352102,Contra Costa County,0.415268941584731,0.044434763668046,0.052482842147759
164477,Old Greenwood,1.3,46020,"Truckee-Grass Valley, CA",06057001205,Nevada County,0.095181907571288,0.148140861695849,0.073706591070163
164481,West Hills Circle (Southern Fence),0.1,42220,"Santa Rosa-Petaluma, CA",06097153404,Sonoma County,0.226314309811639,0.265651438240271,0.022105263157895
164493,Robie Point,1.6,40900,"Sacramento-Roseville-Folsom, CA",06061020402,Placer County,0.184367034834325,0.250920419144718,0.040417209908735
164497,AnimalHuis,0.5,40900,"Sacramento-Roseville-Folsom, CA",06067008708,Sacramento County,0.573643410852713,0.084260195483654,0.076585059635907
164523,Jeanious,3240.5,40900,"Sacramento-Roseville-Folsom, CA",06113011208,Yolo County,0.540523128462827,0.081427015250545,0.041729135432284
164583,Avenue Del Oro,0.6,41860,"San Francisco-Oakland-Fremont, CA",06081613502,San Mateo County,0.148280337443219,0.107142857142857,0.075389948006932
164591,The Lakes Discovery Bay,0.0,41860,"San Francisco-Oakland-Fremont, CA",06013304006,Contra Costa County,0.397023086269745,0.038897396630934,0.044811320754717
164629,Royal Crest Drive,0.8,46020,"Truckee-Grass Valley, CA",06057001205,Nevada County,0.095181907571288,0.148140861695849,0.073706591070163
164651,Greenhouse,13.5,41860,"San Francisco-Oakland-Fremont, CA",06001420200,Alameda County,0.649465648854962,0.105618667485416,0.026031434184676
164653,The Castle,0.4,45000,"Susanville, CA",06035040200,Lassen County,0.082810539523212,0.412797992471769,0.159303882195448
164657,Nevada Union High School,1.8,46020,"Truckee-Grass Valley, CA",06057000504,Nevada County,0.148595172140879,0.250374812593703,0.048924731182796
164667,Deer Creek School,1.5,46020,"Truckee-Grass Valley, CA",06057000802,Nevada County,0.15778777761649,0.269036287923855,0.034809245335561
164671,Magnolia Intermediate School,1.0,46020,"Truckee-Grass Valley, CA",06057000107,Nevada County,0.159876543209877,0.162654320987654,0.003612716763006
164673,Alta Sierra Elementary,2.2,46020,"Truckee-Grass Valley, CA",06057000102,Nevada County,0.109456231558241,0.173857507805847,0.037439268362389
164695,4295 Greenview Dr,1.5,40900,"Sacramento-Roseville-Folsom, CA",06017030710,El Dorado County,0.246264981119685,0.149236578558529,0.05062436719541
164881,"Sonora, CA",0.0,43760,"Sonora, CA",06109001200,Tuolumne County,0.179059180576631,0.452754693751924,0.036092097075296
164889,"2857 Silk Oak, Thousand Oaks",11.6,37100,"Oxnard-Thousand Oaks-Ventura, CA",06111007510,Ventura County,0.350582832921229,0.051748498763688,0.035921205098494
164903,Nishinam Gulch,3308.6,46020,"Truckee-Grass Valley, CA",06057000900,Nevada County,0.179814077025232,0.327609337268581,0.021739130434783
164901,Thomas Rd.,1.6,21700,"Eureka-Arcata, CA",06023011501,Humboldt County,0.101087941976428,0.342953342953343,0.0
165071,Westlake,0.0,40900,"Sacramento-Roseville-Folsom, CA",06067007107,Sacramento County,0.721433905899925,0.14788029925187,0.012158054711246
165115,San Juan Rd,0.5,40900,"Sacramento-Roseville-Folsom, CA",06067007017,Sacramento County,0.740543569627347,0.158868030260577,0.035567010309278
165113,"Shasta Road, Apple Valley",0.0,40140,"Riverside-San Bernardino-Ontario, CA",06071009722,San Bernardino County,0.52425578831312,0.473345049794962,0.043558282208589
165207,Shelly Drive,0.6,41940,"San Jose-Sunnyvale-Santa Clara, CA",06085507701,Santa Clara County,0.8,0.060262008733624,0.009395184967704
165205,Greenview Drive,0.0,42220,"Santa Rosa-Petaluma, CA",06097152701,Sonoma County,0.409847276042854,0.184180004639295,0.022316684378321
165385,Grayson2,4.2,33700,"Modesto, CA",06099003300,Stanislaus County,0.714285714285714,0.393522626441881,0.074266503667482
165471,Cecil_Collocated,1.1,12540,"Bakersfield-Delano, CA",06029005005,Kern County,0.874649204864359,0.512628624883068,0.163624921334172
165495,N Garey and Bonita,7.8,31080,"Los Angeles-Long Beach-Anaheim, CA",06037401706,Los Angeles County,0.775960009088843,0.239407744874715,0.062983425414365
165525,weatherwong_airQ,2.4,41860,"San Francisco-Oakland-Fremont, CA",06075025900,San Francisco County,0.770348837209302,0.126453488372093,0.060569105691057
165559,Empire2,0.6,33700,"Modesto, CA",06099002002,Stanislaus County,0.635803876852908,0.430758683729433,0.144956918398378
165567,Co-located LBUSD,1.5,32900,"Merced, CA",06047002301,Merced County,0.6933091452353,0.262443438914027,0.030316845224527
165799,Middle two rock,0.2,42220,"Santa Rosa-Petaluma, CA",06097151100,Sonoma County,0.256860809476802,0.191423881821912,0.070051160960252
165971,Roseville Aquatics Complex,0.0,40900,"Sacramento-Roseville-Folsom, CA",06061021047,Placer County,0.361316319677636,0.130366374466172,0.057675628794449
165999,Bryden Outdoor,0.0,42220,"Santa Rosa-Petaluma, CA",06097152300,Sonoma County,0.112573099415205,0.125122428991185,0.097969543147208
166137,S. Natomas,1.4,40900,"Sacramento-Roseville-Folsom, CA",06067007012,Sacramento County,0.784691486592033,0.25540223900026,0.06109785202864
166145,Creekside,57.1,40900,"Sacramento-Roseville-Folsom, CA",06113011304,Yolo County,0.637226277372263,0.18029197080292,0.027649769585253
166255,Fairview Elementary School,14.3,33700,"Modesto, CA",06099002402,Stanislaus County,0.951109439638962,0.671877943115464,0.120383693045564
166325,Summerbreeze Place,1.4,39820,"Redding, CA",06089011002,Shasta County,0.215137956748695,0.304529088497252,0.063049853372434
166335,La Loma Jr High,2.8,33700,"Modesto, CA",06099001900,Stanislaus County,0.506661115736886,0.258742714404663,0.108003108003108
166349,Thomas Downey High School,3.1,33700,"Modesto, CA",06099001002,Stanislaus County,0.503782148260212,0.347655068078669,0.084680025856496
166383,Moccasin Schoolhouse 2,1.4,43760,"Sonora, CA",06109004201,Tuolumne County,0.191161356628983,0.198355601233299,0.077111383108935
166447,Kirkwood Powerhouse 2,4.5,43760,"Sonora, CA",06109004201,Tuolumne County,0.191161356628983,0.198355601233299,0.077111383108935
166445,O'Shaughnessy2,1.6,43760,"Sonora, CA",06109004201,Tuolumne County,0.191161356628983,0.198355601233299,0.077111383108935
166793,NW Modesto2,3331.0,33700,"Modesto, CA",06099000803,Stanislaus County,0.674946215529044,0.388637703951248,0.058097686375321
166797,SW Turlock2,0.6,33700,"Modesto, CA",06099003802,Stanislaus County,0.843679031037093,0.529911231184871,0.197074010327022
166919,"Martone Elementary Modesto,CA",4.5,33700,"Modesto, CA",06099000601,Stanislaus County,0.613445378151261,0.20947741364039,0.124741842213961
166931,James Marshall Elementary,5.2,33700,"Modesto, CA",06099001601,Stanislaus County,0.899102180418982,0.552167283816162,0.066441983630236
166935,Enslen Elementary,5.5,33700,"Modesto, CA",06099001300,Stanislaus County,0.399081063340991,0.36546383259186,0.108959632425336
166985,Davis High School,2.5,33700,"Modesto, CA",06099000801,Stanislaus County,0.449449895926256,0.348026805658972,0.079718998167379
167071,ucm-88d4,1.2,23420,"Fresno, CA",06019002300,Fresno County,0.670206121174266,0.574016239850094,0.163615560640732
167075,Elliot Alt. Education,3.0,33700,"Modesto, CA",06099001100,Stanislaus County,0.504441624365482,0.505742049469965,0.079829696647153
167079,Kirschen Elementary School,7.3,33700,"Modesto, CA",06099001604,Stanislaus County,0.957330415754923,0.679978118161926,0.160714285714286
167081,Modesto City Schools Transportation Department,5.5,33700,"Modesto, CA",06099000602,Stanislaus County,0.589967637540453,0.193901226383825,0.088845654993515
167093,Modesto High School,5.5,33700,"Modesto, CA",06099002200,Stanislaus County,0.891726818434203,0.591338145474736,0.102530541012216
167111,Beyer High School,1.2,33700,"Modesto, CA",06099000403,Stanislaus County,0.378521845651286,0.150673744385463,0.056389267849022
167127,Beard Elementary School,0.0,33700,"Modesto, CA",06099000801,Stanislaus County,0.449449895926256,0.348026805658972,0.079718998167379
167135,"Rose Ave Elementary Modesto,CA",2.8,33700,"Modesto, CA",06099001001,Stanislaus County,0.501205981669079,0.275328947368421,0.070974868820768
167145,Garrison Elementary School,3.9,33700,"Modesto, CA",06099001400,Stanislaus County,0.577943290212988,0.493971006638667,0.046518888541992
167159,Mark Twain Junior High,6.6,33700,"Modesto, CA",06099001500,Stanislaus County,0.75335499364317,0.370543293718166,0.202355128602417
167239,Mt Shasta Dr.,0.2,41860,"San Francisco-Oakland-Fremont, CA",06041107000,Marin County,0.226712977581307,0.064577397910731,0.024404941247364
167367,Orville Wright Elementary,3.4,33700,"Modesto, CA",06099002100,Stanislaus County,0.763349868689816,0.546623794212219,0.11865864144454
167381,T-TSA near Legacy Trail,1.3,46020,"Truckee-Grass Valley, CA",06057001205,Nevada County,0.095181907571288,0.148140861695849,0.073706591070163
167387,F.I.R.E. 2024,1.3,40900,"Sacramento-Roseville-Folsom, CA",06113010312,Yolo County,0.454178370786517,0.181850344949584,0.044628626075869
167395,2nd &amp; E,12.0,41740,"San Diego-Chula Vista-Carlsbad, CA",06073011100,San Diego County,0.257584597432905,0.103850641773629,0.076803723816912
167467,Evelyn Hanshaw Middle School,5.2,33700,"Modesto, CA",06099002402,Stanislaus County,0.951109439638962,0.671877943115464,0.120383693045564
167871,Forno 436,0.0,42220,"Santa Rosa-Petaluma, CA",06097153903,Sonoma County,0.247139588100687,0.236460717009916,0.028341993386868
168369,Der Bau,1.3,41860,"San Francisco-Oakland-Fremont, CA",06001400700,Alameda County,0.51807482135351,0.209331651954603,0.03914373088685
169739,26th and D,0.6,40900,"Sacramento-Roseville-Folsom, CA",06067000400,Sacramento County,0.378334680679062,0.212341686876853,0.061327561327561
169745,4209 Prospect,0.9,40900,"Sacramento-Roseville-Folsom, CA",06067007905,Sacramento County,0.267810026385224,0.213060686015831,0.030379746835443
169901,outside LP office,4.5,41740,"San Diego-Chula Vista-Carlsbad, CA",06073021102,San Diego County,0.444642221431114,0.360239162929746,0.104938271604938
169957,Central Davis--Redwood Lane,1.1,40900,"Sacramento-Roseville-Folsom, CA",06113010704,Yolo County,0.391222096102913,0.41418945699564,0.063829787234043
169967,emalita,0.5,41860,"San Francisco-Oakland-Fremont, CA",06081603900,San Mateo County,0.561512515533463,0.11219598792828,0.058404074702886
169977,Thornhaus,1.2,41860,"San Francisco-Oakland-Fremont, CA",06001404502,Alameda County,0.340425531914894,0.042553191489362,0.033469150174622
170467,Ducor Union Elementary School,2.0,47300,"Visalia, CA",06107004500,Tulare County,0.646958145324413,0.458021223470662,0.15527950310559
171353,Harvard Road San Mateo,0.0,41860,"San Francisco-Oakland-Fremont, CA",06081606500,San Mateo County,0.29893647599885,0.027594136246048,0.035610040863981
171517,Infinity High,4.1,41860,"San Francisco-Oakland-Fremont, CA",06075061505,San Francisco County,0.701225259189444,0.106503298774741,0.0
171531,Surrey Farms,0.6,41940,"San Jose-Sunnyvale-Santa Clara, CA",06085506900,Santa Clara County,0.336187912894544,0.059550561797753,0.039226519337017
171605,Annettes sensor,0.8,41860,"San Francisco-Oakland-Fremont, CA",06013313204,Contra Costa County,0.783083219645293,0.242832764505119,0.046668921203923
171791,Rustic Woods,1.1,40900,"Sacramento-Roseville-Folsom, CA",06061020608,Placer County,0.189839572192513,0.091784854161092,0.102838529548627
171805,Castro Valley 2,1.3,41860,"San Francisco-Oakland-Fremont, CA",06001430500,Alameda County,0.75888,0.301523522517998,0.040443379269023
171975,VVDDC,2.1,41500,"Salinas, CA",06053012800,Monterey County,0.21025641025641,0.101742919389978,0.028812056737589
172059,"1st Street, Bayside, Coronado, CA",10.7,41740,"San Diego-Chula Vista-Carlsbad, CA",06073011000,San Diego County,0.247011952191235,0.197492163009404,0.055112400290065
172069,de Haro Blvd,1.5,41860,"San Francisco-Oakland-Fremont, CA",06075061401,San Francisco County,0.471060555369689,0.172967547674808,0.106015485407981
172095,Kingswood Drive,0.8,40900,"Sacramento-Roseville-Folsom, CA",06061020106,Placer County,0.234749034749035,0.215444015444015,0.0
172187,Green Valley Ranch,0.0,46700,"Vallejo, CA",06095252204,Solano County,0.559920347574222,0.079833454018827,0.081490104772992
172191,Walavista Avenue,1.1,41860,"San Francisco-Oakland-Fremont, CA",06001405100,Alameda County,0.337622005323869,0.062111801242236,0.002836304700162
172189,Santa Rosa,4.9,31080,"Los Angeles-Long Beach-Anaheim, CA",06059042305,Orange County,0.133862578702436,0.100027480076944,0.05091533180778
172423,Fort Cronkhite,2.3,41860,"San Francisco-Oakland-Fremont, CA",06041131100,Marin County,0.143856920684292,0.173221757322176,0.048286604361371
172431,860 sycamore rd Pleasanton ca 94566,2.6,41860,"San Francisco-Oakland-Fremont, CA",06001450701,Alameda County,0.548065918974594,0.053818848047635,0.056944444444444
172615,S Lincoln St,0.2,46700,"Vallejo, CA",06095253403,Solano County,0.482511923688394,0.099480623252097,0.074048201187565
172613,HGPbbm,0.0,42220,"Santa Rosa-Petaluma, CA",06097153602,Sonoma County,0.211297071129707,0.189005235602094,0.030762167125803
172619,"DriveSavers, Inc.",0.7,41860,"San Francisco-Oakland-Fremont, CA",06041104300,Marin County,0.181400688863375,0.098163030998852,0.042430086788814
172635,Chabolyn Outside,2.1,41860,"San Francisco-Oakland-Fremont, CA",06001400200,Alameda County,0.301350721937587,0.093153237074988,0.060985797827903
172637,Presidio Hill School,4.1,41860,"San Francisco-Oakland-Fremont, CA",06075013300,San Francisco County,0.334733893557423,0.15214839164123,0.002948402948403
172699,"Moscow Road, Monte Rio",0.0,42220,"Santa Rosa-Petaluma, CA",06097153708,Sonoma County,0.132807363576594,0.240631163708087,0.176229508196721
172815,Sniffy1,1.1,40900,"Sacramento-Roseville-Folsom, CA",06067007026,Sacramento County,0.755531374682626,0.178273485672833,0.008291276135544
172903,Arguello Court,0.0,46700,"Vallejo, CA",06095252306,Solano County,0.575212557226946,0.144211903204709,0.038815789473684
173041,DSC PurpleAir,4.3,40140,"Riverside-San Bernardino-Ontario, CA",06065049800,Riverside County,0.523043160204828,0.280907095830285,0.052562988705474
173045,Tovishal Elementary School,4.0,40140,"Riverside-San Bernardino-Ontario, CA",06065043229,Riverside County,0.252855185015989,0.111698460124109,0.052767052767053
173067,Vista Murrieta High School,3.2,40140,"Riverside-San Bernardino-Ontario, CA",06065050302,Riverside County,0.669353588590916,0.037978607967757,0.011706175007316
173175,Doc Oliver Field,1.6,40900,"Sacramento-Roseville-Folsom, CA",06067002400,Sacramento County,0.35,0.075175879396985,0.030612244897959
173555,Surmont Hill,2.0,41940,"San Jose-Sunnyvale-Santa Clara, CA",06085506900,Santa Clara County,0.336187912894544,0.059550561797753,0.039226519337017
173617,Oak Creek-Blackwood,0.0,23420,"Fresno, CA",06039000111,Madera County,0.144434628975265,0.367053364269142,0.361573373676248
173667,The Crest,0.4,41860,"San Francisco-Oakland-Fremont, CA",06081609603,San Mateo County,0.279798192137902,0.075094657130837,0.032975460122699
173665,Dana/Oak,0.0,41940,"San Jose-Sunnyvale-Santa Clara, CA",06085509600,Santa Clara County,0.592561983471074,0.221578366445916,0.014157014157014
173675,The Presidents,0.0,41860,"San Francisco-Oakland-Fremont, CA",06041104103,Marin County,0.354022191400832,0.165742024965326,0.024955436720143
173699,Miller Drive outdoor,3332.0,40900,"Sacramento-Roseville-Folsom, CA",06113010701,Yolo County,0.354466230936819,0.42046511627907,0.094219219219219
173735,US-RGF,5.4,33700,"Modesto, CA",06099004000,Stanislaus County,0.426249103514224,0.203218832572664,0.030410542321338
173743,Telephone Road,0.1,42200,"Santa Maria-Santa Barbara, CA",06083002006,Santa Barbara County,0.362018881626725,0.102582757366315,0.036036036036036
173771,Regency2,1.6,40900,"Sacramento-Roseville-Folsom, CA",06067008508,Sacramento County,0.552800342026507,0.110046301281361,0.052925366962994
173785,Circlewood Area,0.0,17020,"Chico, CA",06007002200,Butte County,0.093409198672357,0.186839577329491,0.0
173793,CoffeyPark,0.1,42220,"Santa Rosa-Petaluma, CA",06097152801,Sonoma County,0.443631778058008,0.256397263744616,0.027327466419639
173887,Robla,1.8,40900,"Sacramento-Roseville-Folsom, CA",06067006502,Sacramento County,0.825934579439252,0.232476635514019,0.0
173893,2nd Ave - North Oak Park,1.4,40900,"Sacramento-Roseville-Folsom, CA",06067001800,Sacramento County,0.565535248041775,0.298336612412806,0.076632801161103
173899,Mamma Mia Mansion,1.6,40900,"Sacramento-Roseville-Folsom, CA",06067000400,Sacramento County,0.378334680679062,0.212341686876853,0.061327561327561
173905,U Street,1.9,40900,"Sacramento-Roseville-Folsom, CA",06067001800,Sacramento County,0.565535248041775,0.298336612412806,0.076632801161103
173911,Santiago,1.1,40900,"Sacramento-Roseville-Folsom, CA",06067006803,Sacramento County,0.941640823230899,0.494748793641783,0.133764832793959
173909,3932 U Street,0.0,40900,"Sacramento-Roseville-Folsom, CA",06067001702,Sacramento County,0.253566621803499,0.313630229419703,0.0
173913,Sacramento City College,2.3,40900,"Sacramento-Roseville-Folsom, CA",06067002400,Sacramento County,0.35,0.075175879396985,0.030612244897959
173923,Alhambra and W St,2.8,40900,"Sacramento-Roseville-Folsom, CA",06067001800,Sacramento County,0.565535248041775,0.298336612412806,0.076632801161103
174017,Dean Road,0.9,40900,"Sacramento-Roseville-Folsom, CA",06067006901,Sacramento County,0.461209529627367,0.306658521686011,0.222115384615385
174021,AQ9th,2.2,40900,"Sacramento-Roseville-Folsom, CA",06067001702,Sacramento County,0.253566621803499,0.313630229419703,0.0
174031,MKV,2.1,40900,"Sacramento-Roseville-Folsom, CA",06067005301,Sacramento County,0.559460760712566,0.603883495145631,0.094713656387665
174039,Forney Way,2.1,40900,"Sacramento-Roseville-Folsom, CA",06067005301,Sacramento County,0.559460760712566,0.603883495145631,0.094713656387665
174041,Amherst&amp;Celebrity,1.1,40900,"Sacramento-Roseville-Folsom, CA",06067004301,Sacramento County,0.862859781437587,0.380945051562259,0.151819322459222
174047,DPH-80,3.0,40900,"Sacramento-Roseville-Folsom, CA",06067006501,Sacramento County,0.929934924078091,0.630151843817787,0.132269099201824
174055,3900 block of MLK,2.0,40900,"Sacramento-Roseville-Folsom, CA",06067004402,Sacramento County,0.869920597851471,0.670481083605792,0.060509554140127
174061,Lford@airquality.org,2.2,40900,"Sacramento-Roseville-Folsom, CA",06067003800,Sacramento County,0.822250874930927,0.27331486611265,0.058955223880597
174065,Frienza Ave &amp; Evergreen St,1.3,40900,"Sacramento-Roseville-Folsom, CA",06067006300,Sacramento County,0.647135135135135,0.520503362985463,0.117248566961959
174087,May street,5.1,40900,"Sacramento-Roseville-Folsom, CA",06067006600,Sacramento County,0.71583399418451,0.42719089224252,0.095184455083075
174085,Knightlinger,2.9,40900,"Sacramento-Roseville-Folsom, CA",06067006706,Sacramento County,0.903693181818182,0.509466437177281,0.042
174241,Fell St,2.1,40900,"Sacramento-Roseville-Folsom, CA",06067006502,Sacramento County,0.825934579439252,0.232476635514019,0.0
174329,Tallac Village / S. Tahoe Park - Mr.KittyKitty,1.6,40900,"Sacramento-Roseville-Folsom, CA",06067003002,Sacramento County,0.449183051786209,0.14218009478673,0.021462987297416
174465,Ralph's House,9.9,37100,"Oxnard-Thousand Oaks-Ventura, CA",06111008501,Ventura County,0.423521850899743,0.088903170522708,0.021611001964637
174491,Altadena,18.3,31080,"Los Angeles-Long Beach-Anaheim, CA",06037460302,Los Angeles County,0.746065304204839,0.427489945587887,0.139595002154244
174513,Curtis Creek Ranch,0.5,43760,"Sonora, CA",06109004101,Tuolumne County,0.178607467204844,0.170871173898419,0.055797101449275
174725,La Mirada PA Zen,8.3,31080,"Los Angeles-Long Beach-Anaheim, CA",06037503902,Los Angeles County,0.68734861188746,0.164365671641791,0.031566640685892
174791,Ocean Charter School,0.3,31080,"Los Angeles-Long Beach-Anaheim, CA",06037275313,Los Angeles County,0.496967859308672,0.27515962298571,0.021479713603819
174827,TRKRoyal,0.5,46020,"Truckee-Grass Valley, CA",06057001205,Nevada County,0.095181907571288,0.148140861695849,0.073706591070163
174845,PH,0.1,41860,"San Francisco-Oakland-Fremont, CA",06013325000,Contra Costa County,0.460964129199805,0.105793450881612,0.030245746691871
174849,AlextheArchitect - Baker Ranch,5.0,31080,"Los Angeles-Long Beach-Anaheim, CA",06059052422,Orange County,0.561946522225088,0.161293096036454,0.031859248692344
174929,DH - Roof,6.8,31080,"Los Angeles-Long Beach-Anaheim, CA",06059076102,Orange County,0.739780537802966,0.374159820761762,0.069524130948363
174997,PurpleAir Sensor 24,11.6,31080,"Los Angeles-Long Beach-Anaheim, CA",06037460501,Los Angeles County,0.521296645307199,0.121269361541368,0.070337806571032
175029,Don Carol Dr,1.1,41860,"San Francisco-Oakland-Fremont, CA",06013385100,Contra Costa County,0.489354838709677,0.139277578913114,0.061752988047809
175047,Carlyn Ave,0.6,41940,"San Jose-Sunnyvale-Santa Clara, CA",06085506503,Santa Clara County,0.491912002588159,0.182069638789457,0.025179856115108
175071,Quintero Ave,0.9,40900,"Sacramento-Roseville-Folsom, CA",06067009328,Sacramento County,0.711254765456655,0.140242888038596,0.076708074534161
175143,OPAir,2.0,40900,"Sacramento-Roseville-Folsom, CA",06067002800,Sacramento County,0.744833782569632,0.520215633423181,0.123888559573207
175141,Attawa,0.0,40900,"Sacramento-Roseville-Folsom, CA",06067003501,Sacramento County,0.571311810380057,0.229260318757662,0.074918566775244
175153,65th and Broadway,1.7,40900,"Sacramento-Roseville-Folsom, CA",06067002900,Sacramento County,0.359676175790285,0.32962962962963,0.101602661022074
175157,15MosesCt,1.1,40900,"Sacramento-Roseville-Folsom, CA",06067009601,Sacramento County,0.946224090447891,0.368798477974535,0.058570483123759
175163,Chez Mochi,1.5,40900,"Sacramento-Roseville-Folsom, CA",06067001702,Sacramento County,0.253566621803499,0.313630229419703,0.0
175165,JFS,0.7,40900,"Sacramento-Roseville-Folsom, CA",06067007011,Sacramento County,0.765079365079365,0.340320948388029,0.046604860937108
175169,Colonial Heights - 56th St,1.4,40900,"Sacramento-Roseville-Folsom, CA",06067003002,Sacramento County,0.449183051786209,0.14218009478673,0.021462987297416
175175,CW4910,2.5,40900,"Sacramento-Roseville-Folsom, CA",06067003102,Sacramento County,0.752331939530396,0.267509727626459,0.100062539086929
175183,The Deers,0.2,40900,"Sacramento-Roseville-Folsom, CA",06067009601,Sacramento County,0.946224090447891,0.368798477974535,0.058570483123759
175187,Colonial Heights 52nd Street,1.9,40900,"Sacramento-Roseville-Folsom, CA",06067003002,Sacramento County,0.449183051786209,0.14218009478673,0.021462987297416
175203,Hagginwood Community Center,1.9,40900,"Sacramento-Roseville-Folsom, CA",06067006600,Sacramento County,0.71583399418451,0.42719089224252,0.095184455083075
175201,Arcade and Diggs Park,2.2,40900,"Sacramento-Roseville-Folsom, CA",06067006300,Sacramento County,0.647135135135135,0.520503362985463,0.117248566961959
175211,33rd &amp; 9th Ave,2.2,40900,"Sacramento-Roseville-Folsom, CA",06067002700,Sacramento County,0.566371681415929,0.429763960852044,0.06330806954971
175353,Hazen-Mullholland,12.8,31080,"Los Angeles-Long Beach-Anaheim, CA",06037261103,Los Angeles County,0.21335597057159,0.051694428489374,0.087912087912088
175415,Aldergrove,20.2,31080,"Los Angeles-Long Beach-Anaheim, CA",06037106020,Los Angeles County,0.895104895104895,0.299496827827609,0.104281475201357
175527,Muirlands,5.0,41740,"San Diego-Chula Vista-Carlsbad, CA",06073008311,San Diego County,0.207283998450213,0.118973561430793,0.030362389813908
175667,O Street,9.8,31080,"Los Angeles-Long Beach-Anaheim, CA",06037294120,Los Angeles County,0.994660021359915,0.484870060519758,0.041860465116279
175691,Garage outside,0.0,41940,"San Jose-Sunnyvale-Santa Clara, CA",06085500300,Santa Clara County,0.587824831568816,0.232638036809816,0.076651359943483
175771,Burdell,0.0,41860,"San Francisco-Oakland-Fremont, CA",06041102100,Marin County,0.297862232779097,0.065675934803452,0.047297297297297
175817,Kingdom of Arthur,0.6,41940,"San Jose-Sunnyvale-Santa Clara, CA",06085506103,Santa Clara County,0.783250287466462,0.098313530088156,0.027459016393443
175857,Pattiz Avenue,4.9,31080,"Los Angeles-Long Beach-Anaheim, CA",06037574500,Los Angeles County,0.444393801276208,0.110752688172043,0.050437317784257
175873,AQMD_NASA_291_v2,17.7,31080,"Los Angeles-Long Beach-Anaheim, CA",06037460501,Los Angeles County,0.521296645307199,0.121269361541368,0.070337806571032
175945,PurpleAir Sensor 22,16.5,31080,"Los Angeles-Long Beach-Anaheim, CA",06037460501,Los Angeles County,0.521296645307199,0.121269361541368,0.070337806571032
176025,41st St &amp; Glen Ave Oakland,0.1,41860,"San Francisco-Oakland-Fremont, CA",06001404102,Alameda County,0.470566456867827,0.185286103542234,0.028457974851092
176211,HMC Jacobs 3,11.3,31080,"Los Angeles-Long Beach-Anaheim, CA",06037401901,Los Angeles County,0.629610253727439,0.17479674796748,0.101137043686415
176219,HMC Jacobs 6,11.9,31080,"Los Angeles-Long Beach-Anaheim, CA",06037401901,Los Angeles County,0.629610253727439,0.17479674796748,0.101137043686415
176347,Venue Apts nw side upper floor,0.4,41940,"San Jose-Sunnyvale-Santa Clara, CA",06085505015,Santa Clara County,0.800726716389367,0.06844837531244,0.00999729802756
176359,HMC Jacobs 5,10.8,31080,"Los Angeles-Long Beach-Anaheim, CA",06037401901,Los Angeles County,0.629610253727439,0.17479674796748,0.101137043686415
176367,Blaisdell,11.8,31080,"Los Angeles-Long Beach-Anaheim, CA",06037401801,Los Angeles County,0.542869935079472,0.046309696092619,0.047156726768377
176433,Greenhovse Outdoor,0.1,41860,"San Francisco-Oakland-Fremont, CA",06013354001,Contra Costa County,0.281719532554257,0.064691151919866,0.021718602455146
176469,Green Street Exterior 3rd floor,2.2,41860,"San Francisco-Oakland-Fremont, CA",06075013002,San Francisco County,0.312380222307397,0.09658873131468,0.015061861215707
176685,RCM Outside,1.0,21700,"Eureka-Arcata, CA",06023001300,Humboldt County,0.28159509202454,0.419494139420111,0.09048178613396
176699,Gate 510,1.4,41860,"San Francisco-Oakland-Fremont, CA",06001432400,Alameda County,0.873778758272928,0.302101437825881,0.069781194559432
176723,Eagle outside,0.8,21700,"Eureka-Arcata, CA",06023000300,Humboldt County,0.347073371805441,0.373454245671888,0.066520787746171
176783,Bayview Palou,1.6,41860,"San Francisco-Oakland-Fremont, CA",06075061200,San Francisco County,0.900898652021967,0.310517112165876,0.011547344110855
176843,29th &amp; A St,5.1,41740,"San Diego-Chula Vista-Carlsbad, CA",06073004400,San Diego County,0.442569269521411,0.260201511335013,0.067683881064163
176911,Sunland: Odell &amp; Wentworth,15.6,31080,"Los Angeles-Long Beach-Anaheim, CA",06037103101,Los Angeles County,0.390682318415261,0.177916360968452,0.086441681468324
176977,Bennett Valley - Woodside,0.3,42220,"Santa Rosa-Petaluma, CA",06097151503,Sonoma County,0.191469194312796,0.11563981042654,0.0261748958953
177013,Sun City Shadow Hills,2.6,40140,"Riverside-San Bernardino-Ontario, CA",06065049400,Riverside County,0.511111111111111,0.210668467251857,0.092817679558011
177017,Hawkeye,3.1,40900,"Sacramento-Roseville-Folsom, CA",06067007436,Sacramento County,0.623404255319149,0.293155402496771,0.114285714285714
177301,Sierra College Rocklin,1.4,40900,"Sacramento-Roseville-Folsom, CA",06061021109,Placer County,0.380634131178116,0.184073107049608,0.016630513376717
177379,Diana St,1.9,40900,"Sacramento-Roseville-Folsom, CA",06017031000,El Dorado County,0.256909062837734,0.32422417786012,0.053325160894882
177521,Lake X Lassen Dr,2.6,41860,"San Francisco-Oakland-Fremont, CA",06081614000,San Mateo County,0.735865122615804,0.058556196469149,0.017307128190085
177533,Yosemite/Palisades,5.5,17020,"Chico, CA",06007000904,Butte County,0.247216035634744,0.266929466422638,0.075909481523919
177743,Mike Shellito Indoor pool,0.0,40900,"Sacramento-Roseville-Folsom, CA",06061022800,Placer County,0.429297205757832,0.114413075780089,0.058586598315635
177917,Chihuahua Valley,2.5,41740,"San Diego-Chula Vista-Carlsbad, CA",06073020903,San Diego County,0.299153976311337,0.333680194242109,0.052159739201304
178067,Corson/Jefferson Park,0.0,31080,"Los Angeles-Long Beach-Anaheim, CA",06037462700,Los Angeles County,0.623578263224409,0.179355783308931,0.086472602739726
178211,30 Bernal Ave,2.9,41860,"San Francisco-Oakland-Fremont, CA",06081613600,San Mateo County,0.305985552115583,0.102933427015633,0.055661577608142
178239,River Road,1.4,43760,"Sonora, CA",06109003103,Tuolumne County,0.15796178343949,0.227338129496403,0.089285714285714
178347,Faithorne Lane,1.5,40900,"Sacramento-Roseville-Folsom, CA",06067008504,Sacramento County,0.381787330316742,0.174933231590996,0.042567342866644
179519,Casa del Sol,6.3,31080,"Los Angeles-Long Beach-Anaheim, CA",06037800406,Los Angeles County,0.260267651130595,0.091135458167331,0.033603707995365
179527,Park Place,1.8,47300,"Visalia, CA",06107001502,Tulare County,0.721374045801527,0.45588968267154,0.136308805790109
179567,miker,2.6,12540,"Bakersfield-Delano, CA",06029006003,Kern County,0.390148950575491,0.245091401489506,0.092394929953302
179655,"Old Barn, Montara",5.1,41860,"San Francisco-Oakland-Fremont, CA",06081613600,San Mateo County,0.305985552115583,0.102933427015633,0.055661577608142
179741,ShadowWoods,1.5,40900,"Sacramento-Roseville-Folsom, CA",06017030601,El Dorado County,0.145563684111799,0.116375258507238,0.036164844407065
179865,Black Walnut,1.7,42020,"San Luis Obispo-Paso Robles, CA",06079011600,San Luis Obispo County,0.095249184909176,0.112948299953423,0.017676767676768
179977,Pet Sanctuary,0.1,41940,"San Jose-Sunnyvale-Santa Clara, CA",06085509500,Santa Clara County,0.641153632834165,0.215381771122204,0.04320987654321
180081,Rubidoux ASCENT,9.2,40140,"Riverside-San Bernardino-Ontario, CA",06065040304,Riverside County,0.900909302867801,0.63265306122449,0.121353558926488
180107,Joshua Tree ASCENT,2.0,40140,"Riverside-San Bernardino-Ontario, CA",06071010432,San Bernardino County,0.272196261682243,0.317172897196262,0.086474501108647
180647,The Preserve,20.9,41860,"San Francisco-Oakland-Fremont, CA",06013345205,Contra Costa County,0.540924035300225,0.109361481225125,0.051838980596583
180815,"215 n Maryland Ave Glendale, CA 91206",14.0,31080,"Los Angeles-Long Beach-Anaheim, CA",06037302002,Los Angeles County,0.400608519269777,0.442918891431477,0.155933762649494
181381,Oak Street,0.0,41940,"San Jose-Sunnyvale-Santa Clara, CA",06085510500,Santa Clara County,0.478542160879879,0.064181737979709,0.027777777777778
181395,Ron/Barb,1.2,40900,"Sacramento-Roseville-Folsom, CA",06061021604,Placer County,0.181373879989139,0.113556098886172,0.026506024096386
181693,Weather Fana AQI (O),2.2,46020,"Truckee-Grass Valley, CA",06057000102,Nevada County,0.109456231558241,0.173857507805847,0.037439268362389
181769,Blucher Valley House,0.0,42220,"Santa Rosa-Petaluma, CA",06097153502,Sonoma County,0.207150368033649,0.157797681770284,0.014232673267327
181813,DAAC Clarion and Royal,6.8,31080,"Los Angeles-Long Beach-Anaheim, CA",06037543502,Los Angeles County,0.910071942446043,0.235995740149095,0.070915032679739
181831,DAAC Torrance and New Hampshire,9.8,31080,"Los Angeles-Long Beach-Anaheim, CA",06037543502,Los Angeles County,0.910071942446043,0.235995740149095,0.070915032679739
181867,Pine Cone,1.6,43760,"Sonora, CA",06109003102,Tuolumne County,0.084772370486656,0.162087912087912,0.134914145543745
182149,EasterBeach,0.3,42020,"San Luis Obispo-Paso Robles, CA",06079010506,San Luis Obispo County,0.142356548401226,0.159001314060447,0.211442786069652
182417,Bunker Hill Mystery House,0.2,41860,"San Francisco-Oakland-Fremont, CA",06081606900,San Mateo County,0.46442617089739,0.070432868672047,0.050102951269732
182583,CSUCI3,10.5,37100,"Oxnard-Thousand Oaks-Ventura, CA",06111005700,Ventura County,0.520144317498497,0.120580808080808,0.103120042305658
182581,CSUCI2,9.2,37100,"Oxnard-Thousand Oaks-Ventura, CA",06111005700,Ventura County,0.520144317498497,0.120580808080808,0.103120042305658
183075,Essey Circle,0.5,40900,"Sacramento-Roseville-Folsom, CA",06067008802,Sacramento County,0.4857045609258,0.128658951667801,0.014540647719762
183151,East Corte Madera Hillside,0.0,41860,"San Francisco-Oakland-Fremont, CA",06041121200,Marin County,0.270620204603581,0.081226828446242,0.027034718269778
183161,Villa Real,3.3,41860,"San Francisco-Oakland-Fremont, CA",06041110200,Marin County,0.134575175822087,0.065576886523475,0.023897058823529
183173,Lola's House on Nandina,1.6,40900,"Sacramento-Roseville-Folsom, CA",06113010607,Yolo County,0.420077972709552,0.160087719298246,0.051788574479445
183221,Wood Creek,0.4,41860,"San Francisco-Oakland-Fremont, CA",06013350000,Contra Costa County,0.346829268292683,0.04837921485584,0.036458333333333
183253,Malibu Country Estates,6.4,31080,"Los Angeles-Long Beach-Anaheim, CA",06037800410,Los Angeles County,0.382761553728381,0.088333333333333,0.117391304347826
183277,JAF1,2.1,46020,"Truckee-Grass Valley, CA",06057000900,Nevada County,0.179814077025232,0.327609337268581,0.021739130434783
183519,PI house,1.0,41860,"San Francisco-Oakland-Fremont, CA",06013353001,Contra Costa County,0.401809954751131,0.018552036199095,0.019082235347569
183611,Debina Court,0.5,40900,"Sacramento-Roseville-Folsom, CA",06067009011,Sacramento County,0.533743475018643,0.102162565249814,0.014231169732732
183801,Windsor,0.0,42220,"Santa Rosa-Petaluma, CA",06097153804,Sonoma County,0.3399781540142,0.109503003823048,0.028985507246377
184331,Alta Vista Park,3.8,46020,"Truckee-Grass Valley, CA",06057000504,Nevada County,0.148595172140879,0.250374812593703,0.048924731182796
184391,Pine Grove,0.4,17340,"Clearlake, CA",06033001102,Lake County,0.106704438149197,0.27289896128423,0.096774193548387
184415,Blue Lake Elementary Outside,0.2,21700,"Eureka-Arcata, CA",06023010300,Humboldt County,0.187832446808511,0.291087766858692,0.103921568627451
184491,Big Lagoon Outside,0.2,21700,"Eureka-Arcata, CA",06023010200,Humboldt County,0.23977823977824,0.36254839845125,0.101615074024226
184617,Eureka HS outside,3.1,21700,"Eureka-Arcata, CA",06023000600,Humboldt County,0.295207881115378,0.381863979848866,0.066203243958954
184713,Skyview,1.3,42100,"Santa Cruz-Watsonville, CA",06087121000,Santa Cruz County,0.182847896440129,0.118223383409536,0.044211751018034
185009,AMTS_CARB_0005,1.4,40900,"Sacramento-Roseville-Folsom, CA",06067002000,Sacramento County,0.528865979381443,0.255605381165919,0.062022090059473
185203,RaymondCt,0.2,41860,"San Francisco-Oakland-Fremont, CA",06081609603,San Mateo County,0.279798192137902,0.075094657130837,0.032975460122699
185205,859 St. John Circle,0.1,41860,"San Francisco-Oakland-Fremont, CA",06013337202,Contra Costa County,0.472166817769719,0.25570431831039,0.040631296171927
185247,Fox Hollow,0.0,41860,"San Francisco-Oakland-Fremont, CA",06081611100,San Mateo County,0.390600684718332,0.033317691224777,0.030008826125331
185383,"Rustic Rd, Pinecrest",7.3,43760,"Sonora, CA",06109003103,Tuolumne County,0.15796178343949,0.227338129496403,0.089285714285714
185789,OrangeZen Outdoor,0.1,41860,"San Francisco-Oakland-Fremont, CA",06081612800,San Mateo County,0.29121041728322,0.091743119266055,0.025016903313049
185829,Valley View Tito,0.0,41940,"San Jose-Sunnyvale-Santa Clara, CA",06085511702,Santa Clara County,0.422410745846589,0.043478260869565,0.037703513281919
186691,2000 block S.Melrose Drive,0.0,41740,"San Diego-Chula Vista-Carlsbad, CA",06073019905,San Diego County,0.510562052055828,0.174367750522913,0.042798660215854
186781,East Olive Ave,14.2,31080,"Los Angeles-Long Beach-Anaheim, CA",06037431004,Los Angeles County,0.801848642403235,0.296649335644136,0.114312706660368
186955,Newton Way and Holmes Way,0.9,40900,"Sacramento-Roseville-Folsom, CA",06067008910,Sacramento County,0.444777911164466,0.296743063932449,0.063432835820896
187067,Mina,0.5,46380,"Ukiah, CA",06045010100,Mendocino County,0.64496833216045,0.612093352192362,0.207641196013289
187089,HilltopOverlook,2.0,41860,"San Francisco-Oakland-Fremont, CA",06013392000,Contra Costa County,0.26854714064915,0.086788066640837,0.06146408839779
187137,alfapa13,0.5,42220,"Santa Rosa-Petaluma, CA",06097153102,Sonoma County,0.860666666666667,0.335938827527613,0.051101321585903
187143,alfapa4,0.0,42220,"Santa Rosa-Petaluma, CA",06097151203,Sonoma County,0.313696612665685,0.20576478013886,0.033466715169152
187155,alfapa10,0.4,42220,"Santa Rosa-Petaluma, CA",06097151203,Sonoma County,0.313696612665685,0.20576478013886,0.033466715169152
187221,13500hgp,0.0,42220,"Santa Rosa-Petaluma, CA",06097153602,Sonoma County,0.211297071129707,0.189005235602094,0.030762167125803
187603,Sunnyhills Ext,1.8,41860,"San Francisco-Oakland-Fremont, CA",06001405100,Alameda County,0.337622005323869,0.062111801242236,0.002836304700162
187601,Golden Rule,0.0,46380,"Ukiah, CA",06045010601,Mendocino County,0.161412837067983,0.274923312883436,0.140015302218822
187613,Ranch Air Sensor,0.3,34900,"Napa, CA",06055201403,Napa County,0.215155615696888,0.054127198917456,0.031111111111111
187919,Olivewood,6.8,40140,"Riverside-San Bernardino-Ontario, CA",06065043822,Riverside County,0.543161094224924,0.192604006163328,0.080207732256203
187941,8133 Hihn,0.0,42100,"Santa Cruz-Watsonville, CA",06087120600,Santa Cruz County,0.161102031286481,0.101564324071912,0.056763285024155
187971,Brioso Court,5.1,41740,"San Diego-Chula Vista-Carlsbad, CA",06073019904,San Diego County,0.441226002020883,0.208710503842869,0.074264495858326
188345,SCAP 124,11.9,31080,"Los Angeles-Long Beach-Anaheim, CA",06037481902,Los Angeles County,0.909677419354839,0.407066052227343,0.05909617612978
188395,Parkway Cats,1.7,40900,"Sacramento-Roseville-Folsom, CA",06067008509,Sacramento County,0.386689132266217,0.040648694187026,0.020781379883624
188447,Swiss Creek (Flex),0.4,41940,"San Jose-Sunnyvale-Santa Clara, CA",06085511707,Santa Clara County,0.488349514563107,0.090363454484828,0.00752508361204
188495,Adams Hill,12.0,31080,"Los Angeles-Long Beach-Anaheim, CA",06037302102,Los Angeles County,0.40523097826087,0.209548167092924,0.064303638644918
188537,Birdhouse Lounge,1.9,41860,"San Francisco-Oakland-Fremont, CA",06075021000,San Francisco County,0.37434554973822,0.191623036649215,0.042868920032976
188707,Karuk Council Chambers-MKWC-SAFE,1.4,21700,"Eureka-Arcata, CA",06023010102,Humboldt County,0.272885789014821,0.305960264900662,0.053775743707094
189075,Mountain Home Inn,0.0,41860,"San Francisco-Oakland-Fremont, CA",06041127000,Marin County,0.140366172624237,0.095466434176112,0.0708316752885
189087,The Metropolitan 2,0.4,41860,"San Francisco-Oakland-Fremont, CA",06075061506,San Francisco County,0.621008588416648,0.039418630257652,0.047536945812808
189089,Pattova,9.3,40140,"Riverside-San Bernardino-Ontario, CA",06065047902,Riverside County,0.632671212570412,0.052179069077972,0.033662754786905
189187,Bair Island,0.4,41860,"San Francisco-Oakland-Fremont, CA",06081610302,San Mateo County,0.718508412914961,0.242750233863424,0.038370253164557
189281,Jack Shaw Road,0.6,21700,"Eureka-Arcata, CA",06023001200,Humboldt County,0.238354506957048,0.452436738519213,0.128526645768025
189383,Pac Heights (SF),2.5,41860,"San Francisco-Oakland-Fremont, CA",06075013401,San Francisco County,0.404379562043796,0.085090361445783,0.033136094674556
189452,City of Rohnert Park Sewer Lift Station,0.8,42220,"Santa Rosa-Petaluma, CA",06097151206,Sonoma County,0.422913196372386,0.286322413473996,0.061655126937026
189561,Ojai Arbolada,11.8,37100,"Oxnard-Thousand Oaks-Ventura, CA",06111000901,Ventura County,0.169171483622351,0.189444663253249,0.044905008635579
189601,Baseline,1.4,40900,"Sacramento-Roseville-Folsom, CA",06061021038,Placer County,0.28609062170706,0.176074914270641,0.039717978848414
189819,McLaughlin,1.0,41860,"San Francisco-Oakland-Fremont, CA",06013371000,Contra Costa County,0.732860110803324,0.141620498614958,0.08867775138559
189863,H2os,0.1,23420,"Fresno, CA",06019005516,Fresno County,0.507707129094412,0.144508670520231,0.02400925658085
189877,Mayacamas,0.3,34900,"Napa, CA",06055201102,Napa County,0.265465172917681,0.21626887481734,0.079002079002079
189935,1024 Keith,2.0,41860,"San Francisco-Oakland-Fremont, CA",06001421500,Alameda County,0.18503937007874,0.11075,0.053935860058309
189941,Brookline ave,0.9,41860,"San Francisco-Oakland-Fremont, CA",06041128100,Marin County,0.234239130434783,0.088858695652174,0.049845837615622
190417,GWR Marine st,1.6,41860,"San Francisco-Oakland-Fremont, CA",06013378000,Contra Costa County,0.344481605351171,0.104450733213275,0.044611133043822
190427,GWR Washington ave,1.3,41860,"San Francisco-Oakland-Fremont, CA",06013378000,Contra Costa County,0.344481605351171,0.104450733213275,0.044611133043822
190467,DePaul,0.5,41940,"San Jose-Sunnyvale-Santa Clara, CA",06085512401,Santa Clara County,0.503478260869565,0.166083916083916,0.052588666938443
190581,Mountain View Cohousing Community,0.5,41940,"San Jose-Sunnyvale-Santa Clara, CA",06085509700,Santa Clara County,0.45,0.107331571994716,0.017386427369602
190597,PurpleAir Sensor 19,16.8,31080,"Los Angeles-Long Beach-Anaheim, CA",06037460501,Los Angeles County,0.521296645307199,0.121269361541368,0.070337806571032
190607,PurpleAir Sensor 20,19.4,31080,"Los Angeles-Long Beach-Anaheim, CA",06037460501,Los Angeles County,0.521296645307199,0.121269361541368,0.070337806571032
190819,Palomar Vallejo,0.0,46700,"Vallejo, CA",06095250103,Solano County,0.792769376181474,0.138567037124616,0.066759388038943
190820,Hargus Vallejo,0.2,46700,"Vallejo, CA",06095250501,Solano County,0.538617064294379,0.20380105135463,0.073499662845583
190831,Delwood Vallejo,0.3,46700,"Vallejo, CA",06095250502,Solano County,0.665846153846154,0.195356037151703,0.101958525345622
190837,California Vallejo,0.0,46700,"Vallejo, CA",06095251802,Solano County,0.829237555135476,0.604914933837429,0.044766708701135
191099,"Marion Court, Alamo, CA",0.9,41860,"San Francisco-Oakland-Fremont, CA",06013345204,Contra Costa County,0.183058375634518,0.032382173773645,0.024865591397849
191229,Prairie Hawk,1.1,40900,"Sacramento-Roseville-Folsom, CA",06067009330,Sacramento County,0.63619083824368,0.095419121839954,0.01430667644901
191349,Patio,1.7,41860,"San Francisco-Oakland-Fremont, CA",06075030600,San Francisco County,0.504684838160136,0.042163543441227,0.036749116607774
191643,McGee,2.1,41860,"San Francisco-Oakland-Fremont, CA",06001422300,Alameda County,0.47434819175778,0.165449438202247,0.067961165048544
191667,GWR southridge,1.0,41860,"San Francisco-Oakland-Fremont, CA",06013392201,Contra Costa County,0.936716663242244,0.246443514644351,0.046614494726097
192481,Testing 3,11.1,31080,"Los Angeles-Long Beach-Anaheim, CA",06037920106,Los Angeles County,0.667641584684924,0.217495346982186,0.051172707889126
192486,VVAMPTrellis,9.7,31080,"Los Angeles-Long Beach-Anaheim, CA",06037920106,Los Angeles County,0.667641584684924,0.217495346982186,0.051172707889126
192485,VVAMPSilver,11.9,31080,"Los Angeles-Long Beach-Anaheim, CA",06037920106,Los Angeles County,0.667641584684924,0.217495346982186,0.051172707889126
192511,VVAMPJackson,10.5,31080,"Los Angeles-Long Beach-Anaheim, CA",06037920106,Los Angeles County,0.667641584684924,0.217495346982186,0.051172707889126
192513,Lakeview Way,0.6,41860,"San Francisco-Oakland-Fremont, CA",06081609700,San Mateo County,0.268241689316329,0.041204768876804,0.024006296733569
192519,VVAMPLincoln2,11.7,31080,"Los Angeles-Long Beach-Anaheim, CA",06037920106,Los Angeles County,0.667641584684924,0.217495346982186,0.051172707889126
192530,VVAMP Cottage,1.1,37100,"Oxnard-Thousand Oaks-Ventura, CA",06111009700,Ventura County,0.772427440633245,0.27026132980483,0.087306917394224
192541,Laguna Treatment Plant,0.0,42220,"Santa Rosa-Petaluma, CA",06097153301,Sonoma County,0.515492102065614,0.292114145443388,0.056434599156118
192599,Foxview,0.0,41940,"San Jose-Sunnyvale-Santa Clara, CA",06085512309,Santa Clara County,0.433805476864967,0.057951738552157,0.059266535690897
192611,Miraloma,1.6,41860,"San Francisco-Oakland-Fremont, CA",06075030700,San Francisco County,0.486541244573083,0.071056439942113,0.028115942028986
192631,100 Block Andover,1.3,41860,"San Francisco-Oakland-Fremont, CA",06075025200,San Francisco County,0.480117280557083,0.194429173538574,0.002317113538563
192629,Peralta Rockets and Fiber Works,1.6,41860,"San Francisco-Oakland-Fremont, CA",06001402200,Alameda County,0.680359435173299,0.329874621703415,0.079334612923864
192647,HLC,0.0,42220,"Santa Rosa-Petaluma, CA",06097153902,Sonoma County,0.421533660276416,0.244018058690745,0.044471644226846
192645,梁の家(外),0.3,41860,"San Francisco-Oakland-Fremont, CA",06081605501,San Mateo County,0.519191226867718,0.244002741603838,0.061568061568062
192667,Chicago Park,1.8,46020,"Truckee-Grass Valley, CA",06057000702,Nevada County,0.183071342200726,0.213836477987421,0.076413959085439
192769,Shed on the hill,7.9,40140,"Riverside-San Bernardino-Ontario, CA",06071010803,San Bernardino County,0.299759367480234,0.217600550017188,0.069490403706155
192779,St Stephens Hilltop,0.2,41860,"San Francisco-Oakland-Fremont, CA",06013354002,Contra Costa County,0.236065101541121,0.101175787487299,0.051661730832511
192833,Chicken coop,1.3,42100,"Santa Cruz-Watsonville, CA",06087100300,Santa Cruz County,0.318631381983427,0.243711117121991,0.060666335156638
193086,50 Almendral Ave,0.0,41860,"San Francisco-Oakland-Fremont, CA",06081611400,San Mateo County,0.337802869912962,0.091864224137931,0.015495296070836
193145,Crowden,0.4,41860,"San Francisco-Oakland-Fremont, CA",06001421900,Alameda County,0.495532480077276,0.097920696324952,0.015102040816327
193237,Castro Valley W8MEJ,1.6,41860,"San Francisco-Oakland-Fremont, CA",06001430200,Alameda County,0.487877609231168,0.092279459955433,0.059214167127836
193293,Kenilworth,0.5,41860,"San Francisco-Oakland-Fremont, CA",06081605700,San Mateo County,0.47148871029468,0.025449674703406,0.056581532416503
193335,150 Parker Ave.,1.1,41860,"San Francisco-Oakland-Fremont, CA",06075015401,San Francisco County,0.535650089874176,0.118429003021148,0.10725677830941
193337,Glen Moore-York Dr.,0.7,41860,"San Francisco-Oakland-Fremont, CA",06001442700,Alameda County,0.698630136986301,0.066731141199226,0.029100529100529
193361,Upper Jackson,0.9,41860,"San Francisco-Oakland-Fremont, CA",06001420301,Alameda County,0.620415879017013,0.111490329920364,0.02560553633218
193395,Fernwood &amp; Donald,1.8,41860,"San Francisco-Oakland-Fremont, CA",06013352101,Contra Costa County,0.411245865490628,0.053414727203357,0.051282051282051
193481,The Tree House,2.4,41860,"San Francisco-Oakland-Fremont, CA",06081613701,San Mateo County,0.233138203105116,0.062111801242236,0.010411502231036
193495,Boulevard - Downing,2.1,41860,"San Francisco-Oakland-Fremont, CA",06001450102,Alameda County,0.806399132321041,0.149027706074686,0.026644736842105
193507,Twin Farms,1.0,34900,"Napa, CA",06055201403,Napa County,0.215155615696888,0.054127198917456,0.031111111111111
193509,Lyell st Los Altos,0.0,41940,"San Jose-Sunnyvale-Santa Clara, CA",06085510300,Santa Clara County,0.436379347591272,0.063944696478721,0.048141086749285
193513,Hacienda Mundhenk,0.7,41860,"San Francisco-Oakland-Fremont, CA",06013355119,Contra Costa County,0.76285930408472,0.301316047927716,0.033283470456245
193527,Gateway School (new),4.3,42100,"Santa Cruz-Watsonville, CA",06087101200,Santa Cruz County,0.35655737704918,0.239412568306011,0.028146989835809
193537,SLO,4.4,42020,"San Luis Obispo-Paso Robles, CA",06079011201,San Luis Obispo County,0.290838375108038,0.602232142857143,0.029097133076594
193551,Ventana Lower,0.1,41940,"San Jose-Sunnyvale-Santa Clara, CA",06085511702,Santa Clara County,0.422410745846589,0.043478260869565,0.037703513281919
193549,Westgate,0.0,21700,"Eureka-Arcata, CA",06023010701,Humboldt County,0.313922942206655,0.27877532228361,0.048109965635739
193633,"587 Periwinkle Place, Benicia, CA",0.0,46700,"Vallejo, CA",06095252104,Solano County,0.551995888298784,0.079150248415282,0.027478260869565
193639,Ventana Upper,0.0,41940,"San Jose-Sunnyvale-Santa Clara, CA",06085511702,Santa Clara County,0.422410745846589,0.043478260869565,0.037703513281919
193761,Pearlgrass Ct.,1.3,41860,"San Francisco-Oakland-Fremont, CA",06013345113,Contra Costa County,0.507656807216279,0.109083280889448,0.025740025740026
193833,GGNRA / Eastwood Way,1.4,41860,"San Francisco-Oakland-Fremont, CA",06041128100,Marin County,0.234239130434783,0.088858695652174,0.049845837615622
193869,House Guerrero,3.4,41860,"San Francisco-Oakland-Fremont, CA",06075020702,San Francisco County,0.472419928825623,0.185516316495306,0.00765306122449
193879,Colonial Oaks - o,0.0,41940,"San Jose-Sunnyvale-Santa Clara, CA",06085510001,Santa Clara County,0.418663092645334,0.048947458497347,0.033395176252319
193877,Alameda - East End,0.6,41860,"San Francisco-Oakland-Fremont, CA",06001428200,Alameda County,0.485868725868726,0.180077821011673,0.026800129157249
193889,TAMAL AGUASTO,0.0,41860,"San Francisco-Oakland-Fremont, CA",06041108202,Marin County,0.349173121205778,0.251076658053402,0.079943235572375
193915,Paws and Claws,1.9,41860,"San Francisco-Oakland-Fremont, CA",06001401300,Alameda County,0.640407986111111,0.293268110878174,0.038401982037783
193923,Strawberry,0.5,41860,"San Francisco-Oakland-Fremont, CA",06041125000,Marin County,0.319585355094839,0.134463539247562,0.0497114957834
193929,Aloma Outside,0.0,31080,"Los Angeles-Long Beach-Anaheim, CA",06059042329,Orange County,0.252288637587507,0.185385656292287,0.052843193566916
193933,Kingston Square,1.7,41860,"San Francisco-Oakland-Fremont, CA",06001437200,Alameda County,0.885879166175951,0.178721362600456,0.08996001776988
193943,carmen,0.4,41940,"San Jose-Sunnyvale-Santa Clara, CA",06085504318,Santa Clara County,0.923748786912519,0.250937369809749,0.050411249668347
193959,Lakeside,0.3,41940,"San Jose-Sunnyvale-Santa Clara, CA",06085511800,Santa Clara County,0.180475980608197,0.072185430463576,0.053788771103259
193987,Shepherds Knoll Road Bldg 2,2.1,41500,"Salinas, CA",06053012800,Monterey County,0.21025641025641,0.101742919389978,0.028812056737589
193989,Rancho Prieta,0.1,41940,"San Jose-Sunnyvale-Santa Clara, CA",06085511800,Santa Clara County,0.180475980608197,0.072185430463576,0.053788771103259
194059,Venado Court,0.9,41940,"San Jose-Sunnyvale-Santa Clara, CA",06085512029,Santa Clara County,0.580583513823417,0.0919173890872,0.083712465878071
194057,Yard,0.1,41860,"San Francisco-Oakland-Fremont, CA",06001450603,Alameda County,0.578313253012048,0.080731306491372,0.01929012345679
194063,Windsor Christian Academy,0.0,42220,"Santa Rosa-Petaluma, CA",06097153904,Sonoma County,0.27027027027027,0.185247747747748,0.027303754266212
194073,Amatchi,0.6,44700,"Stockton-Lodi, CA",06077005215,San Joaquin County,0.614920705829797,0.110341746705383,0.020175438596491
194085,Carson &amp; S,0.0,21700,"Eureka-Arcata, CA",06023000600,Humboldt County,0.295207881115378,0.381863979848866,0.066203243958954
194097,Pomolita Middle School,0.0,46380,"Ukiah, CA",06045011400,Mendocino County,0.300153812348934,0.280398198625267,0.060756972111554
194103,Oak Manor Elementary,0.0,46380,"Ukiah, CA",06045011502,Mendocino County,0.559862778730703,0.356589147286822,0.077508650519031
194107,Weitchpec Yurok Tribe,0.8,21700,"Eureka-Arcata, CA",06023010102,Humboldt County,0.272885789014821,0.305960264900662,0.053775743707094
194109,WECS,0.1,46380,"Ukiah, CA",06045010700,Mendocino County,0.306113843991567,0.333285998295939,0.103274559193955
194173,Grace Hudson Elementary,0.4,46380,"Ukiah, CA",06045011300,Mendocino County,0.488497761309248,0.494885306881587,0.029255319148936
194199,Our Hill Lane,0.0,41860,"San Francisco-Oakland-Fremont, CA",06081613300,San Mateo County,0.268836869056328,0.108632040965618,0.018518518518519
194197,Song Sparrow Playgarden,0.7,41860,"San Francisco-Oakland-Fremont, CA",06013347000,Contra Costa County,0.246133254015467,0.065734681737061,0.043165467625899
194229,Miraloma Canyon View,2.6,41860,"San Francisco-Oakland-Fremont, CA",06075030700,San Francisco County,0.486541244573083,0.071056439942113,0.028115942028986
194281,Phil Pl,0.8,41940,"San Jose-Sunnyvale-Santa Clara, CA",06085508003,Santa Clara County,0.717807054823629,0.132171695707607,0.022916666666667
194399,Twin Hills School District - Apple Blossom School,0.0,42220,"Santa Rosa-Petaluma, CA",06097153502,Sonoma County,0.207150368033649,0.157797681770284,0.014232673267327
194669,Avocado House,2.4,41860,"San Francisco-Oakland-Fremont, CA",06001401500,Alameda County,0.781878088962109,0.337994542974079,0.09273570324575
194681,West End Commons1,1.7,41860,"San Francisco-Oakland-Fremont, CA",06001401700,Alameda County,0.546092796092796,0.253598774885145,0.038680781758958
194691,2822a Union St,1.9,41860,"San Francisco-Oakland-Fremont, CA",06001401500,Alameda County,0.781878088962109,0.337994542974079,0.09273570324575
194693,Curtis St,1.1,41860,"San Francisco-Oakland-Fremont, CA",06001402700,Alameda County,0.74350171652771,0.288376655223149,0.070840197693575
194707,1737 13th. Street,1.0,41860,"San Francisco-Oakland-Fremont, CA",06001401800,Alameda County,0.755997659449971,0.280866003510825,0.01937984496124
194713,San Pablo,1.6,41860,"San Francisco-Oakland-Fremont, CA",06001401400,Alameda County,0.74406528189911,0.484200743494424,0.10387811634349
194903,Alphonse,7.7,42200,"Santa Maria-Santa Barbara, CA",06083000801,Santa Barbara County,0.764468031336871,0.335355066969927,0.031738730450782
194935,the_balbs,1.5,41860,"San Francisco-Oakland-Fremont, CA",06075015702,San Francisco County,0.434463794683776,0.069461444308446,0.012398460880718
195147,PrincetonAir,0.0,42220,"Santa Rosa-Petaluma, CA",06097151701,Sonoma County,0.318516498500136,0.138120032885722,0.149460043196544
195291,Hillside Ct - Clement,0.4,17340,"Clearlake, CA",06033000902,Lake County,0.259523224379454,0.19935371613224,0.094232749742533
195395,Upper Caperton,2.5,41860,"San Francisco-Oakland-Fremont, CA",06001426100,Alameda County,0.319365079365079,0.023809523809524,0.037158829332456
195407,Town of Windsor Bluebird Center,0.3,42220,"Santa Rosa-Petaluma, CA",06097153808,Sonoma County,0.396416573348264,0.155095184770437,0.066271018793274
195438,Ettersburg Rd,2.9,21700,"Eureka-Arcata, CA",06023011502,Humboldt County,0.106861642294713,0.372328458942632,0.0
195449,Mountain View Middle School,0.8,39820,"Redding, CA",06089010804,Shasta County,0.302517162471396,0.241776315789474,0.130122950819672
195483,Calle Hermosa,1.4,41940,"San Jose-Sunnyvale-Santa Clara, CA",06085512311,Santa Clara County,0.631742987293215,0.121921776919363,0.051675977653631
195551,Smoke Bellew,0.8,41860,"San Francisco-Oakland-Fremont, CA",06001451704,Alameda County,0.305324074074074,0.146759259259259,0.06028217186832
195587,Marin Sonoma Mosquito &amp; Vector Control District,0.1,42220,"Santa Rosa-Petaluma, CA",06097151206,Sonoma County,0.422913196372386,0.286322413473996,0.061655126937026
195597,Baywood Estates,0.5,21700,"Eureka-Arcata, CA",06023000900,Humboldt County,0.150974025974026,0.338531278331822,0.073214285714286
195607,Westdale NW,0.0,42100,"Santa Cruz-Watsonville, CA",06087120200,Santa Cruz County,0.304403048264183,0.27498918217222,0.039013452914798
195615,The Woods,0.0,41860,"San Francisco-Oakland-Fremont, CA",06013341000,Contra Costa County,0.36827731092437,0.087341772151899,0.047470817120623
195639,Carleton,0.3,41860,"San Francisco-Oakland-Fremont, CA",06013335000,Contra Costa County,0.520210409745293,0.260410882842865,0.030597377367654
195663,Davidson Steps,2.2,41860,"San Francisco-Oakland-Fremont, CA",06001403800,Alameda County,0.383483033932136,0.131487025948104,0.043035107587769
195661,Justin-Siena High School - Dodd Stadium,0.7,34900,"Napa, CA",06055200706,Napa County,0.325989782886335,0.107846302873749,0.040583386176284
195687,purple1600,2.3,41860,"San Francisco-Oakland-Fremont, CA",06001421300,Alameda County,0.275243081525804,0.100275068767192,0.039196940726577
195847,Maidu Community Center,1.8,40900,"Sacramento-Roseville-Folsom, CA",06061020711,Placer County,0.310827759197324,0.261808938784156,0.074766355140187
195856,Valley View Park,1.7,41940,"San Jose-Sunnyvale-Santa Clara, CA",06069000601,San Benito County,0.731275801061529,0.29555865365465,0.060862555421201
195861,Santa Cruz California St,3.4,42100,"Santa Cruz-Watsonville, CA",06087101001,Santa Cruz County,0.527185501066098,0.420042643923241,0.074095347501436
195885,Beale AFB (Main Base),1.6,49700,"Yuba City, CA",06115040902,Yuba County,0.313704496788009,0.419407894736842,0.107913669064748
195891,Canal Street,1.1,41940,"San Jose-Sunnyvale-Santa Clara, CA",06085504505,Santa Clara County,0.916214192098858,0.119816100581723,0.058657642413988
195901,Driveway,1.4,41860,"San Francisco-Oakland-Fremont, CA",06001431200,Alameda County,0.639556692242114,0.109243697478992,0.013225806451613
195905,7000s Hwy 84,3329.1,41940,"San Jose-Sunnyvale-Santa Clara, CA",06085500800,Santa Clara County,0.614766897167076,0.178228864599598,0.027751792952916
195917,Beale AFB (Flightline),1.7,49700,"Yuba City, CA",06115040902,Yuba County,0.313704496788009,0.419407894736842,0.107913669064748
195920,GWR Center ave,1.4,41860,"San Francisco-Oakland-Fremont, CA",06013381000,Contra Costa County,0.954199612113979,0.33573249362723,0.093768723786699
196021,VTA,15.3,37100,"Oxnard-Thousand Oaks-Ventura, CA",06111001511,Ventura County,0.682797885319235,0.21960146400976,0.034042553191489
196054,ShadowBrook Swim Club,1.4,41940,"San Jose-Sunnyvale-Santa Clara, CA",06085511907,Santa Clara County,0.679054054054054,0.040540540540541,0.015143866733973
196079,Harrison Street,6.1,41860,"San Francisco-Oakland-Fremont, CA",06001403501,Alameda County,0.617862969004894,0.327079934747145,0.055220277610139
196183,Fruitvale Village,2.1,41860,"San Francisco-Oakland-Fremont, CA",06001406100,Alameda County,0.818384288317473,0.323952217047985,0.076893795203654
196181,GWR Golden Gate ave,0.0,41860,"San Francisco-Oakland-Fremont, CA",06013378000,Contra Costa County,0.344481605351171,0.104450733213275,0.044611133043822
196231,City of Berkeley Fire Station 6,1.6,41860,"San Francisco-Oakland-Fremont, CA",06001422100,Alameda County,0.5328125,0.121905358821686,0.045731707317073
196259,Haven Ave Outside,1.0,41860,"San Francisco-Oakland-Fremont, CA",06081610500,San Mateo County,0.893212095580461,0.206809050539226,0.070559610705596
196279,Chartwell School,2.1,41500,"Salinas, CA",06053014109,Monterey County,0.683987773336468,0.158476369621444,0.088082901554404
196363,Byron 01,0.0,41940,"San Jose-Sunnyvale-Santa Clara, CA",06085511400,Santa Clara County,0.458029689608637,0.056950067476383,0.027661795407098
196379,HillaryOutdoors,1.2,40900,"Sacramento-Roseville-Folsom, CA",06061022014,Placer County,0.087825560266505,0.232586311326469,0.061835748792271
196401,The Head-Royce School,2.3,41860,"San Francisco-Oakland-Fremont, CA",06001404700,Alameda County,0.324645633287609,0.0480109739369,0.044226044226044
196411,Meowchi Heaven - Park Place - San Mateo,0.1,41860,"San Francisco-Oakland-Fremont, CA",06081607500,San Mateo County,0.729642742195043,0.095138103698918,0.036999234498597
196427,Outside the pain cave,2.9,42100,"Santa Cruz-Watsonville, CA",06087100600,Santa Cruz County,0.185765589291544,0.179562520404832,0.035734226689001
196425,Jackson &amp; Walnut,3.0,41860,"San Francisco-Oakland-Fremont, CA",06075013300,San Francisco County,0.334733893557423,0.15214839164123,0.002948402948403
196433,Del Mesa Carmel,1.7,41500,"Salinas, CA",06053011605,Monterey County,0.296043656207367,0.11395428181508,0.089647812166489
196445,ConcordCourtMarina,2.0,41500,"Salinas, CA",06053014201,Monterey County,0.653354318315955,0.304741294511115,0.06713649851632
196451,McKendry,0.7,41860,"San Francisco-Oakland-Fremont, CA",06081613900,San Mateo County,0.395250078641082,0.135178628902478,0.04832
196461,18thAve/TaravalUlloa,3.1,41860,"San Francisco-Oakland-Fremont, CA",06075030800,San Francisco County,0.424581005586592,0.076543629869025,0.016364177328176
196465,Jersey and Vicksburg,1.5,41860,"San Francisco-Oakland-Fremont, CA",06075021400,San Francisco County,0.286,0.103142857142857,0.034728033472803
196569,Lincourt Tasting Room,3.5,42200,"Santa Maria-Santa Barbara, CA",06083001909,Santa Barbara County,0.324228352909041,0.109444444444444,0.089185033316248
196575,PAC-Outdoors,0.0,41860,"San Francisco-Oakland-Fremont, CA",06081613200,San Mateo County,0.249306670559042,0.075949367088608,0.044481605351171
196573,Firestone,3.0,42200,"Santa Maria-Santa Barbara, CA",06083001911,Santa Barbara County,0.285714285714286,0.213788741302973,0.040082219938335
196655,2340 42nd Ave,4.2,41860,"San Francisco-Oakland-Fremont, CA",06075035300,San Francisco County,0.694564761771692,0.200363280704206,0.018617699566437
196689,St Helena Cooperative Nursery School,0.0,41860,"San Francisco-Oakland-Fremont, CA",06075021000,San Francisco County,0.37434554973822,0.191623036649215,0.042868920032976
196699,Montgomery Ave,0.0,37100,"Oxnard-Thousand Oaks-Ventura, CA",06111001402,Ventura County,0.513444951801116,0.157449687130052,0.050782497604599
196709,MANZANITA DR,0.6,41940,"San Jose-Sunnyvale-Santa Clara, CA",06085512308,Santa Clara County,0.44468085106383,0.062588904694168,0.039196940726577
196803,Ohlone,0.0,41500,"Salinas, CA",06053011002,Monterey County,0.305991154000804,0.135102533172497,0.0
196823,JOTR-Black Rock,0.0,40140,"Riverside-San Bernardino-Ontario, CA",06071010432,San Bernardino County,0.272196261682243,0.317172897196262,0.086474501108647
196905,Thompson,0.3,41940,"San Jose-Sunnyvale-Santa Clara, CA",06085508404,Santa Clara County,0.630093087135663,0.124675721043797,0.062249614791988
197047,VVAMPBeacon,11.3,31080,"Los Angeles-Long Beach-Anaheim, CA",06037920118,Los Angeles County,0.617496279146684,0.129816437903092,0.048708728342596
197073,VVAMP San Martinez,9.3,31080,"Los Angeles-Long Beach-Anaheim, CA",06037920106,Los Angeles County,0.667641584684924,0.217495346982186,0.051172707889126
197081,VVAMPCambridgetop,10.6,31080,"Los Angeles-Long Beach-Anaheim, CA",06037920118,Los Angeles County,0.617496279146684,0.129816437903092,0.048708728342596
197086,VVAMP Williams Ranch,8.7,31080,"Los Angeles-Long Beach-Anaheim, CA",06037920119,Los Angeles County,0.584080717488789,0.048505358150028,0.020387359836901
197093,VVAMP Foothill,12.2,31080,"Los Angeles-Long Beach-Anaheim, CA",06037920118,Los Angeles County,0.617496279146684,0.129816437903092,0.048708728342596
197115,1204 N Lemon,0.4,41860,"San Francisco-Oakland-Fremont, CA",06081612800,San Mateo County,0.29121041728322,0.091743119266055,0.025016903313049
197253,Sierra Outdoor School,0.9,43760,"Sonora, CA",06109002202,Tuolumne County,0.131461828141048,0.259500171174255,0.076845298281092
197269,Coronado,3.8,41740,"San Diego-Chula Vista-Carlsbad, CA",06073010800,San Diego County,0.270673076923077,0.148557692307692,0.026539278131635
197591,Bear Creek Road,0.3,42100,"Santa Cruz-Watsonville, CA",06087120500,Santa Cruz County,0.231797397115723,0.114417286574566,0.069718731298624
197623,SJVAir-8AFA,0.8,23420,"Fresno, CA",06019002200,Fresno County,0.670411985018727,0.428648357565967,0.135049683830172
197649,CCAC Livingston Colocated,0.4,32900,"Merced, CA",06047000305,Merced County,0.963958365698307,0.461550632911392,0.154765649575338
197653,Co-located LHUSD,1.0,12540,"Bakersfield-Delano, CA",06029004500,Kern County,0.938164893617021,0.610704787234043,0.082298136645963
197663,Co-located Avenal,0.5,25260,"Hanford-Corcoran, CA",06031001702,Kings County,0.963229992790195,0.579488103821197,0.13765541740675
197733,Kentucky_Oak,0.0,42220,"Santa Rosa-Petaluma, CA",06097150901,Sonoma County,0.361988304093567,0.282846003898635,0.018277680140598
197819,Fawn Lane,0.0,41860,"San Francisco-Oakland-Fremont, CA",06081613200,San Mateo County,0.249306670559042,0.075949367088608,0.044481605351171
197847,Bryant x Oregon,0.0,41940,"San Jose-Sunnyvale-Santa Clara, CA",06085510900,Santa Clara County,0.490628660679422,0.056032799687622,0.037188545927854
197849,35 Keyes Ave,5.8,41860,"San Francisco-Oakland-Fremont, CA",06075060100,San Francisco County,0.44078947368421,0.109339407744875,0.02689284236657
197929,"Alvina Court, Granite Bay",1.4,40900,"Sacramento-Roseville-Folsom, CA",06061020601,Placer County,0.171604938271605,0.031995586815612,0.029507229271171
198161,SJVAir-7D92,0.7,23420,"Fresno, CA",06019002200,Fresno County,0.670411985018727,0.428648357565967,0.135049683830172
198215,Almaden Country Day School Garden,0.6,41940,"San Jose-Sunnyvale-Santa Clara, CA",06085511907,Santa Clara County,0.679054054054054,0.040540540540541,0.015143866733973
198223,Walnut + King,3.6,42100,"Santa Cruz-Watsonville, CA",06087100600,Santa Cruz County,0.185765589291544,0.179562520404832,0.035734226689001
198489,Fletcher Square,12.0,31080,"Los Angeles-Long Beach-Anaheim, CA",06037186401,Los Angeles County,0.925705794947994,0.470282317979198,0.04390243902439
198555,GH,0.9,41940,"San Jose-Sunnyvale-Santa Clara, CA",06085507301,Santa Clara County,0.567888563049853,0.078689982216953,0.046645367412141
198641,Grande South,7.2,41740,"San Diego-Chula Vista-Carlsbad, CA",06073005402,San Diego County,0.352287581699346,0.2239651416122,0.032829214312062
198731,351 Magellan Ave,2.4,41860,"San Francisco-Oakland-Fremont, CA",06075030400,San Francisco County,0.632839224629418,0.063833841463415,0.034985422740525
198799,Nord-ln,2.0,41940,"San Jose-Sunnyvale-Santa Clara, CA",06085502903,Santa Clara County,0.4146110056926,0.06831119544592,0.061829878484632
198861,Spruce St,2.6,42100,"Santa Cruz-Watsonville, CA",06087122100,Santa Cruz County,0.309577464788732,0.129305477131564,0.064764492753623
198871,Harvard,1.0,23420,"Fresno, CA",06019003600,Fresno County,0.422907488986784,0.225648556045032,0.062200956937799
198881,Port Road,0.0,46380,"Ukiah, CA",06045011102,Mendocino County,0.371659415786203,0.247407714641228,0.059682804674457
199041,Blue Ridge Oaks,1.3,46700,"Vallejo, CA",06095252903,Solano County,0.319875776397516,0.124001774622893,0.041227668346312
199049,Brookside,1.2,41940,"San Jose-Sunnyvale-Santa Clara, CA",06085511918,Santa Clara County,0.521586184841701,0.030700351774864,0.077911646586345
199061,Ridgewood,0.7,40900,"Sacramento-Roseville-Folsom, CA",06061020105,Placer County,0.184210526315789,0.07085020242915,0.044267877412032
199189,Cyrus Creek,0.0,34900,"Napa, CA",06055202000,Napa County,0.42785590445001,0.175990675990676,0.005858659831564
199511,Gretchen Talley Park,0.5,44700,"Stockton-Lodi, CA",06077005216,San Joaquin County,0.730463447740935,0.080856123662307,0.053047775947282
199543,Dragon House,0.0,21700,"Eureka-Arcata, CA",06023001001,Humboldt County,0.207092673134828,0.461150353178607,0.237202925045704
199643,California Sporthorses,3.7,42200,"Santa Maria-Santa Barbara, CA",06083001905,Santa Barbara County,0.250894890986007,0.173045469414459,0.071743234738829
199699,Ignacio Blvd,0.0,41860,"San Francisco-Oakland-Fremont, CA",06041104104,Marin County,0.378697080997487,0.309878213802436,0.067741935483871
199781,Ukiah Purple,0.0,46380,"Ukiah, CA",06045011600,Mendocino County,0.546567323044172,0.3677663601947,0.086180713743356
199831,"1377 Gilman Street, Berkeley, CA",0.0,41860,"San Francisco-Oakland-Fremont, CA",06001421900,Alameda County,0.495532480077276,0.097920696324952,0.015102040816327
199892,Sly park 2,7.1,40900,"Sacramento-Roseville-Folsom, CA",06017031406,El Dorado County,0.075229357798165,0.144948453608247,0.051903114186851
199975,Mars Pine Station,4.5,41860,"San Francisco-Oakland-Fremont, CA",06075011700,San Francisco County,0.629863813229572,0.291397314768772,0.126984126984127
200475,Cresthills II,2.5,32900,"Merced, CA",06047002301,Merced County,0.6933091452353,0.262443438914027,0.030316845224527
200709,Backyard,4.6,42200,"Santa Maria-Santa Barbara, CA",06083000502,Santa Barbara County,0.178313253012048,0.133456904541242,0.026039783001808
200749,NolaBase01,5.9,31080,"Los Angeles-Long Beach-Anaheim, CA",06059052438,Orange County,0.826805298390543,0.187893317350914,0.037840698597513
201113,Rough and Ready,1.0,46020,"Truckee-Grass Valley, CA",06057000404,Nevada County,0.07794981313401,0.363709246392304,0.005988023952096
201849,McAir Out,2.0,12540,"Bakersfield-Delano, CA",06029003821,Kern County,0.464032181732134,0.111295681063123,0.04534373476353
201955,Clover Outside,3.0,41860,"San Francisco-Oakland-Fremont, CA",06013341000,Contra Costa County,0.36827731092437,0.087341772151899,0.047470817120623
201957,Shnoozenbaum,0.0,34900,"Napa, CA",06055201500,Napa County,0.342326139088729,0.193024654239327,0.052401746724891
201967,316 Vernon,1.8,40900,"Sacramento-Roseville-Folsom, CA",06061020901,Placer County,0.507358636715724,0.387683965917893,0.072083879423329
201999,Three Horse Farm,0.0,41940,"San Jose-Sunnyvale-Santa Clara, CA",06069000100,San Benito County,0.625181686046512,0.281795058139535,0.096774193548387
202251,SAFE-KRAM-16- Owl Mine Road,0.8,21700,"Eureka-Arcata, CA",06023010102,Humboldt County,0.272885789014821,0.305960264900662,0.053775743707094
202249,SAFE-KRAM-2-Orleans Elementary School,0.8,21700,"Eureka-Arcata, CA",06023010102,Humboldt County,0.272885789014821,0.305960264900662,0.053775743707094
202279,Fairgrove,0.5,41940,"San Jose-Sunnyvale-Santa Clara, CA",06085508003,Santa Clara County,0.717807054823629,0.132171695707607,0.022916666666667
202281,SAFE-KRAM-3 Redcap Allen Ranch,2.1,21700,"Eureka-Arcata, CA",06023010102,Humboldt County,0.272885789014821,0.305960264900662,0.053775743707094
202495,SAFE-KRAM-12-Slate Creek,0.3,21700,"Eureka-Arcata, CA",06023010102,Humboldt County,0.272885789014821,0.305960264900662,0.053775743707094
202501,SAFE-KRAM-13-Camp Creek,7.9,21700,"Eureka-Arcata, CA",06023010102,Humboldt County,0.272885789014821,0.305960264900662,0.053775743707094
202539,Sanderling,1.1,41860,"San Francisco-Oakland-Fremont, CA",06013378000,Contra Costa County,0.344481605351171,0.104450733213275,0.044611133043822
202815,Guido Cul De Sac,0.3,41860,"San Francisco-Oakland-Fremont, CA",06001406800,Alameda County,0.716192394862755,0.109058704453441,0.113351254480287
202835,Clover Springs,0.0,42220,"Santa Rosa-Petaluma, CA",06097154202,Sonoma County,0.299969437652812,0.142629988869455,0.018308080808081
202855,Castro Ranch North,0.0,41860,"San Francisco-Oakland-Fremont, CA",06013356002,Contra Costa County,0.674226441631505,0.164381153305204,0.083486801718846
202891,Thorndale2,13.9,31080,"Los Angeles-Long Beach-Anaheim, CA",06037463103,Los Angeles County,0.742236024844721,0.203567488047076,0.022066936373667
202903,Stannage Garfield Outdoor,1.5,41860,"San Francisco-Oakland-Fremont, CA",06001420200,Alameda County,0.649465648854962,0.105618667485416,0.026031434184676
202913,Fig House,4.0,42200,"Santa Maria-Santa Barbara, CA",06083001905,Santa Barbara County,0.250894890986007,0.173045469414459,0.071743234738829
202939,San Antonio and S 17th St,0.8,41940,"San Jose-Sunnyvale-Santa Clara, CA",06085501300,Santa Clara County,0.615801132168349,0.398975526465566,0.039370078740157
203011,San Clemente Shorecliffs,8.6,31080,"Los Angeles-Long Beach-Anaheim, CA",06059042106,Orange County,0.303680981595092,0.118009235505387,0.045364891518738
203061,Palomino Circle,0.0,41860,"San Francisco-Oakland-Fremont, CA",06041103100,Marin County,0.241007194244604,0.071082167105445,0.021816198527407
203087,Lomita Heights,0.0,42220,"Santa Rosa-Petaluma, CA",06097152402,Sonoma County,0.277543859649123,0.100284495021337,0.0
203089,Pine Lane,0.0,41860,"San Francisco-Oakland-Fremont, CA",06041119100,Marin County,0.168964847543212,0.12720916682851,0.068336162988115
203097,Lazy Dog,0.0,40900,"Sacramento-Roseville-Folsom, CA",06061020200,Placer County,0.18279054916986,0.26886189258312,0.049872588278122
203101,Copperfield Dr,0.0,42220,"Santa Rosa-Petaluma, CA",06097153006,Sonoma County,0.480920020909566,0.126813962609491,0.030723714155667
203215,Gwen Court,0.5,41860,"San Francisco-Oakland-Fremont, CA",06013346204,Contra Costa County,0.292120597922473,0.030206879045564,0.063044051701398
203277,Berkeley Ave,0.0,41860,"San Francisco-Oakland-Fremont, CA",06041115000,Marin County,0.226365348399247,0.109365018525616,0.070205066344994
203523,C&amp;C Pines Bass Lake,0.3,23420,"Fresno, CA",06039000102,Madera County,0.25039405539293,0.299932447646926,0.15748469671675
203539,Oceanview Park,2.3,41860,"San Francisco-Oakland-Fremont, CA",06081613701,San Mateo County,0.233138203105116,0.062111801242236,0.010411502231036
203543,SouthPoint,1.0,40900,"Sacramento-Roseville-Folsom, CA",06017030701,El Dorado County,0.219893362750506,0.071520500091929,0.028706252457727
203541,Newgate/Vitero,0.0,41940,"San Jose-Sunnyvale-Santa Clara, CA",06085503339,Santa Clara County,0.825622775800712,0.022877478393493,0.027857829010567
203571,Bayview,0.7,41860,"San Francisco-Oakland-Fremont, CA",06001428200,Alameda County,0.485868725868726,0.180077821011673,0.026800129157249
203891,3rd Ave and S Grant St,0.3,41860,"San Francisco-Oakland-Fremont, CA",06081606202,San Mateo County,0.80946123521682,0.196583442838371,0.049084858569052
203975,Camden85,0.0,41940,"San Jose-Sunnyvale-Santa Clara, CA",06085506803,Santa Clara County,0.52228490832158,0.142331635540464,0.02423915970913
203997,Concord Court,0.5,46700,"Vallejo, CA",06095252402,Solano County,0.814795008912656,0.315449488605778,0.116464339908953
204027,Islay Pointe Villas,4.0,42020,"San Luis Obispo-Paso Robles, CA",06079011505,San Luis Obispo County,0.251966829683181,0.125732551944592,0.037070524412297
204371,Ellsworth Court,0.2,41860,"San Francisco-Oakland-Fremont, CA",06081605901,San Mateo County,0.561278863232682,0.223090586145648,0.070298769771529
204383,10th and Willow,0.0,41860,"San Francisco-Oakland-Fremont, CA",06001401800,Alameda County,0.755997659449971,0.280866003510825,0.01937984496124
204445,Linden st,2.3,41860,"San Francisco-Oakland-Fremont, CA",06001402400,Alameda County,0.866946244757911,0.550713459313536,0.106269113149847
204577,Mission Hollow,0.4,41860,"San Francisco-Oakland-Fremont, CA",06001443104,Alameda County,0.864918268367164,0.070341499628805,0.025228519195612
204689,AQM1-Laguna Blvd,3.7,40900,"Sacramento-Roseville-Folsom, CA",06067009618,Sacramento County,0.821177416114125,0.284508740204943,0.08695652173913
204729,Ruthies,2.5,42100,"Santa Cruz-Watsonville, CA",06087110505,Santa Cruz County,0.837111025739531,0.463030303030303,0.226069246435845
204797,Marshwell,0.5,41940,"San Jose-Sunnyvale-Santa Clara, CA",06085512039,Santa Clara County,0.921658234046026,0.251714005876592,0.019707565162111
205017,PurpleAir Sensor CBG,0.4,41860,"San Francisco-Oakland-Fremont, CA",06013359103,Contra Costa County,0.697148114075437,0.155937846836848,0.038247793396535
205525,Lycee,1.9,41860,"San Francisco-Oakland-Fremont, CA",06075017101,San Francisco County,0.305882352941176,0.057649667405765,0.021772345301757
205581,Clearview Drive,5.5,41740,"San Diego-Chula Vista-Carlsbad, CA",06073017810,San Diego County,0.209553478712357,0.101959966638866,0.039844509232264
205829,Linden Woods,1.0,44700,"Stockton-Lodi, CA",06077004800,San Joaquin County,0.428441203281677,0.264281803248768,0.088465845464726
205843,New Haven,0.0,40140,"Riverside-San Bernardino-Ontario, CA",06071001906,San Bernardino County,0.833436477765007,0.199079401611047,0.049778434268833
205875,Idyllwild,3.3,40140,"Riverside-San Bernardino-Ontario, CA",06065044405,Riverside County,0.270877192982456,0.160573476702509,0.056878306878307
206135,LAH - Snell Ct,0.0,41940,"San Jose-Sunnyvale-Santa Clara, CA",06085511701,Santa Clara County,0.453060285319834,0.0651173492867,0.035852178709322
206827,Kentwood South,8.1,31080,"Los Angeles-Long Beach-Anaheim, CA",06037277000,Los Angeles County,0.421052631578947,0.197914915083235,0.046984338553815
206865,TST Ryan,0.3,13860,"Bishop, CA",06027000800,Inyo County,0.428711576193591,0.366511318242344,0.02052091554854
206915,Southwest Claremont,10.0,31080,"Los Angeles-Long Beach-Anaheim, CA",06037401902,Los Angeles County,0.31939586645469,0.108348427465832,0.055403556771546
206999,Home Grown Tomatoes (Outside),0.3,41940,"San Jose-Sunnyvale-Santa Clara, CA",06085510400,Santa Clara County,0.514467746217149,0.026043050757374,0.043772798332465
207257,Sleepy Hollow,9.7,40140,"Riverside-San Bernardino-Ontario, CA",06071000111,San Bernardino County,0.604890148830617,0.205527994330262,0.078125
207933,Locust,1.2,41860,"San Francisco-Oakland-Fremont, CA",06041130204,Marin County,0.128267973856209,0.071486928104575,0.053547523427041
208413,Jan Dr,0.8,40900,"Sacramento-Roseville-Folsom, CA",06067007906,Sacramento County,0.298314606741573,0.234012450481041,0.064516129032258
208491,UPC STU,18.3,31080,"Los Angeles-Long Beach-Anaheim, CA",06037222700,Los Angeles County,0.634831460674157,0.650727650727651,0.085373509102323
208493,HSC SHN,10.8,31080,"Los Angeles-Long Beach-Anaheim, CA",06037203300,Los Angeles County,0.942956926658906,0.624683009298394,0.138132295719844
208599,BRCountryHm,0.6,41860,"San Francisco-Oakland-Fremont, CA",06001450608,Alameda County,0.586732503220266,0.104765993988836,0.037758830694275
209511,Keller Drive,0.0,42100,"Santa Cruz-Watsonville, CA",06087120301,Santa Cruz County,0.210322580645161,0.196324324324324,0.021961378265808
209869,Bluebird Community,17.2,31080,"Los Angeles-Long Beach-Anaheim, CA",06037400404,Los Angeles County,0.318431747549606,0.069806359072436,0.054395337542496
210067,The Collective #1,3035.0,44700,"Stockton-Lodi, CA",06077005139,San Joaquin County,0.518991282689913,0.13387297633873,0.08263933376041
210079,Yountville on Silverado Trail,0.1,34900,"Napa, CA",06055201401,Napa County,0.247252747252747,0.107927786499215,0.027937551355793
210111,Event Architects inc.,2.6,41940,"San Jose-Sunnyvale-Santa Clara, CA",06085505202,Santa Clara County,0.732431749241658,0.201706354259519,0.01640656262505
210109,LMU EHS - Sullivan Field,10.9,31080,"Los Angeles-Long Beach-Anaheim, CA",06037276500,Los Angeles County,0.483888196546199,0.281308411214953,0.097376788553259
210369,El Cerrito Home,0.9,41860,"San Francisco-Oakland-Fremont, CA",06013390100,Contra Costa County,0.349213483146067,0.081641858367163,0.087445887445887
210445,State Street,0.8,39820,"Redding, CA",06089010400,Shasta County,0.239130434782609,0.301424382069543,0.070658682634731
210565,Mussel Rock,2.9,41860,"San Francisco-Oakland-Fremont, CA",06081601000,San Mateo County,0.820466537073035,0.128794207741576,0.057384760112888
210771,VVAMPLincoln4,11.5,31080,"Los Angeles-Long Beach-Anaheim, CA",06037920106,Los Angeles County,0.667641584684924,0.217495346982186,0.051172707889126
210875,"Woodland, CA",1.9,40900,"Sacramento-Roseville-Folsom, CA",06113010800,Yolo County,0.693116922152089,0.417192666065525,0.056545789797173
210887,See the VOCs Orchard Hills,7.5,31080,"Los Angeles-Long Beach-Anaheim, CA",06059052437,Orange County,0.728018757327081,0.095545134818288,0.061931572109138
211271,Smaug,1.6,41940,"San Jose-Sunnyvale-Santa Clara, CA",06085511800,Santa Clara County,0.180475980608197,0.072185430463576,0.053788771103259
211463,PASADENA,15.2,31080,"Los Angeles-Long Beach-Anaheim, CA",06037460900,Los Angeles County,0.784672619047619,0.359063972040723,0.04491451753115
211987,"The Fountaingrove Club Hole 2, Santa Rosa CA",0.2,42220,"Santa Rosa-Petaluma, CA",06097152402,Sonoma County,0.277543859649123,0.100284495021337,0.0
211985,VVAMP Hunstock,9.8,31080,"Los Angeles-Long Beach-Anaheim, CA",06037920106,Los Angeles County,0.667641584684924,0.217495346982186,0.051172707889126
212107,Washington Elementary School,1.3,44700,"Stockton-Lodi, CA",06077000802,San Joaquin County,0.962583290620195,0.686827268067658,0.107711138310894
212137,Cunha Intermediate Outside,2.6,41860,"San Francisco-Oakland-Fremont, CA",06081613702,San Mateo County,0.421378280349904,0.183272882440794,0.017478616586091
212349,ucm-77d4,2.5,47300,"Visalia, CA",06107002701,Tulare County,0.223495702005731,0.53037037037037,0.151020408163265
212477,New Meyler,4.6,31080,"Los Angeles-Long Beach-Anaheim, CA",06037297202,Los Angeles County,0.55765503875969,0.195193008011653,0.024604569420035
212617,Woodstock,11.3,31080,"Los Angeles-Long Beach-Anaheim, CA",06037920118,Los Angeles County,0.617496279146684,0.129816437903092,0.048708728342596
212665,Outdoor,1.7,44700,"Stockton-Lodi, CA",06077004305,San Joaquin County,0.578211820171746,0.118875231520458,0.080427269871191
212873,Diamond Oaks Golf,1.7,40900,"Sacramento-Roseville-Folsom, CA",06061021003,Placer County,0.311606632361349,0.229273870783305,0.082016728624535
213405,Scripps Ranch,7.8,41740,"San Diego-Chula Vista-Carlsbad, CA",06073017022,San Diego County,0.32165725047081,0.078887195121951,0.040591675266598
213499,Sonic 2260 outside,0.0,42220,"Santa Rosa-Petaluma, CA",06097153302,Sonoma County,0.643010368251698,0.329735563950351,0.07637145930441
213523,Granite Hills HS,2.0,47300,"Visalia, CA",06107003902,Tulare County,0.777721518987342,0.61046511627907,0.09831675592961
213747,NEON D17 SOAP,2.5,23420,"Fresno, CA",06019006408,Fresno County,0.353003161222339,0.223753976670201,0.037406483790524
214953,Penny Lane,1.7,41860,"San Francisco-Oakland-Fremont, CA",06013350000,Contra Costa County,0.346829268292683,0.04837921485584,0.036458333333333
214959,Monta Loma,0.0,41940,"San Jose-Sunnyvale-Santa Clara, CA",06085509302,Santa Clara County,0.541442715700141,0.072418670438472,0.058733401430031
215029,Castaic,11.4,31080,"Los Angeles-Long Beach-Anaheim, CA",06037920102,Los Angeles County,0.526025719534599,0.206602990033223,0.093089430894309
215043,VoyageAir,1.4,42020,"San Luis Obispo-Paso Robles, CA",06079011300,San Luis Obispo County,0.323067351065485,0.332395686826067,0.085045662100457
215045,SFSU Bay Conference Center,1.2,41860,"San Francisco-Oakland-Fremont, CA",06075033201,San Francisco County,0.729222520107239,0.533650982727814,0.206172310330047
215159,ALFAPA24,0.0,42220,"Santa Rosa-Petaluma, CA",06097151203,Sonoma County,0.313696612665685,0.20576478013886,0.033466715169152
215435,Bellarmine College Prep,0.2,41940,"San Jose-Sunnyvale-Santa Clara, CA",06085500400,Santa Clara County,0.683693516699411,0.11124213836478,0.038581207218419
215467,Maison de printemps,0.1,41940,"San Jose-Sunnyvale-Santa Clara, CA",06085509201,Santa Clara County,0.566922117269649,0.144181072892533,0.040032679738562
215847,McClymonds North,10.6,41860,"San Francisco-Oakland-Fremont, CA",06001401600,Alameda County,0.814398668331253,0.333749479816896,0.091028159790439
215871,WO 32nd,1.9,41860,"San Francisco-Oakland-Fremont, CA",06001401500,Alameda County,0.781878088962109,0.337994542974079,0.09273570324575
216023,1325 Drumm Ave.,10.6,31080,"Los Angeles-Long Beach-Anaheim, CA",06037294120,Los Angeles County,0.994660021359915,0.484870060519758,0.041860465116279
216251,Glamis and Lev,10.0,31080,"Los Angeles-Long Beach-Anaheim, CA",06037119003,Los Angeles County,0.973555840821566,0.358746736292428,0.047340165934602
216249,PCE,24.9,31080,"Los Angeles-Long Beach-Anaheim, CA",06037104321,Los Angeles County,0.996539792387543,0.387543252595156,0.08715953307393
216341,Diamond Bar HS,13.1,31080,"Los Angeles-Long Beach-Anaheim, CA",06037403325,Los Angeles County,0.856496710526316,0.220394736842105,0.027790228597042
216385,Hilltop Village VPI,1.6,41860,"San Francisco-Oakland-Fremont, CA",06013365003,Contra Costa County,0.808899556868538,0.252769571639586,0.094423537461512
216455,Marigold Ave,1.7,40900,"Sacramento-Roseville-Folsom, CA",06061021501,Placer County,0.262762473511847,0.218034152436485,0.049071618037135
216703,Ellis at Central Station,2.0,41860,"San Francisco-Oakland-Fremont, CA",06001401700,Alameda County,0.546092796092796,0.253598774885145,0.038680781758958
216705,OMSS  10 Burma Rd,13.4,41860,"San Francisco-Oakland-Fremont, CA",06001401700,Alameda County,0.546092796092796,0.253598774885145,0.038680781758958
216899,Squire Canyon,4.8,42020,"San Luis Obispo-Paso Robles, CA",06079011600,San Luis Obispo County,0.095249184909176,0.112948299953423,0.017676767676768
216915,El Chorro Regional Park,3.1,42020,"San Luis Obispo-Paso Robles, CA",06079011505,San Luis Obispo County,0.251966829683181,0.125732551944592,0.037070524412297
217379,BUCHANAN,9.4,31080,"Los Angeles-Long Beach-Anaheim, CA",06037920106,Los Angeles County,0.667641584684924,0.217495346982186,0.051172707889126
217487,Chelsea,10.3,31080,"Los Angeles-Long Beach-Anaheim, CA",06037920118,Los Angeles County,0.617496279146684,0.129816437903092,0.048708728342596
218059,CARB_24_6f_df,0.9,40900,"Sacramento-Roseville-Folsom, CA",06067002000,Sacramento County,0.528865979381443,0.255605381165919,0.062022090059473
218113,Carranza,2.5,40140,"Riverside-San Bernardino-Ontario, CA",06065045109,Riverside County,0.588925387142187,0.435559736594544,0.081564245810056
218131,City of Elk Grove - 8400 Roof,0.6,40900,"Sacramento-Roseville-Folsom, CA",06067009611,Sacramento County,0.728805031446541,0.269685534591195,0.126791620727674
218137,CARB_24_65_41,1.5,40900,"Sacramento-Roseville-Folsom, CA",06067002000,Sacramento County,0.528865979381443,0.255605381165919,0.062022090059473
218267,Laguna Ct.,0.2,41940,"San Jose-Sunnyvale-Santa Clara, CA",06085505305,Santa Clara County,0.645929612513331,0.062054208273894,0.045101982189026
218427,Manor Drive North,0.7,42220,"Santa Rosa-Petaluma, CA",06097152903,Sonoma County,0.649285282866922,0.305549949545913,0.016302186878728
218835,MCOE Community School,0.0,46380,"Ukiah, CA",06045011501,Mendocino County,0.39294403892944,0.185158150851582,0.097433460076046
218843,MCOE Orr Creek,0.0,46380,"Ukiah, CA",06045011400,Mendocino County,0.300153812348934,0.280398198625267,0.060756972111554
218873,Stockton Climate Sensor 7,0.8,44700,"Stockton-Lodi, CA",06077002202,San Joaquin County,0.969421186749181,0.625591554423007,0.108557457212714
219125,Football stadium,4.1,41940,"San Jose-Sunnyvale-Santa Clara, CA",06069000702,San Benito County,0.72495563800613,0.216927798417057,0.056649500151469
219281,Stockton Climate Sensor 3,1.0,44700,"Stockton-Lodi, CA",06077001200,San Joaquin County,0.46730571722013,0.148821218074656,0.054653465346535
219543,Castro St GWR,1.7,41860,"San Francisco-Oakland-Fremont, CA",06013378000,Contra Costa County,0.344481605351171,0.104450733213275,0.044611133043822
219553,1819 Florida GWR,1.7,41860,"San Francisco-Oakland-Fremont, CA",06013379000,Contra Costa County,0.978885840391268,0.46131351285488,0.068758169934641
219561,GWR Johnson Dr,0.0,41860,"San Francisco-Oakland-Fremont, CA",06013392201,Contra Costa County,0.936716663242244,0.246443514644351,0.046614494726097
219565,GWR Euclid ave,1.6,41860,"San Francisco-Oakland-Fremont, CA",06013381000,Contra Costa County,0.954199612113979,0.33573249362723,0.093768723786699
219573,GWR Chanslor Estate,2.4,41860,"San Francisco-Oakland-Fremont, CA",06013377000,Contra Costa County,0.95323281369793,0.577511900167246,0.1194743130227
219581,GWR Rheem ave,1.0,41860,"San Francisco-Oakland-Fremont, CA",06013373000,Contra Costa County,0.953488372093023,0.299724391364263,0.065711878685762
219585,Cris GWR,1.8,41860,"San Francisco-Oakland-Fremont, CA",06013376000,Contra Costa County,0.993891537544696,0.463231990414857,0.086595492289442
219609,Hollywood Park NE,1.1,40900,"Sacramento-Roseville-Folsom, CA",06067003501,Sacramento County,0.571311810380057,0.229260318757662,0.074918566775244
219615,"Monrovia, California",12.8,31080,"Los Angeles-Long Beach-Anaheim, CA",06037431100,Los Angeles County,0.839280657037666,0.224394390140246,0.065833733781836
219623,Dan at Fashion Island,6.1,31080,"Los Angeles-Long Beach-Anaheim, CA",06059063008,Orange County,0.326538768984812,0.087529976019185,0.041547277936963
219743,Ridgey,0.6,46020,"Truckee-Grass Valley, CA",06057000701,Nevada County,0.107767385115901,0.224345940084045,0.056179775280899
219741,343 River GWR,1.2,41860,"San Francisco-Oakland-Fremont, CA",06013377000,Contra Costa County,0.95323281369793,0.577511900167246,0.1194743130227
219775,GWR Fire station 62,1.0,41860,"San Francisco-Oakland-Fremont, CA",06013378000,Contra Costa County,0.344481605351171,0.104450733213275,0.044611133043822
219773,GWR Bridge Art space,1.8,41860,"San Francisco-Oakland-Fremont, CA",06013379000,Contra Costa County,0.978885840391268,0.46131351285488,0.068758169934641
219841,GWR Shields Reid,1.4,41860,"San Francisco-Oakland-Fremont, CA",06013365002,Contra Costa County,0.949526203829047,0.400309417907561,0.063010501750292
219899,Calvary Christian School,9.0,31080,"Los Angeles-Long Beach-Anaheim, CA",06037980019,Los Angeles County,0.0,0.177215189873418,0.346153846153846
219901,307 Ciela Balcony,16.3,31080,"Los Angeles-Long Beach-Anaheim, CA",06037262601,Los Angeles County,0.291891891891892,0.064203513022411,0.023367697594502
219909,CARB-Cayucos Library,2.8,42020,"San Luis Obispo-Paso Robles, CA",06079010504,San Luis Obispo County,0.21728081321474,0.183396865734858,0.019747235387046
219971,CARB-Cambria Library,3.5,42020,"San Luis Obispo-Paso Robles, CA",06079010404,San Luis Obispo County,0.31832298136646,0.191610564474366,0.067173637515843
219975,Dove Creek,2.1,42020,"San Luis Obispo-Paso Robles, CA",06079012503,San Luis Obispo County,0.423215122637088,0.340388564207866,0.059905412506569
219979,Kent Ranch,7.7,41740,"San Diego-Chula Vista-Carlsbad, CA",06073020107,San Diego County,0.691046916615448,0.312128052534373,0.016220955721175
220041,Dm Casino,1.6,45000,"Susanville, CA",06035040305,Lassen County,0.364446529080675,0.259004739336493,0.057591623036649
220059,Janesville school,0.7,45000,"Susanville, CA",06035040500,Lassen County,0.186932215234102,0.325646401118099,0.056962025316456
220073,Public Works,1.1,45000,"Susanville, CA",06035040302,Lassen County,0.21208815186559,0.230172795746566,0.052899287894201
220087,Cromwell Ave,13.3,31080,"Los Angeles-Long Beach-Anaheim, CA",06037920106,Los Angeles County,0.667641584684924,0.217495346982186,0.051172707889126
220255,Fresh Milk,0.3,17340,"Clearlake, CA",06033001101,Lake County,0.083487084870849,0.299392807099486,0.026192703461179
220283,City Hall,352.3,45000,"Susanville, CA",06035040305,Lassen County,0.364446529080675,0.259004739336493,0.057591623036649
221053,Stockton Climate Sensor 9,1.0,44700,"Stockton-Lodi, CA",06077000401,San Joaquin County,0.668067226890756,0.535931355023239,0.109219858156028
221059,Stockton Climate Sensor 5,0.8,44700,"Stockton-Lodi, CA",06077003219,San Joaquin County,0.803161320316132,0.07906103286385,0.052784222737819
221083,Stockton Climate Sensor 6,1.3,44700,"Stockton-Lodi, CA",06077003804,San Joaquin County,0.837867445681943,0.340514880408983,0.012034161490683
221127,UoP_pm_2,0.8,44700,"Stockton-Lodi, CA",06077003110,San Joaquin County,0.711634904714142,0.342527582748245,0.089704383282365
221137,Stockton Climate Sensor 1,1.8,44700,"Stockton-Lodi, CA",06077003119,San Joaquin County,0.654950996958432,0.061169313957418,0.022727272727273
221229,The Summit,1.0,40140,"Riverside-San Bernardino-Ontario, CA",06065045115,Riverside County,0.126895002807412,0.106103822019395,0.062407132243685
221385,176 N Milton Ave,0.3,41940,"San Jose-Sunnyvale-Santa Clara, CA",06085506503,Santa Clara County,0.491912002588159,0.182069638789457,0.025179856115108
221453,Kings Creek/Blue Ridge Air quality,0.1,42100,"Santa Cruz-Watsonville, CA",06087120500,Santa Cruz County,0.231797397115723,0.114417286574566,0.069718731298624
221475,MCRCD,0.2,46380,"Ukiah, CA",06045010601,Mendocino County,0.161412837067983,0.274923312883436,0.140015302218822
221491,NC#164_Eureka_NCUAQMD,0.1,21700,"Eureka-Arcata, CA",06023000500,Humboldt County,0.253383242153758,0.451460885956645,0.067774936061381
221493,The Porch,0.0,46380,"Ukiah, CA",06045011300,Mendocino County,0.488497761309248,0.494885306881587,0.029255319148936
221525,Black Oak Ranch Laytonville,0.0,46380,"Ukiah, CA",06045010200,Mendocino County,0.299716356760164,0.546662448592218,0.178807947019868
221573,Crestmont Dr,1.3,41860,"San Francisco-Oakland-Fremont, CA",06001408000,Alameda County,0.393006993006993,0.045566502463054,0.081998718770019
221683,Buttercup,0.6,42220,"Santa Rosa-Petaluma, CA",06097150303,Sonoma County,0.233772693359861,0.07525,0.067360685854256
221897,Belle Ave,0.5,41860,"San Francisco-Oakland-Fremont, CA",06081609400,San Mateo County,0.346244131455399,0.056924882629108,0.040953862104717
221933,Wicked Lemur,2.0,42220,"Santa Rosa-Petaluma, CA",06097153005,Sonoma County,0.447071549992273,0.225402227722772,0.038461538461538
222041,MAC,0.2,41860,"San Francisco-Oakland-Fremont, CA",06081613400,San Mateo County,0.132050864036518,0.117395593554752,0.075914423740511
222231,Carnelian deck,1.0,40900,"Sacramento-Roseville-Folsom, CA",06061020105,Placer County,0.184210526315789,0.07085020242915,0.044267877412032
222927,Orchard Park,0.5,41940,"San Jose-Sunnyvale-Santa Clara, CA",06085504318,Santa Clara County,0.923748786912519,0.250937369809749,0.050411249668347
223007,Amber Grove Chico,2.7,17020,"Chico, CA",06007000404,Butte County,0.144700713893465,0.085991678224688,0.022090517241379
223219,MDAQMD-Hinkley_CC2,4.8,40140,"Riverside-San Bernardino-Ontario, CA",06071011900,San Bernardino County,0.430102724430549,0.417641764176418,0.096852300242131
223217,AVUSD-HDPA,6.8,40140,"Riverside-San Bernardino-Ontario, CA",06071009712,San Bernardino County,0.576830732292917,0.525140513443719,0.088612514574427
223223,MDAQMD_SJUSD_QVMS,10.9,40140,"Riverside-San Bernardino-Ontario, CA",06071009119,San Bernardino County,0.568718996206595,0.252553253574555,0.063791008505468
223225,MDAQMD-AVUSD_MAR_2,2.2,40140,"Riverside-San Bernardino-Ontario, CA",06071009709,San Bernardino County,0.662423055400112,0.619054280917739,0.087394957983193
223229,MDAQMD_SJUSD_PES,11.6,40140,"Riverside-San Bernardino-Ontario, CA",06071009109,San Bernardino County,0.488975010022718,0.473134128366609,0.127158034528552
223235,MDAQMD-ZZYZX-Desert-Studies-Center_2,1.9,40140,"Riverside-San Bernardino-Ontario, CA",06071010300,San Bernardino County,0.507893952934167,0.442598187311178,0.210693825588797
223247,MDAQMD_AVUSD_VAN,5.6,40140,"Riverside-San Bernardino-Ontario, CA",06071009712,San Bernardino County,0.576830732292917,0.525140513443719,0.088612514574427
223251,MDAQMD_AVUSD_YL,2.8,40140,"Riverside-San Bernardino-Ontario, CA",06071009721,San Bernardino County,0.753921403272053,0.589817320703654,0.088379705400982
223263,MDAQMD-ADL-CityHall,5.8,40140,"Riverside-San Bernardino-Ontario, CA",06071009132,San Bernardino County,0.889300411522634,0.721810699588477,0.100120627261761
223265,Jefferson Park,7.3,31080,"Los Angeles-Long Beach-Anaheim, CA",06037219010,Los Angeles County,0.87429705590473,0.344029110155475,0.086384439359268
223269,MDAQMD_SJUSD_VVES,5.3,40140,"Riverside-San Bernardino-Ontario, CA",06071009136,San Bernardino County,0.755013550135501,0.352716004374772,0.119417019275976
223275,MDAQMD-LUC2,1.2,40140,"Riverside-San Bernardino-Ontario, CA",06071012103,San Bernardino County,0.425,0.535126582278481,0.244897959183673
223277,MDAQMD-LVUSD-MHS_2,1.4,40140,"Riverside-San Bernardino-Ontario, CA",06071012106,San Bernardino County,0.556826056826057,0.5997920997921,0.178096212896622
223283,MDAQMD-PVUSD-FJA_3,1.2,40140,"Riverside-San Bernardino-Ontario, CA",06065046200,Riverside County,0.796474891918856,0.670435650149651,0.065716547901821
223281,MDAQMD_PondersaNursery,3.7,40140,"Riverside-San Bernardino-Ontario, CA",06071010034,San Bernardino County,0.664618644067797,0.360593220338983,0.013997529847674
223285,MDAQMD-AVUSD_AVHS_2,1.5,40140,"Riverside-San Bernardino-Ontario, CA",06071009709,San Bernardino County,0.662423055400112,0.619054280917739,0.087394957983193
223289,MDAQMD_SJUSD_HER,10.9,40140,"Riverside-San Bernardino-Ontario, CA",06071009109,San Bernardino County,0.488975010022718,0.473134128366609,0.127158034528552
223631,Pinecrest,1.8,43760,"Sonora, CA",06109003103,Tuolumne County,0.15796178343949,0.227338129496403,0.089285714285714
223641,BHG,3.0,49700,"Yuba City, CA",06115041002,Yuba County,0.226514486391572,0.194812849985264,0.039441747572816
223961,Prairie Oaks,0.8,40900,"Sacramento-Roseville-Folsom, CA",06067008508,Sacramento County,0.552800342026507,0.110046301281361,0.052925366962994
224015,FS3 East wall Outside,9.5,31080,"Los Angeles-Long Beach-Anaheim, CA",06037531502,Los Angeles County,0.991572123176661,0.621340273259597,0.131064446053584
224095,Southwest Community Center - Outdoor,7.8,31080,"Los Angeles-Long Beach-Anaheim, CA",06059074801,Orange County,0.978148835291692,0.481137909709338,0.064294379296401
224107,Anaheim Independencia Family Resource - Outdoor,6.9,31080,"Los Angeles-Long Beach-Anaheim, CA",06059087806,Orange County,0.872560665195995,0.364500254539284,0.042747533796127
224187,Berryman,6.3,31080,"Los Angeles-Long Beach-Anaheim, CA",06037275102,Los Angeles County,0.850879249706917,0.512543962485346,0.056184668989547
224205,21st Street,6.3,31080,"Los Angeles-Long Beach-Anaheim, CA",06037701201,Los Angeles County,0.282397959183673,0.107325819672131,0.068341121495327
224235,Redmond Avenue,1.4,41940,"San Jose-Sunnyvale-Santa Clara, CA",06085511907,Santa Clara County,0.679054054054054,0.040540540540541,0.015143866733973
224279,Cosmo,1.1,40140,"Riverside-San Bernardino-Ontario, CA",06065044922,Riverside County,0.322147651006711,0.142410504924183,0.045153521974714
224301,Chenery gardens,1.2,41860,"San Francisco-Oakland-Fremont, CA",06075021700,San Francisco County,0.492829204693611,0.226386149463073,0.057983193277311
224539,El Bonito Way,0.4,46700,"Vallejo, CA",06095252102,Solano County,0.432054924242424,0.175592417061611,0.055661274976213
224637,Hartford Ave,10.4,31080,"Los Angeles-Long Beach-Anaheim, CA",06037920118,Los Angeles County,0.617496279146684,0.129816437903092,0.048708728342596
224985,500 Westridge,1.8,42100,"Santa Cruz-Watsonville, CA",06087110402,Santa Cruz County,0.917601281757839,0.266851980542043,0.021804511278195
224991,Badger Farm,0.0,42220,"Santa Rosa-Petaluma, CA",06097153301,Sonoma County,0.515492102065614,0.292114145443388,0.056434599156118
225291,Table Mountain Facility,1.0,31080,"Los Angeles-Long Beach-Anaheim, CA",06037930400,Los Angeles County,0.609400324149109,0.206273764258555,0.069548872180451
225343,Moffett Windmill,0.2,41940,"San Jose-Sunnyvale-Santa Clara, CA",06085509201,Santa Clara County,0.566922117269649,0.144181072892533,0.040032679738562
225340,Ryans Ln,2.2,46020,"Truckee-Grass Valley, CA",06057000504,Nevada County,0.148595172140879,0.250374812593703,0.048924731182796
225361,Mirabel Heights,0.0,42220,"Santa Rosa-Petaluma, CA",06097153705,Sonoma County,0.252336448598131,0.143691588785047,0.042809042809043
225379,Long Valley,0.0,17340,"Clearlake, CA",06033000602,Lake County,0.30093023255814,0.481724461105904,0.068918918918919
225377,2003 Foxtail,0.0,42220,"Santa Rosa-Petaluma, CA",06097152401,Sonoma County,0.264885669006113,0.06615139804501,0.007596067917784
225381,Clyde &amp; Welsh,1.0,41860,"San Francisco-Oakland-Fremont, CA",06013338301,Contra Costa County,0.31340206185567,0.031228313671062,0.010378057820608
225389,Lake Hennessey,0.0,34900,"Napa, CA",06055201700,Napa County,0.436582109479306,0.183995491687799,0.054096432771462
225399,Baldacci Family Vineyards,1.0,34900,"Napa, CA",06055201401,Napa County,0.247252747252747,0.107927786499215,0.027937551355793
225561,Fox and Hounds,10.7,31080,"Los Angeles-Long Beach-Anaheim, CA",06037143802,Los Angeles County,0.266190263510496,0.163465832961143,0.136798905608755
225601,Arapahoe Court,2.2,41860,"San Francisco-Oakland-Fremont, CA",06081613200,San Mateo County,0.249306670559042,0.075949367088608,0.044481605351171
225855,Hacienda,0.6,41860,"San Francisco-Oakland-Fremont, CA",06041133000,Marin County,0.130067567567568,0.140081799591002,0.038349796629866
225863,GBUAPCD_Starlite2024,1.0,13860,"Bishop, CA",06027000200,Inyo County,0.345987506006728,0.394358701436935,0.02710027100271
225869,GBUAPCD_LonePineMonitor2025,0.8,13860,"Bishop, CA",06027000800,Inyo County,0.428711576193591,0.366511318242344,0.02052091554854
225879,Patio,11.1,31080,"Los Angeles-Long Beach-Anaheim, CA",06037195400,Los Angeles County,0.351338545368396,0.144721233689205,0.091271158313973
225883,Robie,1.6,40900,"Sacramento-Roseville-Folsom, CA",06061020402,Placer County,0.184367034834325,0.250920419144718,0.040417209908735
225891,HeiHei,0.3,41940,"San Jose-Sunnyvale-Santa Clara, CA",06085508510,Santa Clara County,0.886,0.171763360960274,0.042823529411765
225903,GBUAPCD_FortIndependence2024,0.0,13860,"Bishop, CA",06027000500,Inyo County,0.366018261214768,0.251010509296686,0.043676069153776
225901,GBUAPCD_DV2_2025,1.2,13860,"Bishop, CA",06027000800,Inyo County,0.428711576193591,0.366511318242344,0.02052091554854
225907,GBUAPCD_BishopCityPark,5.5,13860,"Bishop, CA",06027000400,Inyo County,0.485789014821273,0.243358129649309,0.04922042188933
225905,GBUAPCD_BishopHQ2025,0.2,13860,"Bishop, CA",06027000400,Inyo County,0.485789014821273,0.243358129649309,0.04922042188933
225915,GBUAPCD_BirchCreek20240808,0.5,13860,"Bishop, CA",06027000500,Inyo County,0.366018261214768,0.251010509296686,0.043676069153776
225913,GBUAPCD_Meadowcreek2025,0.6,13860,"Bishop, CA",06027000100,Inyo County,0.484542792059876,0.395045632333768,0.088419405320814
225921,Oliveto,0.0,42220,"Santa Rosa-Petaluma, CA",06097153902,Sonoma County,0.421533660276416,0.244018058690745,0.044471644226846
226015,El Dorado Rd.,1.2,41860,"San Francisco-Oakland-Fremont, CA",06013341000,Contra Costa County,0.36827731092437,0.087341772151899,0.047470817120623
226041,Loyola Drive,0.1,41940,"San Jose-Sunnyvale-Santa Clara, CA",06085511704,Santa Clara County,0.50251256281407,0.040856456194014,0.021870637505817
226123,CSUCI5,4.5,42200,"Santa Maria-Santa Barbara, CA",06083980100,Santa Barbara County,0.6,1.0,0.666666666666667
226367,Lake Berryessa-Bureau of Reclamation Field Office,0.1,34900,"Napa, CA",06055201800,Napa County,0.398648648648649,0.264864864864865,0.039136302294197
226371,Myrtletown Woodsmoke Pollution Monitor,1.5,21700,"Eureka-Arcata, CA",06023000800,Humboldt County,0.213706233988044,0.407747424988804,0.089655172413793
226381,Banana Belt Apple Orchard,1.4,23420,"Fresno, CA",06019006409,Fresno County,0.344827586206897,0.251920122887865,0.037974683544304
226421,Wilsonia,5.9,47300,"Visalia, CA",06107000102,Tulare County,0.522698345354264,0.234196011879508,0.077962577962578
226497,Lower Kelly Hill,1.5,41860,"San Francisco-Oakland-Fremont, CA",06001435300,Alameda County,0.778054862842893,0.214736367733213,0.037663335895465
226503,cahtocreek,0.4,46380,"Ukiah, CA",06045010200,Mendocino County,0.299716356760164,0.546662448592218,0.178807947019868
226557,Realm North,0.0,34900,"Napa, CA",06055201900,Napa County,0.447682119205298,0.217218543046358,0.046486486486486
226563,Diamond Stadium,6.7,40140,"Riverside-San Bernardino-Ontario, CA",06065043001,Riverside County,0.765762682864231,0.320459022009078,0.072992700729927
227033,Tahoe Donner,1.8,46020,"Truckee-Grass Valley, CA",06057001210,Nevada County,0.066587395957194,0.073127229488704,0.0
227309,Benbough Amphitheater,17.8,41740,"San Diego-Chula Vista-Carlsbad, CA",06073020711,San Diego County,0.446091644204852,0.070350404312668,0.027605901951452
227325,Cliff Lede Vineyards,0.0,34900,"Napa, CA",06055201401,Napa County,0.247252747252747,0.107927786499215,0.027937551355793
227349,Old Fir,0.2,41860,"San Francisco-Oakland-Fremont, CA",06081613800,San Mateo County,0.324557086614173,0.204338180921863,0.010752688172043
227475,Foothill Park,0.5,41940,"San Jose-Sunnyvale-Santa Clara, CA",06085511911,Santa Clara County,0.421469597940186,0.079816878980892,0.022553655874864
227605,Evelyn Terrace,0.3,41940,"San Jose-Sunnyvale-Santa Clara, CA",06085508706,Santa Clara County,0.767835253738661,0.076052178193453,0.032271241830065
227637,Monty,0.2,34900,"Napa, CA",06055201403,Napa County,0.215155615696888,0.054127198917456,0.031111111111111
227657,Palo Alto Engineer,0.1,41940,"San Jose-Sunnyvale-Santa Clara, CA",06085511100,Santa Clara County,0.569909622541201,0.068757752968279,0.062275449101796
227663,foodlink,3161.5,47300,"Visalia, CA",06107001502,Tulare County,0.721374045801527,0.45588968267154,0.136308805790109
227765,Lindenwood,0.0,41860,"San Francisco-Oakland-Fremont, CA",06081611500,San Mateo County,0.329272537417334,0.041420118343195,0.03160453808752
227931,Magellan,0.0,41860,"San Francisco-Oakland-Fremont, CA",06081613502,San Mateo County,0.148280337443219,0.107142857142857,0.075389948006932
227959,Muir Beach Pacific Way,2.3,41860,"San Francisco-Oakland-Fremont, CA",06041131100,Marin County,0.143856920684292,0.173221757322176,0.048286604361371
227999,BelBelmont,0.6,41860,"San Francisco-Oakland-Fremont, CA",06081608900,San Mateo County,0.557989867177872,0.172909467864547,0.109367455335587
228041,Zyg’s Place,12.7,37100,"Oxnard-Thousand Oaks-Ventura, CA",06111005305,Ventura County,0.37332035053554,0.124553039332539,0.048840048840049
228073,KRW,13.0,12540,"Bakersfield-Delano, CA",06029004500,Kern County,0.938164893617021,0.610704787234043,0.082298136645963
228279,High Camp,0.8,40900,"Sacramento-Roseville-Folsom, CA",06061022014,Placer County,0.087825560266505,0.232586311326469,0.061835748792271
228303,Valencia Hills,7.9,31080,"Los Angeles-Long Beach-Anaheim, CA",06037920334,Los Angeles County,0.368833714472395,0.193519513068385,0.116154873164219
228307,Outside the Normandy,0.0,42220,"Santa Rosa-Petaluma, CA",06097152601,Sonoma County,0.264204545454545,0.045270574126818,0.124483775811209
228321,Hummingbird house,0.7,41860,"San Francisco-Oakland-Fremont, CA",06075022903,San Francisco County,0.549122807017544,0.132631578947368,0.070149975810353
228459,Kirkland-outside,0.9,41940,"San Jose-Sunnyvale-Santa Clara, CA",06085502500,Santa Clara County,0.442404772831574,0.078935291418082,0.042979177789642
228613,Monticello outside,0.1,41860,"San Francisco-Oakland-Fremont, CA",06081606900,San Mateo County,0.46442617089739,0.070432868672047,0.050102951269732
228685,Bigfoot,0.5,21700,"Eureka-Arcata, CA",06023010102,Humboldt County,0.272885789014821,0.305960264900662,0.053775743707094
228721,Linda Mar Beach,2.7,41860,"San Francisco-Oakland-Fremont, CA",06081603200,San Mateo County,0.31904634342352,0.08414766558089,0.024617067833698
228725,E section,0.1,42220,"Santa Rosa-Petaluma, CA",06097151308,Sonoma County,0.540257171117705,0.157029702970297,0.009513742071882
228987,Flying Hart Ranch,0.0,46380,"Ukiah, CA",06045010601,Mendocino County,0.161412837067983,0.274923312883436,0.140015302218822
229009,Brookdale,0.5,41860,"San Francisco-Oakland-Fremont, CA",06013349000,Contra Costa County,0.25262252794497,0.174055545972054,0.122574385510996
229021,StoneC2,0.0,42220,"Santa Rosa-Petaluma, CA",06097151601,Sonoma County,0.147200593251761,0.136260408781226,0.091317365269461
229289,SIX DOG RANCH,0.0,46380,"Ukiah, CA",06045011004,Mendocino County,0.132592298531163,0.231275720164609,0.045528455284553
229297,Antelope Acres,3333.3,31080,"Los Angeles-Long Beach-Anaheim, CA",06037900902,Los Angeles County,0.340730136005727,0.310665712240515,0.066558441558442
229597,Twin Hills Circle,8.9,40140,"Riverside-San Bernardino-Ontario, CA",06065042621,Riverside County,0.755072287692868,0.292188069493379,0.08100765621141
229607,KG6BXW,1.0,23420,"Fresno, CA",06039000106,Madera County,0.335389792484577,0.168442699570013,0.060163300386764
229647,Judith,2.3,46020,"Truckee-Grass Valley, CA",06057000102,Nevada County,0.109456231558241,0.173857507805847,0.037439268362389
229707,Success Mine,2.1,46020,"Truckee-Grass Valley, CA",06057000802,Nevada County,0.15778777761649,0.269036287923855,0.034809245335561
229913,Top-o-Topanga,13.1,31080,"Los Angeles-Long Beach-Anaheim, CA",06037800103,Los Angeles County,0.431791569086651,0.141686182669789,0.088899567515617
230031,CHARA E1,21.2,31080,"Los Angeles-Long Beach-Anaheim, CA",06037930400,Los Angeles County,0.609400324149109,0.206273764258555,0.069548872180451
230223,Martis Camp,0.6,40900,"Sacramento-Roseville-Folsom, CA",06061022011,Placer County,0.171576227390181,0.070020746887967,0.024007386888273
230683,STEAM Yard,1.8,12540,"Bakersfield-Delano, CA",06029001600,Kern County,0.745829675153643,0.678005591798695,0.115869017632242
230917,"800 Freeman Lane, GV",2.2,46020,"Truckee-Grass Valley, CA",06057000502,Nevada County,0.326161964684392,0.29278728606357,0.0
231121,Cambridge Ave Palo Alto,0.1,41940,"San Jose-Sunnyvale-Santa Clara, CA",06085511501,Santa Clara County,0.451244813278008,0.103996652019251,0.016993957703927
231135,"Casa Del Oso, Fern",0.2,39820,"Redding, CA",06089012605,Shasta County,0.127080181543116,0.216855087358684,0.042303172737955
231181,4575 Paul Sweet,0.0,42100,"Santa Cruz-Watsonville, CA",06087121200,Santa Cruz County,0.201696933611194,0.179191616766467,0.08201554543018
231395,Country View,2.7,41860,"San Francisco-Oakland-Fremont, CA",06013345118,Contra Costa County,0.56,0.113758865248227,0.062629399585921
231705,222 8th Ave,4.9,41860,"San Francisco-Oakland-Fremont, CA",06081606300,San Mateo County,0.557243908828923,0.180868167202572,0.038341968911917
231905,TFE - Los Alamos Ranch,3.5,42200,"Santa Maria-Santa Barbara, CA",06083001911,Santa Barbara County,0.285714285714286,0.213788741302973,0.040082219938335
231921,Bodega Rancho,0.2,42220,"Santa Rosa-Petaluma, CA",06097154305,Sonoma County,0.277956741831569,0.153179190751445,0.184065934065934
231927,Southview,2.0,40900,"Sacramento-Roseville-Folsom, CA",06067008137,Sacramento County,0.215058236272879,0.286605657237937,0.04320987654321
231935,Driscolls McArthur Office,0.1,39820,"Redding, CA",06089012702,Shasta County,0.253768844221106,0.320851688693098,0.09872029250457
231933,Mango,4.8,40140,"Riverside-San Bernardino-Ontario, CA",06065045128,Riverside County,0.21395955642531,0.108284409654273,0.0
232073,Alpha Omega Winery,0.1,34900,"Napa, CA",06055201500,Napa County,0.342326139088729,0.193024654239327,0.052401746724891
232197,CARB-BLDMTN,0.0,39820,"Redding, CA",06089012606,Shasta County,0.342823598473731,0.384662203286671,0.142651296829971
232203,Twain Harte 00,2.1,43760,"Sonora, CA",06109003102,Tuolumne County,0.084772370486656,0.162087912087912,0.134914145543745
232241,Camp One,3.2,17020,"Chico, CA",06007001704,Butte County,0.318108974358974,0.428992497320472,0.099721448467967
232249,Rhode Island and 18th,2.3,41860,"San Francisco-Oakland-Fremont, CA",06075022704,San Francisco County,0.467438105489774,0.122712594187298,0.031996915959907
232287,Dutch Slough Levee,0.5,41860,"San Francisco-Oakland-Fremont, CA",06013301000,Contra Costa County,0.44379808594483,0.182398198536311,0.078348128135855
232289,FaFam Mountain Lodge,0.0,40900,"Sacramento-Roseville-Folsom, CA",06061022013,Placer County,0.09640522875817,0.275986842105263,0.039033457249071
232295,5465TRC,1.9,40900,"Sacramento-Roseville-Folsom, CA",06061021123,Placer County,0.261973775017253,0.046790890269151,0.06473544191546
232327,Rose Hill,2.7,40900,"Sacramento-Roseville-Folsom, CA",06061020608,Placer County,0.189839572192513,0.091784854161092,0.102838529548627
232406,Top of Old County Rd,3.5,40900,"Sacramento-Roseville-Folsom, CA",06061020105,Placer County,0.184210526315789,0.07085020242915,0.044267877412032
232465,Poe/cresta,1.9,17020,"Chico, CA",06007002401,Butte County,0.289370078740157,0.434055118110236,0.058495821727019
232602,MC30,1.5,41860,"San Francisco-Oakland-Fremont, CA",06041129000,Marin County,0.654004106776181,0.346680355920602,0.050331125827815
232671,RICHARDSON SPRINGS,3.0,17020,"Chico, CA",06007001602,Butte County,0.149583600256246,0.180820148530836,0.014800514800515
232669,East River Street,1.6,46020,"Truckee-Grass Valley, CA",06057001207,Nevada County,0.338150289017341,0.33134988099286,0.059737884791222
232679,The Summit,0.2,39820,"Redding, CA",06089012604,Shasta County,0.171325518485122,0.209655172413793,0.062628336755647
232683,CHARA S1,18.3,31080,"Los Angeles-Long Beach-Anaheim, CA",06037930400,Los Angeles County,0.609400324149109,0.206273764258555,0.069548872180451
232681,Bohan Dillon,0.0,42220,"Santa Rosa-Petaluma, CA",06097154304,Sonoma County,0.216915422885572,0.269938650306748,0.014840182648402
232693,13041 yana trail oroville ca 95965,2.4,17020,"Chico, CA",06007002401,Butte County,0.289370078740157,0.434055118110236,0.058495821727019
232941,Santa Barbara,1.8,41860,"San Francisco-Oakland-Fremont, CA",06001421400,Alameda County,0.224664224664225,0.173513182096873,0.0
233115,Old campo,16.7,41740,"San Diego-Chula Vista-Carlsbad, CA",06073021101,San Diego County,0.437444385121908,0.409394727070182,0.068789308176101
233187,Quail Hollow Ranch,0.1,45000,"Susanville, CA",06035040400,Lassen County,0.696384605416613,0.259090909090909,0.008438818565401
233199,Austin Ridge,1.1,46020,"Truckee-Grass Valley, CA",06057001205,Nevada County,0.095181907571288,0.148140861695849,0.073706591070163
233213,A2C2,1.5,40140,"Riverside-San Bernardino-Ontario, CA",06071009201,San Bernardino County,0.219233355749832,0.215686274509804,0.024181360201511
233335,Cascade Shores - Cats,2.2,46020,"Truckee-Grass Valley, CA",06057000701,Nevada County,0.107767385115901,0.224345940084045,0.056179775280899
233337,Red Mountain,7.2,41740,"San Diego-Chula Vista-Carlsbad, CA",06073019105,San Diego County,0.340745585349902,0.152223675604971,0.107011070110701
233351,Stetson,1.2,41860,"San Francisco-Oakland-Fremont, CA",06001451300,Alameda County,0.460972939152198,0.093070545909589,0.040075309306079
233373,Buck Mountain Estates,1.7,46020,"Truckee-Grass Valley, CA",06057000105,Nevada County,0.219432670361917,0.22276581865623,0.055630936227951
233379,NCSOS Outside,2.1,46020,"Truckee-Grass Valley, CA",06057000602,Nevada County,0.225398210778966,0.394047090182141,0.034272300469484
233651,219 Brannan 10th Floor,2.1,41860,"San Francisco-Oakland-Fremont, CA",06075061502,San Francisco County,0.309836927932667,0.323513940031562,0.099636363636364
233653,Ocean Plant,15.3,41860,"San Francisco-Oakland-Fremont, CA",06075047904,San Francisco County,0.427980922098569,0.23343949044586,0.066582914572864
233659,Crocker,2.5,41500,"Salinas, CA",06053012402,Monterey County,0.155178635871527,0.156261277517142,0.093040293040293
233709,Tahoe Donner Marina,1.8,46020,"Truckee-Grass Valley, CA",06057001209,Nevada County,0.253861652115514,0.06178643384822,0.032745591939547
233719,Alder Creek Adventure Center,1.2,46020,"Truckee-Grass Valley, CA",06057001208,Nevada County,0.076923076923077,0.153846153846154,0.040441176470588
233807,Mountain Moon Ranch,0.0,46020,"Truckee-Grass Valley, CA",06057000200,Nevada County,0.130046445158985,0.305983518452168,0.057228915662651
233821,"Inwood, CA",0.0,39820,"Redding, CA",06089012604,Shasta County,0.171325518485122,0.209655172413793,0.062628336755647
234095,TD Tennis + Pickleball,1.7,46020,"Truckee-Grass Valley, CA",06057001210,Nevada County,0.066587395957194,0.073127229488704,0.0
234235,Wolfe Avenue,0.1,41860,"San Francisco-Oakland-Fremont, CA",06041112100,Marin County,0.333869485294118,0.178308823529412,0.055431547619048
234383,ACHS,0.2,34900,"Napa, CA",06055201003,Napa County,0.847150259067357,0.104224790753288,0.031546940326872
234403,Silverado Vineyard,0.7,34900,"Napa, CA",06055201401,Napa County,0.247252747252747,0.107927786499215,0.027937551355793
234401,"Forest Circle, Forest Ranch",5.0,17020,"Chico, CA",06007001601,Butte County,0.156544502617801,0.066492146596859,0.045933734939759
234407,RBGUSD,2.5,12540,"Bakersfield-Delano, CA",06029006600,Kern County,0.756107924367963,0.511578044596912,0.080102040816327
234425,Tule &amp; Tobe's Oasis,2.6,42220,"Santa Rosa-Petaluma, CA",06097150607,Sonoma County,0.286497150372644,0.074749721913237,0.050683829444891
234435,Laguna Lake,0.7,40900,"Sacramento-Roseville-Folsom, CA",06067009617,Sacramento County,0.404371584699454,0.176353700943865,0.029217199558986
234515,CRANBERRY AIR,0.0,41940,"San Jose-Sunnyvale-Santa Clara, CA",06085508401,Santa Clara County,0.678045763760049,0.058110472381905,0.085919928025191
234577,KCAWOODS6-2,0.0,41860,"San Francisco-Oakland-Fremont, CA",06081613400,San Mateo County,0.132050864036518,0.117395593554752,0.075914423740511
235169,Shaffer Elementary School,0.5,45000,"Susanville, CA",06035040400,Lassen County,0.696384605416613,0.259090909090909,0.008438818565401
235187,Cañon Ave,1.9,41860,"San Francisco-Oakland-Fremont, CA",06001404900,Alameda County,0.458128078817734,0.134075819233241,0.020074855392991
235793,1644 Christina Ct,1.8,42020,"San Luis Obispo-Paso Robles, CA",06079010206,San Luis Obispo County,0.329950799507995,0.125768757687577,0.09633312616532
235871,Valerair,4.1,41860,"San Francisco-Oakland-Fremont, CA",06075026100,San Francisco County,0.925425207152202,0.220731885114448,0.077734183423247
236171,Guildford,6.5,41740,"San Diego-Chula Vista-Carlsbad, CA",06073017601,San Diego County,0.191109422492401,0.074885480979884,0.025179856115108
236307,Lake Newport,0.7,44700,"Stockton-Lodi, CA",06077005214,San Joaquin County,0.727921279212792,0.200542339455195,0.054635761589404
236357,FCC-Normal1,0.7,23420,"Fresno, CA",06019003500,Fresno County,0.643549306479195,0.50456447318372,0.127037191809444
236487,ENSO MEADOWS PURPLE,0.0,42220,"Santa Rosa-Petaluma, CA",06097153905,Sonoma County,0.269208211143695,0.201466275659824,0.112320916905444
236495,South Fork-Redbud,2.6,47300,"Visalia, CA",06107000101,Tulare County,0.191791044776119,0.119402985074627,0.046613255644574
236730,DNV_01_Outdoor,0.0,41860,"San Francisco-Oakland-Fremont, CA",06041109002,Marin County,0.223475258918297,0.090424298632043,0.03575503993914
236737,DNV_06_outside,1.5,40900,"Sacramento-Roseville-Folsom, CA",06061020607,Placer County,0.17357378186232,0.123585726718886,0.049592391304348
236745,DNV_02_Outdoor,0.0,41860,"San Francisco-Oakland-Fremont, CA",06013325000,Contra Costa County,0.460964129199805,0.105793450881612,0.030245746691871
236755,DNV_07_Outdoor,0.4,46700,"Vallejo, CA",06095252604,Solano County,0.791208791208791,0.40161374284227,0.041760215536596
236787,Palmdale AllWest,7.7,31080,"Los Angeles-Long Beach-Anaheim, CA",06037901218,Los Angeles County,0.580858085808581,0.002062706270627,0.027467811158798
236785,DNV_14_Outdoor,9.9,31080,"Los Angeles-Long Beach-Anaheim, CA",06037920039,Los Angeles County,0.651759093619559,0.102564102564103,0.068717948717949
236789,2930 street side,0.6,41860,"San Francisco-Oakland-Fremont, CA",06081608800,San Mateo County,0.454603376871615,0.019114367633004,0.028156490812092
236857,KRAM-65 Maple Creek outside,0.0,21700,"Eureka-Arcata, CA",06023001200,Humboldt County,0.238354506957048,0.452436738519213,0.128526645768025
237021,15 Mesa Ave,1.6,41860,"San Francisco-Oakland-Fremont, CA",06075030400,San Francisco County,0.632839224629418,0.063833841463415,0.034985422740525
237037,New Idria,1.2,41940,"San Jose-Sunnyvale-Santa Clara, CA",06069000802,San Benito County,0.465987200758474,0.123160892263882,0.059265811587793
237077,"Ramon Drive, Galt, CA.",1.1,40900,"Sacramento-Roseville-Folsom, CA",06067009502,Sacramento County,0.440760059612519,0.231985065339141,0.066156504566774
237145,Van Arsdale,0.2,46380,"Ukiah, CA",06045010802,Mendocino County,0.182170542635659,0.380490956072351,0.046062407132244
237149,Mount Tiburon Road,0.0,41860,"San Francisco-Oakland-Fremont, CA",06041124200,Marin County,0.201472908995266,0.056251102098395,0.166347992351816
237161,DNV_21_Outdoor,0.1,41860,"San Francisco-Oakland-Fremont, CA",06013334001,Contra Costa County,0.52550505050505,0.222419928825623,0.114776321735201
237167,DNV_20_Outdoor,0.6,23420,"Fresno, CA",06019001413,Fresno County,0.816689811892438,0.120596034852885,0.073581115017579
237179,Craftsman Village,7.2,31080,"Los Angeles-Long Beach-Anaheim, CA",06037576402,Los Angeles County,0.924157303370787,0.574594852240229,0.112547892720307
237271,MOR,1.7,40900,"Sacramento-Roseville-Folsom, CA",06067002200,Sacramento County,0.640015157256537,0.386699507389163,0.051754696915987
237281,13th Street Central,2.7,41500,"Salinas, CA",06053012401,Monterey County,0.192757009345794,0.169867947178872,0.066198595787362
237315,Idyllwild School,4.5,40140,"Riverside-San Bernardino-Ontario, CA",06065044405,Riverside County,0.270877192982456,0.160573476702509,0.056878306878307
237331,Synergy School,1.5,41860,"San Francisco-Oakland-Fremont, CA",06075020900,San Francisco County,0.662762323084431,0.251893476667481,0.054858372176407
237335,Hemet USD - District Office,4.1,40140,"Riverside-San Bernardino-Ontario, CA",06065043503,Riverside County,0.461915827523883,0.434303697875688,0.051688490696072
237333,McSweeny Elem.,2.7,40140,"Riverside-San Bernardino-Ontario, CA",06065043307,Riverside County,0.535899333826795,0.464908221502391,0.05363475177305
237349,Winchester Elem.,4.7,40140,"Riverside-San Bernardino-Ontario, CA",06065042726,Riverside County,0.751007534606623,0.169011591894523,0.042897998093422
237541,Madrone Outside 2,0.2,41860,"San Francisco-Oakland-Fremont, CA",06041127000,Marin County,0.140366172624237,0.095466434176112,0.0708316752885
237547,Meadow Club,0.0,41860,"San Francisco-Oakland-Fremont, CA",06041131100,Marin County,0.143856920684292,0.173221757322176,0.048286604361371
237569,Zenitram on Adirondack,1.5,39820,"Redding, CA",06089010601,Shasta County,0.201285656890317,0.124798711755233,0.053959965187119
237693,Valle Vista Elem.,2.6,40140,"Riverside-San Bernardino-Ontario, CA",06065043701,Riverside County,0.412837345003647,0.460977388767323,0.133333333333333
237703,Thunder Gulch,3.2,40140,"Riverside-San Bernardino-Ontario, CA",06065045614,Riverside County,0.16984126984127,0.076190476190476,0.097613882863341
237719,151Arbor,4.9,41860,"San Francisco-Oakland-Fremont, CA",06081613600,San Mateo County,0.305985552115583,0.102933427015633,0.055661577608142
237801,West Valley HS,2.7,40140,"Riverside-San Bernardino-Ontario, CA",06065043319,Riverside County,0.799373040752351,0.226692321147455,0.025055268975682
237839,Country Club Area,19.2,31080,"Los Angeles-Long Beach-Anaheim, CA",06037461200,Los Angeles County,0.414512686744131,0.090649536045682,0.035095928872251
238061,La Mancha,8.5,31080,"Los Angeles-Long Beach-Anaheim, CA",06059032013,Orange County,0.409127301841473,0.219822365765038,0.01130198915009
238071,Sharon Heights,0.0,41860,"San Francisco-Oakland-Fremont, CA",06081613000,San Mateo County,0.349132947976879,0.097109826589595,0.018259281801582
238073,Marathon Drive,7.3,41740,"San Diego-Chula Vista-Carlsbad, CA",06073009306,San Diego County,0.555612331800375,0.13643331630046,0.07989764003412
238077,Jeffery pine,1.7,46020,"Truckee-Grass Valley, CA",06057001207,Nevada County,0.338150289017341,0.33134988099286,0.059737884791222
238081,Castlerock,7.6,31080,"Los Angeles-Long Beach-Anaheim, CA",06059075604,Orange County,0.374627077709902,0.070900824097755,0.043013856812933
238287,KRAM-49-Leavey Ranch,1.6,21700,"Eureka-Arcata, CA",06023001200,Humboldt County,0.238354506957048,0.452436738519213,0.128526645768025
238329,Yerba Vista Ct,0.1,41940,"San Jose-Sunnyvale-Santa Clara, CA",06085503333,Santa Clara County,0.84375,0.125679495542509,0.072920772566023
238351,Brandon Street,2.9,41860,"San Francisco-Oakland-Fremont, CA",06001404101,Alameda County,0.262780548628429,0.123553331248045,0.019955654101996
238567,CCA1,1.8,41500,"Salinas, CA",06053010400,Monterey County,0.936253776435045,0.468731117824773,0.026325279480707
238577,ACC2B,3.3,41500,"Salinas, CA",06053010400,Monterey County,0.936253776435045,0.468731117824773,0.026325279480707
238583,Holand,2.6,42100,"Santa Cruz-Watsonville, CA",06087122500,Santa Cruz County,0.873835125448029,0.339703980456962,0.078595837216527
238585,CCA10,7.1,41500,"Salinas, CA",06053000502,Monterey County,0.944712505026136,0.479951150010177,0.036515388628065
238607,PA II Zen Air Quality Sensor,2.1,46700,"Vallejo, CA",06095253101,Solano County,0.349689681923972,0.192068429237947,0.023818525519849
238611,19 Thomas Court,0.0,41860,"San Francisco-Oakland-Fremont, CA",06041109002,Marin County,0.223475258918297,0.090424298632043,0.03575503993914
238609,CCA8,3.0,41500,"Salinas, CA",06053010400,Monterey County,0.936253776435045,0.468731117824773,0.026325279480707
238619,Kids by the Sea - Olivenhain,6.4,41740,"San Diego-Chula Vista-Carlsbad, CA",06073017111,San Diego County,0.281216303644598,0.070735389260298,0.101806239737274
238631,Aguilar Home,0.0,42100,"Santa Cruz-Watsonville, CA",06087110503,Santa Cruz County,0.881350482315113,0.522236756049706,0.109555690809495
238725,GE Aerospace,6.2,40140,"Riverside-San Bernardino-Ontario, CA",06071980200,San Bernardino County,0.845494748479823,0.0,0.0
238763,SAFE-KRAM-86-Red Cap Skunk Hollow,1.0,21700,"Eureka-Arcata, CA",06023010102,Humboldt County,0.272885789014821,0.305960264900662,0.053775743707094
238861,Covey Rd,0.0,42220,"Santa Rosa-Petaluma, CA",06097153705,Sonoma County,0.252336448598131,0.143691588785047,0.042809042809043
238903,SAFE-KRAM-99-HYDESVILLE-ELEMENTARY_OUTDOOR,1.7,21700,"Eureka-Arcata, CA",06023010902,Humboldt County,0.160675512665862,0.299733462563606,0.120854412591343
238909,SAFE-KRAM-85-Pearch Creek,0.4,21700,"Eureka-Arcata, CA",06023010102,Humboldt County,0.272885789014821,0.305960264900662,0.053775743707094
238981,MC-22,1.3,41860,"San Francisco-Oakland-Fremont, CA",06041129000,Marin County,0.654004106776181,0.346680355920602,0.050331125827815
238989,MC29,1.1,41860,"San Francisco-Oakland-Fremont, CA",06041129000,Marin County,0.654004106776181,0.346680355920602,0.050331125827815
239009,MC-26,1.0,41860,"San Francisco-Oakland-Fremont, CA",06041129000,Marin County,0.654004106776181,0.346680355920602,0.050331125827815
239025,MC-19,0.0,41860,"San Francisco-Oakland-Fremont, CA",06041129000,Marin County,0.654004106776181,0.346680355920602,0.050331125827815
239039,MC23,1.0,41860,"San Francisco-Oakland-Fremont, CA",06041129000,Marin County,0.654004106776181,0.346680355920602,0.050331125827815
239041,MC-21,0.9,41860,"San Francisco-Oakland-Fremont, CA",06041129000,Marin County,0.654004106776181,0.346680355920602,0.050331125827815
239049,MC24,1.6,41860,"San Francisco-Oakland-Fremont, CA",06041129000,Marin County,0.654004106776181,0.346680355920602,0.050331125827815
239069,SM,17.9,31080,"Los Angeles-Long Beach-Anaheim, CA",06037430501,Los Angeles County,0.432848774137557,0.076588337684943,0.032860343539955
239235,US EPA CASTNET LPO010_239235,8.0,41740,"San Diego-Chula Vista-Carlsbad, CA",06073021102,San Diego County,0.444642221431114,0.360239162929746,0.104938271604938
239617,Rigdon St,0.3,34900,"Napa, CA",06055200707,Napa County,0.343500570125428,0.125,0.043130990415335
239745,Solana Beach,4.9,41740,"San Diego-Chula Vista-Carlsbad, CA",06073017303,San Diego County,0.357761107905366,0.250721292556261,0.015918958031838
239753,MC28,1.6,41860,"San Francisco-Oakland-Fremont, CA",06041129000,Marin County,0.654004106776181,0.346680355920602,0.050331125827815
239797,W. Keefer,2.6,17020,"Chico, CA",06007001400,Butte County,0.179281055665099,0.174874218630889,0.037305122494432
239821,LOS ALISOS S,7.7,41740,"San Diego-Chula Vista-Carlsbad, CA",06073019001,San Diego County,0.353287693042509,0.138542665388303,0.094278517452321
239985,Los Feliz Square,12.2,31080,"Los Angeles-Long Beach-Anaheim, CA",06037189202,Los Angeles County,0.373473541383989,0.122324159021407,0.044025157232704
240179,Linden,0.8,23420,"Fresno, CA",06019002200,Fresno County,0.670411985018727,0.428648357565967,0.135049683830172
240213,SSF,1.2,41860,"San Francisco-Oakland-Fremont, CA",06081601901,San Mateo County,0.711519607843137,0.220343137254902,0.054928886709171
240281,W88th St - Outdoors,8.8,31080,"Los Angeles-Long Beach-Anaheim, CA",06037278001,Los Angeles County,0.563963963963964,0.223423423423423,0.018154311649017
240639,Steve&amp;Barbara,1.4,46020,"Truckee-Grass Valley, CA",06057001205,Nevada County,0.095181907571288,0.148140861695849,0.073706591070163
240923,Westwood - Cashmere,8.8,31080,"Los Angeles-Long Beach-Anaheim, CA",06037265420,Los Angeles County,0.329036635006784,0.096336499321574,0.030882352941176
240935,Oakhaven,2.7,41860,"San Francisco-Oakland-Fremont, CA",06001402400,Alameda County,0.866946244757911,0.550713459313536,0.106269113149847
241019,Belvedere Heights,11.5,40140,"Riverside-San Bernardino-Ontario, CA",06065042214,Riverside County,0.672892795479517,0.14494806421152,0.063269876819709
241805,Grass Valley Charter School,1.7,46020,"Truckee-Grass Valley, CA",06057000602,Nevada County,0.225398210778966,0.394047090182141,0.034272300469484
241833,Bell Hill Academy,2.2,46020,"Truckee-Grass Valley, CA",06057000502,Nevada County,0.326161964684392,0.29278728606357,0.0
241853,Margaret G Scotten Elementary,1.6,46020,"Truckee-Grass Valley, CA",06057000502,Nevada County,0.326161964684392,0.29278728606357,0.0
241875,111 MVD,0.1,41860,"San Francisco-Oakland-Fremont, CA",06041105001,Marin County,0.612627197039778,0.379366180892898,0.161137440758294
241889,35th Sand,9.0,31080,"Los Angeles-Long Beach-Anaheim, CA",06037620305,Los Angeles County,0.215080551403421,0.047428189712759,0.022719565954561
241922,MIDDLE MTN RANCH,2.3,49700,"Yuba City, CA",06101050800,Sutter County,0.254311696456569,0.136191677175284,0.076152304609218
242355,Lyman Gilmore Middle School,1.8,46020,"Truckee-Grass Valley, CA",06057000502,Nevada County,0.326161964684392,0.29278728606357,0.0
242361,California street monitor,0.6,46700,"Vallejo, CA",06095253502,Solano County,0.45492432550998,0.230313665277473,0.047867298578199
242371,399 Poppy Hill Dr,0.0,42220,"Santa Rosa-Petaluma, CA",06097153905,Sonoma County,0.269208211143695,0.201466275659824,0.112320916905444
242391,Montezuma Fire House,0.8,46700,"Vallejo, CA",06095253502,Solano County,0.45492432550998,0.230313665277473,0.047867298578199
242487,Backyard,0.0,41860,"San Francisco-Oakland-Fremont, CA",06013347000,Contra Costa County,0.246133254015467,0.065734681737061,0.043165467625899
242525,Pinon Hills - Elsinore Rd,2.0,40140,"Riverside-San Bernardino-Ontario, CA",06071009121,San Bernardino County,0.512766848053579,0.276266220175806,0.118357487922705
242561,US EPA CASTNET LPO010_242561,10.0,41740,"San Diego-Chula Vista-Carlsbad, CA",06073021102,San Diego County,0.444642221431114,0.360239162929746,0.104938271604938
242585,US EPA CASTNET LPO010_242585,10.5,41740,"San Diego-Chula Vista-Carlsbad, CA",06073021102,San Diego County,0.444642221431114,0.360239162929746,0.104938271604938
242939,Serenity Lane,9.0,42200,"Santa Maria-Santa Barbara, CA",06083000103,Santa Barbara County,0.226675881133379,0.117254088919604,0.052525252525253
243001,Empire Strikes Back,0.7,46700,"Vallejo, CA",06095252401,Solano County,0.789834024896266,0.367072658546829,0.091871295512278
243069,Foothilll Campus,0.5,39820,"Redding, CA",06089011900,Shasta County,0.142319873317498,0.120261956737448,0.036972596781209
243105,"Klamath Way, Sea Ranch",0.0,42220,"Santa Rosa-Petaluma, CA",06097154308,Sonoma County,0.233155080213904,0.233155080213904,0.046511627906977
243379,828 Beaver Pond,0.8,40900,"Sacramento-Roseville-Folsom, CA",06061022011,Placer County,0.171576227390181,0.070020746887967,0.024007386888273
243383,"Silverado Beach, Clearlake, CA",0.0,17340,"Clearlake, CA",06033000602,Lake County,0.30093023255814,0.481724461105904,0.068918918918919
243393,Seacliff Pt Richmond,2.4,41860,"San Francisco-Oakland-Fremont, CA",06013378000,Contra Costa County,0.344481605351171,0.104450733213275,0.044611133043822
243401,Serrano,1.8,40900,"Sacramento-Roseville-Folsom, CA",06017030710,El Dorado County,0.246264981119685,0.149236578558529,0.05062436719541
243529,huckleberry,0.1,42100,"Santa Cruz-Watsonville, CA",06087120400,Santa Cruz County,0.219061166429587,0.106076000812843,0.084739803094233
243641,Oma 2,0.2,39820,"Redding, CA",06089012500,Shasta County,0.147612156295224,0.37192474674385,0.172690763052209
243671,marilyn,10.1,42200,"Santa Maria-Santa Barbara, CA",06083000501,Santa Barbara County,0.133651551312649,0.071002386634845,0.032786885245902
243681,Outdoor sensor,9.7,31080,"Los Angeles-Long Beach-Anaheim, CA",06037265420,Los Angeles County,0.329036635006784,0.096336499321574,0.030882352941176
243723,Adams,2.2,40900,"Sacramento-Roseville-Folsom, CA",06113010512,Yolo County,0.475564446984853,0.428988043161271,0.182920110192837
243909,Green Thumb,0.2,46700,"Vallejo, CA",06095252604,Solano County,0.791208791208791,0.40161374284227,0.041760215536596
244053,Mercado La Paloma (Outdoor),36.5,31080,"Los Angeles-Long Beach-Anaheim, CA",06037231100,Los Angeles County,0.897610921501707,0.743528790279979,0.243721461187215
244123,lim814-nonsmoker-out,0.1,41860,"San Francisco-Oakland-Fremont, CA",06081610400,San Mateo County,0.849021902691858,0.466666666666667,0.027099364335898
244183,Stony Point,0.2,42220,"Santa Rosa-Petaluma, CA",06097153301,Sonoma County,0.515492102065614,0.292114145443388,0.056434599156118
244437,Epana Lane Sensor,0.8,46700,"Vallejo, CA",06095253501,Solano County,0.364593781344032,0.123896809232858,0.21530612244898
244451,Meadowbrook Lane sensor,0.0,46700,"Vallejo, CA",06095253501,Solano County,0.364593781344032,0.123896809232858,0.21530612244898
244621,Motorcycle Hill,1.9,41860,"San Francisco-Oakland-Fremont, CA",06013385200,Contra Costa County,0.574663835810333,0.18895966029724,0.040118870728083
244817,Hummingbird Haven,6.8,31080,"Los Angeles-Long Beach-Anaheim, CA",06037276400,Los Angeles County,0.347310847766636,0.094335312928278,0.051683262209578
244999,Lim-Inside-kitchen,0.0,41860,"San Francisco-Oakland-Fremont, CA",06081610400,San Mateo County,0.849021902691858,0.466666666666667,0.027099364335898
245003,EPYu2 outdoor,0.1,41940,"San Jose-Sunnyvale-Santa Clara, CA",06085505305,Santa Clara County,0.645929612513331,0.062054208273894,0.045101982189026
245005,Esmond Backyard,1.2,41860,"San Francisco-Oakland-Fremont, CA",06013370000,Contra Costa County,0.509797297297297,0.040202702702703,0.026213050752928
245009,Lake Pillsbury,0.8,41860,"San Francisco-Oakland-Fremont, CA",06001441522,Alameda County,0.818767772511848,0.070521327014218,0.017062314540059
245025,West Hollywood,9.7,31080,"Los Angeles-Long Beach-Anaheim, CA",06037194402,Los Angeles County,0.203482747500806,0.215091905836827,0.063738156761413
245029,Saint Clair Ave,10.6,31080,"Los Angeles-Long Beach-Anaheim, CA",06037143402,Los Angeles County,0.103579175704989,0.27060737527115,0.105966162065895
245463,Sentinel Oak II,0.0,42220,"Santa Rosa-Petaluma, CA",06097150205,Sonoma County,0.337931034482759,0.181692414111137,0.072010287183883
245937,Sierra Linda Elementary School,20.1,37100,"Oxnard-Thousand Oaks-Ventura, CA",06111003011,Ventura County,0.908231707317073,0.460363525278754,0.109907120743034
245943,San Miguel Special Education,9.1,37100,"Oxnard-Thousand Oaks-Ventura, CA",06111003802,Ventura County,0.930452397029034,0.537835926449788,0.052112676056338
245941,Cabrillo Middle School,7.3,37100,"Oxnard-Thousand Oaks-Ventura, CA",06111002400,Ventura County,0.42483141610472,0.379975874547648,0.05939226519337
245945,Elmhurst Elementary School,10.3,37100,"Oxnard-Thousand Oaks-Ventura, CA",06111001602,Ventura County,0.40987460815047,0.135350318471338,0.029096477794793
245949,Madea creek middle school,10.4,37100,"Oxnard-Thousand Oaks-Ventura, CA",06111007405,Ventura County,0.282506527415144,0.09038157200633,0.047241254958529
245957,Pierpont Elementary School,7.6,37100,"Oxnard-Thousand Oaks-Ventura, CA",06111002500,Ventura County,0.27433288539067,0.165290842772125,0.034103019538188
245961,McKevett Elementary,15.1,37100,"Oxnard-Thousand Oaks-Ventura, CA",06111000800,Ventura County,0.751269608396343,0.19760749351089,0.047337278106509
245965,Kamala Elementary School,9.9,37100,"Oxnard-Thousand Oaks-Ventura, CA",06111003802,Ventura County,0.930452397029034,0.537835926449788,0.052112676056338
245971,Cesar E. Chavez Elementary School,9.5,37100,"Oxnard-Thousand Oaks-Ventura, CA",06111003101,Ventura County,0.971112999150382,0.219413763806287,0.020424509411294
245969,Hueneme Elementary School District FOT,6.9,37100,"Oxnard-Thousand Oaks-Ventura, CA",06111004400,Ventura County,0.7342399773339,0.404306559002692,0.084514300438031
245975,La Mariposa Elementary School,12.8,37100,"Oxnard-Thousand Oaks-Ventura, CA",06111005307,Ventura County,0.497411764705882,0.141640378548896,0.06711597865768
245973,Las Posas Elementary School,4.5,37100,"Oxnard-Thousand Oaks-Ventura, CA",06111005503,Ventura County,0.603746397694525,0.234042553191489,0.043074884029158
245979,Fred L. Williams Elementary,8.2,37100,"Oxnard-Thousand Oaks-Ventura, CA",06111004710,Ventura County,0.925655088360756,0.252951096121417,0.114991482112436
245983,Red oak elementary,10.7,37100,"Oxnard-Thousand Oaks-Ventura, CA",06111007403,Ventura County,0.317616126205083,0.136259877085162,0.059104258443465
245981,Rio Plaza School,10.4,37100,"Oxnard-Thousand Oaks-Ventura, CA",06111005006,Ventura County,0.873207301173403,0.201760104302477,0.088771310993533
245985,DATA Middle School,11.6,37100,"Oxnard-Thousand Oaks-Ventura, CA",06111002200,Ventura County,0.654163424124514,0.323057365326553,0.01764025448236
245991,Oak Hills elementary,0.0,37100,"Oxnard-Thousand Oaks-Ventura, CA",06111007406,Ventura County,0.349563619660083,0.117647058823529,0.051351351351351
245989,OPUSD,12.2,37100,"Oxnard-Thousand Oaks-Ventura, CA",06111007403,Ventura County,0.317616126205083,0.136259877085162,0.059104258443465
245999,Santa Paula District Office,16.9,37100,"Oxnard-Thousand Oaks-Ventura, CA",06111000701,Ventura County,0.946617263620146,0.416365154467019,0.050475915777329
245997,Arroyo West Elementary School,10.9,37100,"Oxnard-Thousand Oaks-Ventura, CA",06111007607,Ventura County,0.307827195919018,0.038259206121473,0.043638598647818
246003,Educational Service Center (District Office),11.3,37100,"Oxnard-Thousand Oaks-Ventura, CA",06111002302,Ventura County,0.770462633451957,0.466192170818505,0.036484896037662
246007,Rose Avenue Elementary School,9.1,37100,"Oxnard-Thousand Oaks-Ventura, CA",06111004902,Ventura County,0.965481603968582,0.459706570274293,0.062421449518224
246005,Rio Rosales School,10.8,37100,"Oxnard-Thousand Oaks-Ventura, CA",06111004901,Ventura County,0.790773598296664,0.104187366926899,0.030703624733475
246051,Las Colinas Middle School,11.5,37100,"Oxnard-Thousand Oaks-Ventura, CA",06111005306,Ventura County,0.342953444280598,0.117335030765966,0.043681747269891
246063,Mountain Meadows Elementary,9.1,37100,"Oxnard-Thousand Oaks-Ventura, CA",06111007609,Ventura County,0.25,0.062202852614897,0.056231003039514
246061,Renaissance High School,15.5,37100,"Oxnard-Thousand Oaks-Ventura, CA",06111000800,Ventura County,0.751269608396343,0.19760749351089,0.047337278106509
246065,Bernice Curren School,10.3,37100,"Oxnard-Thousand Oaks-Ventura, CA",06111003302,Ventura County,0.87035175879397,0.199726635913207,0.069377218457567
246073,Dr. Manuel M. Lopez Academy of Arts and Sciences,9.1,37100,"Oxnard-Thousand Oaks-Ventura, CA",06111003801,Ventura County,0.988524260116771,0.511173746728408,0.0835734870317
246081,Isbell Middle School,14.8,37100,"Oxnard-Thousand Oaks-Ventura, CA",06111000600,Ventura County,0.933356840620592,0.581866666666667,0.093918675782656
246085,R. J. Frank Academy of Marine Science and Engineering,10.4,37100,"Oxnard-Thousand Oaks-Ventura, CA",06111003101,Ventura County,0.971112999150382,0.219413763806287,0.020424509411294
246093,Flory Academy,13.1,37100,"Oxnard-Thousand Oaks-Ventura, CA",06111007611,Ventura County,0.916166333110963,0.298975957257346,0.059791332263242
246099,Barbara Webster Elementary,16.0,37100,"Oxnard-Thousand Oaks-Ventura, CA",06111000400,Ventura County,0.806686046511628,0.40354147250699,0.086333227142402
246107,Wewerentcrazy,0.8,39820,"Redding, CA",06089010703,Shasta County,0.325755475464375,0.434963868816009,0.03486441615938
246115,Monte Vista Middle School,11.5,37100,"Oxnard-Thousand Oaks-Ventura, CA",06111005503,Ventura County,0.603746397694525,0.234042553191489,0.043074884029158
246323,Blanchard Elementary,14.5,37100,"Oxnard-Thousand Oaks-Ventura, CA",06111000702,Ventura County,0.854264607118872,0.188327112317611,0.071428571428571
246327,Green Junior High School,7.3,37100,"Oxnard-Thousand Oaks-Ventura, CA",06111004101,Ventura County,0.943761227027774,0.381183317167798,0.045383001049318
246325,Hollywood Beach Elementary,4.9,37100,"Oxnard-Thousand Oaks-Ventura, CA",06111003617,Ventura County,0.133913043478261,0.19536231884058,0.015232974910394
246329,Julien Hathaway Elementary,9.1,37100,"Oxnard-Thousand Oaks-Ventura, CA",06111004504,Ventura County,0.935127674258109,0.486197377501725,0.079274795591895
246337,Santa Paula High School,15.8,37100,"Oxnard-Thousand Oaks-Ventura, CA",06111000800,Ventura County,0.751269608396343,0.19760749351089,0.047337278106509
246355,HFA impact center gym,0.0,23420,"Fresno, CA",06019000601,Fresno County,0.858826247689464,0.62684842883549,0.099492385786802
246395,HFA King of King,0.2,23420,"Fresno, CA",06019000902,Fresno County,0.951353397690706,0.868846226953051,0.306270627062706
246525,Grace Thille Elementary,11.8,37100,"Oxnard-Thousand Oaks-Ventura, CA",06111000600,Ventura County,0.933356840620592,0.581866666666667,0.093918675782656
246529,Dos Caminos Elementary School,11.1,37100,"Oxnard-Thousand Oaks-Ventura, CA",06111005404,Ventura County,0.541910828025478,0.105747126436782,0.02730551262236
246533,Santa Rosa Technology Magnet School,10.0,37100,"Oxnard-Thousand Oaks-Ventura, CA",06111005305,Ventura County,0.37332035053554,0.124553039332539,0.048840048840049
246569,Mediterra,8.6,40140,"Riverside-San Bernardino-Ontario, CA",06071011101,San Bernardino County,0.342369205746815,0.146652209270805,0.045508274231678
246627,Peach Hill Academy,11.3,37100,"Oxnard-Thousand Oaks-Ventura, CA",06111007610,Ventura County,0.299372384937239,0.078003774376179,0.03448275862069
246759,THELMA BEDELL ELEMENTARY SCHOOL,21.9,37100,"Oxnard-Thousand Oaks-Ventura, CA",06111000400,Ventura County,0.806686046511628,0.40354147250699,0.086333227142402
246757,Art Haycox Elementary School,6.8,37100,"Oxnard-Thousand Oaks-Ventura, CA",06111004508,Ventura County,0.973840345199569,0.883177570093458,0.061503416856492
246895,Walnut Canyon School,10.6,37100,"Oxnard-Thousand Oaks-Ventura, CA",06111009300,Ventura County,0.516145057128664,0.166609175577785,0.051600261267146
246901,Lemonwood Elementary School,9.4,37100,"Oxnard-Thousand Oaks-Ventura, CA",06111004716,Ventura County,0.939688276485204,0.334466349422162,0.070074922873513
247063,Alma del Pueblo,18.6,42200,"Santa Maria-Santa Barbara, CA",06083000900,Santa Barbara County,0.589428395820529,0.42511013215859,0.023172905525847
247089,dominguez hills,6.9,31080,"Los Angeles-Long Beach-Anaheim, CA",06037543321,Los Angeles County,0.958448753462604,0.248478525473831,0.078368907295317
247281,Walnut,11.6,31080,"Los Angeles-Long Beach-Anaheim, CA",06037462900,Los Angeles County,0.685736677115987,0.138192267502612,0.041749502982107
247807,MadocMiddle,0.7,41940,"San Jose-Sunnyvale-Santa Clara, CA",06085506604,Santa Clara County,0.625645205107308,0.049171420809563,0.007220216606498
247955,Broadway,1.0,41860,"San Francisco-Oakland-Fremont, CA",06081609000,San Mateo County,0.521425862722791,0.145988258317025,0.053375196232339
248033,Crocker Village,1.6,40900,"Sacramento-Roseville-Folsom, CA",06067002500,Sacramento County,0.244026436197255,0.053708439897698,0.051258154706431
248575,South Inglewood,7.7,31080,"Los Angeles-Long Beach-Anaheim, CA",06037602003,Los Angeles County,0.97183415953132,0.373097023403772,0.079822616407982
248701,Delmer Diggs,1.7,41860,"San Francisco-Oakland-Fremont, CA",06001406700,Alameda County,0.54182156133829,0.077997021593447,0.033060357901122
248707,"Rodeo, CA",0.2,41860,"San Francisco-Oakland-Fremont, CA",06013358000,Contra Costa County,0.725550435227855,0.32957842635262,0.041845140032949
248775,Avenal community monitor CCEJN,2.3,25260,"Hanford-Corcoran, CA",06031001703,Kings County,0.906817737839422,0.485251025590936,0.099137931034483
248773,Avenal community monitor CCEJN,1.2,25260,"Hanford-Corcoran, CA",06031001703,Kings County,0.906817737839422,0.485251025590936,0.099137931034483
249063,SantaLuz,10.4,41740,"San Diego-Chula Vista-Carlsbad, CA",06073017061,San Diego County,0.300713860797145,0.144259369422963,0.028045574057844
249213,CleanAIRE NC Back Yard,0.5,41860,"San Francisco-Oakland-Fremont, CA",06013326000,Contra Costa County,0.32014289640011,0.177508269018743,0.044696066746126
249261,Driftwood,11.8,31080,"Los Angeles-Long Beach-Anaheim, CA",06037274202,Los Angeles County,0.349214659685864,0.167277486910995,0.114075792730085
249415,Eureka!,3.9,41860,"San Francisco-Oakland-Fremont, CA",06081603000,San Mateo County,0.438251366120219,0.132768990866563,0.044722130878001
249413,Lafayette,1.0,23420,"Fresno, CA",06039001100,Madera County,0.539007991881263,0.300279329608939,0.069357897588729
249419,25346 La Loma,0.2,41940,"San Jose-Sunnyvale-Santa Clara, CA",06085511704,Santa Clara County,0.50251256281407,0.040856456194014,0.021870637505817
249421,Harry Griffin Park,7.2,41740,"San Diego-Chula Vista-Carlsbad, CA",06073015100,San Diego County,0.405822586948027,0.224666142969364,0.054180121994977
249427,Gold Gulch Rd,0.2,42100,"Santa Cruz-Watsonville, CA",06087120700,Santa Cruz County,0.160481927710843,0.096626506024096,0.032846715328467
249455,1 Hackamore,7.6,31080,"Los Angeles-Long Beach-Anaheim, CA",06037670500,Los Angeles County,0.403170227429359,0.065467625899281,0.057553956834532
249987,35174 Crows Nest,0.9,42220,"Santa Rosa-Petaluma, CA",06097154307,Sonoma County,0.217113665389527,0.309067688378033,0.02112676056338
249991,Hayward Highland,0.6,41860,"San Francisco-Oakland-Fremont, CA",06001436403,Alameda County,0.734675813233016,0.315987599645704,0.087222647283856
250003,Palomares 2.0,2.2,41860,"San Francisco-Oakland-Fremont, CA",06001435103,Alameda County,0.652817082582969,0.045695107783658,0.038647342995169
250019,Cas,12.3,31080,"Los Angeles-Long Beach-Anaheim, CA",06037920119,Los Angeles County,0.584080717488789,0.048505358150028,0.020387359836901
250173,CalVet Home- Redding,0.6,39820,"Redding, CA",06089011501,Shasta County,0.138956310679612,0.276556209352741,0.010353227771011
250185,MANZ Visitor Center,0.2,13860,"Bishop, CA",06027000800,Inyo County,0.428711576193591,0.366511318242344,0.02052091554854
250221,Double C Ranch - Castaic,11.6,31080,"Los Angeles-Long Beach-Anaheim, CA",06037920104,Los Angeles County,0.471781007096992,0.190573770491803,0.118193891102258
250279,Brookview Dr,0.7,41860,"San Francisco-Oakland-Fremont, CA",06013336201,Contra Costa County,0.605450236966825,0.258293838862559,0.040772532188841
250299,Milton Road,0.9,33700,"Modesto, CA",06099000101,Stanislaus County,0.298739423242963,0.216773522786346,0.065209728586535
250327,Tabor Dr,0.5,42100,"Santa Cruz-Watsonville, CA",06087120902,Santa Cruz County,0.284972022382094,0.104814137720902,0.014310645724258
250345,Holiday Drive HLE,0.8,41940,"San Jose-Sunnyvale-Santa Clara, CA",06085512308,Santa Clara County,0.44468085106383,0.062588904694168,0.039196940726577
250505,2nd Street,9.1,31080,"Los Angeles-Long Beach-Anaheim, CA",06037620904,Los Angeles County,0.128020194734944,0.049981890619341,0.053398058252427
250525,Friends of ORPS,2.9,40140,"Riverside-San Bernardino-Ontario, CA",06065940600,Riverside County,0.171231123624264,0.119702029283329,0.061106523534269
250539,Owl Circle,6.2,31080,"Los Angeles-Long Beach-Anaheim, CA",06059099230,Orange County,0.450851305334847,0.224252112354419,0.030201342281879
250569,BnE,0.7,41940,"San Jose-Sunnyvale-Santa Clara, CA",06085506601,Santa Clara County,0.656804733727811,0.107023411371237,0.050544662309368
250647,Hollywood Park Hotel - Kali - Clayco,8.6,31080,"Los Angeles-Long Beach-Anaheim, CA",06037600702,Los Angeles County,0.980038634900193,0.234185441941075,0.054212168486739
250661,Hagrids Hut,1.4,23420,"Fresno, CA",06019006406,Fresno County,0.283728115345005,0.225923997917751,0.016149068322981
250783,SCC,9.8,31080,"Los Angeles-Long Beach-Anaheim, CA",06059052430,Orange County,0.650653747373336,0.053647692037676,0.0625
250801,North Temple City Sensor,13.7,31080,"Los Angeles-Long Beach-Anaheim, CA",06037431900,Los Angeles County,0.830982019363762,0.283540802213001,0.100534239922292
250829,AMS,3.7,40140,"Riverside-San Bernardino-Ontario, CA",06065043813,Riverside County,0.626663319106201,0.287440221495092,0.030898876404494
250855,Olive Tree,0.2,41940,"San Jose-Sunnyvale-Santa Clara, CA",06085511704,Santa Clara County,0.50251256281407,0.040856456194014,0.021870637505817
250977,Sofie's Garden,0.1,41860,"San Francisco-Oakland-Fremont, CA",06041102202,Marin County,0.273317263118858,0.243649174856295,0.075110959371799
251559,Sycamore Canyon,11.0,37100,"Oxnard-Thousand Oaks-Ventura, CA",06111005804,Ventura County,0.322924901185771,0.01798418972332,0.045989698307579
251633,Valmonte gavilan,7.8,31080,"Los Angeles-Long Beach-Anaheim, CA",06037670324,Los Angeles County,0.292643051771117,0.084831970935513,0.032145960034752
251639,Oak &amp; Wayne,14.5,31080,"Los Angeles-Long Beach-Anaheim, CA",06037480500,Los Angeles County,0.475539966771276,0.066876039164973,0.061687229076359
251643,Niagara,13.5,31080,"Los Angeles-Long Beach-Anaheim, CA",06037311300,Los Angeles County,0.467970660146699,0.07359413202934,0.037310373103731
251641,ER hilltop,14.4,31080,"Los Angeles-Long Beach-Anaheim, CA",06037181600,Los Angeles County,0.688823794502028,0.104621999283411,0.046330463304633
251651,Kaye Ballard,1.7,40140,"Riverside-San Bernardino-Ontario, CA",06065044917,Riverside County,0.099497487437186,0.15427135678392,0.133683596030356
251747,MBT,5.8,31080,"Los Angeles-Long Beach-Anaheim, CA",06059042324,Orange County,0.177144311529651,0.046831254772207,0.012931034482759
251745,Paradise Cove,7.4,31080,"Los Angeles-Long Beach-Anaheim, CA",06037800412,Los Angeles County,0.249321021184139,0.198749320282762,0.086149768058317
251753,Village West,8.0,31080,"Los Angeles-Long Beach-Anaheim, CA",06037401902,Los Angeles County,0.31939586645469,0.108348427465832,0.055403556771546
251757,Gateway Adolescent,10.8,31080,"Los Angeles-Long Beach-Anaheim, CA",06037197420,Los Angeles County,0.654215042907622,0.356753953850143,0.072792362768496
251767,East Central Pas,14.8,31080,"Los Angeles-Long Beach-Anaheim, CA",06037462500,Los Angeles County,0.579950418345212,0.091469194312796,0.016571256402531
251765,Pasadena - Mentone and Stanton,17.5,31080,"Los Angeles-Long Beach-Anaheim, CA",06037460900,Los Angeles County,0.784672619047619,0.359063972040723,0.04491451753115
251771,Elm Street Elementary School,8.0,37100,"Oxnard-Thousand Oaks-Ventura, CA",06111003901,Ventura County,0.979949874686717,0.412721358872425,0.0
251769,Emilie Ritchen School,9.2,37100,"Oxnard-Thousand Oaks-Ventura, CA",06111002905,Ventura County,0.786384544618215,0.192134831460674,0.080158159597412
251777,Norman R. Brekke Elementary,9.2,37100,"Oxnard-Thousand Oaks-Ventura, CA",06111003102,Ventura County,0.831455507013106,0.13566337088986,0.038689301223845
251811,Marina West School,6.9,37100,"Oxnard-Thousand Oaks-Ventura, CA",06111008800,Ventura County,0.870556414219475,0.3648753894081,0.058568329718004
251927,Pacific Ave,7.9,31080,"Los Angeles-Long Beach-Anaheim, CA",06037272301,Los Angeles County,0.445269016697588,0.146163601775523,0.05803800719055
252093,Ramona Elementary School,10.6,37100,"Oxnard-Thousand Oaks-Ventura, CA",06111003201,Ventura County,0.993236940298508,0.562152602324406,0.068835454974069
252099,"Dana Point, CA",5.7,31080,"Los Angeles-Long Beach-Anaheim, CA",06059042324,Orange County,0.177144311529651,0.046831254772207,0.012931034482759
252101,Rio del Mar - Rio Vista Schools,10.6,37100,"Oxnard-Thousand Oaks-Ventura, CA",06111005004,Ventura County,0.714687432403201,0.158498323055285,0.019669117647059
252157,Building 2 rooftop,14.4,31080,"Los Angeles-Long Beach-Anaheim, CA",06037463500,Los Angeles County,0.525812304139865,0.245038317940656,0.081451612903226
252309,Second on 2778 Green,2.8,41860,"San Francisco-Oakland-Fremont, CA",06075012801,San Francisco County,0.274411424160556,0.054033191817831,0.027620841180163
252346,Will Rogers Elementary School,7.9,37100,"Oxnard-Thousand Oaks-Ventura, CA",06111002800,Ventura County,0.383614315291334,0.318754633061527,0.045371577574967
252351,District Education Center,12.2,37100,"Oxnard-Thousand Oaks-Ventura, CA",06111007201,Ventura County,0.176668391101914,0.100620796689084,0.063969382176052
252358,Foothill Technology High School,13.4,37100,"Oxnard-Thousand Oaks-Ventura, CA",06111001801,Ventura County,0.29565442317641,0.11243072050673,0.048725212464589
252362,Buena High School,10.2,37100,"Oxnard-Thousand Oaks-Ventura, CA",06111001602,Ventura County,0.40987460815047,0.135350318471338,0.029096477794793
252367,Rio Lindo School,10.5,37100,"Oxnard-Thousand Oaks-Ventura, CA",06111009200,Ventura County,0.834756403817177,0.190140845070423,0.071639150943396
252399,Portola Elementary School,12.8,37100,"Oxnard-Thousand Oaks-Ventura, CA",06111001511,Ventura County,0.682797885319235,0.21960146400976,0.034042553191489
252403,Ventura Adult and Continuing Education,8.8,37100,"Oxnard-Thousand Oaks-Ventura, CA",06111002800,Ventura County,0.383614315291334,0.318754633061527,0.045371577574967
252491,monitor_outside_01,28.3,31080,"Los Angeles-Long Beach-Anaheim, CA",06037463400,Los Angeles County,0.631151974040022,0.177160382464369,0.021351272301843
252489,Goldenrod Trailhead,2.2,41860,"San Francisco-Oakland-Fremont, CA",06001408100,Alameda County,0.626555449200055,0.087105155203063,0.068242102724861
252747,Rio del Valle School,12.3,37100,"Oxnard-Thousand Oaks-Ventura, CA",06111005002,Ventura County,0.933595144591217,0.570143884892086,0.043616177636796
252745,Rio del Sol School,11.6,37100,"Oxnard-Thousand Oaks-Ventura, CA",06111005004,Ventura County,0.714687432403201,0.158498323055285,0.019669117647059
252759,Ventura High School,9.3,37100,"Oxnard-Thousand Oaks-Ventura, CA",06111002000,Ventura County,0.169019766034691,0.100443727309399,0.1153546375682
252771,Pacific High School,0.0,37100,"Oxnard-Thousand Oaks-Ventura, CA",06111002700,Ventura County,0.435670667508949,0.258356696139746,0.024112231477422
252937,9 whitewood,6.8,31080,"Los Angeles-Long Beach-Anaheim, CA",06059062650,Orange County,0.462156193535435,0.193003618817853,0.033751962323391
252949,Citrus Glen Elementary School,11.7,37100,"Oxnard-Thousand Oaks-Ventura, CA",06111001401,Ventura County,0.368459657701712,0.125305922662751,0.070609002647838
252961,Balboa Middle School,13.5,37100,"Oxnard-Thousand Oaks-Ventura, CA",06111009400,Ventura County,0.435643564356436,0.191245440333507,0.09306742640076
252967,Lemon Grove Elementary School,8.4,37100,"Oxnard-Thousand Oaks-Ventura, CA",06111002800,Ventura County,0.383614315291334,0.318754633061527,0.045371577574967
252965,E.P. Foster Elementary School,10.5,37100,"Oxnard-Thousand Oaks-Ventura, CA",06111002301,Ventura County,0.729967577582214,0.405743399722094,0.082910321489002
252971,Poinsettia Elementary School,12.8,37100,"Oxnard-Thousand Oaks-Ventura, CA",06111009400,Ventura County,0.435643564356436,0.191245440333507,0.09306742640076
252973,Junipero Serra Elementary School,10.6,37100,"Oxnard-Thousand Oaks-Ventura, CA",06111001402,Ventura County,0.513444951801116,0.157449687130052,0.050782497604599
252979,Loma Vista Elementary School,10.5,37100,"Oxnard-Thousand Oaks-Ventura, CA",06111001901,Ventura County,0.269526627218935,0.29037037037037,0.049044585987261
253317,Training Room,5.3,31080,"Los Angeles-Long Beach-Anaheim, CA",06059110108,Orange County,0.709407432206227,0.382836071069393,0.14344746162928
253351,Blue House Station,17.0,31080,"Los Angeles-Long Beach-Anaheim, CA",06037461901,Los Angeles County,0.858215179316097,0.53628023352794,0.047638110488391
253363,Elizabeth &amp; Los Robles,12.4,31080,"Los Angeles-Long Beach-Anaheim, CA",06037461501,Los Angeles County,0.769294605809129,0.280221300138313,0.024736842105263
253365,Little Dume,9.7,31080,"Los Angeles-Long Beach-Anaheim, CA",06037800412,Los Angeles County,0.249321021184139,0.198749320282762,0.086149768058317
253369,huggins test,0.8,23420,"Fresno, CA",06019005408,Fresno County,0.602094240837696,0.717391304347826,0.139336492890995
253391,Patio,14.1,31080,"Los Angeles-Long Beach-Anaheim, CA",06037143602,Los Angeles County,0.299324038867765,0.258616805586844,0.127058823529412
253399,Atlas Street - El Sereno,11.6,31080,"Los Angeles-Long Beach-Anaheim, CA",06037201120,Los Angeles County,0.898068124046772,0.316471784443315,0.087330873308733
253397,Outside of House,20.7,31080,"Los Angeles-Long Beach-Anaheim, CA",06037460101,Los Angeles County,0.352587244283995,0.09042461750043,0.066482843137255
253407,Outside,12.9,31080,"Los Angeles-Long Beach-Anaheim, CA",06037194200,Los Angeles County,0.221802325581395,0.083308714918759,0.089545655050728
253411,JTD,15.1,31080,"Los Angeles-Long Beach-Anaheim, CA",06037262200,Los Angeles County,0.282092279579717,0.070406007979348,0.046639231824417
253415,Monrovia,14.4,31080,"Los Angeles-Long Beach-Anaheim, CA",06037431003,Los Angeles County,0.765993623804463,0.292625745950554,0.040807174887892
253445,Burnham Purple Air,13.6,31080,"Los Angeles-Long Beach-Anaheim, CA",06037265410,Los Angeles County,0.149493746277546,0.168458781362007,0.033205619412516
253839,"Silverhill Dr - Lafayette, CA",0.3,41860,"San Francisco-Oakland-Fremont, CA",06013347000,Contra Costa County,0.246133254015467,0.065734681737061,0.043165467625899
253929,SBCAPCD-CAPCOA-12,10.5,42200,"Santa Maria-Santa Barbara, CA",06083000501,Santa Barbara County,0.133651551312649,0.071002386634845,0.032786885245902
253946,GVC_SBCAPCD,8.2,42200,"Santa Maria-Santa Barbara, CA",06083003001,Santa Barbara County,0.769824674280199,0.356304743017683,0.030207134637514
253955,SBCAPCD-CAPCOA-7,6.0,42200,"Santa Maria-Santa Barbara, CA",06083002909,Santa Barbara County,0.551446356645917,0.200294279933787,0.036423841059603
253965,Liliano,15.0,31080,"Los Angeles-Long Beach-Anaheim, CA",06037430501,Los Angeles County,0.432848774137557,0.076588337684943,0.032860343539955
253970,SBCAPCD-CAPCOA-9,9.5,42200,"Santa Maria-Santa Barbara, CA",06083002906,Santa Barbara County,0.384964200477327,0.099399759903962,0.050514081358963
253975,Duarte Road San Gabriel,11.1,31080,"Los Angeles-Long Beach-Anaheim, CA",06037480012,Los Angeles County,0.828647106764466,0.208205128205128,0.05029702970297
254011,Adobe Creek,1.0,40900,"Sacramento-Roseville-Folsom, CA",06067009643,Sacramento County,0.676677903769537,0.156144652160588,0.157076629397328
254009,Upper Spruce,0.0,41860,"San Francisco-Oakland-Fremont, CA",06041114100,Marin County,0.184257602862254,0.181872509960159,0.111254019292605
254075,East Foothills Ridgeview Ct,0.4,41940,"San Jose-Sunnyvale-Santa Clara, CA",06085504202,Santa Clara County,0.647944550669216,0.126195028680688,0.044258872651357
254191,Hidden Lake,0.3,41940,"San Jose-Sunnyvale-Santa Clara, CA",06085504414,Santa Clara County,0.891049848942598,0.18976586102719,0.032136105860113
254201,SBCAPCD_SBCC,7.5,42200,"Santa Maria-Santa Barbara, CA",06083001208,Santa Barbara County,0.350213980028531,0.348188751191611,0.041065967671472
254223,SBCAPCD_OUSD,3.8,42200,"Santa Maria-Santa Barbara, CA",06083002012,Santa Barbara County,0.429681978798587,0.162305516265912,0.025380710659898
254227,Redhawk Ct,2.5,40900,"Sacramento-Roseville-Folsom, CA",06061021603,Placer County,0.381301163291685,0.226745508301114,0.00997150997151
254241,Mount Tamalpais School,0.7,41860,"San Francisco-Oakland-Fremont, CA",06041128100,Marin County,0.234239130434783,0.088858695652174,0.049845837615622
254253,Courtland,0.8,41940,"San Jose-Sunnyvale-Santa Clara, CA",06085503217,Santa Clara County,0.985494106980961,0.437669990933817,0.025316455696203
254267,Midtown,0.2,41940,"San Jose-Sunnyvale-Santa Clara, CA",06085510900,Santa Clara County,0.490628660679422,0.056032799687622,0.037188545927854
254776,Pittsburg Rose Monitor,0.5,41860,"San Francisco-Oakland-Fremont, CA",06013314102,Contra Costa County,0.841869212962963,0.252716997536589,0.056706369756603
254813,East Oakland Rose Monitor,1.9,41860,"San Francisco-Oakland-Fremont, CA",06001409100,Alameda County,0.898894154818325,0.328947368421053,0.005481597494127
254831,Point Richmond Rose Monitor,1.5,41860,"San Francisco-Oakland-Fremont, CA",06013378000,Contra Costa County,0.344481605351171,0.104450733213275,0.044611133043822
255321,Branding Iron Court #1,1.6,41860,"San Francisco-Oakland-Fremont, CA",06001450752,Alameda County,0.855259059287717,0.022370896926615,0.033576642335766
255623,TLS Long Beach,9.6,31080,"Los Angeles-Long Beach-Anaheim, CA",06037980033,Los Angeles County,1.0,1.0,0.0
255627,Mid City (Hauser &amp; Washington),8.2,31080,"Los Angeles-Long Beach-Anaheim, CA",06037218300,Los Angeles County,0.800324346239611,0.3168397475056,0.15359477124183
255637,East Donas,13.4,31080,"Los Angeles-Long Beach-Anaheim, CA",06037143802,Los Angeles County,0.266190263510496,0.163465832961143,0.136798905608755
255649,Ca 21st St Outside,7.6,31080,"Los Angeles-Long Beach-Anaheim, CA",06037701201,Los Angeles County,0.282397959183673,0.107325819672131,0.068341121495327
255791,Eucalyptus Path,2.3,41860,"San Francisco-Oakland-Fremont, CA",06001400100,Alameda County,0.310186601407158,0.08435960591133,0.050347222222222
255861,519 Curtis St.,1.8,41860,"San Francisco-Oakland-Fremont, CA",06001420100,Alameda County,0.458000760167237,0.082098061573546,0.04126031507877
255915,Backyard,16.2,31080,"Los Angeles-Long Beach-Anaheim, CA",06037462500,Los Angeles County,0.579950418345212,0.091469194312796,0.016571256402531
256039,South Pas Hills,15.1,31080,"Los Angeles-Long Beach-Anaheim, CA",06037480702,Los Angeles County,0.746056091148116,0.072085889570552,0.081034482758621
256041,Bella Creek,0.0,42220,"Santa Rosa-Petaluma, CA",06097151305,Sonoma County,0.59185591229444,0.248394675019577,0.079641206849687
256219,Laurel Canyon,14.0,31080,"Los Angeles-Long Beach-Anaheim, CA",06037261103,Los Angeles County,0.21335597057159,0.051694428489374,0.087912087912088
256267,Ocean Park,9.2,31080,"Los Angeles-Long Beach-Anaheim, CA",06037702002,Los Angeles County,0.393209377526273,0.30609597924773,0.08726230789268
256271,Upper Mandeville Canyon North,13.9,31080,"Los Angeles-Long Beach-Anaheim, CA",06037262301,Los Angeles County,0.302565930149679,0.153977031050617,0.068416865552904
256287,Arizona and Midway,8.8,31080,"Los Angeles-Long Beach-Anaheim, CA",06037702801,Los Angeles County,0.666355663370032,0.191358024691358,0.049279757391964
256291,Terrace Grove,2.7,42100,"Santa Cruz-Watsonville, CA",06087121000,Santa Cruz County,0.182847896440129,0.118223383409536,0.044211751018034
256311,Meadow Dr,2.4,47300,"Visalia, CA",06107000101,Tulare County,0.191791044776119,0.119402985074627,0.046613255644574
256389,Rose Bowl (East),13.1,31080,"Los Angeles-Long Beach-Anaheim, CA",06037461700,Los Angeles County,0.44011544011544,0.112655449890271,0.062586926286509
256397,ROSSMOYNE,13.0,31080,"Los Angeles-Long Beach-Anaheim, CA",06037300702,Los Angeles County,0.21115266916015,0.160829649778987,0.062754686226569
256401,Outside NCal,0.0,41940,"San Jose-Sunnyvale-Santa Clara, CA",06085511400,Santa Clara County,0.458029689608637,0.056950067476383,0.027661795407098
256409,LA MESA,8.4,31080,"Los Angeles-Long Beach-Anaheim, CA",06037701201,Los Angeles County,0.282397959183673,0.107325819672131,0.068341121495327
256413,Sonic LA2,15.8,42220,"Santa Rosa-Petaluma, CA",06097152502,Sonoma County,0.437262357414449,0.283406001538856,0.057738961669093
256417,Dundee Heights,0.3,31080,"Los Angeles-Long Beach-Anaheim, CA",06037461501,Los Angeles County,0.769294605809129,0.280221300138313,0.024736842105263
256421,Los Angeles Ecovillage,10.4,31080,"Los Angeles-Long Beach-Anaheim, CA",06037211122,Los Angeles County,0.820901173797804,0.424839076107535,0.03835800807537
256435,Gems,11.0,31080,"Los Angeles-Long Beach-Anaheim, CA",06037199110,Los Angeles County,0.932707993474715,0.328711256117455,0.139230769230769
256447,91/710 Freeway,7.4,31080,"Los Angeles-Long Beach-Anaheim, CA",06037570202,Los Angeles County,0.963420280907547,0.37723704866562,0.056413301662708
256473,Elmridge Outside,6.9,31080,"Los Angeles-Long Beach-Anaheim, CA",06059099308,Orange County,0.398727984344423,0.05512067840835,0.0
256479,Hollywell Pl Outside,11.2,31080,"Los Angeles-Long Beach-Anaheim, CA",06037300901,Los Angeles County,0.319016083254494,0.083443708609272,0.047904191616766
256493,Mission Hills,13.2,31080,"Los Angeles-Long Beach-Anaheim, CA",06037109603,Los Angeles County,0.881794871794872,0.319487179487179,0.052297165200391
256497,Blossom,13.0,31080,"Los Angeles-Long Beach-Anaheim, CA",06037301601,Los Angeles County,0.29948109710897,0.511136065880591,0.114356087262491
256531,Library Square,11.6,31080,"Los Angeles-Long Beach-Anaheim, CA",06037141201,Los Angeles County,0.398989898989899,0.206791687785099,0.06953179594689
256555,CV_CraneAVE,0.0,41860,"San Francisco-Oakland-Fremont, CA",06001430200,Alameda County,0.487877609231168,0.092279459955433,0.059214167127836
256561,Beardsley Jr. High,1.8,12540,"Bakersfield-Delano, CA",06029000400,Kern County,0.382438016528926,0.810698735227037,0.167637540453074
256643,Mt. Mycelium,14.3,31080,"Los Angeles-Long Beach-Anaheim, CA",06037183222,Los Angeles County,0.614767699115044,0.238967527060783,0.078923357664234
256653,Rose Scharlin - Outside,11.4,31080,"Los Angeles-Long Beach-Anaheim, CA",06037187300,Los Angeles County,0.435834692767809,0.152256661228929,0.098780487804878
256677,26th / Santa Monica,7.4,31080,"Los Angeles-Long Beach-Anaheim, CA",06037701701,Los Angeles County,0.431940298507463,0.296119402985075,0.029021151008362
256685,Archwood 2,17.0,31080,"Los Angeles-Long Beach-Anaheim, CA",06037461000,Los Angeles County,0.866793365583967,0.247277836318932,0.089268132589432
256739,Ganado,5.7,31080,"Los Angeles-Long Beach-Anaheim, CA",06037670604,Los Angeles County,0.371411117898595,0.078191814294441,0.040032025620496
256753,Chilton,12.1,31080,"Los Angeles-Long Beach-Anaheim, CA",06037301400,Los Angeles County,0.254272942413884,0.149355771759138,0.058911632551173
256761,Outdoor Classic Plus,14.7,31080,"Los Angeles-Long Beach-Anaheim, CA",06037300800,Los Angeles County,0.431260457334077,0.162627819022272,0.147952775684501
256803,Wonderland Park,11.4,31080,"Los Angeles-Long Beach-Anaheim, CA",06037261103,Los Angeles County,0.21335597057159,0.051694428489374,0.087912087912088
256839,Hollyvista,12.4,31080,"Los Angeles-Long Beach-Anaheim, CA",06037195202,Los Angeles County,0.328927605887654,0.114448783418444,0.088047445255474
256843,On the Mont,12.0,31080,"Los Angeles-Long Beach-Anaheim, CA",06037800328,Los Angeles County,0.283483976992605,0.025472473294988,0.066255778120185
256923,California and 7th,7.4,31080,"Los Angeles-Long Beach-Anaheim, CA",06037273200,Los Angeles County,0.397114393679148,0.184472689797321,0.047542735042735
256977,N Carmelina Outside,11.8,31080,"Los Angeles-Long Beach-Anaheim, CA",06037262303,Los Angeles County,0.184430702073481,0.067660967624591,0.02991452991453
257093,Lincoln-Mendocino,18.2,31080,"Los Angeles-Long Beach-Anaheim, CA",06037460302,Los Angeles County,0.746065304204839,0.427489945587887,0.139595002154244
257141,Dryad Rd,9.7,31080,"Los Angeles-Long Beach-Anaheim, CA",06037262802,Los Angeles County,0.212984054669704,0.132687927107062,0.045604758757436
257145,2282 Mandaville Cyn,11.8,31080,"Los Angeles-Long Beach-Anaheim, CA",06037262301,Los Angeles County,0.302565930149679,0.153977031050617,0.068416865552904
257231,1430Q,1.6,40900,"Sacramento-Roseville-Folsom, CA",06067001202,Sacramento County,0.525719679093912,0.326097215667768,0.054283845650752
257355,Wilson,11.3,31080,"Los Angeles-Long Beach-Anaheim, CA",06037464102,Los Angeles County,0.789735816370723,0.173884798614119,0.022278268179908
257591,Bungalow Heaven - N Chester,17.0,31080,"Los Angeles-Long Beach-Anaheim, CA",06037462400,Los Angeles County,0.596799173980382,0.239079865598346,0.009349955476402
257593,Old Porter Ranch,12.5,31080,"Los Angeles-Long Beach-Anaheim, CA",06037111206,Los Angeles County,0.531973412789365,0.084749655489205,0.050927924039707
257599,1199 TOWER GROVE,12.3,31080,"Los Angeles-Long Beach-Anaheim, CA",06037261102,Los Angeles County,0.145059965733866,0.125071387778412,0.015780245470485
257607,Blair Hills,6.7,31080,"Los Angeles-Long Beach-Anaheim, CA",06037702502,Los Angeles County,0.577015934331241,0.186141960405601,0.069668649107901
257613,LAS CANOAS RD,10.5,42200,"Santa Maria-Santa Barbara, CA",06083000501,Santa Barbara County,0.133651551312649,0.071002386634845,0.032786885245902
257643,Mango Way,14.1,31080,"Los Angeles-Long Beach-Anaheim, CA",06037262400,Los Angeles County,0.187931034482759,0.028275862068966,0.009691629955947
257641,Piccadilly Path St,16.9,31080,"Los Angeles-Long Beach-Anaheim, CA",06037460001,Los Angeles County,0.323774765380605,0.061343204653622,0.035714285714286
257651,Lower Bel Air,11.0,31080,"Los Angeles-Long Beach-Anaheim, CA",06037262100,Los Angeles County,0.122914122914123,0.077677841373671,0.093965517241379
257653,180 Eleana Dr,0.1,42100,"Santa Cruz-Watsonville, CA",06087120600,Santa Cruz County,0.161102031286481,0.101564324071912,0.056763285024155
257687,Linda Vista Avenue,11.4,31080,"Los Angeles-Long Beach-Anaheim, CA",06037460800,Los Angeles County,0.487762237762238,0.044405594405594,0.043509272467903
257689,St Andrews Dr,3.1,42100,"Santa Cruz-Watsonville, CA",06087122203,Santa Cruz County,0.247185389041781,0.143721633888048,0.039706517047907
257855,Surf Ranch,2.8,25260,"Hanford-Corcoran, CA",06031000402,Kings County,0.553267973856209,0.200229207596595,0.063791228706053
257853,Market &amp; Montgomery,2.0,42220,"Santa Rosa-Petaluma, CA",06097154306,Sonoma County,0.24739742804654,0.142682180036742,0.02441731409545
257857,Mory,11.3,31080,"Los Angeles-Long Beach-Anaheim, CA",06037192700,Los Angeles County,0.800247371675943,0.529866914268028,0.074660633484163
257861,Ukiah High School H Building,0.0,46380,"Ukiah, CA",06045011501,Mendocino County,0.39294403892944,0.185158150851582,0.097433460076046
257867,Woodward Park,1.1,44700,"Stockton-Lodi, CA",06077005106,San Joaquin County,0.734419942473634,0.22006083893692,0.056432650319113
257879,W Ave 46,10.9,31080,"Los Angeles-Long Beach-Anaheim, CA",06037185102,Los Angeles County,0.398644833427442,0.123658949745906,0.10632318501171
257941,KK,9.3,31080,"Los Angeles-Long Beach-Anaheim, CA",06037275400,Los Angeles County,0.39942321557318,0.142513818793559,0.018199867637326
258025,Dennis McKinna School,7.4,37100,"Oxnard-Thousand Oaks-Ventura, CA",06111003700,Ventura County,0.966804320203304,0.339771446966039,0.039203288017705
258031,Fillmore Middle School,0.0,37100,"Oxnard-Thousand Oaks-Ventura, CA",06111000304,Ventura County,0.853799866280366,0.329970858551894,0.032673267326733
258043,Christa McAuliffe School,6.2,37100,"Oxnard-Thousand Oaks-Ventura, CA",06111003614,Ventura County,0.63028083028083,0.134554334554335,0.042415859843246
258041,Sierra High School,11.4,37100,"Oxnard-Thousand Oaks-Ventura, CA",06111000302,Ventura County,0.735982966643009,0.279136007595538,0.033615316117542
258045,Thurgood Marshall Elementary School,6.7,37100,"Oxnard-Thousand Oaks-Ventura, CA",06111002901,Ventura County,0.71047265987025,0.323332090942974,0.063393892539621
258051,FUSD Maintenance Office,13.2,37100,"Oxnard-Thousand Oaks-Ventura, CA",06111000304,Ventura County,0.853799866280366,0.329970858551894,0.032673267326733
258049,Harrington Elementary School,9.2,37100,"Oxnard-Thousand Oaks-Ventura, CA",06111003902,Ventura County,0.951585976627713,0.447869010353961,0.017795637198622
258225,Treehouse,9.3,41740,"San Diego-Chula Vista-Carlsbad, CA",06073015403,San Diego County,0.216739044611133,0.095538886695618,0.042042042042042
258239,Museum Terrace Apartments,12.2,31080,"Los Angeles-Long Beach-Anaheim, CA",06037215101,Los Angeles County,0.496443812233286,0.218349928876245,0.115789473684211
258263,Encino Hills,13.3,31080,"Los Angeles-Long Beach-Anaheim, CA",06037139705,Los Angeles County,0.190871369294606,0.033927263851599,0.05462962962963
258282,front porch,11.4,31080,"Los Angeles-Long Beach-Anaheim, CA",06037188300,Los Angeles County,0.564892086330935,0.138705035971223,0.062980769230769
258287,2449 Mandeville,11.6,31080,"Los Angeles-Long Beach-Anaheim, CA",06037262400,Los Angeles County,0.187931034482759,0.028275862068966,0.009691629955947
258445,Knolls Elementary,11.3,37100,"Oxnard-Thousand Oaks-Ventura, CA",06111008304,Ventura County,0.491702741702742,0.192460317460317,0.025109170305677
258457,Justin Elm,11.2,37100,"Oxnard-Thousand Oaks-Ventura, CA",06111007904,Ventura County,0.420051010398273,0.151876116736152,0.072522982635342
258475,Porchenthal,16.3,31080,"Los Angeles-Long Beach-Anaheim, CA",06037464000,Los Angeles County,0.545943939112679,0.08668788616364,0.097108066971081
258483,Bungalow Heaven,13.1,31080,"Los Angeles-Long Beach-Anaheim, CA",06037462400,Los Angeles County,0.596799173980382,0.239079865598346,0.009349955476402
258495,WAVERLY,14.1,31080,"Los Angeles-Long Beach-Anaheim, CA",06037463700,Los Angeles County,0.351281312985891,0.081485747192629,0.028319405756732
258497,Dana Calderon,0.1,41940,"San Jose-Sunnyvale-Santa Clara, CA",06085509700,Santa Clara County,0.45,0.107331571994716,0.017386427369602
258513,Bobbys Air Monitor,11.7,31080,"Los Angeles-Long Beach-Anaheim, CA",06037267901,Los Angeles County,0.312143129044538,0.175866006851922,0.062346185397867
258523,Pepperdine athletics outdoor,8.4,31080,"Los Angeles-Long Beach-Anaheim, CA",06037800410,Los Angeles County,0.382761553728381,0.088333333333333,0.117391304347826
258527,Backyard,0.0,31080,"Los Angeles-Long Beach-Anaheim, CA",06037462800,Los Angeles County,0.630608695652174,0.212173913043478,0.039576365663322
258525,Banana belt,2.6,42100,"Santa Cruz-Watsonville, CA",06087100200,Santa Cruz County,0.336810940363739,0.294404252177765,0.057236510337872
258541,Sunny Heights,11.3,31080,"Los Angeles-Long Beach-Anaheim, CA",06037185204,Los Angeles County,0.641732283464567,0.334645669291339,0.078048780487805
258545,29 San Clemente,7.5,31080,"Los Angeles-Long Beach-Anaheim, CA",06037670603,Los Angeles County,0.626779124934106,0.048571428571429,0.039054470709147
258637,Dorothy Boswell School,11.9,37100,"Oxnard-Thousand Oaks-Ventura, CA",06111001801,Ventura County,0.29565442317641,0.11243072050673,0.048725212464589
258663,Carl Dwire School,6.0,37100,"Oxnard-Thousand Oaks-Ventura, CA",06111003614,Ventura County,0.63028083028083,0.134554334554335,0.042415859843246
258661,Barstow,14.4,40140,"Riverside-San Bernardino-Ontario, CA",06071012002,San Bernardino County,0.681333083692192,0.507966980226531,0.037650602409639
258665,Douglas Penfield School,8.6,37100,"Oxnard-Thousand Oaks-Ventura, CA",06111001303,Ventura County,0.675857843137255,0.163453650533224,0.052011377488826
258890,Sheridan Way,7.7,37100,"Oxnard-Thousand Oaks-Ventura, CA",06111002302,Ventura County,0.770462633451957,0.466192170818505,0.036484896037662
258979,Driffill Elementary School,5.7,37100,"Oxnard-Thousand Oaks-Ventura, CA",06111008602,Ventura County,0.897812971342383,0.425716440422323,0.028548770816812
258983,San Cayetano Elementary School,13.6,37100,"Oxnard-Thousand Oaks-Ventura, CA",06111000302,Ventura County,0.735982966643009,0.279136007595538,0.033615316117542
258981,Camarillo Heights STEM Academy,11.0,37100,"Oxnard-Thousand Oaks-Ventura, CA",06111005203,Ventura County,0.488060781476122,0.121584946625656,0.034251175285426
259147,9th and Broadway,8.9,31080,"Los Angeles-Long Beach-Anaheim, CA",06037701702,Los Angeles County,0.386204704386523,0.372536554354736,0.073514602215509
259161,N Sparks St,14.1,31080,"Los Angeles-Long Beach-Anaheim, CA",06037310900,Los Angeles County,0.520748694138131,0.123544819557625,0.086910994764398
259177,Sierra Madre Camillo,5.3,31080,"Los Angeles-Long Beach-Anaheim, CA",06037430501,Los Angeles County,0.432848774137557,0.076588337684943,0.032860343539955
259181,Ross house,0.0,41860,"San Francisco-Oakland-Fremont, CA",06041118100,Marin County,0.137564052029957,0.078833267638944,0.030782761653474
259187,Astral/Nichols,13.2,31080,"Los Angeles-Long Beach-Anaheim, CA",06037194102,Los Angeles County,0.306425702811245,0.219277108433735,0.052702702702703
259223,2046 Malcolm,8.9,31080,"Los Angeles-Long Beach-Anaheim, CA",06037267202,Los Angeles County,0.413793103448276,0.186097427476738,0.085568326947637
259233,Wayne,14.3,31080,"Los Angeles-Long Beach-Anaheim, CA",06037188202,Los Angeles County,0.439814814814815,0.120701058201058,0.037187977585329
259237,Pier,8.1,31080,"Los Angeles-Long Beach-Anaheim, CA",06037702102,Los Angeles County,0.27153024911032,0.221307072515667,0.08985200845666
259651,Lemoyne and Baxter Streets,12.6,31080,"Los Angeles-Long Beach-Anaheim, CA",06037197410,Los Angeles County,0.486442953020134,0.211006711409396,0.1013456686291
259915,Kingman Ave,7.8,31080,"Los Angeles-Long Beach-Anaheim, CA",06037262802,Los Angeles County,0.212984054669704,0.132687927107062,0.045604758757436
259917,El Sol and Sacramento,18.3,31080,"Los Angeles-Long Beach-Anaheim, CA",06037461000,Los Angeles County,0.866793365583967,0.247277836318932,0.089268132589432
260007,RH,9.1,31080,"Los Angeles-Long Beach-Anaheim, CA",06037620303,Los Angeles County,0.23915687069315,0.078968737312221,0.053632374451487
260011,Canton ETC,12.4,31080,"Los Angeles-Long Beach-Anaheim, CA",06037143801,Los Angeles County,0.362943418352389,0.085605394312518,0.146976744186047
260023,Ocean Charter School,8.2,31080,"Los Angeles-Long Beach-Anaheim, CA",06037275313,Los Angeles County,0.496967859308672,0.27515962298571,0.021479713603819
260081,CHIME Institute's Schwarzenegger Community School,11.7,31080,"Los Angeles-Long Beach-Anaheim, CA",06037139402,Los Angeles County,0.255444175596267,0.247233748271093,0.047619047619048
260091,Silver Triangle,7.6,31080,"Los Angeles-Long Beach-Anaheim, CA",06037274100,Los Angeles County,0.369837148926127,0.232860520094563,0.053977272727273
260095,Old Mill,12.9,31080,"Los Angeles-Long Beach-Anaheim, CA",06037464000,Los Angeles County,0.545943939112679,0.08668788616364,0.097108066971081
260111,Baja Glendora,15.9,31080,"Los Angeles-Long Beach-Anaheim, CA",06037401203,Los Angeles County,0.694641449960599,0.238418777022854,0.045014880952381
260141,Rolando,8.4,41740,"San Diego-Chula Vista-Carlsbad, CA",06073002902,San Diego County,0.528018942383583,0.377426992896606,0.102557796360059
260163,South Cypress,6.9,31080,"Los Angeles-Long Beach-Anaheim, CA",06059110010,Orange County,0.516121549524472,0.156010230179028,0.059617058311575
260245,2949 Pacific Ave,1.9,41860,"San Francisco-Oakland-Fremont, CA",06075013200,San Francisco County,0.354617145764437,0.077709611451943,0.012478485370052
260249,Bristol,8.5,31080,"Los Angeles-Long Beach-Anaheim, CA",06037264000,Los Angeles County,0.178234501347709,0.119655172413793,0.093078758949881
260269,N. Central,15.8,31080,"Los Angeles-Long Beach-Anaheim, CA",06037462301,Los Angeles County,0.756660746003552,0.393206039076377,0.036153559448379
260343,Prez Streets,14.1,31080,"Los Angeles-Long Beach-Anaheim, CA",06037461200,Los Angeles County,0.414512686744131,0.090649536045682,0.035095928872251
260355,Carlin G,11.6,31080,"Los Angeles-Long Beach-Anaheim, CA",06037185102,Los Angeles County,0.398644833427442,0.123658949745906,0.10632318501171
260605,M.E.M.P.H.I.S.,0.0,41860,"San Francisco-Oakland-Fremont, CA",06041133000,Marin County,0.130067567567568,0.140081799591002,0.038349796629866
260655,Merrimac,11.7,31080,"Los Angeles-Long Beach-Anaheim, CA",06037262301,Los Angeles County,0.302565930149679,0.153977031050617,0.068416865552904
260657,Skycrest Drive,17.0,31080,"Los Angeles-Long Beach-Anaheim, CA",06037460002,Los Angeles County,0.515815959741193,0.082674335010784,0.027192386131883
260661,Casitas &amp; W Harriet,14.9,31080,"Los Angeles-Long Beach-Anaheim, CA",06037460302,Los Angeles County,0.746065304204839,0.427489945587887,0.139595002154244
260679,Pavia,10.3,31080,"Los Angeles-Long Beach-Anaheim, CA",06037262400,Los Angeles County,0.187931034482759,0.028275862068966,0.009691629955947
260709,MIT,15.4,31080,"Los Angeles-Long Beach-Anaheim, CA",06037463500,Los Angeles County,0.525812304139865,0.245038317940656,0.081451612903226
260723,Commonwealth,7.0,31080,"Los Angeles-Long Beach-Anaheim, CA",06037191302,Los Angeles County,0.64573732718894,0.433827893175074,0.089403973509934
260727,Burnham Rd,10.8,37100,"Oxnard-Thousand Oaks-Ventura, CA",06111009500,Ventura County,0.26594700686948,0.316272965879265,0.057756883814641
260725,Schmuir Outdoor,5.1,31080,"Los Angeles-Long Beach-Anaheim, CA",06059099240,Orange County,0.358188824662813,0.077263969171484,0.03898426323319
260735,First Pres Nursery School,9.3,31080,"Los Angeles-Long Beach-Anaheim, CA",06037701902,Los Angeles County,0.316760536026413,0.380850650611769,0.108517350157729
260745,Northrup,4.7,41740,"San Diego-Chula Vista-Carlsbad, CA",06073008350,San Diego County,0.718086791257523,0.159195311262474,0.077093119646311
260839,Lil’ Outside Air Sniffer,10.0,31080,"Los Angeles-Long Beach-Anaheim, CA",06037216401,Los Angeles County,0.361760242792109,0.254032258064516,0.060429722470904
260855,Carpenter Ave,12.0,31080,"Los Angeles-Long Beach-Anaheim, CA",06037143801,Los Angeles County,0.362943418352389,0.085605394312518,0.146976744186047
260863,Corsica Backyard,8.2,31080,"Los Angeles-Long Beach-Anaheim, CA",06037262802,Los Angeles County,0.212984054669704,0.132687927107062,0.045604758757436
261063,PA Outside,0.3,41860,"San Francisco-Oakland-Fremont, CA",06081609603,San Mateo County,0.279798192137902,0.075094657130837,0.032975460122699
261061,Topanga,12.1,31080,"Los Angeles-Long Beach-Anaheim, CA",06037800104,Los Angeles County,0.277216916780355,0.112141882673943,0.096077316657192
261099,Bel Air—Verano Road,13.7,31080,"Los Angeles-Long Beach-Anaheim, CA",06037262100,Los Angeles County,0.122914122914123,0.077677841373671,0.093965517241379
261225,Walden School,18.0,31080,"Los Angeles-Long Beach-Anaheim, CA",06037463200,Los Angeles County,0.631271878646441,0.120165338057278,0.081570996978852
261231,Linda Vista - Northwood,0.3,34900,"Napa, CA",06055200707,Napa County,0.343500570125428,0.125,0.043130990415335
261235,South East Corner of Yard,16.3,31080,"Los Angeles-Long Beach-Anaheim, CA",06037262400,Los Angeles County,0.187931034482759,0.028275862068966,0.009691629955947
261237,18TH ST,7.0,31080,"Los Angeles-Long Beach-Anaheim, CA",06037701201,Los Angeles County,0.282397959183673,0.107325819672131,0.068341121495327
261309,Residence,0.0,31080,"Los Angeles-Long Beach-Anaheim, CA",06037262601,Los Angeles County,0.291891891891892,0.064203513022411,0.023367697594502
261363,Chastain Parkway,15.1,31080,"Los Angeles-Long Beach-Anaheim, CA",06037262601,Los Angeles County,0.291891891891892,0.064203513022411,0.023367697594502
261473,724 San Vicente Blvd,10.7,31080,"Los Angeles-Long Beach-Anaheim, CA",06037701201,Los Angeles County,0.282397959183673,0.107325819672131,0.068341121495327
261483,Outside,2.6,40900,"Sacramento-Roseville-Folsom, CA",06061021304,Placer County,0.197579976794298,0.147385892116183,0.023316912972085
261491,Hillside,2.3,41860,"San Francisco-Oakland-Fremont, CA",06081605000,San Mateo County,0.536246033683183,0.113901572805682,0.031727099236641
261489,CowellMace,1.7,40900,"Sacramento-Roseville-Folsom, CA",06113010401,Yolo County,0.394736842105263,0.20606960950764,0.04302372336148
261639,Canopy,13.8,31080,"Los Angeles-Long Beach-Anaheim, CA",06037461200,Los Angeles County,0.414512686744131,0.090649536045682,0.035095928872251
261643,BERKELEY HALL SCHOOL,13.6,31080,"Los Angeles-Long Beach-Anaheim, CA",06037262301,Los Angeles County,0.302565930149679,0.153977031050617,0.068416865552904
261651,El Medio Palisair,6.9,31080,"Los Angeles-Long Beach-Anaheim, CA",06037262604,Los Angeles County,0.207530799930592,0.111573833073052,0.025885039969547
261667,Ditmars Ln,2.2,40900,"Sacramento-Roseville-Folsom, CA",06061020608,Placer County,0.189839572192513,0.091784854161092,0.102838529548627
261711,Cartwright St,16.7,31080,"Los Angeles-Long Beach-Anaheim, CA",06037460002,Los Angeles County,0.515815959741193,0.082674335010784,0.027192386131883
261723,Monte Nido (Edenwild),12.8,31080,"Los Angeles-Long Beach-Anaheim, CA",06037800202,Los Angeles County,0.14801503022382,0.179872569841529,0.04914089347079
261727,Pasadena Florecita Farms AQ,13.9,31080,"Los Angeles-Long Beach-Anaheim, CA",06037460401,Los Angeles County,0.741,0.158,0.102290076335878
261737,Old Topanga,10.3,31080,"Los Angeles-Long Beach-Anaheim, CA",06037800103,Los Angeles County,0.431791569086651,0.141686182669789,0.088899567515617
261751,Lawndale Dr,11.1,31080,"Los Angeles-Long Beach-Anaheim, CA",06037181300,Los Angeles County,0.69377990430622,0.156131956685973,0.062393887945671
261755,HOA3 Palisades Highlands Pool,10.0,31080,"Los Angeles-Long Beach-Anaheim, CA",06037262601,Los Angeles County,0.291891891891892,0.064203513022411,0.023367697594502
261765,SM Home,5.5,31080,"Los Angeles-Long Beach-Anaheim, CA",06037702102,Los Angeles County,0.27153024911032,0.221307072515667,0.08985200845666
261771,Sue’s Porch,18.2,31080,"Los Angeles-Long Beach-Anaheim, CA",06037460301,Los Angeles County,0.649155722326454,0.145712443584784,0.05578435043055
261781,VBM,2.2,40140,"Riverside-San Bernardino-Ontario, CA",06065045000,Riverside County,0.542476970317298,0.347662913681337,0.079831932773109
